unit_id,country,time,target,lag_1_target
ABW,Aruba,1988,18.6486486682331,16.0784313755902
ABW,Aruba,1989,12.1298405451924,18.6486486682331
ABW,Aruba,1990,3.96140172360629,12.1298405451924
ABW,Aruba,1991,7.96287173232642,3.96140172360629
ABW,Aruba,1992,5.88235395341866,7.96287173232642
ABW,Aruba,1993,7.30769324531406,5.88235395341866
ABW,Aruba,1994,8.20390129312089,7.30769324531406
ABW,Aruba,1995,2.54714368704694,8.20390129312089
ABW,Aruba,1996,1.18578851134656,2.54714368704694
ABW,Aruba,1997,7.04687499241221,1.18578851134656
ABW,Aruba,1998,1.99198444906199,7.04687499241221
ABW,Aruba,1999,1.2380418420716,1.99198444906199
ABW,Aruba,2000,7.62292064930222,1.2380418420716
ABW,Aruba,2001,4.1820016304779,7.62292064930222
ABW,Aruba,2002,-0.944953481157384,4.1820016304779
ABW,Aruba,2003,1.11050459944282,-0.944953481157384
ABW,Aruba,2004,7.29372807096192,1.11050459944282
ABW,Aruba,2005,-0.383137672063768,7.29372807096192
ABW,Aruba,2006,1.12741146411624,-0.383137672063768
ABW,Aruba,2007,3.0895443848509,1.12741146411624
ABW,Aruba,2008,1.83575517191368,3.0895443848509
ABW,Aruba,2009,-11.6777413693852,1.83575517191368
ABW,Aruba,2010,-2.73345679250639,-11.6777413693852
ABW,Aruba,2011,3.36923718421511,-2.73345679250639
ABW,Aruba,2012,-1.04079988436683,3.36923718421511
ABW,Aruba,2013,6.43146080719245,-1.04079988436683
ABW,Aruba,2014,1.42609951155575,6.43146080719245
ABW,Aruba,2015,3.61147906591042,1.42609951155575
ABW,Aruba,2016,1.23433537363427,3.61147906591042
ABW,Aruba,2017,3.49342985290626,1.23433537363427
ABW,Aruba,2018,3.21247111920076,3.49342985290626
ABW,Aruba,2019,1.22914408896015,3.21247111920076
ABW,Aruba,2020,-23.9400592677491,1.22914408896015
ABW,Aruba,2021,14.833691976226,-23.9400592677491
ABW,Aruba,2022,10.6079607621246,14.833691976226
ABW,Aruba,2023,9.51636022347185,10.6079607621246
ABW,Aruba,2024,6.81077669324554,9.51636022347185
AFE,Africa Eastern and Southern,1962,7.93708948676768,0.41860451835916
AFE,Africa Eastern and Southern,1963,5.62431712054723,7.93708948676768
AFE,Africa Eastern and Southern,1964,4.65034924527725,5.62431712054723
AFE,Africa Eastern and Southern,1965,5.138153215239,4.65034924527725
AFE,Africa Eastern and Southern,1966,4.82756767784397,5.138153215239
AFE,Africa Eastern and Southern,1967,5.33880331784027,4.82756767784397
AFE,Africa Eastern and Southern,1968,4.15649742655941,5.33880331784027
AFE,Africa Eastern and Southern,1969,5.12135779343974,4.15649742655941
AFE,Africa Eastern and Southern,1970,1.11234142508951,5.12135779343974
AFE,Africa Eastern and Southern,1971,5.48247760607643,1.11234142508951
AFE,Africa Eastern and Southern,1972,2.76374937457366,5.48247760607643
AFE,Africa Eastern and Southern,1973,4.62105406419764,2.76374937457366
AFE,Africa Eastern and Southern,1974,5.47247004654849,4.62105406419764
AFE,Africa Eastern and Southern,1975,1.37469522218557,5.47247004654849
AFE,Africa Eastern and Southern,1976,2.34867766181208,1.37469522218557
AFE,Africa Eastern and Southern,1977,1.11007613124904,2.34867766181208
AFE,Africa Eastern and Southern,1978,1.48045000267132,1.11007613124904
AFE,Africa Eastern and Southern,1979,2.92751618674596,1.48045000267132
AFE,Africa Eastern and Southern,1980,5.45250926700712,2.92751618674596
AFE,Africa Eastern and Southern,1981,3.92855137810257,5.45250926700712
AFE,Africa Eastern and Southern,1982,0.308733173926257,3.92855137810257
AFE,Africa Eastern and Southern,1983,0.0633095443900231,0.308733173926257
AFE,Africa Eastern and Southern,1984,3.40599898666069,0.0633095443900231
AFE,Africa Eastern and Southern,1985,-0.0862674739278333,3.40599898666069
AFE,Africa Eastern and Southern,1986,2.2708784691378,-0.0862674739278333
AFE,Africa Eastern and Southern,1987,3.93860604146059,2.2708784691378
AFE,Africa Eastern and Southern,1988,4.28630735073526,3.93860604146059
AFE,Africa Eastern and Southern,1989,2.66612019046222,4.28630735073526
AFE,Africa Eastern and Southern,1990,0.121248110193363,2.66612019046222
AFE,Africa Eastern and Southern,1991,-0.106083603567996,0.121248110193363
AFE,Africa Eastern and Southern,1992,-2.39599725303886,-0.106083603567996
AFE,Africa Eastern and Southern,1993,-0.838998142673731,-2.39599725303886
AFE,Africa Eastern and Southern,1994,1.92196003289237,-0.838998142673731
AFE,Africa Eastern and Southern,1995,4.35392699130041,1.92196003289237
AFE,Africa Eastern and Southern,1996,5.49889632470644,4.35392699130041
AFE,Africa Eastern and Southern,1997,3.85634715778551,5.49889632470644
AFE,Africa Eastern and Southern,1998,1.77473731591628,3.85634715778551
AFE,Africa Eastern and Southern,1999,2.63412269430596,1.77473731591628
AFE,Africa Eastern and Southern,2000,3.18094735686691,2.63412269430596
AFE,Africa Eastern and Southern,2001,3.50334667089258,3.18094735686691
AFE,Africa Eastern and Southern,2002,3.91684750402439,3.50334667089258
AFE,Africa Eastern and Southern,2003,3.00926854844221,3.91684750402439
AFE,Africa Eastern and Southern,2004,5.63468233018918,3.00926854844221
AFE,Africa Eastern and Southern,2005,6.17372940633642,5.63468233018918
AFE,Africa Eastern and Southern,2006,6.6374603516137,6.17372940633642
AFE,Africa Eastern and Southern,2007,6.70236334242323,6.6374603516137
AFE,Africa Eastern and Southern,2008,4.4393342303769,6.70236334242323
AFE,Africa Eastern and Southern,2009,0.91891690275223,4.4393342303769
AFE,Africa Eastern and Southern,2010,5.33521275751254,0.91891690275223
AFE,Africa Eastern and Southern,2011,3.79124046178791,5.33521275751254
AFE,Africa Eastern and Southern,2012,1.88012979444004,3.79124046178791
AFE,Africa Eastern and Southern,2013,4.63400008423696,1.88012979444004
AFE,Africa Eastern and Southern,2014,3.91636174876319,4.63400008423696
AFE,Africa Eastern and Southern,2015,2.93390345864022,3.91636174876319
AFE,Africa Eastern and Southern,2016,2.2925005812875,2.93390345864022
AFE,Africa Eastern and Southern,2017,2.67886266771569,2.2925005812875
AFE,Africa Eastern and Southern,2018,2.70620741957582,2.67886266771569
AFE,Africa Eastern and Southern,2019,1.93559262617022,2.70620741957582
AFE,Africa Eastern and Southern,2020,-2.93076411386527,1.93559262617022
AFE,Africa Eastern and Southern,2021,4.45264295607002,-2.93076411386527
AFE,Africa Eastern and Southern,2022,3.66802914041513,4.45264295607002
AFE,Africa Eastern and Southern,2023,1.94138157772015,3.66802914041513
AFE,Africa Eastern and Southern,2024,2.78793146807502,1.94138157772015
AFE,Africa Eastern and Southern,2025,3.7430158719504,2.78793146807502
AFG,Afghanistan,2002,28.6000011706788,-9.4319740700862
AFG,Afghanistan,2003,8.83227780288267,28.6000011706788
AFG,Afghanistan,2004,1.41411799339429,8.83227780288267
AFG,Afghanistan,2005,11.2297148272859,1.41411799339429
AFG,Afghanistan,2006,5.35740324748592,11.2297148272859
AFG,Afghanistan,2007,13.8263195471281,5.35740324748592
AFG,Afghanistan,2008,3.92498381999467,13.8263195471281
AFG,Afghanistan,2009,21.3905283926492,3.92498381999467
AFG,Afghanistan,2010,14.3624414710737,21.3905283926492
AFG,Afghanistan,2011,0.426354776777345,14.3624414710737
AFG,Afghanistan,2012,12.7522870926697,0.426354776777345
AFG,Afghanistan,2013,5.60074465863221,12.7522870926697
AFG,Afghanistan,2014,2.72454336219565,5.60074465863221
AFG,Afghanistan,2015,1.45131466066431,2.72454336219565
AFG,Afghanistan,2016,2.26031420279821,1.45131466066431
AFG,Afghanistan,2017,2.6470032027451,2.26031420279821
AFG,Afghanistan,2018,1.18922812944517,2.6470032027451
AFG,Afghanistan,2019,3.91160341625552,1.18922812944517
AFG,Afghanistan,2020,-2.35110067203466,3.91160341625552
AFG,Afghanistan,2021,-20.7388393676343,-2.35110067203466
AFG,Afghanistan,2022,-6.24017199240269,-20.7388393676343
AFG,Afghanistan,2023,2.26694373649188,-6.24017199240269
AFG,Afghanistan,2024,1.87319280045979,2.26694373649188
AFW,Africa Western and Central,1962,3.72601584654903,1.86959316017379
AFW,Africa Western and Central,1963,7.03817151860679,3.72601584654903
AFW,Africa Western and Central,1964,5.36458000982272,7.03817151860679
AFW,Africa Western and Central,1965,4.10565996343935,5.36458000982272
AFW,Africa Western and Central,1966,-1.51295915656289,4.10565996343935
AFW,Africa Western and Central,1967,-8.9663243719947,-1.51295915656289
AFW,Africa Western and Central,1968,1.57459211106766,-8.9663243719947
AFW,Africa Western and Central,1969,15.0165238123015,1.57459211106766
AFW,Africa Western and Central,1970,17.3091612529542,15.0165238123015
AFW,Africa Western and Central,1971,10.4071168445661,17.3091612529542
AFW,Africa Western and Central,1972,3.16726067622008,10.4071168445661
AFW,Africa Western and Central,1973,3.92188097015638,3.16726067622008
AFW,Africa Western and Central,1974,9.91596012467674,3.92188097015638
AFW,Africa Western and Central,1975,-2.01391009551077,9.91596012467674
AFW,Africa Western and Central,1976,8.42212506404528,-2.01391009551077
AFW,Africa Western and Central,1977,4.56110993001877,8.42212506404528
AFW,Africa Western and Central,1978,-1.91527381239612,4.56110993001877
AFW,Africa Western and Central,1979,5.0308336614234,-1.91527381239612
AFW,Africa Western and Central,1980,1.86854039777809,5.0308336614234
AFW,Africa Western and Central,1981,-6.64055720148654,1.86854039777809
AFW,Africa Western and Central,1982,-3.27061255537438,-6.64055720148654
AFW,Africa Western and Central,1983,-6.28932781874721,-3.27061255537438
AFW,Africa Western and Central,1984,0.483705242072176,-6.28932781874721
AFW,Africa Western and Central,1985,5.31989831810735,0.483705242072176
AFW,Africa Western and Central,1986,1.26636308818486,5.31989831810735
AFW,Africa Western and Central,1987,1.41062499125132,1.26636308818486
AFW,Africa Western and Central,1988,4.76129405240493,1.41062499125132
AFW,Africa Western and Central,1989,1.7235101201376,4.76129405240493
AFW,Africa Western and Central,1990,5.60063938229112,1.7235101201376
AFW,Africa Western and Central,1991,1.11813678119785,5.60063938229112
AFW,Africa Western and Central,1992,2.28915774945126,1.11813678119785
AFW,Africa Western and Central,1993,-1.32536237361836,2.28915774945126
AFW,Africa Western and Central,1994,-0.228873727582496,-1.32536237361836
AFW,Africa Western and Central,1995,1.85185843179605,-0.228873727582496
AFW,Africa Western and Central,1996,4.62185793621683,1.85185843179605
AFW,Africa Western and Central,1997,4.38756531404023,4.62185793621683
AFW,Africa Western and Central,1998,3.61557427976862,4.38756531404023
AFW,Africa Western and Central,1999,1.51805422643328,3.61557427976862
AFW,Africa Western and Central,2000,3.81194290088693,1.51805422643328
AFW,Africa Western and Central,2001,5.24852519557031,3.81194290088693
AFW,Africa Western and Central,2002,9.94309624930423,5.24852519557031
AFW,Africa Western and Central,2003,5.62639021570637,9.94309624930423
AFW,Africa Western and Central,2004,8.07139668920397,5.62639021570637
AFW,Africa Western and Central,2005,5.79749541210572,8.07139668920397
AFW,Africa Western and Central,2006,5.28746933049445,5.79749541210572
AFW,Africa Western and Central,2007,5.44733984006633,5.28746933049445
AFW,Africa Western and Central,2008,6.21065559988834,5.44733984006633
AFW,Africa Western and Central,2009,6.14105587787854,6.21065559988834
AFW,Africa Western and Central,2010,7.0006469900289,6.14105587787854
AFW,Africa Western and Central,2011,4.92203183140791,7.0006469900289
AFW,Africa Western and Central,2012,5.12968971306577,4.92203183140791
AFW,Africa Western and Central,2013,6.04665420359198,5.12968971306577
AFW,Africa Western and Central,2014,5.69152337171586,6.04665420359198
AFW,Africa Western and Central,2015,2.93291103762179,5.69152337171586
AFW,Africa Western and Central,2016,0.176171718599761,2.93291103762179
AFW,Africa Western and Central,2017,2.30276059142707,0.176171718599761
AFW,Africa Western and Central,2018,2.89995418634321,2.30276059142707
AFW,Africa Western and Central,2019,3.28314241472725,2.89995418634321
AFW,Africa Western and Central,2020,-3.71879330346492,3.28314241472725
AFW,Africa Western and Central,2021,2.54547274764256,-3.71879330346492
AFW,Africa Western and Central,2022,4.47710763731639,2.54547274764256
AFW,Africa Western and Central,2023,3.64459087867006,4.47710763731639
AFW,Africa Western and Central,2024,4.59618335068083,3.64459087867006
AFW,Africa Western and Central,2025,4.6000999560392,4.59618335068083
AGO,Angola,1982,0.0,-4.40000121865023
AGO,Angola,1983,4.20000142853738,0.0
AGO,Angola,1984,6.00000216509061,4.20000142853738
AGO,Angola,1985,3.4999994900861,6.00000216509061
AGO,Angola,1986,2.90000174246849,3.4999994900861
AGO,Angola,1987,4.08274863510731,2.90000174246849
AGO,Angola,1988,6.12889047765088,4.08274863510731
AGO,Angola,1989,0.0416214618373942,6.12889047765088
AGO,Angola,1990,-3.45009868500235,0.0416214618373942
AGO,Angola,1991,0.991359301045193,-3.45009868500235
AGO,Angola,1992,-5.83828073148828,0.991359301045193
AGO,Angola,1993,-23.9834174429163,-5.83828073148828
AGO,Angola,1994,1.33936343644582,-23.9834174429163
AGO,Angola,1995,15.0000000283302,1.33936343644582
AGO,Angola,1996,13.544369755809,15.0000000283302
AGO,Angola,1997,7.27427735417383,13.544369755809
AGO,Angola,1998,4.69114645217414,7.27427735417383
AGO,Angola,1999,2.18148971731765,4.69114645217414
AGO,Angola,2000,3.05462423452938,2.18148971731765
AGO,Angola,2001,4.20599855694861,3.05462423452938
AGO,Angola,2002,13.6656887610553,4.20599855694861
AGO,Angola,2003,3.48731240097521,13.6656887610553
AGO,Angola,2004,11.4198633904585,3.48731240097521
AGO,Angola,2005,14.1547775343954,11.4198633904585
AGO,Angola,2006,11.8418178757042,14.1547775343954
AGO,Angola,2007,13.0026889457976,11.8418178757042
AGO,Angola,2008,10.7866360496581,13.0026889457976
AGO,Angola,2009,1.99558909788963,10.7866360496581
AGO,Angola,2010,5.29366572819954,1.99558909788963
AGO,Angola,2011,3.59386960240222,5.29366572819954
AGO,Angola,2012,8.50312283866612,3.59386960240222
AGO,Angola,2013,4.88306129688392,8.50312283866612
AGO,Angola,2014,4.65572356315585,4.88306129688392
AGO,Angola,2015,0.763177710914789,4.65572356315585
AGO,Angola,2016,-0.233076954805284,0.763177710914789
AGO,Angola,2017,-0.164688656961076,-0.233076954805284
AGO,Angola,2018,-0.506697543616156,-0.164688656961076
AGO,Angola,2019,-1.05523414494337,-0.506697543616156
AGO,Angola,2020,-5.27349128300007,-1.05523414494337
AGO,Angola,2021,1.09058369944815,-5.27349128300007
AGO,Angola,2022,3.55749206675667,1.09058369944815
AGO,Angola,2023,1.32016587081031,3.55749206675667
AGO,Angola,2024,4.95267860425956,1.32016587081031
AGO,Angola,2025,3.13353542450008,4.95267860425956
ALB,Albania,1982,2.94859680118944,5.74563529228132
ALB,Albania,1983,1.10493826195055,2.94859680118944
ALB,Albania,1984,-1.25159664405811,1.10493826195055
ALB,Albania,1985,1.78064395924895,-1.25159664405811
ALB,Albania,1986,5.63724317852117,1.78064395924895
ALB,Albania,1987,-0.787842654927232,5.63724317852117
ALB,Albania,1988,-1.42003965566396,-0.787842654927232
ALB,Albania,1989,9.8365489718722,-1.42003965566396
ALB,Albania,1990,-9.57564016993408,9.8365489718722
ALB,Albania,1991,-28.0021416538074,-9.57564016993408
ALB,Albania,1992,-7.18711090964234,-28.0021416538074
ALB,Albania,1993,9.55941167111243,-7.18711090964234
ALB,Albania,1994,8.30286659699082,9.55941167111243
ALB,Albania,1995,13.3223333268813,8.30286659699082
ALB,Albania,1996,7.33632894771891,13.3223333268813
ALB,Albania,1997,-11.7115732812278,7.33632894771891
ALB,Albania,1998,8.3100252038309,-11.7115732812278
ALB,Albania,1999,12.2507281968475,8.3100252038309
ALB,Albania,2000,7.46285871776054,12.2507281968475
ALB,Albania,2001,8.8637306604876,7.46285871776054
ALB,Albania,2002,4.62839587394552,8.8637306604876
ALB,Albania,2003,5.33326426009945,4.62839587394552
ALB,Albania,2004,5.26626173860785,5.33326426009945
ALB,Albania,2005,5.13082193056189,5.26626173860785
ALB,Albania,2006,6.0189812403864,5.13082193056189
ALB,Albania,2007,6.50009261158209,6.0189812403864
ALB,Albania,2008,6.90706230713707,6.50009261158209
ALB,Albania,2009,2.69075152362146,6.90706230713707
ALB,Albania,2010,2.97315442681247,2.69075152362146
ALB,Albania,2011,2.46351683915714,2.97315442681247
ALB,Albania,2012,0.984129880204108,2.46351683915714
ALB,Albania,2013,1.7072283175406,0.984129880204108
ALB,Albania,2014,2.24022695382642,1.7072283175406
ALB,Albania,2015,2.2277040745779,2.24022695382642
ALB,Albania,2016,3.90893551362245,2.2277040745779
ALB,Albania,2017,3.28317593330073,3.90893551362245
ALB,Albania,2018,3.67141928098908,3.28317593330073
ALB,Albania,2019,2.06257790176122,3.67141928098908
ALB,Albania,2020,-3.31375636888916,2.06257790176122
ALB,Albania,2021,8.96957619074095,-3.31375636888916
ALB,Albania,2022,4.8268006234359,8.96957619074095
ALB,Albania,2023,4.01541716935742,4.8268006234359
ALB,Albania,2024,4.04592845095348,4.01541716935742
ALB,Albania,2025,3.78893836241024,4.04592845095348
AND,Andorra,1972,8.14974352749283,4.64946535556467
AND,Andorra,1973,7.78846724532318,8.14974352749283
AND,Andorra,1974,5.61878962739297,7.78846724532318
AND,Andorra,1975,0.54220566972954,5.61878962739297
AND,Andorra,1976,3.30378705328451,0.54220566972954
AND,Andorra,1977,2.83857556906837,3.30378705328451
AND,Andorra,1978,1.46300016981581,2.83857556906837
AND,Andorra,1979,0.0415572233591206,1.46300016981581
AND,Andorra,1980,2.20872761148199,0.0415572233591206
AND,Andorra,1981,-0.132474492519691,2.20872761148199
AND,Andorra,1982,1.2464611381716,-0.132474492519691
AND,Andorra,1983,1.77011827083456,1.2464611381716
AND,Andorra,1984,1.7846866722919,1.77011827083456
AND,Andorra,1985,2.32143303428465,1.7846866722919
AND,Andorra,1986,3.25332182847531,2.32143303428465
AND,Andorra,1987,5.54712216113352,3.25332182847531
AND,Andorra,1988,5.09432619448408,5.54712216113352
AND,Andorra,1989,4.82703427244309,5.09432619448408
AND,Andorra,1990,3.78138754899436,4.82703427244309
AND,Andorra,1991,2.54600353080194,3.78138754899436
AND,Andorra,1992,0.929214040125956,2.54600353080194
AND,Andorra,1993,-1.03148438999895,0.929214040125956
AND,Andorra,1994,2.3831822482118,-1.03148438999895
AND,Andorra,1995,2.75750161326249,2.3831822482118
AND,Andorra,1996,4.64973866754707,2.75750161326249
AND,Andorra,1997,9.06767205144135,4.64973866754707
AND,Andorra,1998,3.19479339289236,9.06767205144135
AND,Andorra,1999,4.0990789217793,3.19479339289236
AND,Andorra,2000,3.52836236122388,4.0990789217793
AND,Andorra,2001,8.11935772169949,3.52836236122388
AND,Andorra,2002,4.54636221364653,8.11935772169949
AND,Andorra,2003,8.69420371612468,4.54636221364653
AND,Andorra,2004,8.13567633837351,8.69420371612468
AND,Andorra,2005,5.39779598500422,8.13567633837351
AND,Andorra,2006,4.80868869916921,5.39779598500422
AND,Andorra,2007,1.55318814103222,4.80868869916921
AND,Andorra,2008,-5.55918636850581,1.55318814103222
AND,Andorra,2009,-5.30284654348291,-5.55918636850581
AND,Andorra,2010,-1.97495799965345,-5.30284654348291
AND,Andorra,2011,-0.00806975341139093,-1.97495799965345
AND,Andorra,2012,-4.97444371853503,-0.00806975341139093
AND,Andorra,2013,-3.54759651549344,-4.97444371853503
AND,Andorra,2014,2.50446552114518,-3.54759651549344
AND,Andorra,2015,1.43414039522716,2.50446552114518
AND,Andorra,2016,3.70967806978986,1.43414039522716
AND,Andorra,2017,0.346071889630295,3.70967806978986
AND,Andorra,2018,1.58876549046354,0.346071889630295
AND,Andorra,2019,2.01554763848308,1.58876549046354
AND,Andorra,2020,-11.1839399355384,2.01554763848308
AND,Andorra,2021,8.28677879049404,-11.1839399355384
AND,Andorra,2022,9.56461225648184,8.28677879049404
AND,Andorra,2023,2.58355480961319,9.56461225648184
AND,Andorra,2024,3.8491605039052,2.58355480961319
AND,Andorra,2025,3.86803450687808,3.8491605039052
ARB,Arab World,1968,10.7806420222861,6.78633203216823
ARB,Arab World,1969,7.45465740059068,10.7806420222861
ARB,Arab World,1970,22.941207256079,7.45465740059068
ARB,Arab World,1971,7.48456972195639,22.941207256079
ARB,Arab World,1972,13.9391931093824,7.48456972195639
ARB,Arab World,1973,13.2915037649973,13.9391931093824
ARB,Arab World,1974,10.5134039136766,13.2915037649973
ARB,Arab World,1975,-0.0389707542294673,10.5134039136766
ARB,Arab World,1976,14.3107135046067,-0.0389707542294673
ARB,Arab World,1977,6.58917943114051,14.3107135046067
ARB,Arab World,1978,2.95425797523328,6.58917943114051
ARB,Arab World,1979,10.6477393197391,2.95425797523328
ARB,Arab World,1980,6.27913265669126,10.6477393197391
ARB,Arab World,1981,0.865804206657586,6.27913265669126
ARB,Arab World,1982,-5.97365659720917,0.865804206657586
ARB,Arab World,1983,-3.76017920392736,-5.97365659720917
ARB,Arab World,1984,1.24534353105025,-3.76017920392736
ARB,Arab World,1985,-0.846607016391204,1.24534353105025
ARB,Arab World,1986,-0.770959569345735,-0.846607016391204
ARB,Arab World,1987,0.254093361177937,-0.770959569345735
ARB,Arab World,1988,3.27919780732064,0.254093361177937
ARB,Arab World,1989,3.79329618977387,3.27919780732064
ARB,Arab World,1990,7.83215760105232,3.79329618977387
ARB,Arab World,1991,-0.693845187387026,7.83215760105232
ARB,Arab World,1992,6.57629994576891,-0.693845187387026
ARB,Arab World,1993,3.25567455129934,6.57629994576891
ARB,Arab World,1994,3.35546608040302,3.25567455129934
ARB,Arab World,1995,2.80109260169807,3.35546608040302
ARB,Arab World,1996,4.8149922032718,2.80109260169807
ARB,Arab World,1997,5.46631142952268,4.8149922032718
ARB,Arab World,1998,4.7704737846842,5.46631142952268
ARB,Arab World,1999,2.77846596520513,4.7704737846842
ARB,Arab World,2000,6.33619144275903,2.77846596520513
ARB,Arab World,2001,2.14387898764836,6.33619144275903
ARB,Arab World,2002,1.29346374901667,2.14387898764836
ARB,Arab World,2003,4.19199685279152,1.29346374901667
ARB,Arab World,2004,9.08740851233671,4.19199685279152
ARB,Arab World,2005,5.57907161645375,9.08740851233671
ARB,Arab World,2006,6.30821136348678,5.57907161645375
ARB,Arab World,2007,4.62941134633037,6.30821136348678
ARB,Arab World,2008,5.59733997180274,4.62941134633037
ARB,Arab World,2009,0.680947994132524,5.59733997180274
ARB,Arab World,2010,4.7365057444004,0.680947994132524
ARB,Arab World,2011,3.84860676614113,4.7365057444004
ARB,Arab World,2012,5.48137966421484,3.84860676614113
ARB,Arab World,2013,2.58564644333576,5.48137966421484
ARB,Arab World,2014,2.58777358070404,2.58564644333576
ARB,Arab World,2015,3.34998278420424,2.58777358070404
ARB,Arab World,2016,3.57245633977796,3.34998278420424
ARB,Arab World,2017,1.33126991214532,3.57245633977796
ARB,Arab World,2018,2.67038341212846,1.33126991214532
ARB,Arab World,2019,1.74949238304778,2.67038341212846
ARB,Arab World,2020,-5.28641417078185,1.74949238304778
ARB,Arab World,2021,4.43140396719774,-5.28641417078185
ARB,Arab World,2022,6.99667634282584,4.43140396719774
ARB,Arab World,2023,1.6487292798157,6.99667634282584
ARB,Arab World,2024,2.00521809439076,1.6487292798157
ARB,Arab World,2025,3.67757993848036,2.00521809439076
ARE,United Arab Emirates,1972,39.0796375886669,36.6123778533091
ARE,United Arab Emirates,1973,76.6201550367607,39.0796375886669
ARE,United Arab Emirates,1974,14.4980412677649,76.6201550367607
ARE,United Arab Emirates,1975,6.22761090864789,14.4980412677649
ARE,United Arab Emirates,1976,16.5266792179266,6.22761090864789
ARE,United Arab Emirates,1977,21.4396994717898,16.5266792179266
ARE,United Arab Emirates,1978,-1.58961937418947,21.4396994717898
ARE,United Arab Emirates,1979,20.9234874935804,-1.58961937418947
ARE,United Arab Emirates,1980,23.8745793877479,20.9234874935804
ARE,United Arab Emirates,1981,4.65936415296406,23.8745793877479
ARE,United Arab Emirates,1982,-6.71914478677678,4.65936415296406
ARE,United Arab Emirates,1983,-4.74606970328497,-6.71914478677678
ARE,United Arab Emirates,1984,4.01713802979486,-4.74606970328497
ARE,United Arab Emirates,1985,-3.59486680248725,4.01713802979486
ARE,United Arab Emirates,1986,-14.9577718663836,-3.59486680248725
ARE,United Arab Emirates,1987,3.38145065154107,-14.9577718663836
ARE,United Arab Emirates,1988,-2.61905367759613,3.38145065154107
ARE,United Arab Emirates,1989,12.3383708731218,-2.61905367759613
ARE,United Arab Emirates,1990,18.327722868088,12.3383708731218
ARE,United Arab Emirates,1991,0.860104327799661,18.327722868088
ARE,United Arab Emirates,1992,3.34528166209122,0.860104327799661
ARE,United Arab Emirates,1993,1.26109792945728,3.34528166209122
ARE,United Arab Emirates,1994,6.89607573397633,1.26109792945728
ARE,United Arab Emirates,1995,6.68766930139498,6.89607573397633
ARE,United Arab Emirates,1996,5.79855087420329,6.68766930139498
ARE,United Arab Emirates,1997,8.19026264308846,5.79855087420329
ARE,United Arab Emirates,1998,0.292226494694063,8.19026264308846
ARE,United Arab Emirates,1999,2.90205341564509,0.292226494694063
ARE,United Arab Emirates,2000,10.852837927302,2.90205341564509
ARE,United Arab Emirates,2001,1.39892161061073,10.852837927302
ARE,United Arab Emirates,2002,2.43337487237925,1.39892161061073
ARE,United Arab Emirates,2003,8.80057809996346,2.43337487237925
ARE,United Arab Emirates,2004,9.56652626277928,8.80057809996346
ARE,United Arab Emirates,2005,4.85513657996815,9.56652626277928
ARE,United Arab Emirates,2006,9.83727922860218,4.85513657996815
ARE,United Arab Emirates,2007,3.18441281459761,9.83727922860218
ARE,United Arab Emirates,2008,3.19181235452885,3.18441281459761
ARE,United Arab Emirates,2009,-5.2429219073683,3.19181235452885
ARE,United Arab Emirates,2010,1.60285004336325,-5.2429219073683
ARE,United Arab Emirates,2011,6.73651167897515,1.60285004336325
ARE,United Arab Emirates,2012,4.68325642918792,6.73651167897515
ARE,United Arab Emirates,2013,4.9184505919085,4.68325642918792
ARE,United Arab Emirates,2014,4.63291785879667,4.9184505919085
ARE,United Arab Emirates,2015,7.08766622657654,4.63291785879667
ARE,United Arab Emirates,2016,5.65790147196586,7.08766622657654
ARE,United Arab Emirates,2017,-1.06137114472548,5.65790147196586
ARE,United Arab Emirates,2018,1.53720634021511,-1.06137114472548
ARE,United Arab Emirates,2019,1.27129120536284,1.53720634021511
ARE,United Arab Emirates,2020,-8.69343363776639,1.27129120536284
ARE,United Arab Emirates,2021,4.55280140106356,-8.69343363776639
ARE,United Arab Emirates,2022,7.51452414254605,4.55280140106356
ARE,United Arab Emirates,2023,4.30113648499413,7.51452414254605
ARE,United Arab Emirates,2024,3.99181200361831,4.30113648499413
ARG,Argentina,1962,-0.852021521903339,5.42784287621933
ARG,Argentina,1963,-5.30819682539126,-0.852021521903339
ARG,Argentina,1964,10.1302976615431,-5.30819682539126
ARG,Argentina,1965,10.5694333376394,10.1302976615431
ARG,Argentina,1966,-0.659726170629824,10.5694333376394
ARG,Argentina,1967,3.19199662339177,-0.659726170629824
ARG,Argentina,1968,4.82250077932424,3.19199662339177
ARG,Argentina,1969,9.67952601078326,4.82250077932424
ARG,Argentina,1970,3.04564331917115,9.67952601078326
ARG,Argentina,1971,5.65813108184925,3.04564331917115
ARG,Argentina,1972,1.62841651825939,5.65813108184925
ARG,Argentina,1973,2.81175403849035,1.62841651825939
ARG,Argentina,1974,5.5338043957736,2.81175403849035
ARG,Argentina,1975,-0.0284121037110907,5.5338043957736
ARG,Argentina,1976,-2.01825151683394,-0.0284121037110907
ARG,Argentina,1977,6.93414775653342,-2.01825151683394
ARG,Argentina,1978,-4.50612480201359,6.93414775653342
ARG,Argentina,1979,10.2227634638681,-4.50612480201359
ARG,Argentina,1980,1.51878394990179,10.2227634638681
ARG,Argentina,1981,-5.18978914135593,1.51878394990179
ARG,Argentina,1982,-0.735659159103619,-5.18978914135593
ARG,Argentina,1983,4.34909327926756,-0.735659159103619
ARG,Argentina,1984,1.57073870182023,4.34909327926756
ARG,Argentina,1985,-5.18902435343904,1.57073870182023
ARG,Argentina,1986,6.15337706275693,-5.18902435343904
ARG,Argentina,1987,2.70486882770558,6.15337706275693
ARG,Argentina,1988,-1.08993334133791,2.70486882770558
ARG,Argentina,1989,-7.15694965597953,-1.08993334133791
ARG,Argentina,1990,-2.46721377810472,-7.15694965597953
ARG,Argentina,1991,9.13311056738961,-2.46721377810472
ARG,Argentina,1992,7.93729155643076,9.13311056738961
ARG,Argentina,1993,8.20697907221228,7.93729155643076
ARG,Argentina,1994,5.83620070368526,8.20697907221228
ARG,Argentina,1995,-2.84520961057079,5.83620070368526
ARG,Argentina,1996,5.52668982715234,-2.84520961057079
ARG,Argentina,1997,8.1110467707457,5.52668982715234
ARG,Argentina,1998,3.85017885156228,8.1110467707457
ARG,Argentina,1999,-3.38545704063269,3.85017885156228
ARG,Argentina,2000,-0.78899893905691,-3.38545704063269
ARG,Argentina,2001,-4.40883968258557,-0.78899893905691
ARG,Argentina,2002,-10.8944848285903,-4.40883968258557
ARG,Argentina,2003,8.83704079576924,-10.8944848285903
ARG,Argentina,2004,9.02957330068152,8.83704079576924
ARG,Argentina,2005,8.85165992013437,9.02957330068152
ARG,Argentina,2006,8.04715150043027,8.85165992013437
ARG,Argentina,2007,9.00765087504757,8.04715150043027
ARG,Argentina,2008,4.05723310346406,9.00765087504757
ARG,Argentina,2009,-5.91852507634947,4.05723310346406
ARG,Argentina,2010,10.1253981561002,-5.91852507634947
ARG,Argentina,2011,6.00395169280579,10.1253981561002
ARG,Argentina,2012,-1.0264204544321,6.00395169280579
ARG,Argentina,2013,2.40532378079436,-1.0264204544321
ARG,Argentina,2014,-2.51261532081394,2.40532378079436
ARG,Argentina,2015,2.73115982828944,-2.51261532081394
ARG,Argentina,2016,-2.08032784377811,2.73115982828944
ARG,Argentina,2017,2.81850297775918,-2.08032784377811
ARG,Argentina,2018,-2.61739646282038,2.81850297775918
ARG,Argentina,2019,-2.00086100285785,-2.61739646282038
ARG,Argentina,2020,-9.9004848136464,-2.00086100285785
ARG,Argentina,2021,10.4418119882506,-9.9004848136464
ARG,Argentina,2022,6.02074537534855,10.4418119882506
ARG,Argentina,2023,-1.85578803046339,6.02074537534855
ARG,Argentina,2024,-1.34293072157739,-1.85578803046339
ARG,Argentina,2025,4.36733330217022,-1.34293072157739
ARM,Armenia,1992,-41.8000027457562,-11.699998482027
ARM,Armenia,1993,-8.7999987932935,-41.8000027457562
ARM,Armenia,1994,5.40000277917656,-8.7999987932935
ARM,Armenia,1995,6.89999841973659,5.40000277917656
ARM,Armenia,1996,5.86540074943565,6.89999841973659
ARM,Armenia,1997,3.32107970046953,5.86540074943565
ARM,Armenia,1998,7.29999998770998,3.32107970046953
ARM,Armenia,1999,3.30000000058166,7.29999998770998
ARM,Armenia,2000,5.90000000312092,3.30000000058166
ARM,Armenia,2001,9.59999999927597,5.90000000312092
ARM,Armenia,2002,13.1999999979356,9.59999999927597
ARM,Armenia,2003,14.0000000015501,13.1999999979356
ARM,Armenia,2004,10.4999999988202,14.0000000015501
ARM,Armenia,2005,13.8999999991133,10.4999999988202
ARM,Armenia,2006,13.1999999994661,13.8999999991133
ARM,Armenia,2007,13.7000000015467,13.1999999994661
ARM,Armenia,2008,6.90000000042959,13.7000000015467
ARM,Armenia,2009,-14.1000000006998,6.90000000042959
ARM,Armenia,2010,2.2000000002151,-14.1000000006998
ARM,Armenia,2011,4.69999999867412,2.2000000002151
ARM,Armenia,2012,7.20000000096486,4.69999999867412
ARM,Armenia,2013,3.3,7.20000000096486
ARM,Armenia,2014,3.60000000058993,3.3
ARM,Armenia,2015,3.19999999896625,3.60000000058993
ARM,Armenia,2016,0.199999999825991,3.19999999896625
ARM,Armenia,2017,7.50000000164144,0.199999999825991
ARM,Armenia,2018,5.19999999965324,7.50000000164144
ARM,Armenia,2019,7.59999999853918,5.19999999965324
ARM,Armenia,2020,-7.19999999920631,7.59999999853918
ARM,Armenia,2021,5.80000000065645,-7.19999999920631
ARM,Armenia,2022,12.5999999997766,5.80000000065645
ARM,Armenia,2023,8.29999999959539,12.5999999997766
ARM,Armenia,2024,5.90000000046228,8.29999999959539
ARM,Armenia,2025,7.2,5.90000000046228
ATG,Antigua and Barbuda,1979,8.07944622901869,4.38351247709541
ATG,Antigua and Barbuda,1980,8.16198385854459,8.07944622901869
ATG,Antigua and Barbuda,1981,3.81444815121563,8.16198385854459
ATG,Antigua and Barbuda,1982,-0.0835066842627157,3.81444815121563
ATG,Antigua and Barbuda,1983,5.36381884798783,-0.0835066842627157
ATG,Antigua and Barbuda,1984,10.1652301394506,5.36381884798783
ATG,Antigua and Barbuda,1985,7.64384442301511,10.1652301394506
ATG,Antigua and Barbuda,1986,11.4936693741042,7.64384442301511
ATG,Antigua and Barbuda,1987,6.6261349331762,11.4936693741042
ATG,Antigua and Barbuda,1988,5.21313204893121,6.6261349331762
ATG,Antigua and Barbuda,1989,5.25230146300468,5.21313204893121
ATG,Antigua and Barbuda,1990,3.01181316687232,5.25230146300468
ATG,Antigua and Barbuda,1991,2.17685217398964,3.01181316687232
ATG,Antigua and Barbuda,1992,1.15855077710827,2.17685217398964
ATG,Antigua and Barbuda,1993,5.27988683522082,1.15855077710827
ATG,Antigua and Barbuda,1994,6.67640654973411,5.27988683522082
ATG,Antigua and Barbuda,1995,-4.35978466639605,6.67640654973411
ATG,Antigua and Barbuda,1996,6.6049448827643,-4.35978466639605
ATG,Antigua and Barbuda,1997,5.47125581395349,6.6049448827643
ATG,Antigua and Barbuda,1998,4.73127914935051,5.47125581395349
ATG,Antigua and Barbuda,1999,3.70774594512658,4.73127914935051
ATG,Antigua and Barbuda,2000,6.20355212555867,3.70774594512658
ATG,Antigua and Barbuda,2001,-4.54810977120295,6.20355212555867
ATG,Antigua and Barbuda,2002,1.02723486062159,-4.54810977120295
ATG,Antigua and Barbuda,2003,6.07663666406602,1.02723486062159
ATG,Antigua and Barbuda,2004,5.76710338270556,6.07663666406602
ATG,Antigua and Barbuda,2005,6.47368941781741,5.76710338270556
ATG,Antigua and Barbuda,2006,12.7081474873625,6.47368941781741
ATG,Antigua and Barbuda,2007,9.31518272315685,12.7081474873625
ATG,Antigua and Barbuda,2008,-0.0140065981851762,9.31518272315685
ATG,Antigua and Barbuda,2009,-11.9628794703471,-0.0140065981851762
ATG,Antigua and Barbuda,2010,-7.84050683730972,-11.9628794703471
ATG,Antigua and Barbuda,2011,-1.95874262217572,-7.84050683730972
ATG,Antigua and Barbuda,2012,3.37314273947959,-1.95874262217572
ATG,Antigua and Barbuda,2013,-0.600982329599361,3.37314273947959
ATG,Antigua and Barbuda,2014,2.19829188738797,-0.600982329599361
ATG,Antigua and Barbuda,2015,1.42161997595372,2.19829188738797
ATG,Antigua and Barbuda,2016,4.1203675438061,1.42161997595372
ATG,Antigua and Barbuda,2017,2.71272657973627,4.1203675438061
ATG,Antigua and Barbuda,2018,6.71200487159726,2.71272657973627
ATG,Antigua and Barbuda,2019,3.1722219373937,6.71200487159726
ATG,Antigua and Barbuda,2020,-18.8687765208148,3.1722219373937
ATG,Antigua and Barbuda,2021,8.17286311186622,-18.8687765208148
ATG,Antigua and Barbuda,2022,8.49776342254205,8.17286311186622
ATG,Antigua and Barbuda,2023,3.86550160079324,8.49776342254205
ATG,Antigua and Barbuda,2024,2.54044193946544,3.86550160079324
ATG,Antigua and Barbuda,2025,4.99803998431987,2.54044193946544
AUS,Australia,1962,1.29693177230521,2.48085739405019
AUS,Australia,1963,6.21437634985244,1.29693177230521
AUS,Australia,1964,6.97757189326991,6.21437634985244
AUS,Australia,1965,5.97750537090864,6.97757189326991
AUS,Australia,1966,2.3810335009272,5.97750537090864
AUS,Australia,1967,6.30689948609215,2.3810335009272
AUS,Australia,1968,5.09512980987455,6.30689948609215
AUS,Australia,1969,7.04760243224727,5.09512980987455
AUS,Australia,1970,7.17469983682571,7.04760243224727
AUS,Australia,1971,4.0009865700372,7.17469983682571
AUS,Australia,1972,3.90697856876663,4.0009865700372
AUS,Australia,1973,2.6185458738897,3.90697856876663
AUS,Australia,1974,4.10661101328289,2.6185458738897
AUS,Australia,1975,1.33870055771159,4.10661101328289
AUS,Australia,1976,2.58782205117312,1.33870055771159
AUS,Australia,1977,3.59237581967973,2.58782205117312
AUS,Australia,1978,0.895363440295682,3.59237581967973
AUS,Australia,1979,4.05155094854514,0.895363440295682
AUS,Australia,1980,3.03453508064058,4.05155094854514
AUS,Australia,1981,3.34242019351289,3.03453508064058
AUS,Australia,1982,3.32864998005238,3.34242019351289
AUS,Australia,1983,-2.22582353017135,3.32864998005238
AUS,Australia,1984,4.5644786594345,-2.22582353017135
AUS,Australia,1985,5.28169814609451,4.5644786594345
AUS,Australia,1986,3.96976309787884,5.28169814609451
AUS,Australia,1987,2.5567680273608,3.96976309787884
AUS,Australia,1988,5.76137011855324,2.5567680273608
AUS,Australia,1989,3.87901779350344,5.76137011855324
AUS,Australia,1990,3.57297569098456,3.87901779350344
AUS,Australia,1991,-0.384631357046658,3.57297569098456
AUS,Australia,1992,0.433065864126704,-0.384631357046658
AUS,Australia,1993,4.04583374101011,0.433065864126704
AUS,Australia,1994,3.97884434177331,4.04583374101011
AUS,Australia,1995,3.89017188961647,3.97884434177331
AUS,Australia,1996,3.86567479160071,3.89017188961647
AUS,Australia,1997,3.91795814771731,3.86567479160071
AUS,Australia,1998,4.67681373479508,3.91795814771731
AUS,Australia,1999,5.02822035850596,4.67681373479508
AUS,Australia,2000,3.9160574881715,5.02822035850596
AUS,Australia,2001,2.03145880248898,3.9160574881715
AUS,Australia,2002,3.94980535772942,2.03145880248898
AUS,Australia,2003,3.0912800997751,3.94980535772942
AUS,Australia,2004,4.21894147547516,3.0912800997751
AUS,Australia,2005,3.15548121323168,4.21894147547516
AUS,Australia,2006,2.7709261737475,3.15548121323168
AUS,Australia,2007,3.78947119882653,2.7709261737475
AUS,Australia,2008,3.62398503565633,3.78947119882653
AUS,Australia,2009,1.95484826298522,3.62398503565633
AUS,Australia,2010,2.21004795300735,1.95484826298522
AUS,Australia,2011,2.39473494330615,2.21004795300735
AUS,Australia,2012,3.95247138119184,2.39473494330615
AUS,Australia,2013,2.65445302592404,3.95247138119184
AUS,Australia,2014,2.60118978187332,2.65445302592404
AUS,Australia,2015,2.16434780647852,2.60118978187332
AUS,Australia,2016,2.75564065529868,2.16434780647852
AUS,Australia,2017,2.29331030192918,2.75564065529868
AUS,Australia,2018,2.87417039499501,2.29331030192918
AUS,Australia,2019,2.19401703622717,2.87417039499501
AUS,Australia,2020,-0.133531904304775,2.19401703622717
AUS,Australia,2021,2.00694844335034,-0.133531904304775
AUS,Australia,2022,4.25304559238732,2.00694844335034
AUS,Australia,2023,3.58382100798981,4.25304559238732
AUS,Australia,2024,1.37340773365975,3.58382100798981
AUS,Australia,2025,1.35039785076631,1.37340773365975
AUT,Austria,1962,2.64867460443732,5.53797902513386
AUT,Austria,1963,4.13826783091311,2.64867460443732
AUT,Austria,1964,6.12435345300248,4.13826783091311
AUT,Austria,1965,3.48017454307666,6.12435345300248
AUT,Austria,1966,5.64286142932208,3.48017454307666
AUT,Austria,1967,3.00804740763752,5.64286142932208
AUT,Austria,1968,4.47231239659007,3.00804740763752
AUT,Austria,1969,6.27586703858165,4.47231239659007
AUT,Austria,1970,7.12287566074039,6.27586703858165
AUT,Austria,1971,5.11496844003607,7.12287566074039
AUT,Austria,1972,6.20786057271572,5.11496844003607
AUT,Austria,1973,4.89043598428583,6.20786057271572
AUT,Austria,1974,3.94213819626765,4.89043598428583
AUT,Austria,1975,-0.363735781670002,3.94213819626765
AUT,Austria,1976,4.57844491490252,-0.363735781670002
AUT,Austria,1977,5.0799812066944,4.57844491490252
AUT,Austria,1978,-0.21065365212003,5.0799812066944
AUT,Austria,1979,5.35669993923946,-0.21065365212003
AUT,Austria,1980,1.731485495966,5.35669993923946
AUT,Austria,1981,-0.144294731083647,1.731485495966
AUT,Austria,1982,2.01125455462991,-0.144294731083647
AUT,Austria,1983,2.97308783817583,2.01125455462991
AUT,Austria,1984,0.0512751573205321,2.97308783817583
AUT,Austria,1985,2.49867884980837,0.0512751573205321
AUT,Austria,1986,2.30139279474186,2.49867884980837
AUT,Austria,1987,1.35716799468845,2.30139279474186
AUT,Austria,1988,3.2958798164712,1.35716799468845
AUT,Austria,1989,3.88707478685015,3.2958798164712
AUT,Austria,1990,4.34564183768971,3.88707478685015
AUT,Austria,1991,3.44162748808654,4.34564183768971
AUT,Austria,1992,2.0935244262602,3.44162748808654
AUT,Austria,1993,0.526809769496765,2.0935244262602
AUT,Austria,1994,2.40211843259056,0.526809769496765
AUT,Austria,1995,2.66798388882503,2.40211843259056
AUT,Austria,1996,2.21576713087359,2.66798388882503
AUT,Austria,1997,2.1458350552646,2.21576713087359
AUT,Austria,1998,3.49288002962309,2.1458350552646
AUT,Austria,1999,3.76192435190464,3.49288002962309
AUT,Austria,2000,3.18952292988787,3.76192435190464
AUT,Austria,2001,1.31698749571339,3.18952292988787
AUT,Austria,2002,1.48436877605324,1.31698749571339
AUT,Austria,2003,1.14156504542775,1.48436877605324
AUT,Austria,2004,2.56525534067859,1.14156504542775
AUT,Austria,2005,2.32036514266782,2.56525534067859
AUT,Austria,2006,3.26933601506059,2.32036514266782
AUT,Austria,2007,3.77522468729185,3.26933601506059
AUT,Austria,2008,1.45330562142114,3.77522468729185
AUT,Austria,2009,-3.58626472551299,1.45330562142114
AUT,Austria,2010,1.80898243043663,-3.58626472551299
AUT,Austria,2011,2.92746800169145,1.80898243043663
AUT,Austria,2012,0.628246239479637,2.92746800169145
AUT,Austria,2013,-0.250726423318454,0.628246239479637
AUT,Austria,2014,0.755798850316665,-0.250726423318454
AUT,Austria,2015,1.30352331826198,0.755798850316665
AUT,Austria,2016,2.11721964494312,1.30352331826198
AUT,Austria,2017,2.27224992038207,2.11721964494312
AUT,Austria,2018,2.48422114080024,2.27224992038207
AUT,Austria,2019,1.75497619649288,2.48422114080024
AUT,Austria,2020,-6.31825509209936,1.75497619649288
AUT,Austria,2021,4.92309171717903,-6.31825509209936
AUT,Austria,2022,5.33096379400371,4.92309171717903
AUT,Austria,2023,-0.786244288594673,5.33096379400371
AUT,Austria,2024,-0.659089573171372,-0.786244288594673
AUT,Austria,2025,0.615747280959056,-0.659089573171372
AZE,Azerbaijan,1992,-22.6000003264444,-0.700000175699572
AZE,Azerbaijan,1993,-23.0999987188387,-22.6000003264444
AZE,Azerbaijan,1994,-19.7000012399238,-23.0999987188387
AZE,Azerbaijan,1995,-11.7999991076818,-19.7000012399238
AZE,Azerbaijan,1996,1.29999940463827,-11.7999991076818
AZE,Azerbaijan,1997,5.80000014795783,1.29999940463827
AZE,Azerbaijan,1998,9.99999961153691,5.80000014795783
AZE,Azerbaijan,1999,7.40000129958564,9.99999961153691
AZE,Azerbaijan,2000,11.0999991434346,7.40000129958564
AZE,Azerbaijan,2001,9.89999986533643,11.0999991434346
AZE,Azerbaijan,2002,9.43891626906561,9.89999986533643
AZE,Azerbaijan,2003,10.2082994004776,9.43891626906561
AZE,Azerbaijan,2004,9.25380179728907,10.2082994004776
AZE,Azerbaijan,2005,27.9615381082131,9.25380179728907
AZE,Azerbaijan,2006,34.4662096226792,27.9615381082131
AZE,Azerbaijan,2007,25.4632157314482,34.4662096226792
AZE,Azerbaijan,2008,10.591437462476,25.4632157314482
AZE,Azerbaijan,2009,9.36950260277183,10.591437462476
AZE,Azerbaijan,2010,4.78883248761557,9.36950260277183
AZE,Azerbaijan,2011,-1.5729973511111,4.78883248761557
AZE,Azerbaijan,2012,2.20293891708398,-1.5729973511111
AZE,Azerbaijan,2013,5.84341590483928,2.20293891708398
AZE,Azerbaijan,2014,2.79758521448559,5.84341590483928
AZE,Azerbaijan,2015,1.04954641215085,2.79758521448559
AZE,Azerbaijan,2016,-3.06359842251706,1.04954641215085
AZE,Azerbaijan,2017,0.153614661745507,-3.06359842251706
AZE,Azerbaijan,2018,1.50040167167313,0.153614661745507
AZE,Azerbaijan,2019,2.47980879185565,1.50040167167313
AZE,Azerbaijan,2020,-4.19896065333343,2.47980879185565
AZE,Azerbaijan,2021,5.61644027150554,-4.19896065333343
AZE,Azerbaijan,2022,4.71468033247649,5.61644027150554
AZE,Azerbaijan,2023,1.35447749115767,4.71468033247649
AZE,Azerbaijan,2024,4.15806800428062,1.35447749115767
AZE,Azerbaijan,2025,1.44985591122698,4.15806800428062
BDI,Burundi,1962,9.06315793386563,-13.7461350539839
BDI,Burundi,1963,4.13540742185575,9.06315793386563
BDI,Burundi,1964,6.27303790087062,4.13540742185575
BDI,Burundi,1965,3.96722560928015,6.27303790087062
BDI,Burundi,1966,4.61299289557684,3.96722560928015
BDI,Burundi,1967,13.8215186020874,4.61299289557684
BDI,Burundi,1968,-0.297883673472171,13.8215186020874
BDI,Burundi,1969,-1.45954114245622,-0.297883673472171
BDI,Burundi,1970,21.3256707328654,-1.45954114245622
BDI,Burundi,1971,2.74682871213831,21.3256707328654
BDI,Burundi,1972,-6.40396492407875,2.74682871213831
BDI,Burundi,1973,6.88905071896333,-6.40396492407875
BDI,Burundi,1974,-0.726839562746335,6.88905071896333
BDI,Burundi,1975,0.697920236215197,-0.726839562746335
BDI,Burundi,1976,7.9426609761414,0.697920236215197
BDI,Burundi,1977,11.4694530439125,7.9426609761414
BDI,Burundi,1978,-0.940575988409648,11.4694530439125
BDI,Burundi,1979,1.66495495023543,-0.940575988409648
BDI,Burundi,1980,0.991055725106477,1.66495495023543
BDI,Burundi,1981,12.1632755698283,0.991055725106477
BDI,Burundi,1982,-1.05359982021012,12.1632755698283
BDI,Burundi,1983,3.71532699139112,-1.05359982021012
BDI,Burundi,1984,0.155544004959737,3.71532699139112
BDI,Burundi,1985,11.7831801786654,0.155544004959737
BDI,Burundi,1986,3.25018045970241,11.7831801786654
BDI,Burundi,1987,5.50309611952244,3.25018045970241
BDI,Burundi,1988,5.03102436749121,5.50309611952244
BDI,Burundi,1989,1.34950223651784,5.03102436749121
BDI,Burundi,1990,3.49982213611253,1.34950223651784
BDI,Burundi,1991,4.99683644792125,3.49982213611253
BDI,Burundi,1992,1.00999837099629,4.99683644792125
BDI,Burundi,1993,-6.24000000139047,1.00999837099629
BDI,Burundi,1994,-3.82999999619828,-6.24000000139047
BDI,Burundi,1995,-7.92000000374772,-3.82999999619828
BDI,Burundi,1996,-7.99999999794093,-7.92000000374772
BDI,Burundi,1997,-1.58999999685828,-7.99999999794093
BDI,Burundi,1998,4.74999999509613,-1.58999999685828
BDI,Burundi,1999,-1.00999999649815,4.74999999509613
BDI,Burundi,2000,-0.856864058424151,-1.00999999649815
BDI,Burundi,2001,2.05580710835243,-0.856864058424151
BDI,Burundi,2002,4.44651941224797,2.05580710835243
BDI,Burundi,2003,-1.22372796023444,4.44651941224797
BDI,Burundi,2004,4.83365776809453,-1.22372796023444
BDI,Burundi,2005,0.900000000901912,4.83365776809453
BDI,Burundi,2006,5.41380714491444,0.900000000901912
BDI,Burundi,2007,3.44449364663615,5.41380714491444
BDI,Burundi,2008,4.90874190813545,3.44449364663615
BDI,Burundi,2009,3.7870758305051,4.90874190813545
BDI,Burundi,2010,5.09373697323055,3.7870758305051
BDI,Burundi,2011,4.02442793864228,5.09373697323055
BDI,Burundi,2012,4.42303118490126,4.02442793864228
BDI,Burundi,2013,4.92392485117456,4.42303118490126
BDI,Burundi,2014,4.24490803087248,4.92392485117456
BDI,Burundi,2015,-0.404525595204191,4.24490803087248
BDI,Burundi,2016,3.20017470408993,-0.404525595204191
BDI,Burundi,2017,3.83185757061784,3.20017470408993
BDI,Burundi,2018,5.34224473186408,3.83185757061784
BDI,Burundi,2019,4.45934202358784,5.34224473186408
BDI,Burundi,2020,0.306443811651718,4.45934202358784
BDI,Burundi,2021,3.23707479372925,0.306443811651718
BDI,Burundi,2022,2.31770122350822,3.23707479372925
BDI,Burundi,2023,3.25476897326196,2.31770122350822
BDI,Burundi,2024,4.11227376394912,3.25476897326196
BDI,Burundi,2025,4.24010529884178,4.11227376394912
BEL,Belgium,1962,5.21200316192976,4.97842290203951
BEL,Belgium,1963,4.35158439272112,5.21200316192976
BEL,Belgium,1964,6.95668500485647,4.35158439272112
BEL,Belgium,1965,3.56066018685455,6.95668500485647
BEL,Belgium,1966,3.15589488893686,3.56066018685455
BEL,Belgium,1967,3.86814722361169,3.15589488893686
BEL,Belgium,1968,4.19412943238677,3.86814722361169
BEL,Belgium,1969,6.62980009162366,4.19412943238677
BEL,Belgium,1970,6.35267229121293,6.62980009162366
BEL,Belgium,1971,3.98582719666759,6.35267229121293
BEL,Belgium,1972,5.29560467072521,3.98582719666759
BEL,Belgium,1973,6.38170179993882,5.29560467072521
BEL,Belgium,1974,4.56525850850306,6.38170179993882
BEL,Belgium,1975,-1.96594188277651,4.56525850850306
BEL,Belgium,1976,5.65274606308233,-1.96594188277651
BEL,Belgium,1977,0.626154572057786,5.65274606308233
BEL,Belgium,1978,2.84189681697329,0.626154572057786
BEL,Belgium,1979,2.34107304540791,2.84189681697329
BEL,Belgium,1980,4.44405389248001,2.34107304540791
BEL,Belgium,1981,-0.279283585394069,4.44405389248001
BEL,Belgium,1982,0.594986767578831,-0.279283585394069
BEL,Belgium,1983,0.311843009473307,0.594986767578831
BEL,Belgium,1984,2.46638245146747,0.311843009473307
BEL,Belgium,1985,1.65179297063331,2.46638245146747
BEL,Belgium,1986,1.82276203316596,1.65179297063331
BEL,Belgium,1987,2.30665968936027,1.82276203316596
BEL,Belgium,1988,4.72320872854138,2.30665968936027
BEL,Belgium,1989,3.46916697570174,4.72320872854138
BEL,Belgium,1990,3.13740221731629,3.46916697570174
BEL,Belgium,1991,1.83307441343001,3.13740221731629
BEL,Belgium,1992,1.53065475142162,1.83307441343001
BEL,Belgium,1993,-0.961873076923027,1.53065475142162
BEL,Belgium,1994,3.22697145426247,-0.961873076923027
BEL,Belgium,1995,2.38475724870135,3.22697145426247
BEL,Belgium,1996,1.32143214432601,2.38475724870135
BEL,Belgium,1997,3.79367165541437,1.32143214432601
BEL,Belgium,1998,1.96183240455609,3.79367165541437
BEL,Belgium,1999,3.54271798823922,1.96183240455609
BEL,Belgium,2000,3.71670510672588,3.54271798823922
BEL,Belgium,2001,1.09960362419645,3.71670510672588
BEL,Belgium,2002,1.70689430349601,1.09960362419645
BEL,Belgium,2003,1.03795518162204,1.70689430349601
BEL,Belgium,2004,3.57120671942319,1.03795518162204
BEL,Belgium,2005,2.32173792911834,3.57120671942319
BEL,Belgium,2006,2.55234087322462,2.32173792911834
BEL,Belgium,2007,3.67692462515802,2.55234087322462
BEL,Belgium,2008,0.446905130727231,3.67692462515802
BEL,Belgium,2009,-1.90644105515335,0.446905130727231
BEL,Belgium,2010,2.71031150254662,-1.90644105515335
BEL,Belgium,2011,1.93115502411325,2.71031150254662
BEL,Belgium,2012,0.215803612089744,1.93115502411325
BEL,Belgium,2013,0.305494549070232,0.215803612089744
BEL,Belgium,2014,1.76554038149924,0.305494549070232
BEL,Belgium,2015,1.47416433731927,1.76554038149924
BEL,Belgium,2016,1.19350273007754,1.47416433731927
BEL,Belgium,2017,1.47446761556785,1.19350273007754
BEL,Belgium,2018,1.87796847383565,1.47446761556785
BEL,Belgium,2019,2.4428900448156,1.87796847383565
BEL,Belgium,2020,-4.7929839083518,2.4428900448156
BEL,Belgium,2021,6.25445686466593,-4.7929839083518
BEL,Belgium,2022,4.02460852835887,6.25445686466593
BEL,Belgium,2023,1.56125539542029,4.02460852835887
BEL,Belgium,2024,1.09775383828703,1.56125539542029
BEL,Belgium,2025,0.983117967125935,1.09775383828703
BEN,Benin,1962,-3.42640982098587,3.14128045641213
BEN,Benin,1963,4.7300279709188,-3.42640982098587
BEN,Benin,1964,6.65075912824808,4.7300279709188
BEN,Benin,1965,5.29386282871174,6.65075912824808
BEN,Benin,1966,3.57586273248711,5.29386282871174
BEN,Benin,1967,1.07839866664565,3.57586273248711
BEN,Benin,1968,3.84233563459493,1.07839866664565
BEN,Benin,1969,2.87749797403703,3.84233563459493
BEN,Benin,1970,2.09775758051059,2.87749797403703
BEN,Benin,1971,-1.4968418264467,2.09775758051059
BEN,Benin,1972,6.4263675448305,-1.4968418264467
BEN,Benin,1973,3.70616531907105,6.4263675448305
BEN,Benin,1974,3.33931215742955,3.70616531907105
BEN,Benin,1975,-4.89534544658655,3.33931215742955
BEN,Benin,1976,0.884356332845641,-4.89534544658655
BEN,Benin,1977,4.98366372995041,0.884356332845641
BEN,Benin,1978,1.25507802775073,4.98366372995041
BEN,Benin,1979,6.53574741502341,1.25507802775073
BEN,Benin,1980,6.78176386785228,6.53574741502341
BEN,Benin,1981,9.95423116708119,6.78176386785228
BEN,Benin,1982,2.23506634402393,9.95423116708119
BEN,Benin,1983,-4.34782273516674,2.23506634402393
BEN,Benin,1984,7.92983956551727,-4.34782273516674
BEN,Benin,1985,7.53032483806271,7.92983956551727
BEN,Benin,1986,2.17114159792595,7.53032483806271
BEN,Benin,1987,-1.50000295231442,2.17114159792595
BEN,Benin,1988,3.40524529583226,-1.50000295231442
BEN,Benin,1989,-2.85416049622336,3.40524529583226
BEN,Benin,1990,8.9761343599898,-2.85416049622336
BEN,Benin,1991,4.22579942071668,8.9761343599898
BEN,Benin,1992,2.95771082720395,4.22579942071668
BEN,Benin,1993,5.83617208501383,2.95771082720395
BEN,Benin,1994,2.02040044761662,5.83617208501383
BEN,Benin,1995,6.04519865041564,2.02040044761662
BEN,Benin,1996,4.32428403131786,6.04519865041564
BEN,Benin,1997,5.73468837521307,4.32428403131786
BEN,Benin,1998,3.96101213832645,5.73468837521307
BEN,Benin,1999,5.34144937204417,3.96101213832645
BEN,Benin,2000,5.85771420543269,5.34144937204417
BEN,Benin,2001,5.33313570603937,5.85771420543269
BEN,Benin,2002,4.64303087074482,5.33313570603937
BEN,Benin,2003,3.44357677591658,4.64303087074482
BEN,Benin,2004,4.42968455385082,3.44357677591658
BEN,Benin,2005,1.71316456361184,4.42968455385082
BEN,Benin,2006,3.94373882815798,1.71316456361184
BEN,Benin,2007,5.98634932177609,3.94373882815798
BEN,Benin,2008,4.89657708429647,5.98634932177609
BEN,Benin,2009,2.31929213912838,4.89657708429647
BEN,Benin,2010,2.11406472648392,2.31929213912838
BEN,Benin,2011,2.96375291904201,2.11406472648392
BEN,Benin,2012,4.811223315688,2.96375291904201
BEN,Benin,2013,7.19143372144946,4.811223315688
BEN,Benin,2014,6.35767909791932,7.19143372144946
BEN,Benin,2015,1.77815106030278,6.35767909791932
BEN,Benin,2016,3.33967342629693,1.77815106030278
BEN,Benin,2017,5.67156195150444,3.33967342629693
BEN,Benin,2018,6.69725362180888,5.67156195150444
BEN,Benin,2019,6.86568662848335,6.69725362180888
BEN,Benin,2020,3.84879240030133,6.86568662848335
BEN,Benin,2021,7.1554516457574,3.84879240030133
BEN,Benin,2022,6.25294705373625,7.1554516457574
BEN,Benin,2023,6.3527773854442,6.25294705373625
BEN,Benin,2024,7.45311566226201,6.3527773854442
BEN,Benin,2025,8.07408453688336,7.45311566226201
BFA,Burkina Faso,1962,6.12879878024506,4.04392797754925
BFA,Burkina Faso,1963,-1.26801637269189,6.12879878024506
BFA,Burkina Faso,1964,2.28281922375837,-1.26801637269189
BFA,Burkina Faso,1965,3.76454538063129,2.28281922375837
BFA,Burkina Faso,1966,0.537613083660716,3.76454538063129
BFA,Burkina Faso,1967,8.82331497485367,0.537613083660716
BFA,Burkina Faso,1968,3.07077393782897,8.82331497485367
BFA,Burkina Faso,1969,2.02608104052698,3.07077393782897
BFA,Burkina Faso,1970,0.117019610679606,2.02608104052698
BFA,Burkina Faso,1971,1.4133398815319,0.117019610679606
BFA,Burkina Faso,1972,2.31149874156277,1.4133398815319
BFA,Burkina Faso,1973,0.449327404480641,2.31149874156277
BFA,Burkina Faso,1974,8.28642648036377,0.449327404480641
BFA,Burkina Faso,1975,2.99838289707345,8.28642648036377
BFA,Burkina Faso,1976,8.53489496068103,2.99838289707345
BFA,Burkina Faso,1977,0.370353563662789,8.53489496068103
BFA,Burkina Faso,1978,4.60782499965684,0.370353563662789
BFA,Burkina Faso,1979,3.66462151207865,4.60782499965684
BFA,Burkina Faso,1980,0.796878878579221,3.66462151207865
BFA,Burkina Faso,1981,4.25530339455582,0.796878878579221
BFA,Burkina Faso,1982,9.56219662181179,4.25530339455582
BFA,Burkina Faso,1983,0.345984740208507,9.56219662181179
BFA,Burkina Faso,1984,-1.77869668772937,0.345984740208507
BFA,Burkina Faso,1985,8.51736499112322,-1.77869668772937
BFA,Burkina Faso,1986,7.9553627287484,8.51736499112322
BFA,Burkina Faso,1987,-0.236336789143323,7.9553627287484
BFA,Burkina Faso,1988,5.79559296458005,-0.236336789143323
BFA,Burkina Faso,1989,2.15026727173506,5.79559296458005
BFA,Burkina Faso,1990,-0.602928477580988,2.15026727173506
BFA,Burkina Faso,1991,9.06998445877436,-0.602928477580988
BFA,Burkina Faso,1992,0.232710761845951,9.06998445877436
BFA,Burkina Faso,1993,3.46138493945818,0.232710761845951
BFA,Burkina Faso,1994,1.31500727210265,3.46138493945818
BFA,Burkina Faso,1995,5.71637386269622,1.31500727210265
BFA,Burkina Faso,1996,11.014743869558,5.71637386269622
BFA,Burkina Faso,1997,6.31683473483768,11.014743869558
BFA,Burkina Faso,1998,7.30771963496896,6.31683473483768
BFA,Burkina Faso,1999,7.39523780111931,7.30771963496896
BFA,Burkina Faso,2000,1.88847388906525,7.39523780111931
BFA,Burkina Faso,2001,6.61340574539679,1.88847388906525
BFA,Burkina Faso,2002,4.35296382988099,6.61340574539679
BFA,Burkina Faso,2003,7.80249388870359,4.35296382988099
BFA,Burkina Faso,2004,4.47845213670386,7.80249388870359
BFA,Burkina Faso,2005,8.66187322841225,4.47845213670386
BFA,Burkina Faso,2006,6.25316468817478,8.66187322841225
BFA,Burkina Faso,2007,4.11137901761516,6.25316468817478
BFA,Burkina Faso,2008,5.79999174105387,4.11137901761516
BFA,Burkina Faso,2009,2.96195085866692,5.79999174105387
BFA,Burkina Faso,2010,8.44628157707625,2.96195085866692
BFA,Burkina Faso,2011,6.62256261306693,8.44628157707625
BFA,Burkina Faso,2012,6.45267237953146,6.62256261306693
BFA,Burkina Faso,2013,5.79258484509867,6.45267237953146
BFA,Burkina Faso,2014,4.32684561452976,5.79258484509867
BFA,Burkina Faso,2015,3.9212287937935,4.32684561452976
BFA,Burkina Faso,2016,5.95797670754024,3.9212287937935
BFA,Burkina Faso,2017,6.20348941121868,5.95797670754024
BFA,Burkina Faso,2018,6.60456906812341,6.20348941121868
BFA,Burkina Faso,2019,5.88920497068135,6.60456906812341
BFA,Burkina Faso,2020,2.01077262406221,5.88920497068135
BFA,Burkina Faso,2021,6.94252492572348,2.01077262406221
BFA,Burkina Faso,2022,1.62673258211919,6.94252492572348
BFA,Burkina Faso,2023,3.00027415814125,1.62673258211919
BFA,Burkina Faso,2024,4.83395810163883,3.00027415814125
BFA,Burkina Faso,2025,5.29461839319283,4.83395810163883
BGD,Bangladesh,1962,5.45303096987814,6.05816082547616
BGD,Bangladesh,1963,-0.455894289969805,5.45303096987814
BGD,Bangladesh,1964,10.9527885460584,-0.455894289969805
BGD,Bangladesh,1965,1.60625822892978,10.9527885460584
BGD,Bangladesh,1966,2.56681200128088,1.60625822892978
BGD,Bangladesh,1967,-1.8758639196746,2.56681200128088
BGD,Bangladesh,1968,9.48945401549118,-1.8758639196746
BGD,Bangladesh,1969,1.22085790908322,9.48945401549118
BGD,Bangladesh,1970,5.61985229282153,1.22085790908322
BGD,Bangladesh,1971,-5.47948302722807,5.61985229282153
BGD,Bangladesh,1972,-13.9737287020561,-5.47948302722807
BGD,Bangladesh,1973,3.32568019881434,-13.9737287020561
BGD,Bangladesh,1974,9.59195630039562,3.32568019881434
BGD,Bangladesh,1975,-4.08821409181246,9.59195630039562
BGD,Bangladesh,1976,5.66136120118878,-4.08821409181246
BGD,Bangladesh,1977,2.67305605004213,5.66136120118878
BGD,Bangladesh,1978,7.07383773259727,2.67305605004213
BGD,Bangladesh,1979,4.80163460054837,7.07383773259727
BGD,Bangladesh,1980,0.819141868916631,4.80163460054837
BGD,Bangladesh,1981,7.23394369489792,0.819141868916631
BGD,Bangladesh,1982,2.13432783577548,7.23394369489792
BGD,Bangladesh,1983,3.88104639980884,2.13432783577548
BGD,Bangladesh,1984,4.80331001525171,3.88104639980884
BGD,Bangladesh,1985,3.34201465416713,4.80331001525171
BGD,Bangladesh,1986,4.17338255900151,3.34201465416713
BGD,Bangladesh,1987,3.77240185251682,4.17338255900151
BGD,Bangladesh,1988,2.41625685565774,3.77240185251682
BGD,Bangladesh,1989,2.83658212908817,2.41625685565774
BGD,Bangladesh,1990,5.62225816160344,2.83658212908817
BGD,Bangladesh,1991,3.48522781598027,5.62225816160344
BGD,Bangladesh,1992,5.44268554966725,3.48522781598027
BGD,Bangladesh,1993,4.71156172453999,5.44268554966725
BGD,Bangladesh,1994,3.89012644116818,4.71156172453999
BGD,Bangladesh,1995,5.12127789724337,3.89012644116818
BGD,Bangladesh,1996,4.52291921684423,5.12127789724337
BGD,Bangladesh,1997,4.4898964976265,4.52291921684423
BGD,Bangladesh,1998,5.1770268731498,4.4898964976265
BGD,Bangladesh,1999,4.67015636882111,5.1770268731498
BGD,Bangladesh,2000,5.29329471892532,4.67015636882111
BGD,Bangladesh,2001,5.07728777526728,5.29329471892532
BGD,Bangladesh,2002,3.83312393993225,5.07728777526728
BGD,Bangladesh,2003,4.73956739963045,3.83312393993225
BGD,Bangladesh,2004,5.23953291029852,4.73956739963045
BGD,Bangladesh,2005,6.53594493875502,5.23953291029852
BGD,Bangladesh,2006,6.67190498576788,6.53594493875502
BGD,Bangladesh,2007,7.05859935449848,6.67190498576788
BGD,Bangladesh,2008,6.01378975738535,7.05859935449848
BGD,Bangladesh,2009,5.04512479919337,6.01378975738535
BGD,Bangladesh,2010,5.57178818533122,5.04512479919337
BGD,Bangladesh,2011,6.46437912497728,5.57178818533122
BGD,Bangladesh,2012,6.52145877906443,6.46437912497728
BGD,Bangladesh,2013,6.01360565834344,6.52145877906443
BGD,Bangladesh,2014,6.0610593588495,6.01360565834344
BGD,Bangladesh,2015,6.55263987816197,6.0610593588495
BGD,Bangladesh,2016,7.11347821270093,6.55263987816197
BGD,Bangladesh,2017,6.59024999794057,7.11347821270093
BGD,Bangladesh,2018,7.31941263014136,6.59024999794057
BGD,Bangladesh,2019,7.88191515117722,7.31941263014136
BGD,Bangladesh,2020,3.44801755122445,7.88191515117722
BGD,Bangladesh,2021,6.93867912442445,3.44801755122445
BGD,Bangladesh,2022,7.09982877575158,6.93867912442445
BGD,Bangladesh,2023,5.77511237007889,7.09982877575158
BGD,Bangladesh,2024,4.22325911250161,5.77511237007889
BGD,Bangladesh,2025,3.48990671836833,4.22325911250161
BGR,Bulgaria,1982,2.33456447524753,4.90016371130524
BGR,Bulgaria,1983,3.43030746493757,2.33456447524753
BGR,Bulgaria,1984,3.39644319100204,3.43030746493757
BGR,Bulgaria,1985,2.68343855608863,3.39644319100204
BGR,Bulgaria,1986,4.20760266886673,2.68343855608863
BGR,Bulgaria,1987,6.05451439469446,4.20760266886673
BGR,Bulgaria,1988,10.9446917287804,6.05451439469446
BGR,Bulgaria,1989,-3.28988230604452,10.9446917287804
BGR,Bulgaria,1990,-9.11737619878788,-3.28988230604452
BGR,Bulgaria,1991,-8.44535563764769,-9.11737619878788
BGR,Bulgaria,1992,-7.27238740564677,-8.44535563764769
BGR,Bulgaria,1993,-1.48021466527921,-7.27238740564677
BGR,Bulgaria,1994,1.81801189464269,-1.48021466527921
BGR,Bulgaria,1995,2.90231544397766,1.81801189464269
BGR,Bulgaria,1996,5.20547920578709,2.90231544397766
BGR,Bulgaria,1997,-14.1153771596692,5.20547920578709
BGR,Bulgaria,1998,3.7891144939896,-14.1153771596692
BGR,Bulgaria,1999,-8.39608774026568,3.7891144939896
BGR,Bulgaria,2000,4.58722553234129,-8.39608774026568
BGR,Bulgaria,2001,3.82370222571771,4.58722553234129
BGR,Bulgaria,2002,5.87193134676191,3.82370222571771
BGR,Bulgaria,2003,5.23715282493174,5.87193134676191
BGR,Bulgaria,2004,6.5104241389717,5.23715282493174
BGR,Bulgaria,2005,7.05634916258309,6.5104241389717
BGR,Bulgaria,2006,6.80259262432862,7.05634916258309
BGR,Bulgaria,2007,6.65438512368812,6.80259262432862
BGR,Bulgaria,2008,6.12955885899744,6.65438512368812
BGR,Bulgaria,2009,-3.34714308501542,6.12955885899744
BGR,Bulgaria,2010,1.55536266288017,-3.34714308501542
BGR,Bulgaria,2011,2.09017598337418,1.55536266288017
BGR,Bulgaria,2012,0.748814556346105,2.09017598337418
BGR,Bulgaria,2013,-0.542753400392826,0.748814556346105
BGR,Bulgaria,2014,0.949449772002041,-0.542753400392826
BGR,Bulgaria,2015,3.39755351999294,0.949449772002041
BGR,Bulgaria,2016,3.02662820096305,3.39755351999294
BGR,Bulgaria,2017,2.74592737750996,3.02662820096305
BGR,Bulgaria,2018,2.33015054210419,2.74592737750996
BGR,Bulgaria,2019,3.79331964589196,2.33015054210419
BGR,Bulgaria,2020,-3.13323543125917,3.79331964589196
BGR,Bulgaria,2021,7.82817310703665,-3.13323543125917
BGR,Bulgaria,2022,4.08386398118941,7.82817310703665
BGR,Bulgaria,2023,1.68151075832925,4.08386398118941
BGR,Bulgaria,2024,3.38708962009333,1.68151075832925
BGR,Bulgaria,2025,3.0963663917961,3.38708962009333
BHR,Bahrain,1972,11.0720562276677,1.60714285546935
BHR,Bahrain,1973,13.9240506555534,11.0720562276677
BHR,Bahrain,1974,8.47222224387403,13.9240506555534
BHR,Bahrain,1975,-8.83482715024641,8.47222224387403
BHR,Bahrain,1976,30.476297435675,-8.83482715024641
BHR,Bahrain,1977,13.0176496171974,30.476297435675
BHR,Bahrain,1978,3.8622685992858,13.0176496171974
BHR,Bahrain,1979,3.46926802729132,3.8622685992858
BHR,Bahrain,1980,2.58027926574829,3.46926802729132
BHR,Bahrain,1981,-5.31669735282949,2.58027926574829
BHR,Bahrain,1982,-7.55621771215937,-5.31669735282949
BHR,Bahrain,1983,6.37637679964371,-7.55621771215937
BHR,Bahrain,1984,5.00364604500794,6.37637679964371
BHR,Bahrain,1985,-4.75826853805708,5.00364604500794
BHR,Bahrain,1986,1.18299391598448,-4.75826853805708
BHR,Bahrain,1987,10.3990093325466,1.18299391598448
BHR,Bahrain,1988,6.99999164945342,10.3990093325466
BHR,Bahrain,1989,0.364007138161895,6.99999164945342
BHR,Bahrain,1990,4.43799717642609,0.364007138161895
BHR,Bahrain,1991,11.2299982766857,4.43799717642609
BHR,Bahrain,1992,6.68999812735618,11.2299982766857
BHR,Bahrain,1993,12.8700067450998,6.68999812735618
BHR,Bahrain,1994,-0.250001381199439,12.8700067450998
BHR,Bahrain,1995,3.92999239295094,-0.250001381199439
BHR,Bahrain,1996,4.11000631738246,3.92999239295094
BHR,Bahrain,1997,3.09299923370425,4.11000631738246
BHR,Bahrain,1998,4.79000359326143,3.09299923370425
BHR,Bahrain,1999,4.29999824426375,4.79000359326143
BHR,Bahrain,2000,5.30006940305884,4.29999824426375
BHR,Bahrain,2001,2.49094875338352,5.30006940305884
BHR,Bahrain,2002,3.34855067103268,2.49094875338352
BHR,Bahrain,2003,6.29644129075703,3.34855067103268
BHR,Bahrain,2004,6.98096175867695,6.29644129075703
BHR,Bahrain,2005,6.76899737789502,6.98096175867695
BHR,Bahrain,2006,6.4669995195042,6.76899737789502
BHR,Bahrain,2007,8.29396129093843,6.4669995195042
BHR,Bahrain,2008,6.24501094995797,8.29396129093843
BHR,Bahrain,2009,2.53988570158225,6.24501094995797
BHR,Bahrain,2010,4.3342989754845,2.53988570158225
BHR,Bahrain,2011,1.92815791170796,4.3342989754845
BHR,Bahrain,2012,3.80302899043062,1.92815791170796
BHR,Bahrain,2013,5.29262224906203,3.80302899043062
BHR,Bahrain,2014,4.30885692657077,5.29262224906203
BHR,Bahrain,2015,2.50787205267615,4.30885692657077
BHR,Bahrain,2016,3.81499327422425,2.50787205267615
BHR,Bahrain,2017,4.95383534123657,3.81499327422425
BHR,Bahrain,2018,2.05258864979861,4.95383534123657
BHR,Bahrain,2019,2.05287774418655,2.05258864979861
BHR,Bahrain,2020,-5.9113629524152,2.05287774418655
BHR,Bahrain,2021,4.35004091668986,-5.9113629524152
BHR,Bahrain,2022,6.18016125475185,4.35004091668986
BHR,Bahrain,2023,3.87811614845566,6.18016125475185
BHR,Bahrain,2024,2.89710543153512,3.87811614845566
BHR,Bahrain,2025,3.48137573668635,2.89710543153512
BHS,"Bahamas, The",1962,10.4519718914791,10.6670974062853
BHS,"Bahamas, The",1963,10.524055218681,10.4519718914791
BHS,"Bahamas, The",1964,10.5015672000336,10.524055218681
BHS,"Bahamas, The",1965,10.4255964611444,10.5015672000336
BHS,"Bahamas, The",1966,9.07192872047429,10.4255964611444
BHS,"Bahamas, The",1967,9.59811387222918,9.07192872047429
BHS,"Bahamas, The",1968,8.42176356182298,9.59811387222918
BHS,"Bahamas, The",1969,8.98166256974302,8.42176356182298
BHS,"Bahamas, The",1970,-5.64964950396579,8.98166256974302
BHS,"Bahamas, The",1971,1.62650874068258,-5.64964950396579
BHS,"Bahamas, The",1972,-3.49733593905746,1.62650874068258
BHS,"Bahamas, The",1973,7.56756882672917,-3.49733593905746
BHS,"Bahamas, The",1974,-16.7542290832579,7.56756882672917
BHS,"Bahamas, The",1975,-14.8031263075446,-16.7542290832579
BHS,"Bahamas, The",1976,5.18518497429477,-14.8031263075446
BHS,"Bahamas, The",1977,9.15492920885433,5.18518497429477
BHS,"Bahamas, The",1978,14.1795201542182,9.15492920885433
BHS,"Bahamas, The",1979,26.1392957664775,14.1795201542182
BHS,"Bahamas, The",1980,6.49528192098035,26.1392957664775
BHS,"Bahamas, The",1981,-9.22640508127346,6.49528192098035
BHS,"Bahamas, The",1982,6.69889774710882,-9.22640508127346
BHS,"Bahamas, The",1983,3.59705186742775,6.69889774710882
BHS,"Bahamas, The",1984,14.1711486350236,3.59705186742775
BHS,"Bahamas, The",1985,4.8291801053918,14.1711486350236
BHS,"Bahamas, The",1986,1.79700023310696,4.8291801053918
BHS,"Bahamas, The",1987,2.98451933857808,1.79700023310696
BHS,"Bahamas, The",1988,2.30970766214169,2.98451933857808
BHS,"Bahamas, The",1989,6.72732980687955,2.30970766214169
BHS,"Bahamas, The",1990,-1.59624908755521,6.72732980687955
BHS,"Bahamas, The",1991,-4.18178502345002,-1.59624908755521
BHS,"Bahamas, The",1992,-3.82558229706301,-4.18178502345002
BHS,"Bahamas, The",1993,0.307806596011844,-3.82558229706301
BHS,"Bahamas, The",1994,3.14891597200189,0.307806596011844
BHS,"Bahamas, The",1995,4.37875203482501,3.14891597200189
BHS,"Bahamas, The",1996,4.22353036224139,4.37875203482501
BHS,"Bahamas, The",1997,1.28775320549799,4.22353036224139
BHS,"Bahamas, The",1998,4.71679855496301,1.28775320549799
BHS,"Bahamas, The",1999,7.14410390677141,4.71679855496301
BHS,"Bahamas, The",2000,4.14841930754267,7.14410390677141
BHS,"Bahamas, The",2001,2.62600982683425,4.14841930754267
BHS,"Bahamas, The",2002,2.70495624731029,2.62600982683425
BHS,"Bahamas, The",2003,-1.26491667612372,2.70495624731029
BHS,"Bahamas, The",2004,0.882373744518318,-1.26491667612372
BHS,"Bahamas, The",2005,3.39608420536011,0.882373744518318
BHS,"Bahamas, The",2006,2.51659221712706,3.39608420536011
BHS,"Bahamas, The",2007,1.44609991235758,2.51659221712706
BHS,"Bahamas, The",2008,-2.32364807041851,1.44609991235758
BHS,"Bahamas, The",2009,-4.17542805647342,-2.32364807041851
BHS,"Bahamas, The",2010,1.53866248693835,-4.17542805647342
BHS,"Bahamas, The",2011,0.613170735890648,1.53866248693835
BHS,"Bahamas, The",2012,4.52003886739061,0.613170735890648
BHS,"Bahamas, The",2013,-2.86320081549439,4.52003886739061
BHS,"Bahamas, The",2014,1.8469701294558,-2.86320081549439
BHS,"Bahamas, The",2015,0.997411675486745,1.8469701294558
BHS,"Bahamas, The",2016,-1.15650811269629,0.997411675486745
BHS,"Bahamas, The",2017,3.3713988456489,-1.15650811269629
BHS,"Bahamas, The",2018,2.39795510823548,3.3713988456489
BHS,"Bahamas, The",2019,-0.838585871193203,2.39795510823548
BHS,"Bahamas, The",2020,-20.0893664891399,-0.838585871193203
BHS,"Bahamas, The",2021,17.5861390037409,-20.0893664891399
BHS,"Bahamas, The",2022,10.8779009410268,17.5861390037409
BHS,"Bahamas, The",2023,3.04824180553773,10.8779009410268
BHS,"Bahamas, The",2024,3.37866553336166,3.04824180553773
BIH,Bosnia and Herzegovina,1992,-6.43690762214798,-9.34802540730465
BIH,Bosnia and Herzegovina,1993,-2.18134734859012,-6.43690762214798
BIH,Bosnia and Herzegovina,1994,11.1319640352363,-2.18134734859012
BIH,Bosnia and Herzegovina,1995,15.9683009303506,11.1319640352363
BIH,Bosnia and Herzegovina,1996,54.199300436288,15.9683009303506
BIH,Bosnia and Herzegovina,1997,36.6411285333574,54.199300436288
BIH,Bosnia and Herzegovina,1998,16.6163750921985,36.6411285333574
BIH,Bosnia and Herzegovina,1999,9.52156995576404,16.6163750921985
BIH,Bosnia and Herzegovina,2000,5.41431598814764,9.52156995576404
BIH,Bosnia and Herzegovina,2001,2.42331312996704,5.41431598814764
BIH,Bosnia and Herzegovina,2002,5.027444647203,2.42331312996704
BIH,Bosnia and Herzegovina,2003,3.86713552011777,5.027444647203
BIH,Bosnia and Herzegovina,2004,6.32526794858342,3.86713552011777
BIH,Bosnia and Herzegovina,2005,3.89718320544974,6.32526794858342
BIH,Bosnia and Herzegovina,2006,5.41400299607282,3.89718320544974
BIH,Bosnia and Herzegovina,2007,5.85911689412598,5.41400299607282
BIH,Bosnia and Herzegovina,2008,5.44184730165964,5.85911689412598
BIH,Bosnia and Herzegovina,2009,-3.0044555389081,5.44184730165964
BIH,Bosnia and Herzegovina,2010,0.865667236280544,-3.0044555389081
BIH,Bosnia and Herzegovina,2011,0.959511709726897,0.865667236280544
BIH,Bosnia and Herzegovina,2012,-0.821837252962993,0.959511709726897
BIH,Bosnia and Herzegovina,2013,2.34985873172397,-0.821837252962993
BIH,Bosnia and Herzegovina,2014,1.15384793371298,2.34985873172397
BIH,Bosnia and Herzegovina,2015,4.28413016137854,1.15384793371298
BIH,Bosnia and Herzegovina,2016,3.24225822231566,4.28413016137854
BIH,Bosnia and Herzegovina,2017,3.24409895306594,3.24225822231566
BIH,Bosnia and Herzegovina,2018,3.82900399349064,3.24409895306594
BIH,Bosnia and Herzegovina,2019,2.88585242083978,3.82900399349064
BIH,Bosnia and Herzegovina,2020,-3.01509335460439,2.88585242083978
BIH,Bosnia and Herzegovina,2021,7.39164256472846,-3.01509335460439
BIH,Bosnia and Herzegovina,2022,4.22681333390325,7.39164256472846
BIH,Bosnia and Herzegovina,2023,1.99439414850893,4.22681333390325
BIH,Bosnia and Herzegovina,2024,3.22679979810856,1.99439414850893
BIH,Bosnia and Herzegovina,2025,2.12861913138053,3.22679979810856
BLR,Belarus,1992,-9.60000108728426,-1.1999957451749
BLR,Belarus,1993,-7.60000201957324,-9.60000108728426
BLR,Belarus,1994,-11.7000038612152,-7.60000201957324
BLR,Belarus,1995,-10.4000003781854,-11.7000038612152
BLR,Belarus,1996,2.80000456599095,-10.4000003781854
BLR,Belarus,1997,11.4000054007553,2.80000456599095
BLR,Belarus,1998,8.3999913697987,11.4000054007553
BLR,Belarus,1999,3.3999992040046,8.3999913697987
BLR,Belarus,2000,5.80000327485702,3.3999992040046
BLR,Belarus,2001,4.72530605111095,5.80000327485702
BLR,Belarus,2002,5.04526758311702,4.72530605111095
BLR,Belarus,2003,7.04319246586394,5.04526758311702
BLR,Belarus,2004,11.4497432088167,7.04319246586394
BLR,Belarus,2005,9.40000151584914,11.4497432088167
BLR,Belarus,2006,9.99999473022963,9.40000151584914
BLR,Belarus,2007,8.60000659811426,9.99999473022963
BLR,Belarus,2008,10.1999994860937,8.60000659811426
BLR,Belarus,2009,0.199995231733979,10.1999994860937
BLR,Belarus,2010,7.75001707500896,0.199995231733979
BLR,Belarus,2011,5.54997471638077,7.75001707500896
BLR,Belarus,2012,1.70785253368828,5.54997471638077
BLR,Belarus,2013,0.998719299661161,1.70785253368828
BLR,Belarus,2014,1.65112470228097,0.998719299661161
BLR,Belarus,2015,-3.82957056812593,1.65112470228097
BLR,Belarus,2016,-2.5264464460425,-3.82957056812593
BLR,Belarus,2017,2.53218349471909,-2.5264464460425
BLR,Belarus,2018,3.14919758275296,2.53218349471909
BLR,Belarus,2019,1.44645548204305,3.14919758275296
BLR,Belarus,2020,-0.672742918585868,1.44645548204305
BLR,Belarus,2021,2.43886210234947,-0.672742918585868
BLR,Belarus,2022,-4.65839591328999,2.43886210234947
BLR,Belarus,2023,4.12654007153881,-4.65839591328999
BLR,Belarus,2024,4.34999638140579,4.12654007153881
BLR,Belarus,2025,1.29999999999998,4.34999638140579
BLZ,Belize,1962,4.89265226468763,4.89227701008051
BLZ,Belize,1963,4.95643417667813,4.89265226468763
BLZ,Belize,1964,4.99987981197741,4.95643417667813
BLZ,Belize,1965,4.93054100754495,4.99987981197741
BLZ,Belize,1966,4.77084518419552,4.93054100754495
BLZ,Belize,1967,4.91312320896799,4.77084518419552
BLZ,Belize,1968,7.36722545020247,4.91312320896799
BLZ,Belize,1969,5.1063747050941,7.36722545020247
BLZ,Belize,1970,4.80769339437559,5.1063747050941
BLZ,Belize,1971,3.95944112009168,4.80769339437559
BLZ,Belize,1972,10.2183037621063,3.95944112009168
BLZ,Belize,1973,5.35189410587191,10.2183037621063
BLZ,Belize,1974,13.5599852156644,5.35189410587191
BLZ,Belize,1975,3.59282437676988,13.5599852156644
BLZ,Belize,1976,-0.034020934426735,3.59282437676988
BLZ,Belize,1977,6.49659440643893,-0.034020934426735
BLZ,Belize,1978,7.92080717322925,6.49659440643893
BLZ,Belize,1979,7.51702144443351,7.92080717322925
BLZ,Belize,1980,12.1087499161075,7.51702144443351
BLZ,Belize,1981,1.1332973556395,12.1087499161075
BLZ,Belize,1982,-0.106723585912476,1.1332973556395
BLZ,Belize,1983,-2.1474358974359,-0.106723585912476
BLZ,Belize,1984,1.97619827492083,-2.1474358974359
BLZ,Belize,1985,1.00642398286939,1.97619827492083
BLZ,Belize,1986,4.54738181047276,1.00642398286939
BLZ,Belize,1987,10.7269593429991,4.54738181047276
BLZ,Belize,1988,9.78848090834173,10.7269593429991
BLZ,Belize,1989,13.0108423686405,9.78848090834173
BLZ,Belize,1990,11.3429425965195,13.0108423686405
BLZ,Belize,1991,11.7787032699319,11.3429425965195
BLZ,Belize,1992,12.7362233602929,11.7787032699319
BLZ,Belize,1993,6.13788542592131,12.7362233602929
BLZ,Belize,1994,-0.0199863391166843,6.13788542592131
BLZ,Belize,1995,0.731558011871286,-0.0199863391166843
BLZ,Belize,1996,1.10530578663676,0.731558011871286
BLZ,Belize,1997,4.2346158780441,1.10530578663676
BLZ,Belize,1998,3.89301999542513,4.2346158780441
BLZ,Belize,1999,9.42319471476534,3.89301999542513
BLZ,Belize,2000,12.2406120663359,9.42319471476534
BLZ,Belize,2001,4.99356206143864,12.2406120663359
BLZ,Belize,2002,5.39907320663811,4.99356206143864
BLZ,Belize,2003,9.66522679614125,5.39907320663811
BLZ,Belize,2004,4.78066505273344,9.66522679614125
BLZ,Belize,2005,2.2191905367057,4.78066505273344
BLZ,Belize,2006,4.51145460193301,2.2191905367057
BLZ,Belize,2007,3.33939738340764,4.51145460193301
BLZ,Belize,2008,-1.62747776449082,3.33939738340764
BLZ,Belize,2009,-0.446709636828217,-1.62747776449082
BLZ,Belize,2010,1.41741099233461,-0.446709636828217
BLZ,Belize,2011,-0.13007112300869,1.41741099233461
BLZ,Belize,2012,3.94389321816617,-0.13007112300869
BLZ,Belize,2013,4.06646561608865,3.94389321816617
BLZ,Belize,2014,3.89226067249989,4.06646561608865
BLZ,Belize,2015,2.7602602736023,3.89226067249989
BLZ,Belize,2016,-0.0187414958130319,2.7602602736023
BLZ,Belize,2017,-1.83323729057784,-0.0187414958130319
BLZ,Belize,2018,0.822068592512508,-1.83323729057784
BLZ,Belize,2019,4.25658710030072,0.822068592512508
BLZ,Belize,2020,-13.5228997055506,4.25658710030072
BLZ,Belize,2021,17.9899244143607,-13.5228997055506
BLZ,Belize,2022,9.25051329530994,17.9899244143607
BLZ,Belize,2023,0.500127941638667,9.25051329530994
BLZ,Belize,2024,3.50466435023895,0.500127941638667
BLZ,Belize,2025,2.74831731763744,3.50466435023895
BMU,Bermuda,1962,4.47000004808878,4.67999996713304
BMU,Bermuda,1963,1.06999999436341,4.47000004808878
BMU,Bermuda,1964,11.1099999875701,1.06999999436341
BMU,Bermuda,1965,4.76000001552437,11.1099999875701
BMU,Bermuda,1966,14.3636363323149,4.76000001552437
BMU,Bermuda,1967,13.2750397766514,14.3636363323149
BMU,Bermuda,1968,2.10526314278347,13.2750397766514
BMU,Bermuda,1969,3.43642611734707,2.10526314278347
BMU,Bermuda,1970,6.31229233824516,3.43642611734707
BMU,Bermuda,1971,3.43750002134429,6.31229233824516
BMU,Bermuda,1972,1.81268880897692,3.43750002134429
BMU,Bermuda,1973,1.48367952560177,1.81268880897692
BMU,Bermuda,1974,0.877192976380712,1.48367952560177
BMU,Bermuda,1975,3.76811596817137,0.877192976380712
BMU,Bermuda,1976,8.93854746251135,3.76811596817137
BMU,Bermuda,1977,5.89743589354259,8.93854746251135
BMU,Bermuda,1978,1.45278451972824,5.89743589354259
BMU,Bermuda,1979,2.14797134529523,1.45278451972824
BMU,Bermuda,1980,7.94392524610532,2.14797134529523
BMU,Bermuda,1981,2.38095237207439,7.94392524610532
BMU,Bermuda,1982,-5.28541226360018,2.38095237207439
BMU,Bermuda,1983,2.00892858162112,-5.28541226360018
BMU,Bermuda,1984,0.481400440554651,2.00892858162112
BMU,Bermuda,1985,-2.00348432837988,0.481400440554651
BMU,Bermuda,1986,6.66666666826173,-2.00348432837988
BMU,Bermuda,1987,3.74999999635499,6.66666666826173
BMU,Bermuda,1988,4.05622489892114,3.74999999635499
BMU,Bermuda,1989,0.443844087815307,4.05622489892114
BMU,Bermuda,1990,0.0192122847020073,0.443844087815307
BMU,Bermuda,1991,-3.53438209429358,0.0192122847020073
BMU,Bermuda,1992,-0.0597382143839553,-3.53438209429358
BMU,Bermuda,1993,3.00856712357907,-0.0597382143839553
BMU,Bermuda,1994,0.599613366698804,3.00856712357907
BMU,Bermuda,1995,4.39914832996426,0.599613366698804
BMU,Bermuda,1996,2.60047542898441,4.39914832996426
BMU,Bermuda,1997,4.60000084263363,2.60047542898441
BMU,Bermuda,1998,3.90000009423035,4.60000084263363
BMU,Bermuda,1999,3.38264701972184,3.90000009423035
BMU,Bermuda,2000,9.31715641086083,3.38264701972184
BMU,Bermuda,2001,7.22243553752608,9.31715641086083
BMU,Bermuda,2002,-1.47779059768867,7.22243553752608
BMU,Bermuda,2003,3.41070667687531,-1.47779059768867
BMU,Bermuda,2004,2.32126722323136,3.41070667687531
BMU,Bermuda,2005,1.67420611410508,2.32126722323136
BMU,Bermuda,2006,5.5438663804406,1.67420611410508
BMU,Bermuda,2007,3.34513970877607,5.5438663804406
BMU,Bermuda,2008,-1.86595582635186,3.34513970877607
BMU,Bermuda,2009,-5.6266977105161,-1.86595582635186
BMU,Bermuda,2010,-2.50287828947368,-5.6266977105161
BMU,Bermuda,2011,-3.74274431740703,-2.50287828947368
BMU,Bermuda,2012,-5.30529910675297,-3.74274431740703
BMU,Bermuda,2013,-0.279708545423034,-5.30529910675297
BMU,Bermuda,2014,-3.70106759364258,-0.279708545423034
BMU,Bermuda,2015,0.775529699568978,-3.70106759364258
BMU,Bermuda,2016,-0.657206304259205,0.775529699568978
BMU,Bermuda,2017,3.61141983706115,-0.657206304259205
BMU,Bermuda,2018,-0.432801300339307,3.61141983706115
BMU,Bermuda,2019,0.307106461240664,-0.432801300339307
BMU,Bermuda,2020,-6.97162571479863,0.307106461240664
BMU,Bermuda,2021,4.76497899668355,-6.97162571479863
BMU,Bermuda,2022,6.25695521240877,4.76497899668355
BMU,Bermuda,2023,4.33447280353832,6.25695521240877
BMU,Bermuda,2024,1.88822861970388,4.33447280353832
BOL,Bolivia,1962,5.57891786210311,2.08929594236771
BOL,Bolivia,1963,6.79762576905422,5.57891786210311
BOL,Bolivia,1964,3.95659653084577,6.79762576905422
BOL,Bolivia,1965,4.91344195525969,3.95659653084577
BOL,Bolivia,1966,7.17058966306622,4.91344195525969
BOL,Bolivia,1967,6.31721951733543,7.17058966306622
BOL,Bolivia,1968,8.52944308831106,6.31721951733543
BOL,Bolivia,1969,4.47409732886858,8.52944308831106
BOL,Bolivia,1970,5.23102930423347,4.47409732886858
BOL,Bolivia,1971,5.06333643861974,5.23102930423347
BOL,Bolivia,1972,7.967485209709,5.06333643861974
BOL,Bolivia,1973,5.73916152572539,7.967485209709
BOL,Bolivia,1974,2.93956780827851,5.73916152572539
BOL,Bolivia,1975,7.31101773140004,2.93956780827851
BOL,Bolivia,1976,4.6145674859863,7.31101773140004
BOL,Bolivia,1977,4.97121565700287,4.6145674859863
BOL,Bolivia,1978,2.05269456633248,4.97121565700287
BOL,Bolivia,1979,0.133344047803448,2.05269456633248
BOL,Bolivia,1980,-1.37177291052787,0.133344047803448
BOL,Bolivia,1981,0.275616372775957,-1.37177291052787
BOL,Bolivia,1982,-3.93873792499589,0.275616372775957
BOL,Bolivia,1983,-4.04212140271022,-3.93873792499589
BOL,Bolivia,1984,-0.200665696939325,-4.04212140271022
BOL,Bolivia,1985,-1.67638978272157,-0.200665696939325
BOL,Bolivia,1986,-2.57388420056624,-1.67638978272157
BOL,Bolivia,1987,2.46348461969905,-2.57388420056624
BOL,Bolivia,1988,2.90949796034215,2.46348461969905
BOL,Bolivia,1989,3.79013096203738,2.90949796034215
BOL,Bolivia,1990,4.63578742813344,3.79013096203738
BOL,Bolivia,1991,5.26652663501228,4.63578742813344
BOL,Bolivia,1992,1.64649821845634,5.26652663501228
BOL,Bolivia,1993,4.26929615211904,1.64649821845634
BOL,Bolivia,1994,4.66726507417057,4.26929615211904
BOL,Bolivia,1995,4.67827659737812,4.66726507417057
BOL,Bolivia,1996,4.36134197138718,4.67827659737812
BOL,Bolivia,1997,4.95420873383996,4.36134197138718
BOL,Bolivia,1998,5.02935475584462,4.95420873383996
BOL,Bolivia,1999,0.426885378297442,5.02935475584462
BOL,Bolivia,2000,2.50781081484664,0.426885378297442
BOL,Bolivia,2001,1.68379914527159,2.50781081484664
BOL,Bolivia,2002,2.48556576601922,1.68379914527159
BOL,Bolivia,2003,2.7113398065361,2.48556576601922
BOL,Bolivia,2004,4.1732955905708,2.7113398065361
BOL,Bolivia,2005,4.42143313550196,4.1732955905708
BOL,Bolivia,2006,4.79700881067477,4.42143313550196
BOL,Bolivia,2007,4.56438425143126,4.79700881067477
BOL,Bolivia,2008,6.14849787777658,4.56438425143126
BOL,Bolivia,2009,3.35699958346049,6.14849787777658
BOL,Bolivia,2010,4.12672258996274,3.35699958346049
BOL,Bolivia,2011,5.20409245282328,4.12672258996274
BOL,Bolivia,2012,5.12227560125973,5.20409245282328
BOL,Bolivia,2013,6.79601141268498,5.12227560125973
BOL,Bolivia,2014,5.46056949136766,6.79601141268498
BOL,Bolivia,2015,4.85718718508603,5.46056949136766
BOL,Bolivia,2016,4.26392086992173,4.85718718508603
BOL,Bolivia,2017,4.19520633364647,4.26392086992173
BOL,Bolivia,2018,2.86808404814794,4.19520633364647
BOL,Bolivia,2019,1.50672102666863,2.86808404814794
BOL,Bolivia,2020,-12.7194690092717,1.50672102666863
BOL,Bolivia,2021,10.0290488827886,-12.7194690092717
BOL,Bolivia,2022,3.74741781241461,10.0290488827886
BOL,Bolivia,2023,2.51636590154891,3.74741781241461
BOL,Bolivia,2024,-1.12335595517212,2.51636590154891
BOL,Bolivia,2025,-1.58237567348246,-1.12335595517212
BRA,Brazil,1962,6.59999999999992,8.60000000000014
BRA,Brazil,1963,0.600000000000065,6.59999999999992
BRA,Brazil,1964,3.39999999999985,0.600000000000065
BRA,Brazil,1965,2.40000000000001,3.39999999999985
BRA,Brazil,1966,6.7000000000001,2.40000000000001
BRA,Brazil,1967,4.2,6.7000000000001
BRA,Brazil,1968,9.79999999999998,4.2
BRA,Brazil,1969,9.49999999999993,9.79999999999998
BRA,Brazil,1970,10.4,9.49999999999993
BRA,Brazil,1971,11.3429219931908,10.4
BRA,Brazil,1972,11.9403481162508,11.3429219931908
BRA,Brazil,1973,13.9687217796782,11.9403481162508
BRA,Brazil,1974,8.15393868457201,13.9687217796782
BRA,Brazil,1975,5.16664908406321,8.15393868457201
BRA,Brazil,1976,10.2571295347867,5.16664908406321
BRA,Brazil,1977,4.93432806978961,10.2571295347867
BRA,Brazil,1978,4.96989768924738,4.93432806978961
BRA,Brazil,1979,6.7595601220408,4.96989768924738
BRA,Brazil,1980,9.19999999999976,6.7595601220408
BRA,Brazil,1981,-4.24999999999956,9.19999999999976
BRA,Brazil,1982,0.829999999999529,-4.24999999999956
BRA,Brazil,1983,-2.92999999999996,0.829999999999529
BRA,Brazil,1984,5.39999999999988,-2.92999999999996
BRA,Brazil,1985,7.85000000000042,5.39999999999988
BRA,Brazil,1986,7.48999999999982,7.85000000000042
BRA,Brazil,1987,3.52999999999983,7.48999999999982
BRA,Brazil,1988,-0.059999999999917,3.52999999999983
BRA,Brazil,1989,3.16000000000032,-0.059999999999917
BRA,Brazil,1990,-4.35000000000022,3.16000000000032
BRA,Brazil,1991,1.03218958549303,-4.35000000000022
BRA,Brazil,1992,-0.54407204977727,1.03218958549303
BRA,Brazil,1993,4.9246900037071,-0.54407204977727
BRA,Brazil,1994,5.85287036219013,4.9246900037071
BRA,Brazil,1995,4.22379363350413,5.85287036219013
BRA,Brazil,1996,2.20886405039022,4.22379363350413
BRA,Brazil,1997,3.39484598630671,2.20886405039022
BRA,Brazil,1998,0.338097901207306,3.39484598630671
BRA,Brazil,1999,0.467937566477133,0.338097901207306
BRA,Brazil,2000,4.38794944745618,0.467937566477133
BRA,Brazil,2001,1.38989640095637,4.38794944745618
BRA,Brazil,2002,3.05346185909312,1.38989640095637
BRA,Brazil,2003,1.14082899824888,3.05346185909312
BRA,Brazil,2004,5.75996463670954,1.14082899824888
BRA,Brazil,2005,3.20213206130431,5.75996463670954
BRA,Brazil,2006,3.96198871122617,3.20213206130431
BRA,Brazil,2007,6.06987060678338,3.96198871122617
BRA,Brazil,2008,5.09419544658736,6.06987060678338
BRA,Brazil,2009,-0.125812002161169,5.09419544658736
BRA,Brazil,2010,7.52822581815364,-0.125812002161169
BRA,Brazil,2011,3.97442307944702,7.52822581815364
BRA,Brazil,2012,1.92117598576537,3.97442307944702
BRA,Brazil,2013,3.00482266944432,1.92117598576537
BRA,Brazil,2014,0.503955740242247,3.00482266944432
BRA,Brazil,2015,-3.54576339269425,0.503955740242247
BRA,Brazil,2016,-3.27591690782192,-3.54576339269425
BRA,Brazil,2017,1.32286905404399,-3.27591690782192
BRA,Brazil,2018,1.783666761634,1.32286905404399
BRA,Brazil,2019,1.22077782360842,1.783666761634
BRA,Brazil,2020,-3.2767587964736,1.22077782360842
BRA,Brazil,2021,4.76260437908608,-3.2767587964736
BRA,Brazil,2022,3.01669435393015,4.76260437908608
BRA,Brazil,2023,3.24165532906981,3.01669435393015
BRA,Brazil,2024,3.41931516501906,3.24165532906981
BRA,Brazil,2025,2.2857464902475,3.41931516501906
BRB,Barbados,1962,9.06075860946092,7.69652980063537
BRB,Barbados,1963,-5.07842107998037,9.06075860946092
BRB,Barbados,1964,5.00487575497692,-5.07842107998037
BRB,Barbados,1965,11.4348434925182,5.00487575497692
BRB,Barbados,1966,4.00337124242253,11.4348434925182
BRB,Barbados,1967,10.6361361469399,4.00337124242253
BRB,Barbados,1968,6.92182132881096,10.6361361469399
BRB,Barbados,1969,7.51840479457435,6.92182132881096
BRB,Barbados,1970,9.50940299137403,7.51840479457435
BRB,Barbados,1971,3.91272243933396,9.50940299137403
BRB,Barbados,1972,1.27380067229434,3.91272243933396
BRB,Barbados,1973,1.34070042405897,1.27380067229434
BRB,Barbados,1974,-4.65084124049893,1.34070042405897
BRB,Barbados,1975,-1.90000000274694,-4.65084124049893
BRB,Barbados,1976,4.36021101015125,-1.90000000274694
BRB,Barbados,1977,3.64220575797367,4.36021101015125
BRB,Barbados,1978,4.87693931117663,3.64220575797367
BRB,Barbados,1979,7.89300814347777,4.87693931117663
BRB,Barbados,1980,4.37306481224466,7.89300814347777
BRB,Barbados,1981,-1.89975157094865,4.37306481224466
BRB,Barbados,1982,-4.90093847758146,-1.89975157094865
BRB,Barbados,1983,0.501253132832375,-4.90093847758146
BRB,Barbados,1984,3.60037406483768,0.501253132832375
BRB,Barbados,1985,1.09823980743214,3.60037406483768
BRB,Barbados,1986,5.10416666666653,1.09823980743214
BRB,Barbados,1987,2.59096701118531,5.10416666666653
BRB,Barbados,1988,3.50538227987897,2.59096701118531
BRB,Barbados,1989,3.5999999999997,3.50538227987897
BRB,Barbados,1990,-3.30759330759331,3.5999999999997
BRB,Barbados,1991,-3.89990721506513,-3.30759330759331
BRB,Barbados,1992,-5.69252080356588,-3.89990721506513
BRB,Barbados,1993,0.793068842655458,-5.69252080356588
BRB,Barbados,1994,2.01078208266563,0.793068842655458
BRB,Barbados,1995,2.0139983230294,2.01078208266563
BRB,Barbados,1996,3.97647593869304,2.0139983230294
BRB,Barbados,1997,4.74010359217981,3.97647593869304
BRB,Barbados,1998,3.72846419786779,4.74010359217981
BRB,Barbados,1999,0.33465616730885,3.72846419786779
BRB,Barbados,2000,4.44718949183194,0.33465616730885
BRB,Barbados,2001,-2.36546415544167,4.44718949183194
BRB,Barbados,2002,0.787401645449506,-2.36546415544167
BRB,Barbados,2003,2.175481019956,0.787401645449506
BRB,Barbados,2004,1.411597864066,2.175481019956
BRB,Barbados,2005,3.95545709487497,1.411597864066
BRB,Barbados,2006,6.07054679359618,3.95545709487497
BRB,Barbados,2007,2.07918360507011,6.07054679359618
BRB,Barbados,2008,0.633460425791839,2.07918360507011
BRB,Barbados,2009,-5.01727544996282,0.633460425791839
BRB,Barbados,2010,-8.08072121134387,-5.01727544996282
BRB,Barbados,2011,-0.074211165126286,-8.08072121134387
BRB,Barbados,2012,-2.85797051387257,-0.074211165126286
BRB,Barbados,2013,0.195322007310409,-2.85797051387257
BRB,Barbados,2014,0.807325350394564,0.195322007310409
BRB,Barbados,2015,-0.772620078410995,0.807325350394564
BRB,Barbados,2016,1.41632446821541,-0.772620078410995
BRB,Barbados,2017,0.654655602860373,1.41632446821541
BRB,Barbados,2018,-0.252085325827849,0.654655602860373
BRB,Barbados,2019,0.241099789148677,-0.252085325827849
BRB,Barbados,2020,-17.4059314651747,0.241099789148677
BRB,Barbados,2021,8.0198770096479,-17.4059314651747
BRB,Barbados,2022,15.9453206225473,8.0198770096479
BRB,Barbados,2023,1.81419817804516,15.9453206225473
BRB,Barbados,2024,3.3669492581395,1.81419817804516
BRB,Barbados,2025,2.70000021764021,3.3669492581395
BRN,Brunei Darussalam,1976,20.8741398285027,-0.645291579006951
BRN,Brunei Darussalam,1977,9.93403484610029,20.8741398285027
BRN,Brunei Darussalam,1978,7.01913426136178,9.93403484610029
BRN,Brunei Darussalam,1979,24.3383886941687,7.01913426136178
BRN,Brunei Darussalam,1980,-9.70796015870228,24.3383886941687
BRN,Brunei Darussalam,1981,-22.3848239984139,-9.70796015870228
BRN,Brunei Darussalam,1982,2.30152997332975,-22.3848239984139
BRN,Brunei Darussalam,1983,0.399377358630829,2.30152997332975
BRN,Brunei Darussalam,1984,-2.3765936752155,0.399377358630829
BRN,Brunei Darussalam,1985,-2.9072440789929,-2.3765936752155
BRN,Brunei Darussalam,1986,-5.4072203182489,-2.9072440789929
BRN,Brunei Darussalam,1987,2.08354422440964,-5.4072203182489
BRN,Brunei Darussalam,1988,-1.53586318506849,2.08354422440964
BRN,Brunei Darussalam,1989,-2.72621442462589,-1.53586318506849
BRN,Brunei Darussalam,1990,2.64307356617202,-2.72621442462589
BRN,Brunei Darussalam,1991,2.91065603669382,2.64307356617202
BRN,Brunei Darussalam,1992,-3.12061882634288,2.91065603669382
BRN,Brunei Darussalam,1993,-0.633649658776775,-3.12061882634288
BRN,Brunei Darussalam,1994,0.992734958938726,-0.633649658776775
BRN,Brunei Darussalam,1995,1.34729376385607,0.992734958938726
BRN,Brunei Darussalam,1996,-0.027315465853718,1.34729376385607
BRN,Brunei Darussalam,1997,6.34394499326551,-0.027315465853718
BRN,Brunei Darussalam,1998,-6.65715931266875,6.34394499326551
BRN,Brunei Darussalam,1999,4.26072216266995,-6.65715931266875
BRN,Brunei Darussalam,2000,3.47467627672586,4.26072216266995
BRN,Brunei Darussalam,2001,1.4660608198711,3.47467627672586
BRN,Brunei Darussalam,2002,3.9614389000248,1.4660608198711
BRN,Brunei Darussalam,2003,3.58342909978997,3.9614389000248
BRN,Brunei Darussalam,2004,0.104538372603315,3.58342909978997
BRN,Brunei Darussalam,2005,-0.00392531660746442,0.104538372603315
BRN,Brunei Darussalam,2006,4.09841257308588,-0.00392531660746442
BRN,Brunei Darussalam,2007,-3.76362326254647,4.09841257308588
BRN,Brunei Darussalam,2008,-3.90071101715114,-3.76362326254647
BRN,Brunei Darussalam,2009,-1.90025367202547,-3.90071101715114
BRN,Brunei Darussalam,2010,2.74136439456163,-1.90025367202547
BRN,Brunei Darussalam,2011,3.74440625524871,2.74136439456163
BRN,Brunei Darussalam,2012,0.913135189664487,3.74440625524871
BRN,Brunei Darussalam,2013,-2.12478292664558,0.913135189664487
BRN,Brunei Darussalam,2014,-2.50788727590711,-2.12478292664558
BRN,Brunei Darussalam,2015,-0.392383749502031,-2.50788727590711
BRN,Brunei Darussalam,2016,-2.47791771833224,-0.392383749502031
BRN,Brunei Darussalam,2017,1.32872661057823,-2.47791771833224
BRN,Brunei Darussalam,2018,0.0523710418528935,1.32872661057823
BRN,Brunei Darussalam,2019,3.86884436177075,0.0523710418528935
BRN,Brunei Darussalam,2020,1.1335733495246,3.86884436177075
BRN,Brunei Darussalam,2021,-1.59076260099606,1.1335733495246
BRN,Brunei Darussalam,2022,-1.62833154515108,-1.59076260099606
BRN,Brunei Darussalam,2023,1.12764418162719,-1.62833154515108
BRN,Brunei Darussalam,2024,4.05251709306727,1.12764418162719
BRN,Brunei Darussalam,2025,0.66956214816436,4.05251709306727
BTN,Bhutan,1972,1.16325709813225,2.67710048691288
BTN,Bhutan,1973,1.46708963632713,1.16325709813225
BTN,Bhutan,1974,5.15826493134593,1.46708963632713
BTN,Bhutan,1975,-3.30732069832554,5.15826493134593
BTN,Bhutan,1976,8.95465028355598,-3.30732069832554
BTN,Bhutan,1977,7.90123454990548,8.95465028355598
BTN,Bhutan,1978,7.12651195843857,7.90123454990548
BTN,Bhutan,1979,4.79096734776185,7.12651195843857
BTN,Bhutan,1980,5.0087361630323,4.79096734776185
BTN,Bhutan,1981,15.1222948427757,5.0087361630323
BTN,Bhutan,1982,3.43977385194837,15.1222948427757
BTN,Bhutan,1983,10.4310159400869,3.43977385194837
BTN,Bhutan,1984,4.5566589925275,10.4310159400869
BTN,Bhutan,1985,4.0285329991183,4.5566589925275
BTN,Bhutan,1986,11.3921975985388,4.0285329991183
BTN,Bhutan,1987,29.054323847546,11.3921975985388
BTN,Bhutan,1988,4.76737301961812,29.054323847546
BTN,Bhutan,1989,7.35556731915111,4.76737301961812
BTN,Bhutan,1990,10.3831179126517,7.35556731915111
BTN,Bhutan,1991,-0.407875722553669,10.3831179126517
BTN,Bhutan,1992,4.60089124887257,-0.407875722553669
BTN,Bhutan,1993,1.98636656014881,4.60089124887257
BTN,Bhutan,1994,4.95150372472288,1.98636656014881
BTN,Bhutan,1995,7.07411745757784,4.95150372472288
BTN,Bhutan,1996,5.56517288179062,7.07411745757784
BTN,Bhutan,1997,5.37383854585261,5.56517288179062
BTN,Bhutan,1998,5.91403093576604,5.37383854585261
BTN,Bhutan,1999,7.98397179406629,5.91403093576604
BTN,Bhutan,2000,3.35506838174288,7.98397179406629
BTN,Bhutan,2001,7.32837435673082,3.35506838174288
BTN,Bhutan,2002,10.4437797168913,7.32837435673082
BTN,Bhutan,2003,7.78656040877364,10.4437797168913
BTN,Bhutan,2004,5.15725736177561,7.78656040877364
BTN,Bhutan,2005,6.93507146766659,5.15725736177561
BTN,Bhutan,2006,5.6408051539139,6.93507146766659
BTN,Bhutan,2007,16.1047836542012,5.6408051539139
BTN,Bhutan,2008,4.52944877696235,16.1047836542012
BTN,Bhutan,2009,7.66749238553135,4.52944877696235
BTN,Bhutan,2010,11.9318738376229,7.66749238553135
BTN,Bhutan,2011,8.4892584842808,11.9318738376229
BTN,Bhutan,2012,5.16482012683895,8.4892584842808
BTN,Bhutan,2013,1.73634039505693,5.16482012683895
BTN,Bhutan,2014,5.88108550658288,1.73634039505693
BTN,Bhutan,2015,6.66080128866197,5.88108550658288
BTN,Bhutan,2016,8.47594339232963,6.66080128866197
BTN,Bhutan,2017,2.08684522733067,8.47594339232963
BTN,Bhutan,2018,3.50187185732737,2.08684522733067
BTN,Bhutan,2019,5.75514851246506,3.50187185732737
BTN,Bhutan,2020,-10.2183974208569,5.75514851246506
BTN,Bhutan,2021,4.42136738945015,-10.2183974208569
BTN,Bhutan,2022,5.21386783786224,4.42136738945015
BTN,Bhutan,2023,4.63215702969933,5.21386783786224
BTN,Bhutan,2024,7.49856206754038,4.63215702969933
BTN,Bhutan,2025,8.00502716233098,7.49856206754038
BWA,Botswana,1962,6.66666783376763,6.34328369916236
BWA,Botswana,1963,5.92104509011995,6.66666783376763
BWA,Botswana,1964,6.83230092114646,5.92104509011995
BWA,Botswana,1965,5.81395506087105,6.83230092114646
BWA,Botswana,1966,6.34401910558493,5.81395506087105
BWA,Botswana,1967,5.92455993122056,6.34401910558493
BWA,Botswana,1968,10.5670565038251,5.92455993122056
BWA,Botswana,1969,15.1234047289021,10.5670565038251
BWA,Botswana,1970,17.120267669479,15.1234047289021
BWA,Botswana,1971,25.8211072044697,17.120267669479
BWA,Botswana,1972,26.3619409491731,25.8211072044697
BWA,Botswana,1973,21.3031840989689,26.3619409491731
BWA,Botswana,1974,8.79779521286324,21.3031840989689
BWA,Botswana,1975,8.44625037668546,8.79779521286324
BWA,Botswana,1976,10.647376709045,8.44625037668546
BWA,Botswana,1977,12.0120400942666,10.647376709045
BWA,Botswana,1978,14.3328015865318,12.0120400942666
BWA,Botswana,1979,12.148588922855,14.3328015865318
BWA,Botswana,1980,11.9869013821421,12.148588922855
BWA,Botswana,1981,9.06485746523946,11.9869013821421
BWA,Botswana,1982,12.1655318563009,9.06485746523946
BWA,Botswana,1983,13.1467290489757,12.1655318563009
BWA,Botswana,1984,8.5453836397444,13.1467290489757
BWA,Botswana,1985,7.12527126873714,8.5453836397444
BWA,Botswana,1986,8.17292433112134,7.12527126873714
BWA,Botswana,1987,11.8819281370865,8.17292433112134
BWA,Botswana,1988,19.4499695097307,11.8819281370865
BWA,Botswana,1989,13.0594058858571,19.4499695097307
BWA,Botswana,1990,6.77282195004784,13.0594058858571
BWA,Botswana,1991,7.45870921940397,6.77282195004784
BWA,Botswana,1992,2.91707018751026,7.45870921940397
BWA,Botswana,1993,1.9161070518754,2.91707018751026
BWA,Botswana,1994,3.62791615172975,1.9161070518754
BWA,Botswana,1995,7.03041024834083,3.62791615172975
BWA,Botswana,1996,5.82980001379714,7.03041024834083
BWA,Botswana,1997,8.32589088396591,5.82980001379714
BWA,Botswana,1998,0.443663586075374,8.32589088396591
BWA,Botswana,1999,9.66724070276106,0.443663586075374
BWA,Botswana,2000,1.98769583378552,9.66724070276106
BWA,Botswana,2001,0.250573949689084,1.98769583378552
BWA,Botswana,2002,6.06953087648317,0.250573949689084
BWA,Botswana,2003,4.62589474959299,6.06953087648317
BWA,Botswana,2004,2.70582170611173,4.62589474959299
BWA,Botswana,2005,4.55664565323181,2.70582170611173
BWA,Botswana,2006,8.36387109282306,4.55664565323181
BWA,Botswana,2007,5.79255577727118,8.36387109282306
BWA,Botswana,2008,3.25207295796832,5.79255577727118
BWA,Botswana,2009,-14.1442346163423,3.25207295796832
BWA,Botswana,2010,10.119723322694,-14.1442346163423
BWA,Botswana,2011,6.83841052493574,10.119723322694
BWA,Botswana,2012,-0.170857099335691,6.83841052493574
BWA,Botswana,2013,11.1029068737822,-0.170857099335691
BWA,Botswana,2014,5.69714422072884,11.1029068737822
BWA,Botswana,2015,-4.85132507409779,5.69714422072884
BWA,Botswana,2016,7.20442475914267,-4.85132507409779
BWA,Botswana,2017,4.11437856445083,7.20442475914267
BWA,Botswana,2018,4.18869237159223,4.11437856445083
BWA,Botswana,2019,3.0317733945467,4.18869237159223
BWA,Botswana,2020,-8.72888243996397,3.0317733945467
BWA,Botswana,2021,11.9162724376008,-8.72888243996397
BWA,Botswana,2022,5.48601706446772,11.9162724376008
BWA,Botswana,2023,3.20806812224438,5.48601706446772
BWA,Botswana,2024,-2.77988981666252,3.20806812224438
BWA,Botswana,2025,-0.733898323852287,-2.77988981666252
CAF,Central African Republic,1962,-3.71380018409685,4.95355379797229
CAF,Central African Republic,1963,-0.707010752236329,-3.71380018409685
CAF,Central African Republic,1964,2.08032459940857,-0.707010752236329
CAF,Central African Republic,1965,0.947578712256856,2.08032459940857
CAF,Central African Republic,1966,0.644783720237797,0.947578712256856
CAF,Central African Republic,1967,4.6766131089008,0.644783720237797
CAF,Central African Republic,1968,1.40411317693092,4.6766131089008
CAF,Central African Republic,1969,7.09154252763096,1.40411317693092
CAF,Central African Republic,1970,2.33288087679347,7.09154252763096
CAF,Central African Republic,1971,1.13020238405835,2.33288087679347
CAF,Central African Republic,1972,-0.000867174831114426,1.13020238405835
CAF,Central African Republic,1973,1.888939956294,-0.000867174831114426
CAF,Central African Republic,1974,6.33903361228316,1.888939956294
CAF,Central African Republic,1975,0.404987104042064,6.33903361228316
CAF,Central African Republic,1976,5.43251898691292,0.404987104042064
CAF,Central African Republic,1977,3.80623491408234,5.43251898691292
CAF,Central African Republic,1978,1.2092354194359,3.80623491408234
CAF,Central African Republic,1979,-2.46513778468636,1.2092354194359
CAF,Central African Republic,1980,-4.47863884794948,-2.46513778468636
CAF,Central African Republic,1981,-1.54446566470149,-4.47863884794948
CAF,Central African Republic,1982,7.71578363090393,-1.54446566470149
CAF,Central African Republic,1983,-8.12651359274568,7.71578363090393
CAF,Central African Republic,1984,9.48172665292533,-8.12651359274568
CAF,Central African Republic,1985,3.92721953798056,9.48172665292533
CAF,Central African Republic,1986,3.57797925430461,3.92721953798056
CAF,Central African Republic,1987,-4.93898788502545,3.57797925430461
CAF,Central African Republic,1988,1.71016528472386,-4.93898788502545
CAF,Central African Republic,1989,1.97727043451945,1.71016528472386
CAF,Central African Republic,1990,-2.14752806574087,1.97727043451945
CAF,Central African Republic,1991,-0.552543005101867,-2.14752806574087
CAF,Central African Republic,1992,-6.42407819946331,-0.552543005101867
CAF,Central African Republic,1993,0.335275684646064,-6.42407819946331
CAF,Central African Republic,1994,4.89994941000114,0.335275684646064
CAF,Central African Republic,1995,7.20004555751903,4.89994941000114
CAF,Central African Republic,1996,-4.00009296364789,7.20004555751903
CAF,Central African Republic,1997,5.29993601826074,-4.00009296364789
CAF,Central African Republic,1998,4.70014237879329,5.29993601826074
CAF,Central African Republic,1999,3.59997490432274,4.70014237879329
CAF,Central African Republic,2000,-2.48943244028874,3.59997490432274
CAF,Central African Republic,2001,4.46473902640867,-2.48943244028874
CAF,Central African Republic,2002,3.61654219150596,4.46473902640867
CAF,Central African Republic,2003,-5.39748521855877,3.61654219150596
CAF,Central African Republic,2004,5.99488422798696,-5.39748521855877
CAF,Central African Republic,2005,0.908210514871953,5.99488422798696
CAF,Central African Republic,2006,4.77108543044105,0.908210514871953
CAF,Central African Republic,2007,4.60753485452025,4.77108543044105
CAF,Central African Republic,2008,2.05413096200485,4.60753485452025
CAF,Central African Republic,2009,8.58726042640994,2.05413096200485
CAF,Central African Republic,2010,4.63081843223307,8.58726042640994
CAF,Central African Republic,2011,4.19461533741989,4.63081843223307
CAF,Central African Republic,2012,5.05376125356918,4.19461533741989
CAF,Central African Republic,2013,-36.3919770983887,5.05376125356918
CAF,Central African Republic,2014,0.0810705153264877,-36.3919770983887
CAF,Central African Republic,2015,4.33712103020231,0.0810705153264877
CAF,Central African Republic,2016,4.75031684122342,4.33712103020231
CAF,Central African Republic,2017,4.52727821346231,4.75031684122342
CAF,Central African Republic,2018,3.78944359275462,4.52727821346231
CAF,Central African Republic,2019,3.09999999999999,3.78944359275462
CAF,Central African Republic,2020,0.899999996857062,3.09999999999999
CAF,Central African Republic,2021,0.982919996264229,0.899999996857062
CAF,Central African Republic,2022,0.453901876447787,0.982919996264229
CAF,Central African Republic,2023,0.69996840076054,0.453901876447787
CAF,Central African Republic,2024,1.49999999847535,0.69996840076054
CAF,Central African Republic,2025,4.49950000393781,1.49999999847535
CAN,Canada,1962,7.42783725181209,3.16329173248933
CAN,Canada,1963,5.29744007975117,7.42783725181209
CAN,Canada,1964,6.65599998250741,5.29744007975117
CAN,Canada,1965,6.31719994750095,6.65599998250741
CAN,Canada,1966,6.75969011323785,6.31719994750095
CAN,Canada,1967,3.06542075476872,6.75969011323785
CAN,Canada,1968,5.00827413057785,3.06542075476872
CAN,Canada,1969,5.06703238381456,5.00827413057785
CAN,Canada,1970,2.91871305007516,5.06703238381456
CAN,Canada,1971,4.01884505535331,2.91871305007516
CAN,Canada,1972,5.51966992842571,4.01884505535331
CAN,Canada,1973,6.72864152445543,5.51966992842571
CAN,Canada,1974,3.35777594002199,6.72864152445543
CAN,Canada,1975,1.5454033371204,3.35777594002199
CAN,Canada,1976,5.88927591475903,1.5454033371204
CAN,Canada,1977,3.53482658557137,5.88927591475903
CAN,Canada,1978,3.73597640512338,3.53482658557137
CAN,Canada,1979,3.72519945403704,3.73597640512338
CAN,Canada,1980,2.17719922747995,3.72519945403704
CAN,Canada,1981,3.41506517464589,2.17719922747995
CAN,Canada,1982,-3.16615029457148,3.41506517464589
CAN,Canada,1983,2.56225365883793,-3.16615029457148
CAN,Canada,1984,5.89856946503677,2.56225365883793
CAN,Canada,1985,4.73768071614444,5.89856946503677
CAN,Canada,1986,2.12148088392294,4.73768071614444
CAN,Canada,1987,4.07201567327779,2.12148088392294
CAN,Canada,1988,4.41083906453277,4.07201567327779
CAN,Canada,1989,2.33732982035617,4.41083906453277
CAN,Canada,1990,0.202947848289654,2.33732982035617
CAN,Canada,1991,-2.09105516498515,0.202947848289654
CAN,Canada,1992,0.890466243956382,-2.09105516498515
CAN,Canada,1993,2.65770683842972,0.890466243956382
CAN,Canada,1994,4.49404933882288,2.65770683842972
CAN,Canada,1995,2.68232826962129,4.49404933882288
CAN,Canada,1996,1.68896122145787,2.68232826962129
CAN,Canada,1997,4.28016680422402,1.68896122145787
CAN,Canada,1998,3.89288658501088,4.28016680422402
CAN,Canada,1999,5.14100348449622,3.89288658501088
CAN,Canada,2000,5.13853918994158,5.14100348449622
CAN,Canada,2001,1.87509813099847,5.13853918994158
CAN,Canada,2002,2.99925533832644,1.87509813099847
CAN,Canada,2003,1.8063851195103,2.99925533832644
CAN,Canada,2004,3.09236381038156,1.8063851195103
CAN,Canada,2005,3.21045441502793,3.09236381038156
CAN,Canada,2006,2.63794375302722,3.21045441502793
CAN,Canada,2007,2.04990459443619,2.63794375302722
CAN,Canada,2008,0.995406371264522,2.04990459443619
CAN,Canada,2009,-2.91508627059555,0.995406371264522
CAN,Canada,2010,3.09080633744851,-2.91508627059555
CAN,Canada,2011,3.1371944343876,3.09080633744851
CAN,Canada,2012,1.75566133205234,3.1371944343876
CAN,Canada,2013,2.32581356612762,1.75566133205234
CAN,Canada,2014,2.87346675579731,2.32581356612762
CAN,Canada,2015,0.64997101491096,2.87346675579731
CAN,Canada,2016,1.03855091989323,0.64997101491096
CAN,Canada,2017,3.03383491841392,1.03855091989323
CAN,Canada,2018,2.74296341402246,3.03383491841392
CAN,Canada,2019,1.90843193887251,2.74296341402246
CAN,Canada,2020,-5.03823342794087,1.90843193887251
CAN,Canada,2021,5.95052804984759,-5.03823342794087
CAN,Canada,2022,4.69541985045903,5.95052804984759
CAN,Canada,2023,1.95308552199025,4.69541985045903
CAN,Canada,2024,2.04626605401701,1.95308552199025
CAN,Canada,2025,1.74268536175708,2.04626605401701
CEB,Central Europe and the Baltics,1992,-4.93535817123706,-10.8722546446007
CEB,Central Europe and the Baltics,1993,0.20890200976153,-4.93535817123706
CEB,Central Europe and the Baltics,1994,3.68848337311054,0.20890200976153
CEB,Central Europe and the Baltics,1995,5.71173594965362,3.68848337311054
CEB,Central Europe and the Baltics,1996,4.4861798840989,5.71173594965362
CEB,Central Europe and the Baltics,1997,2.23516059461093,4.4861798840989
CEB,Central Europe and the Baltics,1998,2.6337710699065,2.23516059461093
CEB,Central Europe and the Baltics,1999,1.90105290427461,2.6337710699065
CEB,Central Europe and the Baltics,2000,3.94617050688508,1.90105290427461
CEB,Central Europe and the Baltics,2001,3.0053964950888,3.94617050688508
CEB,Central Europe and the Baltics,2002,3.54235272119556,3.0053964950888
CEB,Central Europe and the Baltics,2003,3.9968763320081,3.54235272119556
CEB,Central Europe and the Baltics,2004,5.87405028858834,3.9968763320081
CEB,Central Europe and the Baltics,2005,4.90989973946046,5.87405028858834
CEB,Central Europe and the Baltics,2006,6.6405738972018,4.90989973946046
CEB,Central Europe and the Baltics,2007,6.33884003829688,6.6405738972018
CEB,Central Europe and the Baltics,2008,3.96223002088354,6.33884003829688
CEB,Central Europe and the Baltics,2009,-3.62223808148092,3.96223002088354
CEB,Central Europe and the Baltics,2010,1.53847163388305,-3.62223808148092
CEB,Central Europe and the Baltics,2011,3.60057081921423,1.53847163388305
CEB,Central Europe and the Baltics,2012,0.837973326874717,3.60057081921423
CEB,Central Europe and the Baltics,2013,0.667909229803371,0.837973326874717
CEB,Central Europe and the Baltics,2014,3.26192805394494,0.667909229803371
CEB,Central Europe and the Baltics,2015,4.0016836383322,3.26192805394494
CEB,Central Europe and the Baltics,2016,2.80724942330426,4.0016836383322
CEB,Central Europe and the Baltics,2017,5.10713071566526,2.80724942330426
CEB,Central Europe and the Baltics,2018,4.95337220818838,5.10713071566526
CEB,Central Europe and the Baltics,2019,4.03232614160713,4.95337220818838
CEB,Central Europe and the Baltics,2020,-3.30110758026468,4.03232614160713
CEB,Central Europe and the Baltics,2021,6.57271679525719,-3.30110758026468
CEB,Central Europe and the Baltics,2022,4.03989151407053,6.57271679525719
CEB,Central Europe and the Baltics,2023,0.720328299990356,4.03989151407053
CEB,Central Europe and the Baltics,2024,2.09534007010555,0.720328299990356
CEB,Central Europe and the Baltics,2025,2.36701156809835,2.09534007010555
CHE,Switzerland,1962,4.25904731066512,5.68129275501126
CHE,Switzerland,1963,5.3279337607149,4.25904731066512
CHE,Switzerland,1964,6.82116455221615,5.3279337607149
CHE,Switzerland,1965,3.8215074888714,6.82116455221615
CHE,Switzerland,1966,2.09084417658971,3.8215074888714
CHE,Switzerland,1967,3.36538853101615,2.09084417658971
CHE,Switzerland,1968,3.63850584213618,3.36538853101615
CHE,Switzerland,1969,5.00907522318819,3.63850584213618
CHE,Switzerland,1970,6.47367386674536,5.00907522318819
CHE,Switzerland,1971,0.944646267325481,6.47367386674536
CHE,Switzerland,1972,2.28873880124212,0.944646267325481
CHE,Switzerland,1973,3.96798105498392,2.28873880124212
CHE,Switzerland,1974,3.19819566983648,3.96798105498392
CHE,Switzerland,1975,2.55286257007239,3.19819566983648
CHE,Switzerland,1976,1.05810474369396,2.55286257007239
CHE,Switzerland,1977,-1.59625851921649,1.05810474369396
CHE,Switzerland,1978,1.75154796226502,-1.59625851921649
CHE,Switzerland,1979,3.84000338120771,1.75154796226502
CHE,Switzerland,1980,1.69997141281395,3.84000338120771
CHE,Switzerland,1981,0.454830406055848,1.69997141281395
CHE,Switzerland,1982,1.24866463987856,0.454830406055848
CHE,Switzerland,1983,1.90063878642042,1.24866463987856
CHE,Switzerland,1984,4.22953538456656,1.90063878642042
CHE,Switzerland,1985,2.16037367780808,4.22953538456656
CHE,Switzerland,1986,2.69132308579346,2.16037367780808
CHE,Switzerland,1987,3.35384287267485,2.69132308579346
CHE,Switzerland,1988,2.55903865202789,3.35384287267485
CHE,Switzerland,1989,2.65480684650132,2.55903865202789
CHE,Switzerland,1990,0.754674850871268,2.65480684650132
CHE,Switzerland,1991,-1.14597481735849,0.754674850871268
CHE,Switzerland,1992,-1.15859267203984,-1.14597481735849
CHE,Switzerland,1993,-2.06561631523785,-1.15859267203984
CHE,Switzerland,1994,4.01576592867781,-2.06561631523785
CHE,Switzerland,1995,4.09438994746239,4.01576592867781
CHE,Switzerland,1996,0.560166924751584,4.09438994746239
CHE,Switzerland,1997,2.09761680316545,0.560166924751584
CHE,Switzerland,1998,2.77611373648112,2.09761680316545
CHE,Switzerland,1999,1.68007571116809,2.77611373648112
CHE,Switzerland,2000,3.63321673470911,1.68007571116809
CHE,Switzerland,2001,1.59219781357001,3.63321673470911
CHE,Switzerland,2002,0.380410134195273,1.59219781357001
CHE,Switzerland,2003,-0.284222357857615,0.380410134195273
CHE,Switzerland,2004,2.58692895529093,-0.284222357857615
CHE,Switzerland,2005,2.95208487460334,2.58692895529093
CHE,Switzerland,2006,4.13432251467916,2.95208487460334
CHE,Switzerland,2007,3.98319384807056,4.13432251467916
CHE,Switzerland,2008,2.53159615417233,3.98319384807056
CHE,Switzerland,2009,-1.93490944903913,2.53159615417233
CHE,Switzerland,2010,3.26063082122047,-1.93490944903913
CHE,Switzerland,2011,1.40766067483813,3.26063082122047
CHE,Switzerland,2012,1.12413575027705,1.40766067483813
CHE,Switzerland,2013,1.83612392927999,1.12413575027705
CHE,Switzerland,2014,2.54342347675991,1.83612392927999
CHE,Switzerland,2015,1.45450336491099,2.54342347675991
CHE,Switzerland,2016,1.91159094214852,1.45450336491099
CHE,Switzerland,2017,1.42034612231261,1.91159094214852
CHE,Switzerland,2018,3.32743256101493,1.42034612231261
CHE,Switzerland,2019,1.11532187197474,3.32743256101493
CHE,Switzerland,2020,-2.2552579425106,1.11532187197474
CHE,Switzerland,2021,6.17622836050151,-2.2552579425106
CHE,Switzerland,2022,3.53430286842426,6.17622836050151
CHE,Switzerland,2023,0.825560934124624,3.53430286842426
CHE,Switzerland,2024,1.39033363875791,0.825560934124624
CHE,Switzerland,2025,1.30007790958307,1.39033363875791
CHL,Chile,1962,3.93078479110629,5.51961070344885
CHL,Chile,1963,5.68667190016438,3.93078479110629
CHL,Chile,1964,2.46113427734542,5.68667190016438
CHL,Chile,1965,0.670838636062939,2.46113427734542
CHL,Chile,1966,11.4634218589357,0.670838636062939
CHL,Chile,1967,3.58811073177469,11.4634218589357
CHL,Chile,1968,3.57371701447551,3.58811073177469
CHL,Chile,1969,4.10317976748962,3.57371701447551
CHL,Chile,1970,1.69447257971353,4.10317976748962
CHL,Chile,1971,9.57107393842624,1.69447257971353
CHL,Chile,1972,-0.712365918422577,9.57107393842624
CHL,Chile,1973,-5.03775611682208,-0.712365918422577
CHL,Chile,1974,1.2495800122858,-5.03775611682208
CHL,Chile,1975,-12.2737621533613,1.2495800122858
CHL,Chile,1976,3.60469484521828,-12.2737621533613
CHL,Chile,1977,11.1491944807539,3.60469484521828
CHL,Chile,1978,8.02682491365691,11.1491944807539
CHL,Chile,1979,8.43582175738598,8.02682491365691
CHL,Chile,1980,8.17228334347537,8.43582175738598
CHL,Chile,1981,6.71863895635887,8.17228334347537
CHL,Chile,1982,-11.5020620535762,6.71863895635887
CHL,Chile,1983,-4.9352297090374,-11.5020620535762
CHL,Chile,1984,3.98371018713553,-4.9352297090374
CHL,Chile,1985,3.55239860775048,3.98371018713553
CHL,Chile,1986,5.40556438635799,3.55239860775048
CHL,Chile,1987,6.73884253090458,5.40556438635799
CHL,Chile,1988,7.35081069623416,6.73884253090458
CHL,Chile,1989,10.3583568690228,7.35081069623416
CHL,Chile,1990,3.59872304691744,10.3583568690228
CHL,Chile,1991,7.75620189312957,3.59872304691744
CHL,Chile,1992,11.5019314370192,7.75620189312957
CHL,Chile,1993,6.6855844008042,11.5019314370192
CHL,Chile,1994,5.07680374667352,6.6855844008042
CHL,Chile,1995,9.25542757753573,5.07680374667352
CHL,Chile,1996,7.1148626270751,9.25542757753573
CHL,Chile,1997,7.3917392684331,7.1148626270751
CHL,Chile,1998,4.18088662700669,7.3917392684331
CHL,Chile,1999,-0.2736313981937,4.18088662700669
CHL,Chile,2000,4.9716214882971,-0.2736313981937
CHL,Chile,2001,3.15403492459967,4.9716214882971
CHL,Chile,2002,3.20279913520113,3.15403492459967
CHL,Chile,2003,4.72324526861041,3.20279913520113
CHL,Chile,2004,6.67425416822923,4.72324526861041
CHL,Chile,2005,5.83704571917758,6.67425416822923
CHL,Chile,2006,6.04999082563968,5.83704571917758
CHL,Chile,2007,5.16823098528431,6.04999082563968
CHL,Chile,2008,3.78939280635238,5.16823098528431
CHL,Chile,2009,-1.11803723642878,3.78939280635238
CHL,Chile,2010,5.85165102224047,-1.11803723642878
CHL,Chile,2011,6.22389678509138,5.85165102224047
CHL,Chile,2012,6.15534001855494,6.22389678509138
CHL,Chile,2013,3.30850824710085,6.15534001855494
CHL,Chile,2014,1.79264947139259,3.30850824710085
CHL,Chile,2015,2.15194249981184,1.79264947139259
CHL,Chile,2016,1.753038749071,2.15194249981184
CHL,Chile,2017,1.35769537343957,1.753038749071
CHL,Chile,2018,3.99002947789977,1.35769537343957
CHL,Chile,2019,0.644223402631923,3.99002947789977
CHL,Chile,2020,-6.1396969411886,0.644223402631923
CHL,Chile,2021,11.3374032409913,-6.1396969411886
CHL,Chile,2022,2.06391864254198,11.3374032409913
CHL,Chile,2023,0.677024831595858,2.06391864254198
CHL,Chile,2024,2.80512637106611,0.677024831595858
CHL,Chile,2025,2.45925474781374,2.80512637106611
CHN,China,1962,-5.57999999019671,-27.2700000038883
CHN,China,1963,10.2999999963989,-5.57999999019671
CHN,China,1964,18.1799999938203,10.2999999963989
CHN,China,1965,16.9500000038699,18.1799999938203
CHN,China,1966,10.6499999984174,16.9500000038699
CHN,China,1967,-5.77000000405148,10.6499999984174
CHN,China,1968,-4.09999998647768,-5.77000000405148
CHN,China,1969,16.9399999960609,-4.09999998647768
CHN,China,1970,19.2999999967022,16.9399999960609
CHN,China,1971,7.05999999853672,19.2999999967022
CHN,China,1972,3.81000000021984,7.05999999853672
CHN,China,1973,7.76000000084325,3.81000000021984
CHN,China,1974,2.31000000294736,7.76000000084325
CHN,China,1975,8.71999999747992,2.31000000294736
CHN,China,1976,-1.57000000165326,8.71999999747992
CHN,China,1977,7.57000000138403,-1.57000000165326
CHN,China,1978,11.3269542129809,7.57000000138403
CHN,China,1979,7.59480175999998,11.3269542129809
CHN,China,1980,7.84141706847441,7.59480175999998
CHN,China,1981,5.11486309071954,7.84141706847441
CHN,China,1982,9.02434347373044,5.11486309071954
CHN,China,1983,10.7718383060041,9.02434347373044
CHN,China,1984,15.1921349118079,10.7718383060041
CHN,China,1985,13.4284820016509,15.1921349118079
CHN,China,1986,8.9437463904392,13.4284820016509
CHN,China,1987,11.6552658383921,8.9437463904392
CHN,China,1988,11.2209115803492,11.6552658383921
CHN,China,1989,4.20785693658392,11.2209115803492
CHN,China,1990,3.9225195692421,4.20785693658392
CHN,China,1991,9.37563237902144,3.9225195692421
CHN,China,1992,14.2976226152779,9.37563237902144
CHN,China,1993,13.9261028311995,14.2976226152779
CHN,China,1994,13.0827122987906,13.9261028311995
CHN,China,1995,11.0154136659719,13.0827122987906
CHN,China,1996,9.97328781228394,11.0154136659719
CHN,China,1997,9.29759460595947,9.97328781228394
CHN,China,1998,7.92354535108497,9.29759460595947
CHN,China,1999,7.74123827728161,7.92354535108497
CHN,China,2000,8.57357328926101,7.74123827728161
CHN,China,2001,8.32404695347056,8.57357328926101
CHN,China,2002,9.23604870383861,8.32404695347056
CHN,China,2003,10.1138119025242,9.23604870383861
CHN,China,2004,10.1404291872206,10.1138119025242
CHN,China,2005,11.4535130030645,10.1404291872206
CHN,China,2006,12.6752842281595,11.4535130030645
CHN,China,2007,14.1507710506103,12.6752842281595
CHN,China,2008,9.66877608164454,14.1507710506103
CHN,China,2009,9.40610014336416,9.66877608164454
CHN,China,2010,10.5916903885704,9.40610014336416
CHN,China,2011,9.46205248298186,10.5916903885704
CHN,China,2012,7.8578201481217,9.46205248298186
CHN,China,2013,7.77842954757257,7.8578201481217
CHN,China,2014,7.46100735778161,7.77842954757257
CHN,China,2015,6.98162255562367,7.46100735778161
CHN,China,2016,6.7736886867727,6.98162255562367
CHN,China,2017,6.89123916636191,6.7736886867727
CHN,China,2018,6.757806142324,6.89123916636191
CHN,China,2019,6.06737806333672,6.757806142324
CHN,China,2020,2.33950385203023,6.06737806333672
CHN,China,2021,8.57038414981781,2.33950385203023
CHN,China,2022,3.13385438394069,8.57038414981781
CHN,China,2023,5.41600334492955,3.13385438394069
CHN,China,2024,4.95830378788091,5.41600334492955
CHN,China,2025,4.95994886240992,4.95830378788091
CIV,Cote d'Ivoire,1962,1.22699449007209,9.93255515611813
CIV,Cote d'Ivoire,1963,14.490355865667,1.22699449007209
CIV,Cote d'Ivoire,1964,17.6130878299454,14.490355865667
CIV,Cote d'Ivoire,1965,-3.10965427332918,17.6130878299454
CIV,Cote d'Ivoire,1966,11.5773596880237,-3.10965427332918
CIV,Cote d'Ivoire,1967,4.59815178505383,11.5773596880237
CIV,Cote d'Ivoire,1968,12.5482486395257,4.59815178505383
CIV,Cote d'Ivoire,1969,9.53921877056503,12.5482486395257
CIV,Cote d'Ivoire,1970,10.3750318437426,9.53921877056503
CIV,Cote d'Ivoire,1971,9.45663766175453,10.3750318437426
CIV,Cote d'Ivoire,1972,4.23662501175109,9.45663766175453
CIV,Cote d'Ivoire,1973,5.93919753616822,4.23662501175109
CIV,Cote d'Ivoire,1974,4.3273808575466,5.93919753616822
CIV,Cote d'Ivoire,1975,8.25288636734977,4.3273808575466
CIV,Cote d'Ivoire,1976,12.9163974375478,8.25288636734977
CIV,Cote d'Ivoire,1977,7.31445915354267,12.9163974375478
CIV,Cote d'Ivoire,1978,10.9094536523705,7.31445915354267
CIV,Cote d'Ivoire,1979,2.39440746193296,10.9094536523705
CIV,Cote d'Ivoire,1980,-10.9576972637217,2.39440746193296
CIV,Cote d'Ivoire,1981,3.50049890850418,-10.9576972637217
CIV,Cote d'Ivoire,1982,0.200822346671046,3.50049890850418
CIV,Cote d'Ivoire,1983,-3.90024044138104,0.200822346671046
CIV,Cote d'Ivoire,1984,-2.70126143487833,-3.90024044138104
CIV,Cote d'Ivoire,1985,4.50122318068745,-2.70126143487833
CIV,Cote d'Ivoire,1986,3.25934876606091,4.50122318068745
CIV,Cote d'Ivoire,1987,-0.348972913938866,3.25934876606091
CIV,Cote d'Ivoire,1988,1.13648396562287,-0.348972913938866
CIV,Cote d'Ivoire,1989,2.94800494335441,1.13648396562287
CIV,Cote d'Ivoire,1990,-1.09590841238308,2.94800494335441
CIV,Cote d'Ivoire,1991,0.0409251717252914,-1.09590841238308
CIV,Cote d'Ivoire,1992,-0.244560610691636,0.0409251717252914
CIV,Cote d'Ivoire,1993,-0.192485098607804,-0.244560610691636
CIV,Cote d'Ivoire,1994,0.811206679935481,-0.192485098607804
CIV,Cote d'Ivoire,1995,7.12574472834217,0.811206679935481
CIV,Cote d'Ivoire,1996,7.72932741916973,7.12574472834217
CIV,Cote d'Ivoire,1997,9.6488400474633,7.72932741916973
CIV,Cote d'Ivoire,1998,4.26390594437231,9.6488400474633
CIV,Cote d'Ivoire,1999,1.16685998202273,4.26390594437231
CIV,Cote d'Ivoire,2000,-0.265789462275947,1.16685998202273
CIV,Cote d'Ivoire,2001,-2.15401249077306,-0.265789462275947
CIV,Cote d'Ivoire,2002,-2.73052647441901,-2.15401249077306
CIV,Cote d'Ivoire,2003,-4.72586658630681,-2.73052647441901
CIV,Cote d'Ivoire,2004,3.18503822575397,-4.72586658630681
CIV,Cote d'Ivoire,2005,0.996065564854788,3.18503822575397
CIV,Cote d'Ivoire,2006,2.81557859252327,0.996065564854788
CIV,Cote d'Ivoire,2007,1.10142976793477,2.81557859252327
CIV,Cote d'Ivoire,2008,4.7826659787672,1.10142976793477
CIV,Cote d'Ivoire,2009,3.60332156667053,4.7826659787672
CIV,Cote d'Ivoire,2010,6.84804939907013,3.60332156667053
CIV,Cote d'Ivoire,2011,-5.37044724000579,6.84804939907013
CIV,Cote d'Ivoire,2012,7.62041176451649,-5.37044724000579
CIV,Cote d'Ivoire,2013,10.7602131311256,7.62041176451649
CIV,Cote d'Ivoire,2014,9.37199994240375,10.7602131311256
CIV,Cote d'Ivoire,2015,7.19494942728191,9.37199994240375
CIV,Cote d'Ivoire,2016,7.17275963956332,7.19494942728191
CIV,Cote d'Ivoire,2017,7.41076242592504,7.17275963956332
CIV,Cote d'Ivoire,2018,4.84314605889178,7.41076242592504
CIV,Cote d'Ivoire,2019,6.72137167584978,4.84314605889178
CIV,Cote d'Ivoire,2020,0.699728593494228,6.72137167584978
CIV,Cote d'Ivoire,2021,7.06253713446816,0.699728593494228
CIV,Cote d'Ivoire,2022,6.39988362730921,7.06253713446816
CIV,Cote d'Ivoire,2023,6.60000045209176,6.39988362730921
CIV,Cote d'Ivoire,2024,6.0195346193922,6.60000045209176
CIV,Cote d'Ivoire,2025,6.4999999999999,6.0195346193922
CMR,Cameroon,1962,3.04155905079301,1.18368081101198
CMR,Cameroon,1963,3.74255032074073,3.04155905079301
CMR,Cameroon,1964,3.54715969490351,3.74255032074073
CMR,Cameroon,1965,2.0260537150391,3.54715969490351
CMR,Cameroon,1966,4.61495561904862,2.0260537150391
CMR,Cameroon,1967,-10.9120655887773,4.61495561904862
CMR,Cameroon,1968,6.34632385376702,-10.9120655887773
CMR,Cameroon,1969,4.90147952428066,6.34632385376702
CMR,Cameroon,1970,3.09206823386914,4.90147952428066
CMR,Cameroon,1971,3.47970781665525,3.09206823386914
CMR,Cameroon,1972,2.67384329318293,3.47970781665525
CMR,Cameroon,1973,5.35568077910243,2.67384329318293
CMR,Cameroon,1974,10.7342622580316,5.35568077910243
CMR,Cameroon,1975,11.2450587758471,10.7342622580316
CMR,Cameroon,1976,-5.49513839744186,11.2450587758471
CMR,Cameroon,1977,13.7398715230551,-5.49513839744186
CMR,Cameroon,1978,22.0030049229664,13.7398715230551
CMR,Cameroon,1979,6.03511877346806,22.0030049229664
CMR,Cameroon,1980,-1.9652916680455,6.03511877346806
CMR,Cameroon,1981,17.0826822487652,-1.9652916680455
CMR,Cameroon,1982,7.51620260513882,17.0826822487652
CMR,Cameroon,1983,6.86683056547592,7.51620260513882
CMR,Cameroon,1984,7.47457254362303,6.86683056547592
CMR,Cameroon,1985,8.06316167125891,7.47457254362303
CMR,Cameroon,1986,6.77166308397663,8.06316167125891
CMR,Cameroon,1987,-2.14665021536007,6.77166308397663
CMR,Cameroon,1988,-7.82363197491021,-2.14665021536007
CMR,Cameroon,1989,-1.81912051186825,-7.82363197491021
CMR,Cameroon,1990,-6.10569764600656,-1.81912051186825
CMR,Cameroon,1991,-3.80859937279318,-6.10569764600656
CMR,Cameroon,1992,-3.10000321081914,-3.80859937279318
CMR,Cameroon,1993,-7.93206657447536,-3.10000321081914
CMR,Cameroon,1994,1.87680922580404,-7.93206657447536
CMR,Cameroon,1995,2.89400137739698,1.87680922580404
CMR,Cameroon,1996,4.21507214953058,2.89400137739698
CMR,Cameroon,1997,4.52731376625037,4.21507214953058
CMR,Cameroon,1998,4.72553484802563,4.52731376625037
CMR,Cameroon,1999,4.51130422140731,4.72553484802563
CMR,Cameroon,2000,3.83241779430614,4.51130422140731
CMR,Cameroon,2001,4.32426119221549,3.83241779430614
CMR,Cameroon,2002,4.47702683369155,4.32426119221549
CMR,Cameroon,2003,5.45315368881347,4.47702683369155
CMR,Cameroon,2004,7.04886281858374,5.45315368881347
CMR,Cameroon,2005,2.22827020924117,7.04886281858374
CMR,Cameroon,2006,3.80958327566137,2.22827020924117
CMR,Cameroon,2007,4.32758900972871,3.80958327566137
CMR,Cameroon,2008,2.8476778892105,4.32758900972871
CMR,Cameroon,2009,2.57925177738754,2.8476778892105
CMR,Cameroon,2010,2.89902472122014,2.57925177738754
CMR,Cameroon,2011,3.37921128506045,2.89902472122014
CMR,Cameroon,2012,4.62597872209571,3.37921128506045
CMR,Cameroon,2013,4.99552916130783,4.62597872209571
CMR,Cameroon,2014,5.71981814509198,4.99552916130783
CMR,Cameroon,2015,5.66695298703932,5.71981814509198
CMR,Cameroon,2016,4.53579423678801,5.66695298703932
CMR,Cameroon,2017,3.54117654926007,4.53579423678801
CMR,Cameroon,2018,3.95551423892049,3.54117654926007
CMR,Cameroon,2019,3.47505998194981,3.95551423892049
CMR,Cameroon,2020,0.259932915907115,3.47505998194981
CMR,Cameroon,2021,3.33885747179505,0.259932915907115
CMR,Cameroon,2022,3.7367840056412,3.33885747179505
CMR,Cameroon,2023,3.34756290750219,3.7367840056412
CMR,Cameroon,2024,3.52472308052245,3.34756290750219
CMR,Cameroon,2025,3.20000015616144,3.52472308052245
COD,"Congo, Dem. Rep.",1962,21.2006975148134,-10.8513760836338
COD,"Congo, Dem. Rep.",1963,5.2139901343489,21.2006975148134
COD,"Congo, Dem. Rep.",1964,-2.44022356449143,5.2139901343489
COD,"Congo, Dem. Rep.",1965,0.997348793527394,-2.44022356449143
COD,"Congo, Dem. Rep.",1966,6.77548530172196,0.997348793527394
COD,"Congo, Dem. Rep.",1967,-0.985738661488043,6.77548530172196
COD,"Congo, Dem. Rep.",1968,4.33269846401923,-0.985738661488043
COD,"Congo, Dem. Rep.",1969,9.32883743855484,4.33269846401923
COD,"Congo, Dem. Rep.",1970,-0.245056575086338,9.32883743855484
COD,"Congo, Dem. Rep.",1971,6.00501806737552,-0.245056575086338
COD,"Congo, Dem. Rep.",1972,0.151135513789086,6.00501806737552
COD,"Congo, Dem. Rep.",1973,8.13727588740186,0.151135513789086
COD,"Congo, Dem. Rep.",1974,3.13058587923626,8.13727588740186
COD,"Congo, Dem. Rep.",1975,-4.98163100525392,3.13058587923626
COD,"Congo, Dem. Rep.",1976,-5.3090020809714,-4.98163100525392
COD,"Congo, Dem. Rep.",1977,0.760793601550787,-5.3090020809714
COD,"Congo, Dem. Rep.",1978,-5.34529152756241,0.760793601550787
COD,"Congo, Dem. Rep.",1979,0.430088262092724,-5.34529152756241
COD,"Congo, Dem. Rep.",1980,2.19491292367724,0.430088262092724
COD,"Congo, Dem. Rep.",1981,2.35052407486099,2.19491292367724
COD,"Congo, Dem. Rep.",1982,-0.457677608961589,2.35052407486099
COD,"Congo, Dem. Rep.",1983,1.411703688263,-0.457677608961589
COD,"Congo, Dem. Rep.",1984,5.54107402196998,1.411703688263
COD,"Congo, Dem. Rep.",1985,0.46785095094603,5.54107402196998
COD,"Congo, Dem. Rep.",1986,4.71720965340853,0.46785095094603
COD,"Congo, Dem. Rep.",1987,2.67564245126937,4.71720965340853
COD,"Congo, Dem. Rep.",1988,0.470381336748687,2.67564245126937
COD,"Congo, Dem. Rep.",1989,-1.26605063560959,0.470381336748687
COD,"Congo, Dem. Rep.",1990,-6.56831069464245,-1.26605063560959
COD,"Congo, Dem. Rep.",1991,-8.42105149945634,-6.56831069464245
COD,"Congo, Dem. Rep.",1992,-10.5000085643684,-8.42105149945634
COD,"Congo, Dem. Rep.",1993,-13.4690505375185,-10.5000085643684
COD,"Congo, Dem. Rep.",1994,-3.89999680329032,-13.4690505375185
COD,"Congo, Dem. Rep.",1995,0.699998829765505,-3.89999680329032
COD,"Congo, Dem. Rep.",1996,-1.02317264257401,0.699998829765505
COD,"Congo, Dem. Rep.",1997,-5.61704659890269,-1.02317264257401
COD,"Congo, Dem. Rep.",1998,-1.62415404433756,-5.61704659890269
COD,"Congo, Dem. Rep.",1999,-4.27014083054951,-1.62415404433756
COD,"Congo, Dem. Rep.",2000,-6.91092731714194,-4.27014083054951
COD,"Congo, Dem. Rep.",2001,-2.10017302429294,-6.91092731714194
COD,"Congo, Dem. Rep.",2002,2.94776518253177,-2.10017302429294
COD,"Congo, Dem. Rep.",2003,5.57782231227127,2.94776518253177
COD,"Congo, Dem. Rep.",2004,6.73837393320788,5.57782231227127
COD,"Congo, Dem. Rep.",2005,6.1351511550716,6.73837393320788
COD,"Congo, Dem. Rep.",2006,5.10894433184896,6.1351511550716
COD,"Congo, Dem. Rep.",2007,8.58332298445387,5.10894433184896
COD,"Congo, Dem. Rep.",2008,7.43333574200602,8.58332298445387
COD,"Congo, Dem. Rep.",2009,0.541570197421564,7.43333574200602
COD,"Congo, Dem. Rep.",2010,8.61867717510543,0.541570197421564
COD,"Congo, Dem. Rep.",2011,-0.403164081254445,8.61867717510543
COD,"Congo, Dem. Rep.",2012,8.66859360586926,-0.403164081254445
COD,"Congo, Dem. Rep.",2013,17.5159124688348,8.66859360586926
COD,"Congo, Dem. Rep.",2014,7.30227750870263,17.5159124688348
COD,"Congo, Dem. Rep.",2015,6.35973756164829,7.30227750870263
COD,"Congo, Dem. Rep.",2016,0.393832798154563,6.35973756164829
COD,"Congo, Dem. Rep.",2017,4.24121047272719,0.393832798154563
COD,"Congo, Dem. Rep.",2018,6.07168870646615,4.24121047272719
COD,"Congo, Dem. Rep.",2019,0.555384294580819,6.07168870646615
COD,"Congo, Dem. Rep.",2020,0.775427992354622,0.555384294580819
COD,"Congo, Dem. Rep.",2021,6.42961005647355,0.775427992354622
COD,"Congo, Dem. Rep.",2022,9.31116944064918,6.42961005647355
COD,"Congo, Dem. Rep.",2023,8.5334898318451,9.31116944064918
COD,"Congo, Dem. Rep.",2024,6.1025294442863,8.5334898318451
COD,"Congo, Dem. Rep.",2025,5.75924471639999,6.1025294442863
COG,"Congo, Rep.",1962,5.20230878797427,8.35072672427799
COG,"Congo, Rep.",1963,-4.02930039798804,5.20230878797427
COG,"Congo, Rep.",1964,3.81679626842326,-4.02930039798804
COG,"Congo, Rep.",1965,3.67646773649125,3.81679626842326
COG,"Congo, Rep.",1966,1.35898246232004,3.67646773649125
COG,"Congo, Rep.",1967,2.11627205671408,1.35898246232004
COG,"Congo, Rep.",1968,7.63132623875093,2.11627205671408
COG,"Congo, Rep.",1969,7.54852519466465,7.63132623875093
COG,"Congo, Rep.",1970,6.35847018696658,7.54852519466465
COG,"Congo, Rep.",1971,7.75303585308524,6.35847018696658
COG,"Congo, Rep.",1972,8.61755084484118,7.75303585308524
COG,"Congo, Rep.",1973,8.231188946413,8.61755084484118
COG,"Congo, Rep.",1974,7.88552081113494,8.231188946413
COG,"Congo, Rep.",1975,7.73159683364941,7.88552081113494
COG,"Congo, Rep.",1976,0.916286751103684,7.73159683364941
COG,"Congo, Rep.",1977,-8.95342798038182,0.916286751103684
COG,"Congo, Rep.",1978,6.3597470112115,-8.95342798038182
COG,"Congo, Rep.",1979,9.81322473809402,6.3597470112115
COG,"Congo, Rep.",1980,17.6366054827611,9.81322473809402
COG,"Congo, Rep.",1981,17.6197224701567,17.6366054827611
COG,"Congo, Rep.",1982,23.5976999601492,17.6197224701567
COG,"Congo, Rep.",1983,5.85396283993704,23.5976999601492
COG,"Congo, Rep.",1984,6.9761310544814,5.85396283993704
COG,"Congo, Rep.",1985,-1.18566085432533,6.9761310544814
COG,"Congo, Rep.",1986,-6.86152643665193,-1.18566085432533
COG,"Congo, Rep.",1987,0.189376640368906,-6.86152643665193
COG,"Congo, Rep.",1988,1.76626342847234,0.189376640368906
COG,"Congo, Rep.",1989,2.59987651814491,1.76626342847234
COG,"Congo, Rep.",1990,1.00000356627487,2.59987651814491
COG,"Congo, Rep.",1991,2.39536745255616,1.00000356627487
COG,"Congo, Rep.",1992,2.61194805533871,2.39536745255616
COG,"Congo, Rep.",1993,-0.979683208744774,2.61194805533871
COG,"Congo, Rep.",1994,-5.49307574541402,-0.979683208744774
COG,"Congo, Rep.",1995,3.9853243781107,-5.49307574541402
COG,"Congo, Rep.",1996,4.29048155870402,3.9853243781107
COG,"Congo, Rep.",1997,-0.624812152260716,4.29048155870402
COG,"Congo, Rep.",1998,3.73755276980884,-0.624812152260716
COG,"Congo, Rep.",1999,-2.58219935813743,3.73755276980884
COG,"Congo, Rep.",2000,7.5759803952642,-2.58219935813743
COG,"Congo, Rep.",2001,3.80260189913561,7.5759803952642
COG,"Congo, Rep.",2002,4.58187006108889,3.80260189913561
COG,"Congo, Rep.",2003,0.813264076303781,4.58187006108889
COG,"Congo, Rep.",2004,3.47663162118089,0.813264076303781
COG,"Congo, Rep.",2005,7.75575897806648,3.47663162118089
COG,"Congo, Rep.",2006,7.98623836334291,7.75575897806648
COG,"Congo, Rep.",2007,-6.61399480441001,7.98623836334291
COG,"Congo, Rep.",2008,6.30637595585259,-6.61399480441001
COG,"Congo, Rep.",2009,11.6372888615758,6.30637595585259
COG,"Congo, Rep.",2010,9.93126543095578,11.6372888615758
COG,"Congo, Rep.",2011,2.20591936286718,9.93126543095578
COG,"Congo, Rep.",2012,9.94715314257564,2.20591936286718
COG,"Congo, Rep.",2013,-0.712434451876447,9.94715314257564
COG,"Congo, Rep.",2014,6.64606540928447,-0.712434451876447
COG,"Congo, Rep.",2015,0.415193061293763,6.64606540928447
COG,"Congo, Rep.",2016,-8.68524343913786,0.415193061293763
COG,"Congo, Rep.",2017,-5.59477371915547,-8.68524343913786
COG,"Congo, Rep.",2018,-2.30431780125842,-5.59477371915547
COG,"Congo, Rep.",2019,1.12447391976529,-2.30431780125842
COG,"Congo, Rep.",2020,-6.26777227963225,1.12447391976529
COG,"Congo, Rep.",2021,1.01507036990908,-6.26777227963225
COG,"Congo, Rep.",2022,1.47535613247133,1.01507036990908
COG,"Congo, Rep.",2023,1.90686426346754,1.47535613247133
COG,"Congo, Rep.",2024,2.09998918002519,1.90686426346754
COG,"Congo, Rep.",2025,3.08292728120063,2.09998918002519
COL,Colombia,1962,5.41188961342047,5.08921698439107
COL,Colombia,1963,3.28670755407101,5.41188961342047
COL,Colombia,1964,6.16694132350723,3.28670755407101
COL,Colombia,1965,3.60001138983772,6.16694132350723
COL,Colombia,1966,5.23673586229452,3.60001138983772
COL,Colombia,1967,4.13486416579858,5.23673586229452
COL,Colombia,1968,5.93311799878289,4.13486416579858
COL,Colombia,1969,6.10251730873333,5.93311799878289
COL,Colombia,1970,6.20779696127698,6.10251730873333
COL,Colombia,1971,5.9607279462907,6.20779696127698
COL,Colombia,1972,7.66914754440097,5.9607279462907
COL,Colombia,1973,6.72295496919133,7.66914754440097
COL,Colombia,1974,5.74575718912141,6.72295496919133
COL,Colombia,1975,2.32325528115796,5.74575718912141
COL,Colombia,1976,4.7283687345395,2.32325528115796
COL,Colombia,1977,4.15850545346419,4.7283687345395
COL,Colombia,1978,8.4699008376688,4.15850545346419
COL,Colombia,1979,5.37911898820207,8.4699008376688
COL,Colombia,1980,4.08735367550767,5.37911898820207
COL,Colombia,1981,2.27687274512178,4.08735367550767
COL,Colombia,1982,0.948420786604515,2.27687274512178
COL,Colombia,1983,1.57395603843689,0.948420786604515
COL,Colombia,1984,3.35068373940706,1.57395603843689
COL,Colombia,1985,3.1071061957296,3.35068373940706
COL,Colombia,1986,5.82407613745866,3.1071061957296
COL,Colombia,1987,5.36893214821323,5.82407613745866
COL,Colombia,1988,4.06417324490376,5.36893214821323
COL,Colombia,1989,3.41409610966596,4.06417324490376
COL,Colombia,1990,4.28199833053058,3.41409610966596
COL,Colombia,1991,2.00160759559029,4.28199833053058
COL,Colombia,1992,4.04492943933556,2.00160759559029
COL,Colombia,1993,5.38540993901029,4.04492943933556
COL,Colombia,1994,5.81466190724336,5.38540993901029
COL,Colombia,1995,5.20243759278655,5.81466190724336
COL,Colombia,1996,2.05585471287195,5.20243759278655
COL,Colombia,1997,3.43029367788374,2.05585471287195
COL,Colombia,1998,0.569784088434517,3.43029367788374
COL,Colombia,1999,-4.20401524244947,0.569784088434517
COL,Colombia,2000,2.92486148176778,-4.20401524244947
COL,Colombia,2001,1.67789830787579,2.92486148176778
COL,Colombia,2002,2.50398046659659,1.67789830787579
COL,Colombia,2003,3.91827190322513,2.50398046659659
COL,Colombia,2004,5.33302206759905,3.91827190322513
COL,Colombia,2005,4.82876110773741,5.33302206759905
COL,Colombia,2006,6.71686869844402,4.82876110773741
COL,Colombia,2007,6.73819469090975,6.71686869844402
COL,Colombia,2008,3.28344618616541,6.73819469090975
COL,Colombia,2009,1.13964864548062,3.28344618616541
COL,Colombia,2010,4.49465897070922,1.13964864548062
COL,Colombia,2011,6.94789198173555,4.49465897070922
COL,Colombia,2012,3.91263576716115,6.94789198173555
COL,Colombia,2013,5.13399351995672,3.91263576716115
COL,Colombia,2014,4.49903000110972,5.13399351995672
COL,Colombia,2015,2.95590137527523,4.49903000110972
COL,Colombia,2016,2.08738250162794,2.95590137527523
COL,Colombia,2017,1.35936086788746,2.08738250162794
COL,Colombia,2018,2.56432428277704,1.35936086788746
COL,Colombia,2019,3.18685539245533,2.56432428277704
COL,Colombia,2020,-7.18591413760859,3.18685539245533
COL,Colombia,2021,10.8011981904878,-7.18591413760859
COL,Colombia,2022,7.32827729427979,10.8011981904878
COL,Colombia,2023,0.841819555752039,7.32827729427979
COL,Colombia,2024,1.49330728771066,0.841819555752039
COL,Colombia,2025,2.64201548985928,1.49330728771066
COM,Comoros,1982,4.05790550805429,5.46198458727258
COM,Comoros,1983,3.09306338155623,4.05790550805429
COM,Comoros,1984,4.16654475231881,3.09306338155623
COM,Comoros,1985,2.77913541754444,4.16654475231881
COM,Comoros,1986,2.07103502558049,2.77913541754444
COM,Comoros,1987,2.07774404121217,2.07103502558049
COM,Comoros,1988,4.9705961043117,2.07774404121217
COM,Comoros,1989,-0.917059811290571,4.9705961043117
COM,Comoros,1990,7.33881096130857,-0.917059811290571
COM,Comoros,1991,-6.16697445150861,7.33881096130857
COM,Comoros,1992,7.35801529393501,-6.16697445150861
COM,Comoros,1993,2.5473458344995,7.35801529393501
COM,Comoros,1994,-3.98651752857747,2.5473458344995
COM,Comoros,1995,5.63727928670581,-3.98651752857747
COM,Comoros,1996,-0.510368828932258,5.63727928670581
COM,Comoros,1997,4.41042562590719,-0.510368828932258
COM,Comoros,1998,0.0250407992332242,4.41042562590719
COM,Comoros,1999,2.69768646408839,0.0250407992332242
COM,Comoros,2000,-1.00701887109655,2.69768646408839
COM,Comoros,2001,5.41959971808741,-1.00701887109655
COM,Comoros,2002,4.59768263263243,5.41959971808741
COM,Comoros,2003,1.93442812313498,4.59768263263243
COM,Comoros,2004,3.10041210399676,1.93442812313498
COM,Comoros,2005,5.66520240193151,3.10041210399676
COM,Comoros,2006,-1.75444679449394,5.66520240193151
COM,Comoros,2007,0.803599788247752,-1.75444679449394
COM,Comoros,2008,3.96461118871815,0.803599788247752
COM,Comoros,2009,3.24074074074075,3.96461118871815
COM,Comoros,2010,3.77776673684423,3.24074074074075
COM,Comoros,2011,4.14350668765977,3.77776673684423
COM,Comoros,2012,3.1684098843342,4.14350668765977
COM,Comoros,2013,4.46624729869704,3.1684098843342
COM,Comoros,2014,2.10665760321017,4.46624729869704
COM,Comoros,2015,1.14735632260047,2.10665760321017
COM,Comoros,2016,3.3204465548877,1.14735632260047
COM,Comoros,2017,3.81576287489548,3.3204465548877
COM,Comoros,2018,3.64245114733689,3.81576287489548
COM,Comoros,2019,1.76078023564568,3.64245114733689
COM,Comoros,2020,-0.195556841918759,1.76078023564568
COM,Comoros,2021,2.04245238320844,-0.195556841918759
COM,Comoros,2022,2.45381174550259,2.04245238320844
COM,Comoros,2023,3.1866131800554,2.45381174550259
COM,Comoros,2024,3.30071498500033,3.1866131800554
COM,Comoros,2025,3.7544428489181,3.30071498500033
CPV,Cabo Verde,1982,2.82503008527617,8.45156240751683
CPV,Cabo Verde,1983,9.52074975154451,2.82503008527617
CPV,Cabo Verde,1984,3.78327068402049,9.52074975154451
CPV,Cabo Verde,1985,8.64208661528207,3.78327068402049
CPV,Cabo Verde,1986,2.87145542241004,8.64208661528207
CPV,Cabo Verde,1987,4.30906373191068,2.87145542241004
CPV,Cabo Verde,1988,5.99685491429432,4.30906373191068
CPV,Cabo Verde,1989,5.69794936616317,5.99685491429432
CPV,Cabo Verde,1990,0.692171874476983,5.69794936616317
CPV,Cabo Verde,1991,1.40414698106899,0.692171874476983
CPV,Cabo Verde,1992,10.9376469895221,1.40414698106899
CPV,Cabo Verde,1993,8.70831156568961,10.9376469895221
CPV,Cabo Verde,1994,19.1826416318144,8.70831156568961
CPV,Cabo Verde,1995,14.2116362469634,19.1826416318144
CPV,Cabo Verde,1996,11.3465247642174,14.2116362469634
CPV,Cabo Verde,1997,11.1184260583756,11.3465247642174
CPV,Cabo Verde,1998,12.5172857879884,11.1184260583756
CPV,Cabo Verde,1999,11.2226484455351,12.5172857879884
CPV,Cabo Verde,2000,14.2848688450919,11.2226484455351
CPV,Cabo Verde,2001,2.23165454528898,14.2848688450919
CPV,Cabo Verde,2002,5.25089116960211,2.23165454528898
CPV,Cabo Verde,2003,4.17625932578332,5.25089116960211
CPV,Cabo Verde,2004,10.197072633926,4.17625932578332
CPV,Cabo Verde,2005,6.91245795720201,10.197072633926
CPV,Cabo Verde,2006,7.98375044795048,6.91245795720201
CPV,Cabo Verde,2007,15.1706879735517,7.98375044795048
CPV,Cabo Verde,2008,7.03901129565128,15.1706879735517
CPV,Cabo Verde,2009,-1.50358672385678,7.03901129565128
CPV,Cabo Verde,2010,1.83641914989978,-1.50358672385678
CPV,Cabo Verde,2011,3.92471821338283,1.83641914989978
CPV,Cabo Verde,2012,1.08364848376166,3.92471821338283
CPV,Cabo Verde,2013,0.632136727385131,1.08364848376166
CPV,Cabo Verde,2014,0.696666840118581,0.632136727385131
CPV,Cabo Verde,2015,0.936026507808833,0.696666840118581
CPV,Cabo Verde,2016,4.28071482662371,0.936026507808833
CPV,Cabo Verde,2017,4.5513148102974,4.28071482662371
CPV,Cabo Verde,2018,3.70696458310842,4.5513148102974
CPV,Cabo Verde,2019,6.94782634051859,3.70696458310842
CPV,Cabo Verde,2020,-20.8052758990735,6.94782634051859
CPV,Cabo Verde,2021,7.03353010694514,-20.8052758990735
CPV,Cabo Verde,2022,15.843675684642,7.03353010694514
CPV,Cabo Verde,2023,4.7947613911073,15.843675684642
CPV,Cabo Verde,2024,6.98888280991075,4.7947613911073
CPV,Cabo Verde,2025,6.29698518253096,6.98888280991075
CRI,Costa Rica,1962,5.44239137528257,1.8792765563641
CRI,Costa Rica,1963,6.89892344200919,5.44239137528257
CRI,Costa Rica,1964,3.65904831413995,6.89892344200919
CRI,Costa Rica,1965,8.1905275942481,3.65904831413995
CRI,Costa Rica,1966,6.96931903096751,8.1905275942481
CRI,Costa Rica,1967,5.65012592038399,6.96931903096751
CRI,Costa Rica,1968,8.47330434699469,5.65012592038399
CRI,Costa Rica,1969,5.4917999425584,8.47330434699469
CRI,Costa Rica,1970,7.5031343433506,5.4917999425584
CRI,Costa Rica,1971,6.77850542642196,7.5031343433506
CRI,Costa Rica,1972,8.17804513351513,6.77850542642196
CRI,Costa Rica,1973,7.70891581191245,8.17804513351513
CRI,Costa Rica,1974,5.54489999097116,7.70891581191245
CRI,Costa Rica,1975,2.10007104948495,5.54489999097116
CRI,Costa Rica,1976,5.51756440295593,2.10007104948495
CRI,Costa Rica,1977,8.90447443155162,5.51756440295593
CRI,Costa Rica,1978,6.26768682442558,8.90447443155162
CRI,Costa Rica,1979,4.93912395498315,6.26768682442558
CRI,Costa Rica,1980,0.751895403326387,4.93912395498315
CRI,Costa Rica,1981,-2.26165550729671,0.751895403326387
CRI,Costa Rica,1982,-7.28556884666179,-2.26165550729671
CRI,Costa Rica,1983,2.86299270239465,-7.28556884666179
CRI,Costa Rica,1984,8.02410790730326,2.86299270239465
CRI,Costa Rica,1985,0.72160172926823,8.02410790730326
CRI,Costa Rica,1986,5.53625084315684,0.72160172926823
CRI,Costa Rica,1987,4.76453327969504,5.53625084315684
CRI,Costa Rica,1988,3.43214737968852,4.76453327969504
CRI,Costa Rica,1989,5.66597554871322,3.43214737968852
CRI,Costa Rica,1990,3.55306336572279,5.66597554871322
CRI,Costa Rica,1991,2.26565496296189,3.55306336572279
CRI,Costa Rica,1992,9.20110358278828,2.26565496296189
CRI,Costa Rica,1993,7.09719089594824,9.20110358278828
CRI,Costa Rica,1994,4.51902842051615,7.09719089594824
CRI,Costa Rica,1995,4.15395329584814,4.51902842051615
CRI,Costa Rica,1996,1.35045951266757,4.15395329584814
CRI,Costa Rica,1997,5.47616597492105,1.35045951266757
CRI,Costa Rica,1998,7.08853729218445,5.47616597492105
CRI,Costa Rica,1999,4.147800457203,7.08853729218445
CRI,Costa Rica,2000,3.80207210664838,4.147800457203
CRI,Costa Rica,2001,3.49117013515725,3.80207210664838
CRI,Costa Rica,2002,3.41687615891895,3.49117013515725
CRI,Costa Rica,2003,4.31718000096654,3.41687615891895
CRI,Costa Rica,2004,4.42459978667458,4.31718000096654
CRI,Costa Rica,2005,3.97666631433462,4.42459978667458
CRI,Costa Rica,2006,7.3266951372695,3.97666631433462
CRI,Costa Rica,2007,8.21513209207497,7.3266951372695
CRI,Costa Rica,2008,4.73817511214847,8.21513209207497
CRI,Costa Rica,2009,-0.87345608994562,4.73817511214847
CRI,Costa Rica,2010,5.36034347722267,-0.87345608994562
CRI,Costa Rica,2011,4.40315921836142,5.36034347722267
CRI,Costa Rica,2012,4.88259252932575,4.40315921836142
CRI,Costa Rica,2013,2.49476596233289,4.88259252932575
CRI,Costa Rica,2014,3.54210997703849,2.49476596233289
CRI,Costa Rica,2015,3.65208093006359,3.54210997703849
CRI,Costa Rica,2016,4.20432320775184,3.65208093006359
CRI,Costa Rica,2017,4.15769914676933,4.20432320775184
CRI,Costa Rica,2018,2.85285959760458,4.15769914676933
CRI,Costa Rica,2019,2.70813912948329,2.85285959760458
CRI,Costa Rica,2020,-4.14159340574358,2.70813912948329
CRI,Costa Rica,2021,8.21817953969082,-4.14159340574358
CRI,Costa Rica,2022,5.46119455235068,8.21817953969082
CRI,Costa Rica,2023,4.79187732359398,5.46119455235068
CRI,Costa Rica,2024,4.08292444182048,4.79187732359398
CRI,Costa Rica,2025,4.56033547844829,4.08292444182048
CSS,Caribbean small states,1962,5.39451861278224,9.65509258590455
CSS,Caribbean small states,1963,2.11595080469607,5.39451861278224
CSS,Caribbean small states,1964,8.08519930302755,2.11595080469607
CSS,Caribbean small states,1965,7.11402945480715,8.08519930302755
CSS,Caribbean small states,1966,6.87585181528753,7.11402945480715
CSS,Caribbean small states,1967,6.69256986057485,6.87585181528753
CSS,Caribbean small states,1968,6.16637814812555,6.69256986057485
CSS,Caribbean small states,1969,5.94918134871538,6.16637814812555
CSS,Caribbean small states,1970,2.17716106590267,5.94918134871538
CSS,Caribbean small states,1971,2.36643234790466,2.17716106590267
CSS,Caribbean small states,1972,1.02895400939904,2.36643234790466
CSS,Caribbean small states,1973,2.45474486459128,1.02895400939904
CSS,Caribbean small states,1974,-2.93088930861768,2.45474486459128
CSS,Caribbean small states,1975,-1.71433769830169,-2.93088930861768
CSS,Caribbean small states,1976,5.34501355640413,-1.71433769830169
CSS,Caribbean small states,1977,6.69818192972558,5.34501355640413
CSS,Caribbean small states,1978,7.94000713554949,6.69818192972558
CSS,Caribbean small states,1979,7.46361770550068,7.94000713554949
CSS,Caribbean small states,1980,5.18925562093659,7.46361770550068
CSS,Caribbean small states,1981,0.353537730442469,5.18925562093659
CSS,Caribbean small states,1982,0.472196662104608,0.353537730442469
CSS,Caribbean small states,1983,-3.56417278440514,0.472196662104608
CSS,Caribbean small states,1984,1.93673524131601,-3.56417278440514
CSS,Caribbean small states,1985,1.08248630475416,1.93673524131601
CSS,Caribbean small states,1986,1.37192941912114,1.08248630475416
CSS,Caribbean small states,1987,0.158924054273641,1.37192941912114
CSS,Caribbean small states,1988,1.73548448807853,0.158924054273641
CSS,Caribbean small states,1989,3.18637420537114,1.73548448807853
CSS,Caribbean small states,1990,-0.342806466922113,3.18637420537114
CSS,Caribbean small states,1991,-0.0735969932616314,-0.342806466922113
CSS,Caribbean small states,1992,2.0157185979736,-0.0735969932616314
CSS,Caribbean small states,1993,0.464462308978256,2.0157185979736
CSS,Caribbean small states,1994,3.33087307594712,0.464462308978256
CSS,Caribbean small states,1995,3.07825727951709,3.33087307594712
CSS,Caribbean small states,1996,4.91094996356456,3.07825727951709
CSS,Caribbean small states,1997,4.61490288828247,4.91094996356456
CSS,Caribbean small states,1998,4.9139559451461,4.61490288828247
CSS,Caribbean small states,1999,5.04316924724031,4.9139559451461
CSS,Caribbean small states,2000,4.6905109207957,5.04316924724031
CSS,Caribbean small states,2001,2.08502356162616,4.6905109207957
CSS,Caribbean small states,2002,3.97263487854183,2.08502356162616
CSS,Caribbean small states,2003,6.08516854277062,3.97263487854183
CSS,Caribbean small states,2004,4.64890987061356,6.08516854277062
CSS,Caribbean small states,2005,4.39368382787195,4.64890987061356
CSS,Caribbean small states,2006,7.8259368156711,4.39368382787195
CSS,Caribbean small states,2007,3.84066022512839,7.8259368156711
CSS,Caribbean small states,2008,1.69605989900055,3.84066022512839
CSS,Caribbean small states,2009,-3.39775809838443,1.69605989900055
CSS,Caribbean small states,2010,1.18336086368814,-3.39775809838443
CSS,Caribbean small states,2011,0.914568192401248,1.18336086368814
CSS,Caribbean small states,2012,4.11419015906178,0.914568192401248
CSS,Caribbean small states,2013,1.56870134511247,4.11419015906178
CSS,Caribbean small states,2014,2.59734828019873,1.56870134511247
CSS,Caribbean small states,2015,-0.064034306514273,2.59734828019873
CSS,Caribbean small states,2016,-3.08739815275796,-0.064034306514273
CSS,Caribbean small states,2017,-0.750655745538538,-3.08739815275796
CSS,Caribbean small states,2018,1.31016136681117,-0.750655745538538
CSS,Caribbean small states,2019,0.865089017714141,1.31016136681117
CSS,Caribbean small states,2020,-9.27326845637317,0.865089017714141
CSS,Caribbean small states,2021,7.23640467044548,-9.27326845637317
CSS,Caribbean small states,2022,14.7413556305504,7.23640467044548
CSS,Caribbean small states,2023,8.80514656985758,14.7413556305504
CSS,Caribbean small states,2024,13.3281652583601,8.80514656985758
CSS,Caribbean small states,2025,7.97505570265018,13.3281652583601
CUB,Cuba,1972,4.82668584313927,8.58385901163629
CUB,Cuba,1973,3.43448853582437,4.82668584313927
CUB,Cuba,1974,0.984491815760862,3.43448853582437
CUB,Cuba,1975,9.47642606915934,0.984491815760862
CUB,Cuba,1976,5.4279604586732,9.47642606915934
CUB,Cuba,1977,8.7095028615293,5.4279604586732
CUB,Cuba,1978,6.59599856337493,8.7095028615293
CUB,Cuba,1979,1.08818330173155,6.59599856337493
CUB,Cuba,1980,-4.84944295088555,1.08818330173155
CUB,Cuba,1981,19.6883343337449,-4.84944295088555
CUB,Cuba,1982,8.91823496493072,19.6883343337449
CUB,Cuba,1983,5.4114707238347,8.91823496493072
CUB,Cuba,1984,7.92971651513383,5.4114707238347
CUB,Cuba,1985,1.59667459807866,7.92971651513383
CUB,Cuba,1986,0.0953033856467584,1.59667459807866
CUB,Cuba,1987,-2.40217253779804,0.0953033856467584
CUB,Cuba,1988,3.70553990905537,-2.40217253779804
CUB,Cuba,1989,0.680083233154079,3.70553990905537
CUB,Cuba,1990,-2.94856494503389,0.680083233154079
CUB,Cuba,1991,-10.6926971084884,-2.94856494503389
CUB,Cuba,1992,-11.5806030812698,-10.6926971084884
CUB,Cuba,1993,-14.8781806947595,-11.5806030812698
CUB,Cuba,1994,0.716930310416799,-14.8781806947595
CUB,Cuba,1995,2.45720117243687,0.716930310416799
CUB,Cuba,1996,7.83874965899149,2.45720117243687
CUB,Cuba,1997,2.78342504174314,7.83874965899149
CUB,Cuba,1998,0.159146052326719,2.78342504174314
CUB,Cuba,1999,6.18875530352257,0.159146052326719
CUB,Cuba,2000,5.9147601740486,6.18875530352257
CUB,Cuba,2001,3.18502990449461,5.9147601740486
CUB,Cuba,2002,1.42482126141282,3.18502990449461
CUB,Cuba,2003,3.79274022304334,1.42482126141282
CUB,Cuba,2004,5.77053807021559,3.79274022304334
CUB,Cuba,2005,11.2016564219094,5.77053807021559
CUB,Cuba,2006,12.0658631129953,11.2016564219094
CUB,Cuba,2007,7.26213696647943,12.0658631129953
CUB,Cuba,2008,4.11682804164681,7.26213696647943
CUB,Cuba,2009,1.4513054307407,4.11682804164681
CUB,Cuba,2010,2.39035229650723,1.4513054307407
CUB,Cuba,2011,2.80230083647626,2.39035229650723
CUB,Cuba,2012,3.01490028898772,2.80230083647626
CUB,Cuba,2013,2.74760256257211,3.01490028898772
CUB,Cuba,2014,1.04757663187654,2.74760256257211
CUB,Cuba,2015,4.4383335888395,1.04757663187654
CUB,Cuba,2016,0.512843095700745,4.4383335888395
CUB,Cuba,2017,1.80979178380274,0.512843095700745
CUB,Cuba,2018,2.24794852913217,1.80979178380274
CUB,Cuba,2019,-0.163087223606624,2.24794852913217
CUB,Cuba,2020,-10.9494359030206,-0.163087223606624
CUB,Cuba,2021,1.25448735650322,-10.9494359030206
CUB,Cuba,2022,1.77465227724316,1.25448735650322
CUB,Cuba,2023,-1.92937123169681,1.77465227724316
CUB,Cuba,2024,-1.06173273220524,-1.92937123169681
CUW,Curacao,2002,0.397065216763636,-0.695753704098053
CUW,Curacao,2003,0.288186681651752,0.397065216763636
CUW,Curacao,2004,0.208461073109362,0.288186681651752
CUW,Curacao,2005,0.676425345201665,0.208461073109362
CUW,Curacao,2006,1.63593468987035,0.676425345201665
CUW,Curacao,2007,2.46996322836787,1.63593468987035
CUW,Curacao,2008,2.18804308019168,2.46996322836787
CUW,Curacao,2009,-0.531308242338184,2.18804308019168
CUW,Curacao,2010,0.0823066088131412,-0.531308242338184
CUW,Curacao,2011,0.50845748203723,0.0823066088131412
CUW,Curacao,2012,-0.34895082430242,0.50845748203723
CUW,Curacao,2013,-0.635696907591139,-0.34895082430242
CUW,Curacao,2014,-0.637397373327133,-0.635696907591139
CUW,Curacao,2015,0.458151544160046,-0.637397373327133
CUW,Curacao,2016,-1.06770848655277,0.458151544160046
CUW,Curacao,2017,-1.2762081008495,-1.06770848655277
CUW,Curacao,2018,-2.10411133101029,-1.2762081008495
CUW,Curacao,2019,-3.20613230348162,-2.10411133101029
CUW,Curacao,2020,-18.4384696124769,-3.20613230348162
CUW,Curacao,2021,4.18371018614259,-18.4384696124769
CUW,Curacao,2022,6.90600055461097,4.18371018614259
CUW,Curacao,2023,4.20199929761131,6.90600055461097
CUW,Curacao,2024,5.02690015475606,4.20199929761131
CYP,Cyprus,1977,16.3620009518905,20.2662921730549
CYP,Cyprus,1978,7.77740335290346,16.3620009518905
CYP,Cyprus,1979,9.90556937510574,7.77740335290346
CYP,Cyprus,1980,5.75324469989047,9.90556937510574
CYP,Cyprus,1981,2.51699845757433,5.75324469989047
CYP,Cyprus,1982,6.02170898668292,2.51699845757433
CYP,Cyprus,1983,5.58218169389765,6.02170898668292
CYP,Cyprus,1984,8.75789438628422,5.58218169389765
CYP,Cyprus,1985,4.8825407627786,8.75789438628422
CYP,Cyprus,1986,3.70395029052595,4.8825407627786
CYP,Cyprus,1987,7.06525081643719,3.70395029052595
CYP,Cyprus,1988,8.6467778500465,7.06525081643719
CYP,Cyprus,1989,7.94742552608687,8.6467778500465
CYP,Cyprus,1990,7.40399951139527,7.94742552608687
CYP,Cyprus,1991,0.739501434263062,7.40399951139527
CYP,Cyprus,1992,9.39999830664647,0.739501434263062
CYP,Cyprus,1993,0.700000765065823,9.39999830664647
CYP,Cyprus,1994,5.89999928523103,0.700000765065823
CYP,Cyprus,1995,8.36246885710111,5.89999928523103
CYP,Cyprus,1996,1.24854147527125,8.36246885710111
CYP,Cyprus,1997,2.64093066351474,1.24854147527125
CYP,Cyprus,1998,6.11088294947106,2.64093066351474
CYP,Cyprus,1999,4.99795469482918,6.11088294947106
CYP,Cyprus,2000,5.96530445494226,4.99795469482918
CYP,Cyprus,2001,3.95256258200938,5.96530445494226
CYP,Cyprus,2002,3.72297491128981,3.95256258200938
CYP,Cyprus,2003,2.62329962315329,3.72297491128981
CYP,Cyprus,2004,5.02627226665527,2.62329962315329
CYP,Cyprus,2005,4.85298762175586,5.02627226665527
CYP,Cyprus,2006,4.71378358593959,4.85298762175586
CYP,Cyprus,2007,5.09822614854798,4.71378358593959
CYP,Cyprus,2008,3.64698922103939,5.09822614854798
CYP,Cyprus,2009,-2.01508203683694,3.64698922103939
CYP,Cyprus,2010,2.28267100119788,-2.01508203683694
CYP,Cyprus,2011,0.416711868408683,2.28267100119788
CYP,Cyprus,2012,-3.44738151374587,0.416711868408683
CYP,Cyprus,2013,-6.58747751118347,-3.44738151374587
CYP,Cyprus,2014,-1.77605867728616,-6.58747751118347
CYP,Cyprus,2015,3.41892038889013,-1.77605867728616
CYP,Cyprus,2016,6.57359080924678,3.41892038889013
CYP,Cyprus,2017,5.75083236554525,6.57359080924678
CYP,Cyprus,2018,6.27166360056404,5.75083236554525
CYP,Cyprus,2019,5.87559583386607,6.27166360056404
CYP,Cyprus,2020,-3.22063018637567,5.87559583386607
CYP,Cyprus,2021,11.3975590801512,-3.22063018637567
CYP,Cyprus,2022,8.73854684881674,11.3975590801512
CYP,Cyprus,2023,3.62045368236082,8.73854684881674
CYP,Cyprus,2024,3.94076934447787,3.62045368236082
CYP,Cyprus,2025,3.77325347982725,3.94076934447787
CZE,Czechia,1992,-0.506542343116848,-11.6149423646776
CZE,Czechia,1993,0.0619042423607254,-0.506542343116848
CZE,Czechia,1994,2.90930948412982,0.0619042423607254
CZE,Czechia,1995,6.22140598863832,2.90930948412982
CZE,Czechia,1996,4.16858426915319,6.22140598863832
CZE,Czechia,1997,-0.595838414214853,4.16858426915319
CZE,Czechia,1998,-0.393150193750415,-0.595838414214853
CZE,Czechia,1999,1.37836060943835,-0.393150193750415
CZE,Czechia,2000,4.010669619984,1.37836060943835
CZE,Czechia,2001,2.9172195289956,4.010669619984
CZE,Czechia,2002,1.51345949139996,2.9172195289956
CZE,Czechia,2003,3.300836832613,1.51345949139996
CZE,Czechia,2004,4.73633969683438,3.300836832613
CZE,Czechia,2005,6.37502886086791,4.73633969683438
CZE,Czechia,2006,6.62317299177447,6.37502886086791
CZE,Czechia,2007,5.48882595164517,6.62317299177447
CZE,Czechia,2008,2.61226807205139,5.48882595164517
CZE,Czechia,2009,-4.79832416684926,2.61226807205139
CZE,Czechia,2010,2.71466509907701,-4.79832416684926
CZE,Czechia,2011,1.77238085338473,2.71466509907701
CZE,Czechia,2012,-0.770668190622743,1.77238085338473
CZE,Czechia,2013,-0.0418124160447491,-0.770668190622743
CZE,Czechia,2014,2.24521219862635,-0.0418124160447491
CZE,Czechia,2015,4.95875848915604,2.24521219862635
CZE,Czechia,2016,2.58087013921376,4.95875848915604
CZE,Czechia,2017,5.17356529967881,2.58087013921376
CZE,Czechia,2018,2.83030588267866,5.17356529967881
CZE,Czechia,2019,3.56577658128261,2.83030588267866
CZE,Czechia,2020,-5.30487955463876,3.56577658128261
CZE,Czechia,2021,4.02901832055149,-5.30487955463876
CZE,Czechia,2022,2.8471706583814,4.02901832055149
CZE,Czechia,2023,0.0475803308973752,2.8471706583814
CZE,Czechia,2024,1.25131096245923,0.0475803308973752
CZE,Czechia,2025,2.58046673293437,1.25131096245923
DEU,Germany,1962,4.6234710102125,4.29843950975808
DEU,Germany,1963,2.73529643602564,4.6234710102125
DEU,Germany,1964,6.63946989651858,2.73529643602564
DEU,Germany,1965,5.24416402432635,6.63946989651858
DEU,Germany,1966,2.81218130587229,5.24416402432635
DEU,Germany,1967,-0.330256452713016,2.81218130587229
DEU,Germany,1968,5.66877310370654,-0.330256452713016
DEU,Germany,1969,7.41810273162662,5.66877310370654
DEU,Germany,1970,5.10314457629295,7.41810273162662
DEU,Germany,1971,3.13269976979846,5.10314457629295
DEU,Germany,1972,4.30034129247663,3.13269976979846
DEU,Germany,1973,4.77748690945469,4.30034129247663
DEU,Germany,1974,0.890068699312494,4.77748690945469
DEU,Germany,1975,-0.866738936529003,0.890068699312494
DEU,Germany,1976,4.94925843456397,-0.866738936529003
DEU,Germany,1977,3.34721808033223,4.94925843456397
DEU,Germany,1978,3.00849288842491,3.34721808033223
DEU,Germany,1979,4.15036333786591,3.00849288842491
DEU,Germany,1980,1.40882864441943,4.15036333786591
DEU,Germany,1981,0.529240541969116,1.40882864441943
DEU,Germany,1982,-0.394840735634787,0.529240541969116
DEU,Germany,1983,1.57241014192158,-0.394840735634787
DEU,Germany,1984,2.82294783585535,1.57241014192158
DEU,Germany,1985,2.32793520067574,2.82294783585535
DEU,Germany,1986,2.28733925852798,2.32793520067574
DEU,Germany,1987,1.4021515883601,2.28733925852798
DEU,Germany,1988,3.70723567991882,1.4021515883601
DEU,Germany,1989,3.89655170553733,3.70723567991882
DEU,Germany,1990,5.25500610110028,3.89655170553733
DEU,Germany,1991,5.10826150190911,5.25500610110028
DEU,Germany,1992,2.01361340926105,5.10826150190911
DEU,Germany,1993,-0.973033082340891,2.01361340926105
DEU,Germany,1994,2.59685569693275,-0.973033082340891
DEU,Germany,1995,1.50499384201356,2.59685569693275
DEU,Germany,1996,1.0378755674358,1.50499384201356
DEU,Germany,1997,1.85432238398302,1.0378755674358
DEU,Germany,1998,2.09561231172233,1.85432238398302
DEU,Germany,1999,2.12957016297766,2.09561231172233
DEU,Germany,2000,2.8765231247659,2.12957016297766
DEU,Germany,2001,1.63614170690956,2.8765231247659
DEU,Germany,2002,-0.228255715793637,1.63614170690956
DEU,Germany,2003,-0.529801394291297,-0.228255715793637
DEU,Germany,2004,1.16208684507278,-0.529801394291297
DEU,Germany,2005,0.885485292551564,1.16208684507278
DEU,Germany,2006,3.86668241523209,0.885485292551564
DEU,Germany,2007,2.8891174138025,3.86668241523209
DEU,Germany,2008,0.887902330743628,2.8891174138025
DEU,Germany,2009,-5.54455451920674,0.887902330743628
DEU,Germany,2010,4.13463778522758,-5.54455451920674
DEU,Germany,2011,3.75796884489337,4.13463778522758
DEU,Germany,2012,0.463512036709204,3.75796884489337
DEU,Germany,2013,0.396995583779145,0.463512036709204
DEU,Germany,2014,2.18018602168017,0.396995583779145
DEU,Germany,2015,1.66300602334775,2.18018602168017
DEU,Germany,2016,2.22222216259371,1.66300602334775
DEU,Germany,2017,2.797906720551,2.22222216259371
DEU,Germany,2018,1.13569604599849,2.797906720551
DEU,Germany,2019,0.977734697038784,1.13569604599849
DEU,Germany,2020,-4.13191443239947,0.977734697038784
DEU,Germany,2021,3.90999994204108,-4.13191443239947
DEU,Germany,2022,1.8092581243061,3.90999994204108
DEU,Germany,2023,-0.869647578573321,1.8092581243061
DEU,Germany,2024,-0.495851897260366,-0.869647578573321
DEU,Germany,2025,0.239578342117881,-0.495851897260366
DMA,Dominica,1979,-18.3592854062593,10.5357457303524
DMA,Dominica,1980,13.3831821469051,-18.3592854062593
DMA,Dominica,1981,10.829331110484,13.3831821469051
DMA,Dominica,1982,4.12768352803022,10.829331110484
DMA,Dominica,1983,2.55631790150646,4.12768352803022
DMA,Dominica,1984,4.19664686909995,2.55631790150646
DMA,Dominica,1985,1.42093316227962,4.19664686909995
DMA,Dominica,1986,7.07335660054757,1.42093316227962
DMA,Dominica,1987,6.30756102261223,7.07335660054757
DMA,Dominica,1988,7.81662301716332,6.30756102261223
DMA,Dominica,1989,-0.191136403056177,7.81662301716332
DMA,Dominica,1990,5.41798351146888,-0.191136403056177
DMA,Dominica,1991,1.3477691598669,5.41798351146888
DMA,Dominica,1992,2.02941338180298,1.3477691598669
DMA,Dominica,1993,2.16142138921818,2.02941338180298
DMA,Dominica,1994,0.034477526872962,2.16142138921818
DMA,Dominica,1995,3.0308658627128,0.034477526872962
DMA,Dominica,1996,3.10419572470771,3.0308658627128
DMA,Dominica,1997,2.18562742404438,3.10419572470771
DMA,Dominica,1998,3.77423043853915,2.18562742404438
DMA,Dominica,1999,0.354077659205259,3.77423043853915
DMA,Dominica,2000,2.3402193777688,0.354077659205259
DMA,Dominica,2001,-0.0638434428881567,2.3402193777688
DMA,Dominica,2002,-3.08742052359268,-0.0638434428881567
DMA,Dominica,2003,5.80495468629533,-3.08742052359268
DMA,Dominica,2004,4.09783662273917,5.80495468629533
DMA,Dominica,2005,0.915286472779144,4.09783662273917
DMA,Dominica,2006,4.40077479812059,0.915286472779144
DMA,Dominica,2007,5.3579375575878,4.40077479812059
DMA,Dominica,2008,7.12131217762231,5.3579375575878
DMA,Dominica,2009,-1.13575145648322,7.12131217762231
DMA,Dominica,2010,-0.105610857694984,-1.13575145648322
DMA,Dominica,2011,0.0427388878891435,-0.105610857694984
DMA,Dominica,2012,-0.15739179314221,0.0427388878891435
DMA,Dominica,2013,0.0045039972976042,-0.15739179314221
DMA,Dominica,2014,2.33521742067693,0.0045039972976042
DMA,Dominica,2015,-3.37338262476895,2.33521742067693
DMA,Dominica,2016,1.44724556489263,-3.37338262476895
DMA,Dominica,2017,-7.5443637547282,1.44724556489263
DMA,Dominica,2018,2.964010610466,-7.5443637547282
DMA,Dominica,2019,3.94809757938053,2.964010610466
DMA,Dominica,2020,-15.7064024545862,3.94809757938053
DMA,Dominica,2021,5.37983838954712,-15.7064024545862
DMA,Dominica,2022,10.3968076616121,5.37983838954712
DMA,Dominica,2023,3.65221012208734,10.3968076616121
DMA,Dominica,2024,2.052738472526,3.65221012208734
DMA,Dominica,2025,3.05243763087539,2.052738472526
DNK,Denmark,1962,5.66682208755829,6.37883241469532
DNK,Denmark,1963,0.637021221129984,5.66682208755829
DNK,Denmark,1964,9.26993821028159,0.637021221129984
DNK,Denmark,1965,4.5552548590879,9.26993821028159
DNK,Denmark,1966,2.74091007045041,4.5552548590879
DNK,Denmark,1967,5.88623124121932,2.74091007045041
DNK,Denmark,1968,5.85299737649714,5.88623124121932
DNK,Denmark,1969,6.79912047392293,5.85299737649714
DNK,Denmark,1970,1.85600172758038,6.79912047392293
DNK,Denmark,1971,3.17782168196071,1.85600172758038
DNK,Denmark,1972,3.79759816845579,3.17782168196071
DNK,Denmark,1973,4.71949291132046,3.79759816845579
DNK,Denmark,1974,-0.964267384329801,4.71949291132046
DNK,Denmark,1975,-1.40989953291778,-0.964267384329801
DNK,Denmark,1976,5.99340195153275,-1.40989953291778
DNK,Denmark,1977,1.98543025474245,5.99340195153275
DNK,Denmark,1978,2.41699354282181,1.98543025474245
DNK,Denmark,1979,4.05329979126334,2.41699354282181
DNK,Denmark,1980,-0.751430002361559,4.05329979126334
DNK,Denmark,1981,-0.740986389012875,-0.751430002361559
DNK,Denmark,1982,3.89211245643591,-0.740986389012875
DNK,Denmark,1983,2.65480394401855,3.89211245643591
DNK,Denmark,1984,4.33934505132922,2.65480394401855
DNK,Denmark,1985,4.15308383294486,4.33934505132922
DNK,Denmark,1986,4.73340611933794,4.15308383294486
DNK,Denmark,1987,0.462955829960563,4.73340611933794
DNK,Denmark,1988,0.272951118976223,0.462955829960563
DNK,Denmark,1989,0.697173210370437,0.272951118976223
DNK,Denmark,1990,1.66026774169177,0.697173210370437
DNK,Denmark,1991,1.45818005306188,1.66026774169177
DNK,Denmark,1992,2.0228112415746,1.45818005306188
DNK,Denmark,1993,-0.078900412805325,2.0228112415746
DNK,Denmark,1994,5.29469615156448,-0.078900412805325
DNK,Denmark,1995,3.03802150461165,5.29469615156448
DNK,Denmark,1996,2.89575069230459,3.03802150461165
DNK,Denmark,1997,3.16848143784479,2.89575069230459
DNK,Denmark,1998,2.32630274538961,3.16848143784479
DNK,Denmark,1999,2.96730536257029,2.32630274538961
DNK,Denmark,2000,3.72400899471576,2.96730536257029
DNK,Denmark,2001,0.95003224600012,3.72400899471576
DNK,Denmark,2002,0.456530018779986,0.95003224600012
DNK,Denmark,2003,0.441091006625101,0.456530018779986
DNK,Denmark,2004,2.77635180744053,0.441091006625101
DNK,Denmark,2005,2.35960882992528,2.77635180744053
DNK,Denmark,2006,3.81648769908172,2.35960882992528
DNK,Denmark,2007,0.987173815945127,3.81648769908172
DNK,Denmark,2008,-0.417178439991005,0.987173815945127
DNK,Denmark,2009,-4.97447905669058,-0.417178439991005
DNK,Denmark,2010,1.58289703108802,-4.97447905669058
DNK,Denmark,2011,1.3108037609606,1.58289703108802
DNK,Denmark,2012,-0.00543230161670749,1.3108037609606
DNK,Denmark,2013,1.39267343161971,-0.00543230161670749
DNK,Denmark,2014,1.27799983192831,1.39267343161971
DNK,Denmark,2015,2.10441456445301,1.27799983192831
DNK,Denmark,2016,3.07304549209093,2.10441456445301
DNK,Denmark,2017,3.05647723922718,3.07304549209093
DNK,Denmark,2018,1.8600074900921,3.05647723922718
DNK,Denmark,2019,1.71140093932736,1.8600074900921
DNK,Denmark,2020,-1.78010601831291,1.71140093932736
DNK,Denmark,2021,6.50025445756295,-1.78010601831291
DNK,Denmark,2022,0.443832614908331,6.50025445756295
DNK,Denmark,2023,0.604587766175584,0.443832614908331
DNK,Denmark,2024,3.47783593140312,0.604587766175584
DNK,Denmark,2025,2.92843280014236,3.47783593140312
DOM,Dominican Republic,1962,17.0472409332998,-2.31324874995215
DOM,Dominican Republic,1963,6.5029026339739,17.0472409332998
DOM,Dominican Republic,1964,6.76486511640719,6.5029026339739
DOM,Dominican Republic,1965,-12.4818339161578,6.76486511640719
DOM,Dominican Republic,1966,13.4633448325871,-12.4818339161578
DOM,Dominican Republic,1967,3.32754228723313,13.4633448325871
DOM,Dominican Republic,1968,0.238860484696033,3.32754228723313
DOM,Dominican Republic,1969,10.8914458307792,0.238860484696033
DOM,Dominican Republic,1970,18.2266828796502,10.8914458307792
DOM,Dominican Republic,1971,10.8714660681825,18.2266828796502
DOM,Dominican Republic,1972,10.3941640767605,10.8714660681825
DOM,Dominican Republic,1973,12.8957637251018,10.3941640767605
DOM,Dominican Republic,1974,6.00190290333001,12.8957637251018
DOM,Dominican Republic,1975,5.19325335716054,6.00190290333001
DOM,Dominican Republic,1976,6.72812264197154,5.19325335716054
DOM,Dominican Republic,1977,4.98178395087527,6.72812264197154
DOM,Dominican Republic,1978,2.14068467652768,4.98178395087527
DOM,Dominican Republic,1979,4.53139921679188,2.14068467652768
DOM,Dominican Republic,1980,7.96873850744203,4.53139921679188
DOM,Dominican Republic,1981,4.27986747952673,7.96873850744203
DOM,Dominican Republic,1982,1.69870863097844,4.27986747952673
DOM,Dominican Republic,1983,4.62794634845423,1.69870863097844
DOM,Dominican Republic,1984,1.25289597452468,4.62794634845423
DOM,Dominican Republic,1985,-2.12253497623708,1.25289597452468
DOM,Dominican Republic,1986,3.52199319901496,-2.12253497623708
DOM,Dominican Republic,1987,10.1173673617477,3.52199319901496
DOM,Dominican Republic,1988,2.15596333107848,10.1173673617477
DOM,Dominican Republic,1989,4.40053881491089,2.15596333107848
DOM,Dominican Republic,1990,-5.45431239511254,4.40053881491089
DOM,Dominican Republic,1991,0.944138889056532,-5.45431239511254
DOM,Dominican Republic,1992,11.2374641300752,0.944138889056532
DOM,Dominican Republic,1993,7.36669526975602,11.2374641300752
DOM,Dominican Republic,1994,2.59378305986246,7.36669526975602
DOM,Dominican Republic,1995,5.69998859173715,2.59378305986246
DOM,Dominican Republic,1996,5.96119319380874,5.69998859173715
DOM,Dominican Republic,1997,8.89955230035797,5.96119319380874
DOM,Dominican Republic,1998,6.70585570778992,8.89955230035797
DOM,Dominican Republic,1999,5.95651024999543,6.70585570778992
DOM,Dominican Republic,2000,4.65172550299128,5.95651024999543
DOM,Dominican Republic,2001,2.46937023763239,4.65172550299128
DOM,Dominican Republic,2002,4.48650367045651,2.46937023763239
DOM,Dominican Republic,2003,-1.34935744782766,4.48650367045651
DOM,Dominican Republic,2004,2.58556667449577,-1.34935744782766
DOM,Dominican Republic,2005,9.43178931977285,2.58556667449577
DOM,Dominican Republic,2006,9.17120650955299,9.43178931977285
DOM,Dominican Republic,2007,7.41840577774235,9.17120650955299
DOM,Dominican Republic,2008,3.26808671288212,7.41840577774235
DOM,Dominican Republic,2009,1.00345293018719,3.26808671288212
DOM,Dominican Republic,2010,8.40114541209596,1.00345293018719
DOM,Dominican Republic,2011,3.19196227475523,8.40114541209596
DOM,Dominican Republic,2012,2.77567100848816,3.19196227475523
DOM,Dominican Republic,2013,4.93473300709881,2.77567100848816
DOM,Dominican Republic,2014,7.11122629673892,4.93473300709881
DOM,Dominican Republic,2015,6.98771131236387,7.11122629673892
DOM,Dominican Republic,2016,6.71974078681295,6.98771131236387
DOM,Dominican Republic,2017,3.93386176401576,6.71974078681295
DOM,Dominican Republic,2018,7.09751640210159,3.93386176401576
DOM,Dominican Republic,2019,4.8940301149584,7.09751640210159
DOM,Dominican Republic,2020,-7.92905234231061,4.8940301149584
DOM,Dominican Republic,2021,14.0124289062207,-7.92905234231061
DOM,Dominican Republic,2022,5.23795652902595,14.0124289062207
DOM,Dominican Republic,2023,2.19229848237939,5.23795652902595
DOM,Dominican Republic,2024,4.95352204492849,2.19229848237939
DOM,Dominican Republic,2025,2.11739113534632,4.95352204492849
DZA,Algeria,1962,-19.6850418256566,-13.6054413245993
DZA,Algeria,1963,34.3137287803281,-19.6850418256566
DZA,Algeria,1964,5.83941300772857,34.3137287803281
DZA,Algeria,1965,6.20689821107077,5.83941300772857
DZA,Algeria,1966,-4.80497094328264,6.20689821107077
DZA,Algeria,1967,9.45296256280155,-4.80497094328264
DZA,Algeria,1968,10.7962385711022,9.45296256280155
DZA,Algeria,1969,8.4332802824936,10.7962385711022
DZA,Algeria,1970,8.86265711007658,8.4332802824936
DZA,Algeria,1971,-11.3317191682878,8.86265711007658
DZA,Algeria,1972,27.423969480425,-11.3317191682878
DZA,Algeria,1973,3.81317629611722,27.423969480425
DZA,Algeria,1974,7.4949177045299,3.81317629611722
DZA,Algeria,1975,5.04534161267209,7.4949177045299
DZA,Algeria,1976,8.38675648442262,5.04534161267209
DZA,Algeria,1977,5.25858598646316,8.38675648442262
DZA,Algeria,1978,9.21483570068075,5.25858598646316
DZA,Algeria,1979,7.47782655144202,9.21483570068075
DZA,Algeria,1980,0.790606971852654,7.47782655144202
DZA,Algeria,1981,2.99999608841746,0.790606971852654
DZA,Algeria,1982,6.40000411483896,2.99999608841746
DZA,Algeria,1983,5.40000302451797,6.40000411483896
DZA,Algeria,1984,5.59999652938126,5.40000302451797
DZA,Algeria,1985,3.69999725488672,5.59999652938126
DZA,Algeria,1986,0.400001002799627,3.69999725488672
DZA,Algeria,1987,-0.69999752622347,0.400001002799627
DZA,Algeria,1988,-1.00000549065851,-0.69999752622347
DZA,Algeria,1989,4.40000216059909,-1.00000549065851
DZA,Algeria,1990,0.800000580174981,4.40000216059909
DZA,Algeria,1991,-1.2000005864423,0.800000580174981
DZA,Algeria,1992,1.80000230253509,-1.2000005864423
DZA,Algeria,1993,-2.10000075697259,1.80000230253509
DZA,Algeria,1994,-0.899996552970833,-2.10000075697259
DZA,Algeria,1995,3.79999479063817,-0.899996552970833
DZA,Algeria,1996,4.09999847167964,3.79999479063817
DZA,Algeria,1997,1.09999993684249,4.09999847167964
DZA,Algeria,1998,5.10000361107312,1.09999993684249
DZA,Algeria,1999,3.20000155319546,5.10000361107312
DZA,Algeria,2000,3.80000000158476,3.20000155319546
DZA,Algeria,2001,2.99999999863043,3.80000000158476
DZA,Algeria,2002,5.40000000000001,2.99999999863043
DZA,Algeria,2003,6.50000000062043,5.40000000000001
DZA,Algeria,2004,4.49999999976698,6.50000000062043
DZA,Algeria,2005,5.39999999969525,4.49999999976698
DZA,Algeria,2006,2.89999999905852,5.39999999969525
DZA,Algeria,2007,3.10000000128674,2.89999999905852
DZA,Algeria,2008,2.49999999929371,3.10000000128674
DZA,Algeria,2009,1.19999999969519,2.49999999929371
DZA,Algeria,2010,4.80000000093564,1.19999999969519
DZA,Algeria,2011,2.99999999941909,4.80000000093564
DZA,Algeria,2012,2.40000000034432,2.99999999941909
DZA,Algeria,2013,2.60000000061164,2.40000000034432
DZA,Algeria,2014,4.09999999866501,2.60000000061164
DZA,Algeria,2015,3.20000000089023,4.09999999866501
DZA,Algeria,2016,3.90000000017621,3.20000000089023
DZA,Algeria,2017,1.49999999895587,3.90000000017621
DZA,Algeria,2018,1.40000000088281,1.49999999895587
DZA,Algeria,2019,0.899999999219148,1.40000000088281
DZA,Algeria,2020,-4.99999999908597,0.899999999219148
DZA,Algeria,2021,3.79999999900707,-4.99999999908597
DZA,Algeria,2022,3.60000000094915,3.79999999900707
DZA,Algeria,2023,4.10000000005964,3.60000000094915
DZA,Algeria,2024,3.69999999907979,4.10000000005964
DZA,Algeria,2025,3.815543719231,3.69999999907979
EAP,East Asia & Pacific (excluding high income),1962,-0.671882573266274,-13.4344045751135
EAP,East Asia & Pacific (excluding high income),1963,6.46289022242696,-0.671882573266274
EAP,East Asia & Pacific (excluding high income),1964,10.8314233341795,6.46289022242696
EAP,East Asia & Pacific (excluding high income),1965,10.8232227844316,10.8314233341795
EAP,East Asia & Pacific (excluding high income),1966,8.02103841560726,10.8232227844316
EAP,East Asia & Pacific (excluding high income),1967,-1.45214525661203,8.02103841560726
EAP,East Asia & Pacific (excluding high income),1968,1.73284297813565,-1.45214525661203
EAP,East Asia & Pacific (excluding high income),1969,11.4208682798762,1.73284297813565
EAP,East Asia & Pacific (excluding high income),1970,13.4819230456563,11.4208682798762
EAP,East Asia & Pacific (excluding high income),1971,6.77598400854318,13.4819230456563
EAP,East Asia & Pacific (excluding high income),1972,4.89570784906439,6.77598400854318
EAP,East Asia & Pacific (excluding high income),1973,8.26290588161362,4.89570784906439
EAP,East Asia & Pacific (excluding high income),1974,3.92054421848964,8.26290588161362
EAP,East Asia & Pacific (excluding high income),1975,6.7221170857578,3.92054421848964
EAP,East Asia & Pacific (excluding high income),1976,2.756190505473,6.7221170857578
EAP,East Asia & Pacific (excluding high income),1977,7.47121269600338,2.756190505473
EAP,East Asia & Pacific (excluding high income),1978,9.18839333705861,7.47121269600338
EAP,East Asia & Pacific (excluding high income),1979,7.01875053246326,9.18839333705861
EAP,East Asia & Pacific (excluding high income),1980,7.47025436723096,7.01875053246326
EAP,East Asia & Pacific (excluding high income),1981,5.57489190162173,7.47025436723096
EAP,East Asia & Pacific (excluding high income),1982,6.42589380561292,5.57489190162173
EAP,East Asia & Pacific (excluding high income),1983,7.70481841765573,6.42589380561292
EAP,East Asia & Pacific (excluding high income),1984,9.99917644435956,7.70481841765573
EAP,East Asia & Pacific (excluding high income),1985,7.92762799469524,9.99917644435956
EAP,East Asia & Pacific (excluding high income),1986,7.14950492356228,7.92762799469524
EAP,East Asia & Pacific (excluding high income),1987,9.19211808542674,7.14950492356228
EAP,East Asia & Pacific (excluding high income),1988,9.7752673391734,9.19211808542674
EAP,East Asia & Pacific (excluding high income),1989,5.68694500135824,9.7752673391734
EAP,East Asia & Pacific (excluding high income),1990,5.14238308265496,5.68694500135824
EAP,East Asia & Pacific (excluding high income),1991,8.10337883517282,5.14238308265496
EAP,East Asia & Pacific (excluding high income),1992,11.249763473547,8.10337883517282
EAP,East Asia & Pacific (excluding high income),1993,11.3124169387854,11.249763473547
EAP,East Asia & Pacific (excluding high income),1994,10.9554431152616,11.3124169387854
EAP,East Asia & Pacific (excluding high income),1995,9.92524643755659,10.9554431152616
EAP,East Asia & Pacific (excluding high income),1996,9.10426714169775,9.92524643755659
EAP,East Asia & Pacific (excluding high income),1997,7.4029709760437,9.10426714169775
EAP,East Asia & Pacific (excluding high income),1998,3.00545590611354,7.4029709760437
EAP,East Asia & Pacific (excluding high income),1999,6.45424531750574,3.00545590611354
EAP,East Asia & Pacific (excluding high income),2000,7.71948073910235,6.45424531750574
EAP,East Asia & Pacific (excluding high income),2001,6.9886487140419,7.71948073910235
EAP,East Asia & Pacific (excluding high income),2002,8.1495625514987,6.9886487140419
EAP,East Asia & Pacific (excluding high income),2003,9.02065430556848,8.1495625514987
EAP,East Asia & Pacific (excluding high income),2004,9.15582609885088,9.02065430556848
EAP,East Asia & Pacific (excluding high income),2005,10.0457997513716,9.15582609885088
EAP,East Asia & Pacific (excluding high income),2006,11.0706988715604,10.0457997513716
EAP,East Asia & Pacific (excluding high income),2007,12.4522417096462,11.0706988715604
EAP,East Asia & Pacific (excluding high income),2008,8.64761844843865,12.4522417096462
EAP,East Asia & Pacific (excluding high income),2009,8.01868331119975,8.64761844843865
EAP,East Asia & Pacific (excluding high income),2010,9.89414087548133,8.01868331119975
EAP,East Asia & Pacific (excluding high income),2011,8.58533451743794,9.89414087548133
EAP,East Asia & Pacific (excluding high income),2012,7.58043870245959,8.58533451743794
EAP,East Asia & Pacific (excluding high income),2013,7.31723526739178,7.58043870245959
EAP,East Asia & Pacific (excluding high income),2014,7.0222319266325,7.31723526739178
EAP,East Asia & Pacific (excluding high income),2015,6.66372817923681,7.0222319266325
EAP,East Asia & Pacific (excluding high income),2016,6.50852874508779,6.66372817923681
EAP,East Asia & Pacific (excluding high income),2017,6.66666534648019,6.50852874508779
EAP,East Asia & Pacific (excluding high income),2018,6.53800447051142,6.66666534648019
EAP,East Asia & Pacific (excluding high income),2019,5.88489228328295,6.53800447051142
EAP,East Asia & Pacific (excluding high income),2020,1.34340856610488,5.88489228328295
EAP,East Asia & Pacific (excluding high income),2021,7.72023040471529,1.34340856610488
EAP,East Asia & Pacific (excluding high income),2022,3.54917734794495,7.72023040471529
EAP,East Asia & Pacific (excluding high income),2023,5.26014161362973,3.54917734794495
EAP,East Asia & Pacific (excluding high income),2024,4.95407477892253,5.26014161362973
EAP,East Asia & Pacific (excluding high income),2025,4.9444935536329,4.95407477892253
EAR,Early-demographic dividend,1962,4.17311313637769,4.74403520372697
EAR,Early-demographic dividend,1963,5.27497778885953,4.17311313637769
EAR,Early-demographic dividend,1964,8.45181204415846,5.27497778885953
EAR,Early-demographic dividend,1965,6.0844322753458,8.45181204415846
EAR,Early-demographic dividend,1966,4.24214930390099,6.0844322753458
EAR,Early-demographic dividend,1967,5.5711239689192,4.24214930390099
EAR,Early-demographic dividend,1968,7.23083666303152,5.5711239689192
EAR,Early-demographic dividend,1969,6.5580392246175,7.23083666303152
EAR,Early-demographic dividend,1970,8.40861393436607,6.5580392246175
EAR,Early-demographic dividend,1971,5.32765908682006,8.40861393436607
EAR,Early-demographic dividend,1972,6.64946197901858,5.32765908682006
EAR,Early-demographic dividend,1973,7.04961369132204,6.64946197901858
EAR,Early-demographic dividend,1974,6.78951411347457,7.04961369132204
EAR,Early-demographic dividend,1975,2.8949807596096,6.78951411347457
EAR,Early-demographic dividend,1976,7.01130990729266,2.8949807596096
EAR,Early-demographic dividend,1977,4.0259013946598,7.01130990729266
EAR,Early-demographic dividend,1978,2.17015214682583,4.0259013946598
EAR,Early-demographic dividend,1979,4.055350280992,2.17015214682583
EAR,Early-demographic dividend,1980,3.2112902072621,4.055350280992
EAR,Early-demographic dividend,1981,3.63145659325828,3.2112902072621
EAR,Early-demographic dividend,1982,0.523116043406205,3.63145659325828
EAR,Early-demographic dividend,1983,0.317488143786065,0.523116043406205
EAR,Early-demographic dividend,1984,2.12933675513068,0.317488143786065
EAR,Early-demographic dividend,1985,1.0353973345818,2.12933675513068
EAR,Early-demographic dividend,1986,1.53582597392095,1.0353973345818
EAR,Early-demographic dividend,1987,2.92415834478055,1.53582597392095
EAR,Early-demographic dividend,1988,3.24063384510669,2.92415834478055
EAR,Early-demographic dividend,1989,1.97458662833851,3.24063384510669
EAR,Early-demographic dividend,1990,5.08737454573365,1.97458662833851
EAR,Early-demographic dividend,1991,4.40570620454015,5.08737454573365
EAR,Early-demographic dividend,1992,4.12389735723673,4.40570620454015
EAR,Early-demographic dividend,1993,3.51717704559715,4.12389735723673
EAR,Early-demographic dividend,1994,3.34856414255907,3.51717704559715
EAR,Early-demographic dividend,1995,2.52725795628659,3.34856414255907
EAR,Early-demographic dividend,1996,5.702527207179,2.52725795628659
EAR,Early-demographic dividend,1997,4.96955533463415,5.702527207179
EAR,Early-demographic dividend,1998,2.39618595196691,4.96955533463415
EAR,Early-demographic dividend,1999,2.2257369867976,2.39618595196691
EAR,Early-demographic dividend,2000,4.36510343272212,2.2257369867976
EAR,Early-demographic dividend,2001,1.21366729754186,4.36510343272212
EAR,Early-demographic dividend,2002,1.75465322460306,1.21366729754186
EAR,Early-demographic dividend,2003,4.94950591739538,1.75465322460306
EAR,Early-demographic dividend,2004,6.36586548140785,4.94950591739538
EAR,Early-demographic dividend,2005,5.97001818863059,6.36586548140785
EAR,Early-demographic dividend,2006,6.14264964315907,5.97001818863059
EAR,Early-demographic dividend,2007,5.77038884068696,6.14264964315907
EAR,Early-demographic dividend,2008,3.49041426700092,5.77038884068696
EAR,Early-demographic dividend,2009,0.655851893556942,3.49041426700092
EAR,Early-demographic dividend,2010,6.38059450478228,0.655851893556942
EAR,Early-demographic dividend,2011,4.95819877551402,6.38059450478228
EAR,Early-demographic dividend,2012,4.23328826662316,4.95819877551402
EAR,Early-demographic dividend,2013,4.03848297590133,4.23328826662316
EAR,Early-demographic dividend,2014,3.99422690284999,4.03848297590133
EAR,Early-demographic dividend,2015,4.25265763904281,3.99422690284999
EAR,Early-demographic dividend,2016,4.14710614319185,4.25265763904281
EAR,Early-demographic dividend,2017,4.49000658496557,4.14710614319185
EAR,Early-demographic dividend,2018,3.61280978921729,4.49000658496557
EAR,Early-demographic dividend,2019,2.27263621294111,3.61280978921729
EAR,Early-demographic dividend,2020,-4.28342682037605,2.27263621294111
EAR,Early-demographic dividend,2021,7.50689561708779,-4.28342682037605
EAR,Early-demographic dividend,2022,6.02429179462496,7.50689561708779
EAR,Early-demographic dividend,2023,4.12336017326531,6.02429179462496
EAR,Early-demographic dividend,2024,3.86155873347995,4.12336017326531
EAR,Early-demographic dividend,2025,4.3721639998719,3.86155873347995
EAS,East Asia & Pacific,1962,5.46219178024398,3.84100974174714
EAS,East Asia & Pacific,1963,7.77157062401071,5.46219178024398
EAS,East Asia & Pacific,1964,10.4132676475615,7.77157062401071
EAS,East Asia & Pacific,1965,6.97184563410373,10.4132676475615
EAS,East Asia & Pacific,1966,8.62575292090406,6.97184563410373
EAS,East Asia & Pacific,1967,7.36205577960622,8.62575292090406
EAS,East Asia & Pacific,1968,9.34178946926849,7.36205577960622
EAS,East Asia & Pacific,1969,11.4906829526651,9.34178946926849
EAS,East Asia & Pacific,1970,3.88234088552524,11.4906829526651
EAS,East Asia & Pacific,1971,5.28049324395568,3.88234088552524
EAS,East Asia & Pacific,1972,7.17082513663321,5.28049324395568
EAS,East Asia & Pacific,1973,7.67152297103704,7.17082513663321
EAS,East Asia & Pacific,1974,1.00467184221354,7.67152297103704
EAS,East Asia & Pacific,1975,3.54851016156161,1.00467184221354
EAS,East Asia & Pacific,1976,4.18108881483148,3.54851016156161
EAS,East Asia & Pacific,1977,5.19862502546493,4.18108881483148
EAS,East Asia & Pacific,1978,5.79868152599808,5.19862502546493
EAS,East Asia & Pacific,1979,5.92909385519238,5.79868152599808
EAS,East Asia & Pacific,1980,3.74318301879084,5.92909385519238
EAS,East Asia & Pacific,1981,4.60526930324899,3.74318301879084
EAS,East Asia & Pacific,1982,4.17119731662849,4.60526930324899
EAS,East Asia & Pacific,1983,4.36867249139932,4.17119731662849
EAS,East Asia & Pacific,1984,6.21130632899232,4.36867249139932
EAS,East Asia & Pacific,1985,5.7476611771643,6.21130632899232
EAS,East Asia & Pacific,1986,4.9424625500736,5.7476611771643
EAS,East Asia & Pacific,1987,6.32074483070927,4.9424625500736
EAS,East Asia & Pacific,1988,7.68125239019686,6.32074483070927
EAS,East Asia & Pacific,1989,5.11166716548523,7.68125239019686
EAS,East Asia & Pacific,1990,5.10788769844861,5.11166716548523
EAS,East Asia & Pacific,1991,4.83424481545718,5.10788769844861
EAS,East Asia & Pacific,1992,4.22572033217369,4.83424481545718
EAS,East Asia & Pacific,1993,4.17792742885939,4.22572033217369
EAS,East Asia & Pacific,1994,5.20260586438349,4.17792742885939
EAS,East Asia & Pacific,1995,5.56150966710283,5.20260586438349
EAS,East Asia & Pacific,1996,5.6173695357258,5.56150966710283
EAS,East Asia & Pacific,1997,4.26377419393194,5.6173695357258
EAS,East Asia & Pacific,1998,0.269363963469971,4.26377419393194
EAS,East Asia & Pacific,1999,3.79107128028222,0.269363963469971
EAS,East Asia & Pacific,2000,5.53250269527052,3.79107128028222
EAS,East Asia & Pacific,2001,3.26466618829393,5.53250269527052
EAS,East Asia & Pacific,2002,4.44311397537385,3.26466618829393
EAS,East Asia & Pacific,2003,4.92170965026801,4.44311397537385
EAS,East Asia & Pacific,2004,5.8618875785827,4.92170965026801
EAS,East Asia & Pacific,2005,5.95866760278074,5.8618875785827
EAS,East Asia & Pacific,2006,6.52205902973589,5.95866760278074
EAS,East Asia & Pacific,2007,7.54059783352584,6.52205902973589
EAS,East Asia & Pacific,2008,4.42839504983037,7.54059783352584
EAS,East Asia & Pacific,2009,2.5280347869773,4.42839504983037
EAS,East Asia & Pacific,2010,7.62507918660509,2.5280347869773
EAS,East Asia & Pacific,2011,5.38208683103147,7.62507918660509
EAS,East Asia & Pacific,2012,5.26477108258987,5.38208683103147
EAS,East Asia & Pacific,2013,5.26825336357302,5.26477108258987
EAS,East Asia & Pacific,2014,4.9189377834641,5.26825336357302
EAS,East Asia & Pacific,2015,4.75890325549717,4.9189377834641
EAS,East Asia & Pacific,2016,4.63114688285732,4.75890325549717
EAS,East Asia & Pacific,2017,5.03667021498299,4.63114688285732
EAS,East Asia & Pacific,2018,4.81200310102888,5.03667021498299
EAS,East Asia & Pacific,2019,4.04090596808282,4.81200310102888
EAS,East Asia & Pacific,2020,-0.0906651751610497,4.04090596808282
EAS,East Asia & Pacific,2021,6.48037639158159,-0.0906651751610497
EAS,East Asia & Pacific,2022,3.05155877820648,6.48037639158159
EAS,East Asia & Pacific,2023,4.07119548974431,3.05155877820648
EAS,East Asia & Pacific,2024,3.72534172801831,4.07119548974431
EAS,East Asia & Pacific,2025,3.99734138634533,3.72534172801831
ECA,Europe & Central Asia (excluding high income),1989,1.25416022198573,3.32251205265899
ECA,Europe & Central Asia (excluding high income),1990,2.76558251296409,1.25416022198573
ECA,Europe & Central Asia (excluding high income),1991,-4.6594196081638,2.76558251296409
ECA,Europe & Central Asia (excluding high income),1992,-4.73519333002204,-4.6594196081638
ECA,Europe & Central Asia (excluding high income),1993,-2.02746419815909,-4.73519333002204
ECA,Europe & Central Asia (excluding high income),1994,-9.96724836566054,-2.02746419815909
ECA,Europe & Central Asia (excluding high income),1995,0.947738127206605,-9.96724836566054
ECA,Europe & Central Asia (excluding high income),1996,3.81186000398405,0.947738127206605
ECA,Europe & Central Asia (excluding high income),1997,5.46946101923554,3.81186000398405
ECA,Europe & Central Asia (excluding high income),1998,2.06066914907899,5.46946101923554
ECA,Europe & Central Asia (excluding high income),1999,-1.11033911400912,2.06066914907899
ECA,Europe & Central Asia (excluding high income),2000,6.7961142740299,-1.11033911400912
ECA,Europe & Central Asia (excluding high income),2001,0.0867845934586313,6.7961142740299
ECA,Europe & Central Asia (excluding high income),2002,6.38607865831898,0.0867845934586313
ECA,Europe & Central Asia (excluding high income),2003,6.60632485976573,6.38607865831898
ECA,Europe & Central Asia (excluding high income),2004,9.59739774214208,6.60632485976573
ECA,Europe & Central Asia (excluding high income),2005,8.52828763224443,9.59739774214208
ECA,Europe & Central Asia (excluding high income),2006,8.24200882931629,8.52828763224443
ECA,Europe & Central Asia (excluding high income),2007,7.18873517265573,8.24200882931629
ECA,Europe & Central Asia (excluding high income),2008,3.1201208361221,7.18873517265573
ECA,Europe & Central Asia (excluding high income),2009,-3.44364453642794,3.1201208361221
ECA,Europe & Central Asia (excluding high income),2010,7.12840858949988,-3.44364453642794
ECA,Europe & Central Asia (excluding high income),2011,8.35834122654838,7.12840858949988
ECA,Europe & Central Asia (excluding high income),2012,4.09057228077401,8.35834122654838
ECA,Europe & Central Asia (excluding high income),2013,6.55722402169654,4.09057228077401
ECA,Europe & Central Asia (excluding high income),2014,3.25564045264228,6.55722402169654
ECA,Europe & Central Asia (excluding high income),2015,3.4855285083172,3.25564045264228
ECA,Europe & Central Asia (excluding high income),2016,2.85797309720172,3.4855285083172
ECA,Europe & Central Asia (excluding high income),2017,6.00896760124667,2.85797309720172
ECA,Europe & Central Asia (excluding high income),2018,3.78753357770429,6.00896760124667
ECA,Europe & Central Asia (excluding high income),2019,2.61922676231219,3.78753357770429
ECA,Europe & Central Asia (excluding high income),2020,0.29079640989535,2.61922676231219
ECA,Europe & Central Asia (excluding high income),2021,9.27987062914227,0.29079640989535
ECA,Europe & Central Asia (excluding high income),2022,3.11188050867233,9.27987062914227
ECA,Europe & Central Asia (excluding high income),2023,5.05062997543834,3.11188050867233
ECA,Europe & Central Asia (excluding high income),2024,4.05695234474402,5.05062997543834
ECA,Europe & Central Asia (excluding high income),2025,4.20093767131738,4.05695234474402
ECS,Europe & Central Asia,1962,4.6691855226407,5.05887120185645
ECS,Europe & Central Asia,1963,4.88055018102527,4.6691855226407
ECS,Europe & Central Asia,1964,5.9339319115103,4.88055018102527
ECS,Europe & Central Asia,1965,4.55342002651639,5.9339319115103
ECS,Europe & Central Asia,1966,3.78309653027354,4.55342002651639
ECS,Europe & Central Asia,1967,3.46582938738129,3.78309653027354
ECS,Europe & Central Asia,1968,5.42802628746341,3.46582938738129
ECS,Europe & Central Asia,1969,5.9151480162446,5.42802628746341
ECS,Europe & Central Asia,1970,4.99566107164766,5.9151480162446
ECS,Europe & Central Asia,1971,3.31627573229648,4.99566107164766
ECS,Europe & Central Asia,1972,4.51976875649245,3.31627573229648
ECS,Europe & Central Asia,1973,6.05203631741527,4.51976875649245
ECS,Europe & Central Asia,1974,2.41113460486379,6.05203631741527
ECS,Europe & Central Asia,1975,-0.202069562877767,2.41113460486379
ECS,Europe & Central Asia,1976,4.49854737052149,-0.202069562877767
ECS,Europe & Central Asia,1977,2.69059128081501,4.49854737052149
ECS,Europe & Central Asia,1978,3.04639959245337,2.69059128081501
ECS,Europe & Central Asia,1979,3.6234983276846,3.04639959245337
ECS,Europe & Central Asia,1980,1.34746975013394,3.6234983276846
ECS,Europe & Central Asia,1981,0.392684204735133,1.34746975013394
ECS,Europe & Central Asia,1982,1.07569700999348,0.392684204735133
ECS,Europe & Central Asia,1983,1.9151858911335,1.07569700999348
ECS,Europe & Central Asia,1984,2.78539502881962,1.9151858911335
ECS,Europe & Central Asia,1985,2.61757602311916,2.78539502881962
ECS,Europe & Central Asia,1986,2.91813279571321,2.61757602311916
ECS,Europe & Central Asia,1987,3.03986614325218,2.91813279571321
ECS,Europe & Central Asia,1988,4.07098534007471,3.03986614325218
ECS,Europe & Central Asia,1989,3.40833351000343,4.07098534007471
ECS,Europe & Central Asia,1990,2.19453353603089,3.40833351000343
ECS,Europe & Central Asia,1991,0.149867916179744,2.19453353603089
ECS,Europe & Central Asia,1992,-0.630389965930306,0.149867916179744
ECS,Europe & Central Asia,1993,-0.700118952818684,-0.630389965930306
ECS,Europe & Central Asia,1994,1.49575247301779,-0.700118952818684
ECS,Europe & Central Asia,1995,2.44839349507326,1.49575247301779
ECS,Europe & Central Asia,1996,1.81032997394175,2.44839349507326
ECS,Europe & Central Asia,1997,3.08059221645591,1.81032997394175
ECS,Europe & Central Asia,1998,2.56891134387389,3.08059221645591
ECS,Europe & Central Asia,1999,2.90387193953893,2.56891134387389
ECS,Europe & Central Asia,2000,4.39968133524387,2.90387193953893
ECS,Europe & Central Asia,2001,2.23142716888731,4.39968133524387
ECS,Europe & Central Asia,2002,1.57910519144795,2.23142716888731
ECS,Europe & Central Asia,2003,1.82009404804488,1.57910519144795
ECS,Europe & Central Asia,2004,3.18158585712092,1.82009404804488
ECS,Europe & Central Asia,2005,2.73707462832897,3.18158585712092
ECS,Europe & Central Asia,2006,3.89587162590162,2.73707462832897
ECS,Europe & Central Asia,2007,3.7038360333961,3.89587162590162
ECS,Europe & Central Asia,2008,1.02523144667981,3.7038360333961
ECS,Europe & Central Asia,2009,-4.40809425015892,1.02523144667981
ECS,Europe & Central Asia,2010,2.63832249163517,-4.40809425015892
ECS,Europe & Central Asia,2011,2.32357528634286,2.63832249163517
ECS,Europe & Central Asia,2012,0.320243354807246,2.32357528634286
ECS,Europe & Central Asia,2013,0.876266761669413,0.320243354807246
ECS,Europe & Central Asia,2014,1.94365333398217,0.876266761669413
ECS,Europe & Central Asia,2015,2.07832382006356,1.94365333398217
ECS,Europe & Central Asia,2016,1.90825385031148,2.07832382006356
ECS,Europe & Central Asia,2017,2.96168679697557,1.90825385031148
ECS,Europe & Central Asia,2018,2.18261664657453,2.96168679697557
ECS,Europe & Central Asia,2019,1.83149788108096,2.18261664657453
ECS,Europe & Central Asia,2020,-5.37584934879737,1.83149788108096
ECS,Europe & Central Asia,2021,6.82460720354004,-5.37584934879737
ECS,Europe & Central Asia,2022,3.42810235027954,6.82460720354004
ECS,Europe & Central Asia,2023,1.04695405528739,3.42810235027954
ECS,Europe & Central Asia,2024,1.61092975636407,1.04695405528739
ECS,Europe & Central Asia,2025,1.703297097267,1.61092975636407
ECU,Ecuador,1962,4.91914694399127,5.12441487887448
ECU,Ecuador,1963,2.10636824719379,4.91914694399127
ECU,Ecuador,1964,7.40724535940373,2.10636824719379
ECU,Ecuador,1965,3.27508248987445,7.40724535940373
ECU,Ecuador,1966,-0.33952563927852,3.27508248987445
ECU,Ecuador,1967,4.62107394346161,-0.33952563927852
ECU,Ecuador,1968,1.90943839737609,4.62107394346161
ECU,Ecuador,1969,4.66923798208919,1.90943839737609
ECU,Ecuador,1970,6.87192932488124,4.66923798208919
ECU,Ecuador,1971,6.29260619739669,6.87192932488124
ECU,Ecuador,1972,5.01764070581541,6.29260619739669
ECU,Ecuador,1973,13.9506821300277,5.01764070581541
ECU,Ecuador,1974,11.208509630308,13.9506821300277
ECU,Ecuador,1975,10.9721540022298,11.208509630308
ECU,Ecuador,1976,7.39718761871015,10.9721540022298
ECU,Ecuador,1977,1.6048421092884,7.39718761871015
ECU,Ecuador,1978,5.70682494541619,1.6048421092884
ECU,Ecuador,1979,3.73404840305636,5.70682494541619
ECU,Ecuador,1980,3.70868296743329,3.73404840305636
ECU,Ecuador,1981,5.61286412023385,3.70868296743329
ECU,Ecuador,1982,0.614845351988635,5.61286412023385
ECU,Ecuador,1983,-0.336868770002951,0.614845351988635
ECU,Ecuador,1984,2.62527326806389,-0.336868770002951
ECU,Ecuador,1985,3.93500141252335,2.62527326806389
ECU,Ecuador,1986,3.46478251574867,3.93500141252335
ECU,Ecuador,1987,-0.259098708877119,3.46478251574867
ECU,Ecuador,1988,5.89046729088525,-0.259098708877119
ECU,Ecuador,1989,1.00577794490313,5.89046729088525
ECU,Ecuador,1990,3.67991405308877,1.00577794490313
ECU,Ecuador,1991,4.29134246404705,3.67991405308877
ECU,Ecuador,1992,2.11431064978969,4.29134246404705
ECU,Ecuador,1993,1.97321813678619,2.11431064978969
ECU,Ecuador,1994,4.25825042741626,1.97321813678619
ECU,Ecuador,1995,2.25254865225104,4.25825042741626
ECU,Ecuador,1996,1.73174762607862,2.25254865225104
ECU,Ecuador,1997,4.32786475767577,1.73174762607862
ECU,Ecuador,1998,3.26652934570988,4.32786475767577
ECU,Ecuador,1999,-4.73938585363382,3.26652934570988
ECU,Ecuador,2000,1.09180164720277,-4.73938585363382
ECU,Ecuador,2001,4.20627185748789,1.09180164720277
ECU,Ecuador,2002,4.92809549611376,4.20627185748789
ECU,Ecuador,2003,2.88450036512064,4.92809549611376
ECU,Ecuador,2004,6.83239736646514,2.88450036512064
ECU,Ecuador,2005,5.39862243994342,6.83239736646514
ECU,Ecuador,2006,4.34113198577639,5.39862243994342
ECU,Ecuador,2007,1.90242859700484,4.34113198577639
ECU,Ecuador,2008,6.56492068224719,1.90242859700484
ECU,Ecuador,2009,1.0910129698311,6.56492068224719
ECU,Ecuador,2010,4.02913787986621,1.0910129698311
ECU,Ecuador,2011,8.48147656332823,4.02913787986621
ECU,Ecuador,2012,5.783212336172,8.48147656332823
ECU,Ecuador,2013,7.21123653679159,5.783212336172
ECU,Ecuador,2014,4.22606520388456,7.21123653679159
ECU,Ecuador,2015,0.119692109287612,4.22606520388456
ECU,Ecuador,2016,-0.687954245877947,0.119692109287612
ECU,Ecuador,2017,5.97039880954841,-0.687954245877947
ECU,Ecuador,2018,1.04429460679607,5.97039880954841
ECU,Ecuador,2019,0.1654044646003,1.04429460679607
ECU,Ecuador,2020,-9.24509619165865,0.1654044646003
ECU,Ecuador,2021,9.42189269033631,-9.24509619165865
ECU,Ecuador,2022,5.86842354862311,9.42189269033631
ECU,Ecuador,2023,1.8328406107788,5.86842354862311
ECU,Ecuador,2024,-1.94409022506859,1.8328406107788
ECU,Ecuador,2025,3.72594857272087,-1.94409022506859
EGY,"Egypt, Arab Rep.",1962,3.87561672369634,5.16111414342448
EGY,"Egypt, Arab Rep.",1963,10.5180926173666,3.87561672369634
EGY,"Egypt, Arab Rep.",1964,11.5075774740325,10.5180926173666
EGY,"Egypt, Arab Rep.",1965,4.91404229223662,11.5075774740325
EGY,"Egypt, Arab Rep.",1966,5.04640371248233,4.91404229223662
EGY,"Egypt, Arab Rep.",1967,0.805264127039209,5.04640371248233
EGY,"Egypt, Arab Rep.",1968,-1.60679234956356,0.805264127039209
EGY,"Egypt, Arab Rep.",1969,5.27951751357089,-1.60679234956356
EGY,"Egypt, Arab Rep.",1970,5.59851503851672,5.27951751357089
EGY,"Egypt, Arab Rep.",1971,4.05734632653112,5.59851503851672
EGY,"Egypt, Arab Rep.",1972,3.05568062514286,4.05734632653112
EGY,"Egypt, Arab Rep.",1973,3.50683016247268,3.05568062514286
EGY,"Egypt, Arab Rep.",1974,1.55893857170508,3.50683016247268
EGY,"Egypt, Arab Rep.",1975,8.93914715890884,1.55893857170508
EGY,"Egypt, Arab Rep.",1976,13.2796894430741,8.93914715890884
EGY,"Egypt, Arab Rep.",1977,9.00304426675032,13.2796894430741
EGY,"Egypt, Arab Rep.",1978,8.62876764493188,9.00304426675032
EGY,"Egypt, Arab Rep.",1979,4.54768962839718,8.62876764493188
EGY,"Egypt, Arab Rep.",1980,10.0113290379907,4.54768962839718
EGY,"Egypt, Arab Rep.",1981,7.3485538963286,10.0113290379907
EGY,"Egypt, Arab Rep.",1982,9.90717113397825,7.3485538963286
EGY,"Egypt, Arab Rep.",1983,5.09440684048046,9.90717113397825
EGY,"Egypt, Arab Rep.",1984,9.74576271171259,5.09440684048046
EGY,"Egypt, Arab Rep.",1985,5.79150579142357,9.74576271171259
EGY,"Egypt, Arab Rep.",1986,4.74452554738158,5.79150579142357
EGY,"Egypt, Arab Rep.",1987,3.83275261319132,4.74452554738158
EGY,"Egypt, Arab Rep.",1988,5.46132049551341,3.83275261319132
EGY,"Egypt, Arab Rep.",1989,4.92086860390228,5.46132049551341
EGY,"Egypt, Arab Rep.",1990,5.66702915715818,4.92086860390228
EGY,"Egypt, Arab Rep.",1991,1.12540459520747,5.66702915715818
EGY,"Egypt, Arab Rep.",1992,4.47285918408184,1.12540459520747
EGY,"Egypt, Arab Rep.",1993,2.90079079959442,4.47285918408184
EGY,"Egypt, Arab Rep.",1994,3.97317218034541,2.90079079959442
EGY,"Egypt, Arab Rep.",1995,4.64245877240639,3.97317218034541
EGY,"Egypt, Arab Rep.",1996,4.98873056512208,4.64245877240639
EGY,"Egypt, Arab Rep.",1997,5.49235474302942,4.98873056512208
EGY,"Egypt, Arab Rep.",1998,5.575497460986,5.49235474302942
EGY,"Egypt, Arab Rep.",1999,6.05343878467555,5.575497460986
EGY,"Egypt, Arab Rep.",2000,6.37000382991766,6.05343878467555
EGY,"Egypt, Arab Rep.",2001,3.53525197391507,6.37000382991766
EGY,"Egypt, Arab Rep.",2002,2.39020402675627,3.53525197391507
EGY,"Egypt, Arab Rep.",2003,3.19345473756772,2.39020402675627
EGY,"Egypt, Arab Rep.",2004,4.09207161019908,3.19345473756772
EGY,"Egypt, Arab Rep.",2005,4.4717444710621,4.09207161019908
EGY,"Egypt, Arab Rep.",2006,6.84383819369884,4.4717444710621
EGY,"Egypt, Arab Rep.",2007,7.08782742675582,6.84383819369884
EGY,"Egypt, Arab Rep.",2008,7.15628356711522,7.08782742675582
EGY,"Egypt, Arab Rep.",2009,4.67359980000663,7.15628356711522
EGY,"Egypt, Arab Rep.",2010,5.14723485746742,4.67359980000663
EGY,"Egypt, Arab Rep.",2011,1.76457194806041,5.14723485746742
EGY,"Egypt, Arab Rep.",2012,2.22619979818487,1.76457194806041
EGY,"Egypt, Arab Rep.",2013,2.18546605363386,2.22619979818487
EGY,"Egypt, Arab Rep.",2014,2.91591188052836,2.18546605363386
EGY,"Egypt, Arab Rep.",2015,4.37201907781687,2.91591188052836
EGY,"Egypt, Arab Rep.",2016,4.34664345601914,4.37201907781687
EGY,"Egypt, Arab Rep.",2017,4.18122099961562,4.34664345601914
EGY,"Egypt, Arab Rep.",2018,5.33110861887155,4.18122099961562
EGY,"Egypt, Arab Rep.",2019,5.55209307084222,5.33110861887155
EGY,"Egypt, Arab Rep.",2020,3.55016483883115,5.55209307084222
EGY,"Egypt, Arab Rep.",2021,3.29064601193245,3.55016483883115
EGY,"Egypt, Arab Rep.",2022,6.58784560870467,3.29064601193245
EGY,"Egypt, Arab Rep.",2023,3.76028052279247,6.58784560870467
EGY,"Egypt, Arab Rep.",2024,2.3991692678251,3.76028052279247
EGY,"Egypt, Arab Rep.",2025,4.39201068570188,2.3991692678251
EMU,Euro area,1962,5.76034991734835,5.74272236589715
EMU,Euro area,1963,4.87497310584706,5.76034991734835
EMU,Euro area,1964,5.86676511417907,4.87497310584706
EMU,Euro area,1965,5.04487251870079,5.86676511417907
EMU,Euro area,1966,4.38855309655521,5.04487251870079
EMU,Euro area,1967,3.44115723103846,4.38855309655521
EMU,Euro area,1968,5.67871703109088,3.44115723103846
EMU,Euro area,1969,7.1307026547254,5.67871703109088
EMU,Euro area,1970,5.6093297316649,7.1307026547254
EMU,Euro area,1971,3.75772103299079,5.6093297316649
EMU,Euro area,1972,4.89280758208707,3.75772103299079
EMU,Euro area,1973,6.11832631721319,4.89280758208707
EMU,Euro area,1974,3.23081321468426,6.11832631721319
EMU,Euro area,1975,-0.769016483624767,3.23081321468426
EMU,Euro area,1976,5.02555970333067,-0.769016483624767
EMU,Euro area,1977,3.10171838127036,5.02555970333067
EMU,Euro area,1978,3.11205157455316,3.10171838127036
EMU,Euro area,1979,3.90271272905294,3.11205157455316
EMU,Euro area,1980,2.18187173719868,3.90271272905294
EMU,Euro area,1981,0.566632872166565,2.18187173719868
EMU,Euro area,1982,0.697140510392387,0.566632872166565
EMU,Euro area,1983,1.40601225766872,0.697140510392387
EMU,Euro area,1984,2.40979029247559,1.40601225766872
EMU,Euro area,1985,2.30676757298254,2.40979029247559
EMU,Euro area,1986,2.52839415150781,2.30676757298254
EMU,Euro area,1987,2.55163155946553,2.52839415150781
EMU,Euro area,1988,4.35548720992394,2.55163155946553
EMU,Euro area,1989,4.06697760912078,4.35548720992394
EMU,Euro area,1990,3.52081468589162,4.06697760912078
EMU,Euro area,1991,2.31199775321149,3.52081468589162
EMU,Euro area,1992,1.08636971676552,2.31199775321149
EMU,Euro area,1993,-0.685794729393407,1.08636971676552
EMU,Euro area,1994,2.51257216412849,-0.685794729393407
EMU,Euro area,1995,2.47104932313979,2.51257216412849
EMU,Euro area,1996,1.75618481429734,2.47104932313979
EMU,Euro area,1997,2.6964567975082,1.75618481429734
EMU,Euro area,1998,3.00309976675726,2.6964567975082
EMU,Euro area,1999,2.97156201295246,3.00309976675726
EMU,Euro area,2000,3.90347314568078,2.97156201295246
EMU,Euro area,2001,2.19003494343926,3.90347314568078
EMU,Euro area,2002,0.961839553423374,2.19003494343926
EMU,Euro area,2003,0.767586747443971,0.961839553423374
EMU,Euro area,2004,2.32594393008132,0.767586747443971
EMU,Euro area,2005,1.79011534612007,2.32594393008132
EMU,Euro area,2006,3.33733486627055,1.79011534612007
EMU,Euro area,2007,3.02499371345013,3.33733486627055
EMU,Euro area,2008,0.432969401075084,3.02499371345013
EMU,Euro area,2009,-4.47805035961746,0.432969401075084
EMU,Euro area,2010,2.1158694775215,-4.47805035961746
EMU,Euro area,2011,1.77884441456963,2.1158694775215
EMU,Euro area,2012,-0.913859085753131,1.77884441456963
EMU,Euro area,2013,-0.168322337087545,-0.913859085753131
EMU,Euro area,2014,1.45371535311074,-0.168322337087545
EMU,Euro area,2015,2.14894477032594,1.45371535311074
EMU,Euro area,2016,1.80681433573471,2.14894477032594
EMU,Euro area,2017,2.62315671239708,1.80681433573471
EMU,Euro area,2018,1.78229304985051,2.62315671239708
EMU,Euro area,2019,1.63208944796722,1.78229304985051
EMU,Euro area,2020,-6.04374915754508,1.63208944796722
EMU,Euro area,2021,6.44349747359811,-6.04374915754508
EMU,Euro area,2022,3.66468497532753,6.44349747359811
EMU,Euro area,2023,0.460070365687699,3.66468497532753
EMU,Euro area,2024,0.938707263867073,0.460070365687699
EMU,Euro area,2025,1.41107242318353,0.938707263867073
ESP,Spain,1962,9.95343823186656,11.8386744503902
ESP,Spain,1963,9.59649901930561,9.95343823186656
ESP,Spain,1964,5.30851044597863,9.59649901930561
ESP,Spain,1965,6.25313501090316,5.30851044597863
ESP,Spain,1966,7.24606020058305,6.25313501090316
ESP,Spain,1967,4.34033831645002,7.24606020058305
ESP,Spain,1968,6.59702019075823,4.34033831645002
ESP,Spain,1969,8.90701540575571,6.59702019075823
ESP,Spain,1970,4.24497088667341,8.90701540575571
ESP,Spain,1971,4.64947364578497,4.24497088667341
ESP,Spain,1972,8.14974586367205,4.64947364578497
ESP,Spain,1973,7.7884653422601,8.14974586367205
ESP,Spain,1974,5.61878564719633,7.7884653422601
ESP,Spain,1975,0.542203343297047,5.61878564719633
ESP,Spain,1976,3.30379140860018,0.542203343297047
ESP,Spain,1977,2.83857436106388,3.30379140860018
ESP,Spain,1978,1.46300333315605,2.83857436106388
ESP,Spain,1979,0.0415465166768456,1.46300333315605
ESP,Spain,1980,2.20872810257116,0.0415465166768456
ESP,Spain,1981,-0.13246859717357,2.20872810257116
ESP,Spain,1982,1.2464617922282,-0.13246859717357
ESP,Spain,1983,1.77011581051299,1.2464617922282
ESP,Spain,1984,1.78468751370853,1.77011581051299
ESP,Spain,1985,2.3214357659951,1.78468751370853
ESP,Spain,1986,3.25332169179885,2.3214357659951
ESP,Spain,1987,5.54712273579352,3.25332169179885
ESP,Spain,1988,5.09432412898086,5.54712273579352
ESP,Spain,1989,4.82703031299745,5.09432412898086
ESP,Spain,1990,3.7813935513235,4.82703031299745
ESP,Spain,1991,2.54600049647455,3.7813935513235
ESP,Spain,1992,0.929215482921151,2.54600049647455
ESP,Spain,1993,-1.03149183695307,0.929215482921151
ESP,Spain,1994,2.38319537908909,-1.03149183695307
ESP,Spain,1995,2.75749400293542,2.38319537908909
ESP,Spain,1996,2.60741117110229,2.75749400293542
ESP,Spain,1997,3.58729972356299,2.60741117110229
ESP,Spain,1998,4.30197745333581,3.58729972356299
ESP,Spain,1999,4.40886545305924,4.30197745333581
ESP,Spain,2000,5.20064125553942,4.40886545305924
ESP,Spain,2001,3.91908880808811,5.20064125553942
ESP,Spain,2002,2.75545611564098,3.91908880808811
ESP,Spain,2003,2.9392895953076,2.75545611564098
ESP,Spain,2004,3.1145314799161,2.9392895953076
ESP,Spain,2005,3.5512255846125,3.1145314799161
ESP,Spain,2006,4.04343515605099,3.5512255846125
ESP,Spain,2007,3.53350013165972,4.04343515605099
ESP,Spain,2008,0.767165748290694,3.53350013165972
ESP,Spain,2009,-3.76813306940053,0.767165748290694
ESP,Spain,2010,0.0941223116369514,-3.76813306940053
ESP,Spain,2011,-0.639920636520344,0.0941223116369514
ESP,Spain,2012,-2.86511368637748,-0.639920636520344
ESP,Spain,2013,-1.42732224757626,-2.86511368637748
ESP,Spain,2014,1.52048593647231,-1.42732224757626
ESP,Spain,2015,4.06086672473866,1.52048593647231
ESP,Spain,2016,2.91515598595787,4.06086672473866
ESP,Spain,2017,2.89604207865007,2.91515598595787
ESP,Spain,2018,2.39541124478878,2.89604207865007
ESP,Spain,2019,1.96117850841711,2.39541124478878
ESP,Spain,2020,-10.9400706350371,1.96117850841711
ESP,Spain,2021,6.68314420473001,-10.9400706350371
ESP,Spain,2022,6.37031712129601,6.68314420473001
ESP,Spain,2023,2.46085796805582,6.37031712129601
ESP,Spain,2024,3.45525405630191,2.46085796805582
ESP,Spain,2025,2.82495400578509,3.45525405630191
EST,Estonia,1992,-21.1686553650031,-7.99984543758373
EST,Estonia,1993,-5.74049004899702,-21.1686553650031
EST,Estonia,1994,-1.6424292041964,-5.74049004899702
EST,Estonia,1995,4.52668338927012,-1.6424292041964
EST,Estonia,1996,4.94301226131752,4.52668338927012
EST,Estonia,1997,13.0500207047869,4.94301226131752
EST,Estonia,1998,4.33982761193587,13.0500207047869
EST,Estonia,1999,-0.425025372086623,4.33982761193587
EST,Estonia,2000,10.0876385800462,-0.425025372086623
EST,Estonia,2001,5.88074589534277,10.0876385800462
EST,Estonia,2002,6.93300082616575,5.88074589534277
EST,Estonia,2003,7.59630181032645,6.93300082616575
EST,Estonia,2004,6.80070110758655,7.59630181032645
EST,Estonia,2005,9.52305386462066,6.80070110758655
EST,Estonia,2006,9.76257131206653,9.52305386462066
EST,Estonia,2007,7.57091879311882,9.76257131206653
EST,Estonia,2008,-5.12531154308803,7.57091879311882
EST,Estonia,2009,-14.6302225427906,-5.12531154308803
EST,Estonia,2010,2.4497502063999,-14.6302225427906
EST,Estonia,2011,7.60697458913162,2.4497502063999
EST,Estonia,2012,3.67201872506541,7.60697458913162
EST,Estonia,2013,1.75649379621869,3.67201872506541
EST,Estonia,2014,3.32278988182702,1.75649379621869
EST,Estonia,2015,1.83815262882932,3.32278988182702
EST,Estonia,2016,3.09301920751959,1.83815262882932
EST,Estonia,2017,5.63467248963991,3.09301920751959
EST,Estonia,2018,3.69969756161726,5.63467248963991
EST,Estonia,2019,3.72664943466884,3.69969756161726
EST,Estonia,2020,-2.88380751483778,3.72664943466884
EST,Estonia,2021,8.25488044580031,-2.88380751483778
EST,Estonia,2022,-1.22616966587796,8.25488044580031
EST,Estonia,2023,-2.74421914571231,-1.22616966587796
EST,Estonia,2024,-0.0900428648493801,-2.74421914571231
EST,Estonia,2025,0.584308464789387,-0.0900428648493801
ETH,Ethiopia,1963,4.51863392606097,4.32609133566669
ETH,Ethiopia,1964,4.090485611454,4.51863392606097
ETH,Ethiopia,1965,5.77193201591967,4.090485611454
ETH,Ethiopia,1966,7.25659803697334,5.77193201591967
ETH,Ethiopia,1967,4.06158788001341,7.25659803697334
ETH,Ethiopia,1968,4.14218784379452,4.06158788001341
ETH,Ethiopia,1969,1.38865740774845,4.14218784379452
ETH,Ethiopia,1970,3.48272874063242,1.38865740774845
ETH,Ethiopia,1971,6.52647616372386,3.48272874063242
ETH,Ethiopia,1972,4.22715958999208,6.52647616372386
ETH,Ethiopia,1973,5.10986950748782,4.22715958999208
ETH,Ethiopia,1974,3.27365832432511,5.10986950748782
ETH,Ethiopia,1975,1.24613171483642,3.27365832432511
ETH,Ethiopia,1976,0.148810316081267,1.24613171483642
ETH,Ethiopia,1977,2.72568162583839,0.148810316081267
ETH,Ethiopia,1978,2.74000633157128,2.72568162583839
ETH,Ethiopia,1979,-1.10076369425465,2.74000633157128
ETH,Ethiopia,1980,6.42416616401589,-1.10076369425465
ETH,Ethiopia,1981,4.38154812543456,6.42416616401589
ETH,Ethiopia,1982,0.916013856738402,4.38154812543456
ETH,Ethiopia,1983,8.23500571913669,0.916013856738402
ETH,Ethiopia,1984,-2.84802145221462,8.23500571913669
ETH,Ethiopia,1985,-11.1443529779264,-2.84802145221462
ETH,Ethiopia,1986,9.66161236122211,-11.1443529779264
ETH,Ethiopia,1987,13.8593303949744,9.66161236122211
ETH,Ethiopia,1988,0.503674879297719,13.8593303949744
ETH,Ethiopia,1989,-0.361044179752284,0.503674879297719
ETH,Ethiopia,1990,2.72645178272684,-0.361044179752284
ETH,Ethiopia,1991,-7.13747971659305,2.72645178272684
ETH,Ethiopia,1992,-8.6724801143672,-7.13747971659305
ETH,Ethiopia,1993,13.1428339363255,-8.6724801143672
ETH,Ethiopia,1994,3.18996458331273,13.1428339363255
ETH,Ethiopia,1995,6.12751141587474,3.18996458331273
ETH,Ethiopia,1996,12.4261737814951,6.12751141587474
ETH,Ethiopia,1997,3.1339068517801,12.4261737814951
ETH,Ethiopia,1998,-3.4581391346848,3.1339068517801
ETH,Ethiopia,1999,5.16214582255112,-3.4581391346848
ETH,Ethiopia,2000,6.07321748125295,5.16214582255112
ETH,Ethiopia,2001,8.30130632267965,6.07321748125295
ETH,Ethiopia,2002,1.51472570667433,8.30130632267965
ETH,Ethiopia,2003,-2.16135972256865,1.51472570667433
ETH,Ethiopia,2004,13.5726031401471,-2.16135972256865
ETH,Ethiopia,2005,11.8187659491625,13.5726031401471
ETH,Ethiopia,2006,10.8347270679373,11.8187659491625
ETH,Ethiopia,2007,11.4561670019891,10.8347270679373
ETH,Ethiopia,2008,10.7885216870332,11.4561670019891
ETH,Ethiopia,2009,8.8025531990487,10.7885216870332
ETH,Ethiopia,2010,12.5505383347633,8.8025531990487
ETH,Ethiopia,2011,11.1782962297008,12.5505383347633
ETH,Ethiopia,2012,8.64781163513926,11.1782962297008
ETH,Ethiopia,2013,10.5822700502552,8.64781163513926
ETH,Ethiopia,2014,10.2574929627477,10.5822700502552
ETH,Ethiopia,2015,10.3924630141307,10.2574929627477
ETH,Ethiopia,2016,9.43348265981905,10.3924630141307
ETH,Ethiopia,2017,9.56418965754014,9.43348265981905
ETH,Ethiopia,2018,6.81614778557282,9.56418965754014
ETH,Ethiopia,2019,8.36408573111346,6.81614778557282
ETH,Ethiopia,2020,6.05953089248577,8.36408573111346
ETH,Ethiopia,2021,5.64153069324176,6.05953089248577
ETH,Ethiopia,2022,5.32175988485454,5.64153069324176
ETH,Ethiopia,2023,6.59424599054353,5.32175988485454
ETH,Ethiopia,2024,7.61277447616879,6.59424599054353
ETH,Ethiopia,2025,9.7715182202934,7.61277447616879
EUU,European Union,1962,5.69395100608705,5.75030343368712
EUU,European Union,1963,4.78073535517052,5.69395100608705
EUU,European Union,1964,5.99245681317144,4.78073535517052
EUU,European Union,1965,5.24720045659537,5.99245681317144
EUU,European Union,1966,4.27224611735801,5.24720045659537
EUU,European Union,1967,3.5458594455537,4.27224611735801
EUU,European Union,1968,5.58877984682952,3.5458594455537
EUU,European Union,1969,7.03050522600735,5.58877984682952
EUU,European Union,1970,5.52996280307833,7.03050522600735
EUU,European Union,1971,3.65104544429215,5.52996280307833
EUU,European Union,1972,4.77134652594529,3.65104544429215
EUU,European Union,1973,6.00493758000624,4.77134652594529
EUU,European Union,1974,3.14764848671194,6.00493758000624
EUU,European Union,1975,-0.580296307403572,3.14764848671194
EUU,European Union,1976,4.87552131671103,-0.580296307403572
EUU,European Union,1977,2.94611945683016,4.87552131671103
EUU,European Union,1978,3.06052835163457,2.94611945683016
EUU,European Union,1979,3.88936482688256,3.06052835163457
EUU,European Union,1980,2.06693329350863,3.88936482688256
EUU,European Union,1981,0.55839812960221,2.06693329350863
EUU,European Union,1982,0.819366976451178,0.55839812960221
EUU,European Union,1983,1.44602874095294,0.819366976451178
EUU,European Union,1984,2.5265791472908,1.44602874095294
EUU,European Union,1985,2.31656039096589,2.5265791472908
EUU,European Union,1986,2.57930466748826,2.31656039096589
EUU,European Union,1987,2.54387969152141,2.57930466748826
EUU,European Union,1988,4.13015666038351,2.54387969152141
EUU,European Union,1989,3.89308768601373,4.13015666038351
EUU,European Union,1990,3.29743821318812,3.89308768601373
EUU,European Union,1991,1.46033479003636,3.29743821318812
EUU,European Union,1992,0.901655774788622,1.46033479003636
EUU,European Union,1993,-0.596024578382611,0.901655774788622
EUU,European Union,1994,2.70140207093823,-0.596024578382611
EUU,European Union,1995,2.72469448193173,2.70140207093823
EUU,European Union,1996,1.91608376216652,2.72469448193173
EUU,European Union,1997,2.68448701191966,1.91608376216652
EUU,European Union,1998,2.98141228097397,2.68448701191966
EUU,European Union,1999,3.00374383215321,2.98141228097397
EUU,European Union,2000,3.93358559614036,3.00374383215321
EUU,European Union,2001,2.1611431481209,3.93358559614036
EUU,European Union,2002,1.09769181928139,2.1611431481209
EUU,European Union,2003,0.936973000922009,1.09769181928139
EUU,European Union,2004,2.59990360700064,0.936973000922009
EUU,European Union,2005,1.98358585869511,2.59990360700064
EUU,European Union,2006,3.56754016308207,1.98358585869511
EUU,European Union,2007,3.14184136141643,3.56754016308207
EUU,European Union,2008,0.617970690465611,3.14184136141643
EUU,European Union,2009,-4.31208500171391,0.617970690465611
EUU,European Union,2010,2.1818021924601,-4.31208500171391
EUU,European Union,2011,1.96059583488466,2.1818021924601
EUU,European Union,2012,-0.764412939041037,1.96059583488466
EUU,European Union,2013,-0.0330372559639187,-0.764412939041037
EUU,European Union,2014,1.63271198328248,-0.0330372559639187
EUU,European Union,2015,2.37195113797821,1.63271198328248
EUU,European Union,2016,1.91997902907598,2.37195113797821
EUU,European Union,2017,2.81810835521954,1.91997902907598
EUU,European Union,2018,2.04641967934145,2.81810835521954
EUU,European Union,2019,1.87525498889181,2.04641967934145
EUU,European Union,2020,-5.57888122067428,1.87525498889181
EUU,European Union,2021,6.37773717070797,-5.57888122067428
EUU,European Union,2022,3.56455510630462,6.37773717070797
EUU,European Union,2023,0.4380089249495,3.56455510630462
EUU,European Union,2024,1.08657885620458,0.4380089249495
EUU,European Union,2025,1.53795434836212,1.08657885620458
FIN,Finland,1962,2.98194619587649,7.60467026250204
FIN,Finland,1963,3.28509957241208,2.98194619587649
FIN,Finland,1964,5.23868649547225,3.28509957241208
FIN,Finland,1965,5.30285837553808,5.23868649547225
FIN,Finland,1966,2.37282236922805,5.30285837553808
FIN,Finland,1967,2.16882897910781,2.37282236922805
FIN,Finland,1968,2.30328981591643,2.16882897910781
FIN,Finland,1969,9.59328847858328,2.30328981591643
FIN,Finland,1970,7.47043267144105,9.59328847858328
FIN,Finland,1971,2.35692123166586,7.47043267144105
FIN,Finland,1972,7.7354848193458,2.35692123166586
FIN,Finland,1973,6.98382835563822,7.7354848193458
FIN,Finland,1974,3.23653343563224,6.98382835563822
FIN,Finland,1975,1.80489795187316,3.23653343563224
FIN,Finland,1976,0.344383187103318,1.80489795187316
FIN,Finland,1977,0.239510630103453,0.344383187103318
FIN,Finland,1978,2.91970756437469,0.239510630103453
FIN,Finland,1979,7.12192593764533,2.91970756437469
FIN,Finland,1980,5.38904748575388,7.12192593764533
FIN,Finland,1981,1.28938426892493,5.38904748575388
FIN,Finland,1982,3.08671541654802,1.28938426892493
FIN,Finland,1983,3.10384880639285,3.08671541654802
FIN,Finland,1984,3.22653291609758,3.10384880639285
FIN,Finland,1985,3.54005438717211,3.22653291609758
FIN,Finland,1986,2.75509931172768,3.54005438717211
FIN,Finland,1987,3.56103297195551,2.75509931172768
FIN,Finland,1988,5.23111280719965,3.56103297195551
FIN,Finland,1989,5.08392955255206,5.23111280719965
FIN,Finland,1990,0.691649917806032,5.08392955255206
FIN,Finland,1991,-5.88059618513641,0.691649917806032
FIN,Finland,1992,-3.31137361706595,-5.88059618513641
FIN,Finland,1993,-0.779815061561479,-3.31137361706595
FIN,Finland,1994,3.96437283726799,-0.779815061561479
FIN,Finland,1995,4.23436710187066,3.96437283726799
FIN,Finland,1996,3.66265716987186,4.23436710187066
FIN,Finland,1997,6.39770068404337,3.66265716987186
FIN,Finland,1998,5.45427021765444,6.39770068404337
FIN,Finland,1999,4.38928070374669,5.45427021765444
FIN,Finland,2000,5.75373770498848,4.38928070374669
FIN,Finland,2001,2.64026205699308,5.75373770498848
FIN,Finland,2002,1.68732644358099,2.64026205699308
FIN,Finland,2003,2.01179992738312,1.68732644358099
FIN,Finland,2004,4.00537952277651,2.01179992738312
FIN,Finland,2005,2.77730918518017,4.00537952277651
FIN,Finland,2006,4.01957326515895,2.77730918518017
FIN,Finland,2007,5.31280176694145,4.01957326515895
FIN,Finland,2008,0.784431235717051,5.31280176694145
FIN,Finland,2009,-8.07603116552393,0.784431235717051
FIN,Finland,2010,3.1682879121621,-8.07603116552393
FIN,Finland,2011,2.39039455396828,3.1682879121621
FIN,Finland,2012,-1.52284013040689,2.39039455396828
FIN,Finland,2013,-0.979741024949618,-1.52284013040689
FIN,Finland,2014,-0.4780684247837,-0.979741024949618
FIN,Finland,2015,0.466503766322674,-0.4780684247837
FIN,Finland,2016,2.57193414898754,0.466503766322674
FIN,Finland,2017,3.30337003591039,2.57193414898754
FIN,Finland,2018,1.19297759742292,3.30337003591039
FIN,Finland,2019,1.34973845741737,1.19297759742292
FIN,Finland,2020,-2.49103605535707,1.34973845741737
FIN,Finland,2021,2.67634641498897,-2.49103605535707
FIN,Finland,2022,0.763041912763526,2.67634641498897
FIN,Finland,2023,-1.28973484453397,0.763041912763526
FIN,Finland,2024,0.374566568538427,-1.28973484453397
FIN,Finland,2025,0.173444509584499,0.374566568538427
FJI,Fiji,1962,3.60610217922461,3.51758199167958
FJI,Fiji,1963,6.35877194090916,3.60610217922461
FJI,Fiji,1964,4.87728074374567,6.35877194090916
FJI,Fiji,1965,-2.70026693997207,4.87728074374567
FJI,Fiji,1966,0.0,-2.70026693997207
FJI,Fiji,1967,13.3518282945216,0.0
FJI,Fiji,1968,7.91622158052871,13.3518282945216
FJI,Fiji,1969,2.59641050832793,7.91622158052871
FJI,Fiji,1970,12.7027111303008,2.59641050832793
FJI,Fiji,1971,6.88898664332798,12.7027111303008
FJI,Fiji,1972,7.48527669636245,6.88898664332798
FJI,Fiji,1973,11.6128684890071,7.48527669636245
FJI,Fiji,1974,2.60114991513119,11.6128684890071
FJI,Fiji,1975,0.530211183875878,2.60114991513119
FJI,Fiji,1976,2.73616325522002,0.530211183875878
FJI,Fiji,1977,5.90401182413044,2.73616325522002
FJI,Fiji,1978,1.86340145583873,5.90401182413044
FJI,Fiji,1979,12.2248197843007,1.86340145583873
FJI,Fiji,1980,-1.60345694130206,12.2248197843007
FJI,Fiji,1981,6.3299905402926,-1.60345694130206
FJI,Fiji,1982,-5.9784861986835,6.3299905402926
FJI,Fiji,1983,-3.96012301253025,-5.9784861986835
FJI,Fiji,1984,8.39302447512291,-3.96012301253025
FJI,Fiji,1985,-4.61347485610258,8.39302447512291
FJI,Fiji,1986,7.74990796850761,-4.61347485610258
FJI,Fiji,1987,-6.6150200063595,7.74990796850761
FJI,Fiji,1988,0.955754866463423,-6.6150200063595
FJI,Fiji,1989,7.43863244182891,0.955754866463423
FJI,Fiji,1990,5.8000027238601,7.43863244182891
FJI,Fiji,1991,-2.70000339719263,5.8000027238601
FJI,Fiji,1992,6.10000158039144,-2.70000339719263
FJI,Fiji,1993,2.13003299416839,6.10000158039144
FJI,Fiji,1994,5.09999825114068,2.13003299416839
FJI,Fiji,1995,2.49999899666315,5.09999825114068
FJI,Fiji,1996,4.80000119270963,2.49999899666315
FJI,Fiji,1997,-2.19999958040422,4.80000119270963
FJI,Fiji,1998,1.29999962239084,-2.19999958040422
FJI,Fiji,1999,8.79999882804397,1.29999962239084
FJI,Fiji,2000,-1.69999776168213,8.79999882804397
FJI,Fiji,2001,2.00000027123612,-1.69999776168213
FJI,Fiji,2002,3.19999861722759,2.00000027123612
FJI,Fiji,2003,0.999998995078172,3.19999861722759
FJI,Fiji,2004,5.30000086613597,0.999998995078172
FJI,Fiji,2005,0.699999592969263,5.30000086613597
FJI,Fiji,2006,1.85248357237371,0.699999592969263
FJI,Fiji,2007,-0.8506533546566,1.85248357237371
FJI,Fiji,2008,1.03279368777636,-0.8506533546566
FJI,Fiji,2009,-1.38603752085589,1.03279368777636
FJI,Fiji,2010,2.95467268842502,-1.38603752085589
FJI,Fiji,2011,2.70514231228027,2.95467268842502
FJI,Fiji,2012,1.41131415220703,2.70514231228027
FJI,Fiji,2013,4.7342203729816,1.41131415220703
FJI,Fiji,2014,5.60351397766961,4.7342203729816
FJI,Fiji,2015,4.50120064471365,5.60351397766961
FJI,Fiji,2016,2.44565202449249,4.50120064471365
FJI,Fiji,2017,5.35336434979577,2.44565202449249
FJI,Fiji,2018,3.812350939512,5.35336434979577
FJI,Fiji,2019,-0.581946590349759,3.812350939512
FJI,Fiji,2020,-17.1835352599354,-0.581946590349759
FJI,Fiji,2021,-4.3459619989752,-17.1835352599354
FJI,Fiji,2022,17.7451269773594,-4.3459619989752
FJI,Fiji,2023,9.44245856738313,17.7451269773594
FJI,Fiji,2024,3.53085896076352,9.44245856738313
FJI,Fiji,2025,3.19546862124029,3.53085896076352
FRA,France,1962,6.85626464484753,4.94642545980355
FRA,France,1963,6.1033388581149,6.85626464484753
FRA,France,1964,6.58280685437494,6.1033388581149
FRA,France,1965,4.83875011249243,6.58280685437494
FRA,France,1966,5.16354274190655,4.83875011249243
FRA,France,1967,4.80177080876672,5.16354274190655
FRA,France,1968,4.54401821190027,4.80177080876672
FRA,France,1969,7.09364697994077,4.54401821190027
FRA,France,1970,6.20017438615466,7.09364697994077
FRA,France,1971,5.29344622836985,6.20017438615466
FRA,France,1972,4.51410759995832,5.29344622836985
FRA,France,1973,6.19458406640176,4.51410759995832
FRA,France,1974,4.41471376407343,6.19458406640176
FRA,France,1975,-0.945609616912307,4.41471376407343
FRA,France,1976,4.33755647481964,-0.945609616912307
FRA,France,1977,3.55415568976466,4.33755647481964
FRA,France,1978,3.94936216342872,3.55415568976466
FRA,France,1979,3.69531078677157,3.94936216342872
FRA,France,1980,1.67641337198611,3.69531078677157
FRA,France,1981,1.18831474293866,1.67641337198611
FRA,France,1982,2.44251268690125,1.18831474293866
FRA,France,1983,1.26205761797051,2.44251268690125
FRA,France,1984,1.60947146551595,1.26205761797051
FRA,France,1985,1.56907436604108,1.60947146551595
FRA,France,1986,2.38953554470334,1.56907436604108
FRA,France,1987,2.55274621143047,2.38953554470334
FRA,France,1988,4.81422400170246,2.55274621143047
FRA,France,1989,4.40516927190527,4.81422400170246
FRA,France,1990,2.82962715326478,4.40516927190527
FRA,France,1991,1.23666248297356,2.82962715326478
FRA,France,1992,1.5160611169627,1.23666248297356
FRA,France,1993,-0.35899781051468,1.5160611169627
FRA,France,1994,2.38366086110145,-0.35899781051468
FRA,France,1995,2.30479278392259,2.38366086110145
FRA,France,1996,1.39707987198881,2.30479278392259
FRA,France,1997,2.5270616339357,1.39707987198881
FRA,France,1998,3.45259434279616,2.5270616339357
FRA,France,1999,3.39930808809441,3.45259434279616
FRA,France,2000,4.14099996402915,3.39930808809441
FRA,France,2001,1.89946701186636,4.14099996402915
FRA,France,2002,1.06775027069419,1.89946701186636
FRA,France,2003,0.967827182558352,1.06775027069419
FRA,France,2004,2.86825052501032,0.967827182558352
FRA,France,2005,1.88856584109286,2.86825052501032
FRA,France,2006,2.71406448755236,1.88856584109286
FRA,France,2007,2.53048188351066,2.71406448755236
FRA,France,2008,0.380171435849121,2.53048188351066
FRA,France,2009,-2.82455153714783,0.380171435849121
FRA,France,2010,2.00032476039051,-2.82455153714783
FRA,France,2011,2.43757653729007,2.00032476039051
FRA,France,2012,0.183835264973013,2.43757653729007
FRA,France,2013,0.781756446231,0.183835264973013
FRA,France,2014,0.997832947295251,0.781756446231
FRA,France,2015,1.06675474783462,0.997832947295251
FRA,France,2016,0.860031075424033,1.06675474783462
FRA,France,2017,2.08361485997399,0.860031075424033
FRA,France,2018,1.64590872395887,2.08361485997399
FRA,France,2019,2.02744646419237,1.64590872395887
FRA,France,2020,-7.44064589948231,2.02744646419237
FRA,France,2021,6.88233783360239,-7.44064589948231
FRA,France,2022,2.71676264185913,6.88233783360239
FRA,France,2023,1.43921494437743,2.71676264185913
FRA,France,2024,1.19046798275883,1.43921494437743
FRA,France,2025,0.840949955479587,1.19046798275883
FSM,"Micronesia, Fed. Sts.",1972,1.06691546739171,2.30157453484256
FSM,"Micronesia, Fed. Sts.",1973,33.9300078411578,1.06691546739171
FSM,"Micronesia, Fed. Sts.",1974,15.3272774471001,33.9300078411578
FSM,"Micronesia, Fed. Sts.",1975,0.0742880925752587,15.3272774471001
FSM,"Micronesia, Fed. Sts.",1976,0.356323181158572,0.0742880925752587
FSM,"Micronesia, Fed. Sts.",1977,2.4262143303916,0.356323181158572
FSM,"Micronesia, Fed. Sts.",1978,5.6402091844802,2.4262143303916
FSM,"Micronesia, Fed. Sts.",1979,2.11922371015471,5.6402091844802
FSM,"Micronesia, Fed. Sts.",1980,-7.19641118821272,2.11922371015471
FSM,"Micronesia, Fed. Sts.",1981,9.72372488530095,-7.19641118821272
FSM,"Micronesia, Fed. Sts.",1982,-2.6210641212119,9.72372488530095
FSM,"Micronesia, Fed. Sts.",1983,1.92999683713479,-2.6210641212119
FSM,"Micronesia, Fed. Sts.",1984,-3.95249848429505,1.92999683713479
FSM,"Micronesia, Fed. Sts.",1985,16.5506760705723,-3.95249848429505
FSM,"Micronesia, Fed. Sts.",1986,7.97934730131362,16.5506760705723
FSM,"Micronesia, Fed. Sts.",1987,1.19976004799031,7.97934730131362
FSM,"Micronesia, Fed. Sts.",1988,2.54890337877882,1.19976004799031
FSM,"Micronesia, Fed. Sts.",1989,3.52601156069341,2.54890337877882
FSM,"Micronesia, Fed. Sts.",1990,3.74092685650469,3.52601156069341
FSM,"Micronesia, Fed. Sts.",1991,7.42731893786137,3.74092685650469
FSM,"Micronesia, Fed. Sts.",1992,4.00806037298169,7.42731893786137
FSM,"Micronesia, Fed. Sts.",1993,8.14064577107322,4.00806037298169
FSM,"Micronesia, Fed. Sts.",1994,-0.534513415833118,8.14064577107322
FSM,"Micronesia, Fed. Sts.",1995,7.01446304315432,-0.534513415833118
FSM,"Micronesia, Fed. Sts.",1996,-3.33905355928999,7.01446304315432
FSM,"Micronesia, Fed. Sts.",1997,-6.21109742847426,-3.33905355928999
FSM,"Micronesia, Fed. Sts.",1998,2.83681803499502,-6.21109742847426
FSM,"Micronesia, Fed. Sts.",1999,1.12881559676377,2.83681803499502
FSM,"Micronesia, Fed. Sts.",2000,4.62454546471687,1.12881559676377
FSM,"Micronesia, Fed. Sts.",2001,1.82016351571185,4.62454546471687
FSM,"Micronesia, Fed. Sts.",2002,0.4432199530481,1.82016351571185
FSM,"Micronesia, Fed. Sts.",2003,1.76275629920303,0.4432199530481
FSM,"Micronesia, Fed. Sts.",2004,-3.19037831026102,1.76275629920303
FSM,"Micronesia, Fed. Sts.",2005,2.7434627349036,-3.19037831026102
FSM,"Micronesia, Fed. Sts.",2006,-0.413223140495873,2.7434627349036
FSM,"Micronesia, Fed. Sts.",2007,-1.65975103734441,-0.413223140495873
FSM,"Micronesia, Fed. Sts.",2008,-2.53164556962025,-1.65975103734441
FSM,"Micronesia, Fed. Sts.",2009,1.29870129870129,-2.53164556962025
FSM,"Micronesia, Fed. Sts.",2010,1.7094017094017,1.29870129870129
FSM,"Micronesia, Fed. Sts.",2011,3.78151260504202,1.7094017094017
FSM,"Micronesia, Fed. Sts.",2012,-1.61943319838058,3.78151260504202
FSM,"Micronesia, Fed. Sts.",2013,-3.70370370370371,-1.61943319838058
FSM,"Micronesia, Fed. Sts.",2014,-2.56410256410257,-3.70370370370371
FSM,"Micronesia, Fed. Sts.",2015,4.3859649122807,-2.56410256410257
FSM,"Micronesia, Fed. Sts.",2016,1.26050420168067,4.3859649122807
FSM,"Micronesia, Fed. Sts.",2017,2.07468879668049,1.26050420168067
FSM,"Micronesia, Fed. Sts.",2018,0.406504065040664,2.07468879668049
FSM,"Micronesia, Fed. Sts.",2019,3.64372469635627,0.406504065040664
FSM,"Micronesia, Fed. Sts.",2020,-2.05703124999999,3.64372469635627
FSM,"Micronesia, Fed. Sts.",2021,3.09969928290539,-2.05703124999999
FSM,"Micronesia, Fed. Sts.",2022,-3.11412501063803,3.09969928290539
FSM,"Micronesia, Fed. Sts.",2023,1.13097800090873,-3.11412501063803
FSM,"Micronesia, Fed. Sts.",2024,2.30132923576443,1.13097800090873
FSM,"Micronesia, Fed. Sts.",2025,1.0626071425539,2.30132923576443
GAB,Gabon,1962,7.44921159688671,14.7668431868332
GAB,Gabon,1963,6.09243528403599,7.44921159688671
GAB,Gabon,1964,4.55445363440386,6.09243528403599
GAB,Gabon,1965,8.33333566041171,4.55445363440386
GAB,Gabon,1966,4.50800456670004,8.33333566041171
GAB,Gabon,1967,4.11515285426293,4.50800456670004
GAB,Gabon,1968,2.50880088058756,4.11515285426293
GAB,Gabon,1969,8.08291043381715,2.50880088058756
GAB,Gabon,1970,8.67934217556071,8.08291043381715
GAB,Gabon,1971,10.2587309116899,8.67934217556071
GAB,Gabon,1972,11.3369706830662,10.2587309116899
GAB,Gabon,1973,10.1824336186273,11.3369706830662
GAB,Gabon,1974,39.4870951788448,10.1824336186273
GAB,Gabon,1975,19.1901149100017,39.4870951788448
GAB,Gabon,1976,35.6253379697775,19.1901149100017
GAB,Gabon,1977,-12.582091168196,35.6253379697775
GAB,Gabon,1978,-24.0492060700073,-12.582091168196
GAB,Gabon,1979,0.474405279722845,-24.0492060700073
GAB,Gabon,1980,2.55293715765217,0.474405279722845
GAB,Gabon,1981,5.09532927895786,2.55293715765217
GAB,Gabon,1982,-3.09752039780534,5.09532927895786
GAB,Gabon,1983,5.60824067925303,-3.09752039780534
GAB,Gabon,1984,7.50890230839578,5.60824067925303
GAB,Gabon,1985,-2.33294933269416,7.50890230839578
GAB,Gabon,1986,-0.803597733902933,-2.33294933269416
GAB,Gabon,1987,-17.1460422148976,-0.803597733902933
GAB,Gabon,1988,12.8453532480867,-17.1460422148976
GAB,Gabon,1989,8.54530998982545,12.8453532480867
GAB,Gabon,1990,5.19223727652398,8.54530998982545
GAB,Gabon,1991,6.11250348301178,5.19223727652398
GAB,Gabon,1992,-3.09014565154393,6.11250348301178
GAB,Gabon,1993,3.94655500790242,-3.09014565154393
GAB,Gabon,1994,3.71275484108966,3.94655500790242
GAB,Gabon,1995,4.97384776335103,3.71275484108966
GAB,Gabon,1996,3.62504902027987,4.97384776335103
GAB,Gabon,1997,5.73836739483843,3.62504902027987
GAB,Gabon,1998,3.47783358718901,5.73836739483843
GAB,Gabon,1999,-8.93262280230105,3.47783358718901
GAB,Gabon,2000,-1.88296639760897,-8.93262280230105
GAB,Gabon,2001,2.13523342197423,-1.88296639760897
GAB,Gabon,2002,-0.249033168543434,2.13523342197423
GAB,Gabon,2003,2.2473300115045,-0.249033168543434
GAB,Gabon,2004,0.689543058464849,2.2473300115045
GAB,Gabon,2005,2.67620333310926,0.689543058464849
GAB,Gabon,2006,-2.80657835569052,2.67620333310926
GAB,Gabon,2007,6.00810802487668,-2.80657835569052
GAB,Gabon,2008,-3.30843064878751,6.00810802487668
GAB,Gabon,2009,0.130331119816617,-3.30843064878751
GAB,Gabon,2010,7.08988731455126,0.130331119816617
GAB,Gabon,2011,7.09175334258654,7.08988731455126
GAB,Gabon,2012,5.25107691750407,7.09175334258654
GAB,Gabon,2013,5.63869900338696,5.25107691750407
GAB,Gabon,2014,4.31496444107469,5.63869900338696
GAB,Gabon,2015,3.8788993950789,4.31496444107469
GAB,Gabon,2016,2.09144220829562,3.8788993950789
GAB,Gabon,2017,0.472642030911146,2.09144220829562
GAB,Gabon,2018,0.83791658082157,0.472642030911146
GAB,Gabon,2019,3.92080879452831,0.83791658082157
GAB,Gabon,2020,-1.8377610635094,3.92080879452831
GAB,Gabon,2021,1.46795731508091,-1.8377610635094
GAB,Gabon,2022,3.03761449525692,1.46795731508091
GAB,Gabon,2023,2.43893665041031,3.03761449525692
GAB,Gabon,2024,3.39403899521831,2.43893665041031
GAB,Gabon,2025,2.47287961498321,3.39403899521831
GBR,United Kingdom,1962,1.0986962362898,2.70131421328257
GBR,United Kingdom,1963,4.85954520244742,1.0986962362898
GBR,United Kingdom,1964,5.59481105874345,4.85954520244742
GBR,United Kingdom,1965,2.13033308666921,5.59481105874345
GBR,United Kingdom,1966,1.56744960482462,2.13033308666921
GBR,United Kingdom,1967,2.77573771112216,1.56744960482462
GBR,United Kingdom,1968,5.47269310050385,2.77573771112216
GBR,United Kingdom,1969,1.93913775370176,5.47269310050385
GBR,United Kingdom,1970,2.70858148856038,1.93913775370176
GBR,United Kingdom,1971,2.00453760135888,2.70858148856038
GBR,United Kingdom,1972,3.62637105743457,2.00453760135888
GBR,United Kingdom,1973,7.31352424220155,3.62637105743457
GBR,United Kingdom,1974,-1.67969792645223,7.31352424220155
GBR,United Kingdom,1975,-0.676870194049812,-1.67969792645223
GBR,United Kingdom,1976,2.80465599545295,-0.676870194049812
GBR,United Kingdom,1977,2.36335094409922,2.80465599545295
GBR,United Kingdom,1978,3.40337382855367,2.36335094409922
GBR,United Kingdom,1979,2.74677219709527,3.40337382855367
GBR,United Kingdom,1980,-2.17910220206564,2.74677219709527
GBR,United Kingdom,1981,-1.3234581733779,-2.17910220206564
GBR,United Kingdom,1982,2.09306886432368,-1.3234581733779
GBR,United Kingdom,1983,3.62434641923983,2.09306886432368
GBR,United Kingdom,1984,2.67092491032817,3.62434641923983
GBR,United Kingdom,1985,3.59938143817158,2.67092491032817
GBR,United Kingdom,1986,4.01232987098167,3.59938143817158
GBR,United Kingdom,1987,4.56208082572655,4.01232987098167
GBR,United Kingdom,1988,5.0321018040183,4.56208082572655
GBR,United Kingdom,1989,2.28144671930745,5.0321018040183
GBR,United Kingdom,1990,0.779266119883417,2.28144671930745
GBR,United Kingdom,1991,-1.29243974751705,0.779266119883417
GBR,United Kingdom,1992,1.29472849604493,-1.29243974751705
GBR,United Kingdom,1993,3.49048744653493,1.29472849604493
GBR,United Kingdom,1994,4.95341092800692,3.49048744653493
GBR,United Kingdom,1995,3.53339096338078,4.95341092800692
GBR,United Kingdom,1996,2.61491606949487,3.53339096338078
GBR,United Kingdom,1997,4.8799853038024,2.61491606949487
GBR,United Kingdom,1998,3.24631482881618,4.8799853038024
GBR,United Kingdom,1999,2.94445869854798,3.24631482881618
GBR,United Kingdom,2000,4.52438074810904,2.94445869854798
GBR,United Kingdom,2001,2.39102229602824,4.52438074810904
GBR,United Kingdom,2002,1.70902736258567,2.39102229602824
GBR,United Kingdom,2003,3.21851612669614,1.70902736258567
GBR,United Kingdom,2004,2.32601853325993,3.21851612669614
GBR,United Kingdom,2005,2.7906547174688,2.32601853325993
GBR,United Kingdom,2006,2.18982132415704,2.7906547174688
GBR,United Kingdom,2007,2.93091133582351,2.18982132415704
GBR,United Kingdom,2008,-0.0494116727402769,2.93091133582351
GBR,United Kingdom,2009,-4.58740819226323,-0.0494116727402769
GBR,United Kingdom,2010,2.26054460931586,-4.58740819226323
GBR,United Kingdom,2011,0.851437739020326,2.26054460931586
GBR,United Kingdom,2012,1.52826034721852,0.851437739020326
GBR,United Kingdom,2013,1.71846961308464,1.52826034721852
GBR,United Kingdom,2014,3.16017351468152,1.71846961308464
GBR,United Kingdom,2015,2.14040560033371,3.16017351468152
GBR,United Kingdom,2016,2.20652020635357,2.14040560033371
GBR,United Kingdom,2017,3.02322219840339,2.20652020635357
GBR,United Kingdom,2018,1.55133095078786,3.02322219840339
GBR,United Kingdom,2019,1.25629899760824,1.55133095078786
GBR,United Kingdom,2020,-10.047896637362,1.25629899760824
GBR,United Kingdom,2021,8.5431118453255,-10.047896637362
GBR,United Kingdom,2022,5.14970388522993,8.5431118453255
GBR,United Kingdom,2023,0.271650048355255,5.14970388522993
GBR,United Kingdom,2024,1.08027716858781,0.271650048355255
GBR,United Kingdom,2025,1.38844207858726,1.08027716858781
GEO,Georgia,1962,5.11301649671694,4.86594070054342
GEO,Georgia,1963,4.20187909672116,5.11301649671694
GEO,Georgia,1964,5.42958764979345,4.20187909672116
GEO,Georgia,1965,10.5586366152245,5.42958764979345
GEO,Georgia,1966,7.53566314896325,10.5586366152245
GEO,Georgia,1967,6.25308215800375,7.53566314896325
GEO,Georgia,1968,4.45558340295182,6.25308215800375
GEO,Georgia,1969,4.7765040433662,4.45558340295182
GEO,Georgia,1970,12.0520758237564,4.7765040433662
GEO,Georgia,1971,2.47133179427014,12.0520758237564
GEO,Georgia,1972,2.83646033387501,2.47133179427014
GEO,Georgia,1973,6.48254561126276,2.83646033387501
GEO,Georgia,1974,8.80974063206179,6.48254561126276
GEO,Georgia,1975,7.38042838101734,8.80974063206179
GEO,Georgia,1976,6.09953235956353,7.38042838101734
GEO,Georgia,1977,6.89430009522513,6.09953235956353
GEO,Georgia,1978,7.42956043676347,6.89430009522513
GEO,Georgia,1979,7.37064063684609,7.42956043676347
GEO,Georgia,1980,4.57644696484918,7.37064063684609
GEO,Georgia,1981,5.26660055282426,4.57644696484918
GEO,Georgia,1982,2.00244542885206,5.26660055282426
GEO,Georgia,1983,4.3016035214589,2.00244542885206
GEO,Georgia,1984,5.4279631478795,4.3016035214589
GEO,Georgia,1985,4.94120590442833,5.4279631478795
GEO,Georgia,1986,-8.17567222383052,4.94120590442833
GEO,Georgia,1987,1.28148065724565,-8.17567222383052
GEO,Georgia,1988,5.55545382967426,1.28148065724565
GEO,Georgia,1989,-7.19378285079883,5.55545382967426
GEO,Georgia,1990,-14.788785046729,-7.19378285079883
GEO,Georgia,1991,-21.0998508379398,-14.788785046729
GEO,Georgia,1992,-44.899774806083,-21.0998508379398
GEO,Georgia,1993,-29.3001665068873,-44.899774806083
GEO,Georgia,1994,-10.3982300884956,-29.3001665068873
GEO,Georgia,1995,2.59657506969336,-10.3982300884956
GEO,Georgia,1996,11.2025463861501,2.59657506969336
GEO,Georgia,1997,10.5208042446244,11.2025463861501
GEO,Georgia,1998,3.10150969616576,10.5208042446244
GEO,Georgia,1999,2.86729567454968,3.10150969616576
GEO,Georgia,2000,1.84038117927339,2.86729567454968
GEO,Georgia,2001,4.80729867243699,1.84038117927339
GEO,Georgia,2002,5.47402488700408,4.80729867243699
GEO,Georgia,2003,11.0570310020104,5.47402488700408
GEO,Georgia,2004,5.79268292682926,11.0570310020104
GEO,Georgia,2005,9.59113832853026,5.79268292682926
GEO,Georgia,2006,9.42148081189909,9.59113832853026
GEO,Georgia,2007,12.5755698246405,9.42148081189909
GEO,Georgia,2008,2.42161440960641,12.5755698246405
GEO,Georgia,2009,-3.65075229596822,2.42161440960641
GEO,Georgia,2010,6.24640865303363,-3.65075229596822
GEO,Georgia,2011,7.9343365253078,6.24640865303363
GEO,Georgia,2012,6.57883101954195,7.9343365253078
GEO,Georgia,2013,5.13288531209382,6.57883101954195
GEO,Georgia,2014,4.09049059581743,5.13288531209382
GEO,Georgia,2015,3.35102350265353,4.09049059581743
GEO,Georgia,2016,3.45021517996871,3.35102350265353
GEO,Georgia,2017,5.15990261658827,3.45021517996871
GEO,Georgia,2018,6.062036412677,5.15990261658827
GEO,Georgia,2019,5.38071926589951,6.062036412677
GEO,Georgia,2020,-6.2904717853839,5.38071926589951
GEO,Georgia,2021,10.6442336580969,-6.2904717853839
GEO,Georgia,2022,10.9585321385624,10.6442336580969
GEO,Georgia,2023,7.83220126555726,10.9585321385624
GEO,Georgia,2024,9.67979379712661,7.83220126555726
GEO,Georgia,2025,7.46161504152039,9.67979379712661
GHA,Ghana,1962,4.10915860625774,3.42967401462874
GHA,Ghana,1963,4.40597419943647,4.10915860625774
GHA,Ghana,1964,2.20932750184639,4.40597419943647
GHA,Ghana,1965,1.36899886970954,2.20932750184639
GHA,Ghana,1966,-4.25829036972007,1.36899886970954
GHA,Ghana,1967,3.07536405007809,-4.25829036972007
GHA,Ghana,1968,0.368860328659636,3.07536405007809
GHA,Ghana,1969,6.00617496624768,0.368860328659636
GHA,Ghana,1970,9.72347258708628,6.00617496624768
GHA,Ghana,1971,5.2161245570606,9.72347258708628
GHA,Ghana,1972,-2.48765540214929,5.2161245570606
GHA,Ghana,1973,2.8845841948016,-2.48765540214929
GHA,Ghana,1974,6.85251683220585,2.8845841948016
GHA,Ghana,1975,-12.4316290214597,6.85251683220585
GHA,Ghana,1976,-3.53018280627536,-12.4316290214597
GHA,Ghana,1977,2.27410724169957,-3.53018280627536
GHA,Ghana,1978,8.47593560232171,2.27410724169957
GHA,Ghana,1979,-2.51494141959301,8.47593560232171
GHA,Ghana,1980,0.471695943172108,-2.51494141959301
GHA,Ghana,1981,-3.50306694696705,0.471695943172108
GHA,Ghana,1982,-6.92365041055389,-3.50306694696705
GHA,Ghana,1983,-4.56373750458945,-6.92365041055389
GHA,Ghana,1984,8.64756945671597,-4.56373750458945
GHA,Ghana,1985,5.09161727201138,8.64756945671597
GHA,Ghana,1986,5.19916067974877,5.09161727201138
GHA,Ghana,1987,4.79489887940781,5.19916067974877
GHA,Ghana,1988,5.62816876359457,4.79489887940781
GHA,Ghana,1989,5.08587270013842,5.62816876359457
GHA,Ghana,1990,3.32881788321653,5.08587270013842
GHA,Ghana,1991,5.28182639834429,3.32881788321653
GHA,Ghana,1992,3.87941908037517,5.28182639834429
GHA,Ghana,1993,4.85000055379412,3.87941908037517
GHA,Ghana,1994,3.29999973947747,4.85000055379412
GHA,Ghana,1995,4.11241897162861,3.29999973947747
GHA,Ghana,1996,4.60246115564627,4.11241897162861
GHA,Ghana,1997,4.19635744019571,4.60246115564627
GHA,Ghana,1998,4.70039078427911,4.19635744019571
GHA,Ghana,1999,4.39999682545296,4.70039078427911
GHA,Ghana,2000,3.70000008164408,4.39999682545296
GHA,Ghana,2001,4.00000012807919,3.70000008164408
GHA,Ghana,2002,4.49999955900331,4.00000012807919
GHA,Ghana,2003,5.200000133101,4.49999955900331
GHA,Ghana,2004,5.59999999077445,5.200000133101
GHA,Ghana,2005,5.90000381855104,5.59999999077445
GHA,Ghana,2006,6.39991260618034,5.90000381855104
GHA,Ghana,2007,4.34681910440079,6.39991260618034
GHA,Ghana,2008,9.14979893831817,4.34681910440079
GHA,Ghana,2009,4.84448705175076,9.14979893831817
GHA,Ghana,2010,7.89971194051621,4.84448705175076
GHA,Ghana,2011,14.0471235803149,7.89971194051621
GHA,Ghana,2012,9.2927894063005,14.0471235803149
GHA,Ghana,2013,7.31252501678145,9.2927894063005
GHA,Ghana,2014,2.85624016330883,7.31252501678145
GHA,Ghana,2015,2.12075933817334,2.85624016330883
GHA,Ghana,2016,3.37346574966936,2.12075933817334
GHA,Ghana,2017,8.12889488100956,3.37346574966936
GHA,Ghana,2018,6.20007768127284,8.12889488100956
GHA,Ghana,2019,6.5077747939152,6.20007768127284
GHA,Ghana,2020,0.513941670628171,6.5077747939152
GHA,Ghana,2021,5.07646643533542,0.513941670628171
GHA,Ghana,2022,3.80484978178042,5.07646643533542
GHA,Ghana,2023,3.14009100080186,3.80484978178042
GHA,Ghana,2024,5.84746854280382,3.14009100080186
GHA,Ghana,2025,5.95441714756899,5.84746854280382
GIN,Guinea,1972,2.31517953300373,5.36581840766522
GIN,Guinea,1973,1.567286805691,2.31517953300373
GIN,Guinea,1974,5.25022118210843,1.567286805691
GIN,Guinea,1975,2.87692057391091,5.25022118210843
GIN,Guinea,1976,7.92336831492435,2.87692057391091
GIN,Guinea,1977,-3.35306984404892,7.92336831492435
GIN,Guinea,1978,6.79626447493203,-3.35306984404892
GIN,Guinea,1979,-1.2078607444173,6.79626447493203
GIN,Guinea,1980,2.60138796577117,-1.2078607444173
GIN,Guinea,1981,0.60973715523906,2.60138796577117
GIN,Guinea,1982,1.80000476238145,0.60973715523906
GIN,Guinea,1983,1.30001183458037,1.80000476238145
GIN,Guinea,1984,1.40000945946362,1.30001183458037
GIN,Guinea,1985,4.9999305837981,1.40000945946362
GIN,Guinea,1986,3.11404003445122,4.9999305837981
GIN,Guinea,1987,3.29993884280005,3.11404003445122
GIN,Guinea,1988,6.30811670197524,3.29993884280005
GIN,Guinea,1989,4.0034760101484,6.30811670197524
GIN,Guinea,1990,4.3240627548313,4.0034760101484
GIN,Guinea,1991,2.61342300409642,4.3240627548313
GIN,Guinea,1992,3.2709473025656,2.61342300409642
GIN,Guinea,1993,5.04414454071403,3.2709473025656
GIN,Guinea,1994,3.97009910590064,5.04414454071403
GIN,Guinea,1995,4.60767320245354,3.97009910590064
GIN,Guinea,1996,4.46157508517599,4.60767320245354
GIN,Guinea,1997,5.18160345773762,4.46157508517599
GIN,Guinea,1998,3.64412124205991,5.18160345773762
GIN,Guinea,1999,3.81200403347202,3.64412124205991
GIN,Guinea,2000,2.50306056299607,3.81200403347202
GIN,Guinea,2001,3.65834646929586,2.50306056299607
GIN,Guinea,2002,5.16460946696631,3.65834646929586
GIN,Guinea,2003,1.24860125923698,5.16460946696631
GIN,Guinea,2004,2.34011731288737,1.24860125923698
GIN,Guinea,2005,2.99727256275818,2.34011731288737
GIN,Guinea,2006,1.18960211693242,2.99727256275818
GIN,Guinea,2007,6.81747111070281,1.18960211693242
GIN,Guinea,2008,4.13301615965833,6.81747111070281
GIN,Guinea,2009,-1.12264204848687,4.13301615965833
GIN,Guinea,2010,4.81336016967553,-1.12264204848687
GIN,Guinea,2011,5.61211177430975,4.81336016967553
GIN,Guinea,2012,5.91528626133322,5.61211177430975
GIN,Guinea,2013,3.94568708624053,5.91528626133322
GIN,Guinea,2014,3.69655311664086,3.94568708624053
GIN,Guinea,2015,3.82591056949435,3.69655311664086
GIN,Guinea,2016,10.82062719659,3.82591056949435
GIN,Guinea,2017,10.3000053427355,10.82062719659
GIN,Guinea,2018,6.35849192736715,10.3000053427355
GIN,Guinea,2019,5.61691446889876,6.35849192736715
GIN,Guinea,2020,4.70459096113575,5.61691446889876
GIN,Guinea,2021,5.5823328114905,4.70459096113575
GIN,Guinea,2022,3.97240784200721,5.5823328114905
GIN,Guinea,2023,5.54172668627702,3.97240784200721
GIN,Guinea,2024,5.35004659049265,5.54172668627702
GIN,Guinea,2025,7.44709668357611,5.35004659049265
GMB,"Gambia, The",1968,9.57614347228663,0.0
GMB,"Gambia, The",1969,2.43552288111326,9.57614347228663
GMB,"Gambia, The",1970,6.15384657262285,2.43552288111326
GMB,"Gambia, The",1971,-0.0658770394050947,6.15384657262285
GMB,"Gambia, The",1972,0.241704785011237,-0.0658770394050947
GMB,"Gambia, The",1973,9.25032925345546,0.241704785011237
GMB,"Gambia, The",1974,5.87879361029783,9.25032925345546
GMB,"Gambia, The",1975,12.3934290906923,5.87879361029783
GMB,"Gambia, The",1976,7.35122573247521,12.3934290906923
GMB,"Gambia, The",1977,3.43957605958968,7.35122573247521
GMB,"Gambia, The",1978,6.31644630976179,3.43957605958968
GMB,"Gambia, The",1979,-1.32818316164975,6.31644630976179
GMB,"Gambia, The",1980,6.27007960556354,-1.32818316164975
GMB,"Gambia, The",1981,3.32189401064942,6.27007960556354
GMB,"Gambia, The",1982,-0.764582637150042,3.32189401064942
GMB,"Gambia, The",1983,10.8832277675592,-0.764582637150042
GMB,"Gambia, The",1984,3.53525730169937,10.8832277675592
GMB,"Gambia, The",1985,-0.812264660562306,3.53525730169937
GMB,"Gambia, The",1986,4.09107074099691,-0.812264660562306
GMB,"Gambia, The",1987,2.45433259678632,4.09107074099691
GMB,"Gambia, The",1988,4.47682692076357,2.45433259678632
GMB,"Gambia, The",1989,5.89572187264736,4.47682692076357
GMB,"Gambia, The",1990,3.55887936756983,5.89572187264736
GMB,"Gambia, The",1991,3.10703922385581,3.55887936756983
GMB,"Gambia, The",1992,3.37868879121812,3.10703922385581
GMB,"Gambia, The",1993,3.01210137437499,3.37868879121812
GMB,"Gambia, The",1994,0.154345959845131,3.01210137437499
GMB,"Gambia, The",1995,0.881848240754678,0.154345959845131
GMB,"Gambia, The",1996,2.22354563838627,0.881848240754678
GMB,"Gambia, The",1997,4.89999910999681,2.22354563838627
GMB,"Gambia, The",1998,3.49999870205306,4.89999910999681
GMB,"Gambia, The",1999,6.39999905009302,3.49999870205306
GMB,"Gambia, The",2000,5.50000021632955,6.39999905009302
GMB,"Gambia, The",2001,5.80000024323377,5.50000021632955
GMB,"Gambia, The",2002,-3.25000014970206,5.80000024323377
GMB,"Gambia, The",2003,6.86999962173842,-3.25000014970206
GMB,"Gambia, The",2004,7.05000000064635,6.86999962173842
GMB,"Gambia, The",2005,-2.35172936176019,7.05000000064635
GMB,"Gambia, The",2006,-0.555580977246521,-2.35172936176019
GMB,"Gambia, The",2007,3.04324950829739,-0.555580977246521
GMB,"Gambia, The",2008,6.25590553394287,3.04324950829739
GMB,"Gambia, The",2009,6.6657243078367,6.25590553394287
GMB,"Gambia, The",2010,5.90833580968288,6.6657243078367
GMB,"Gambia, The",2011,-8.13044422315659,5.90833580968288
GMB,"Gambia, The",2012,5.24156924630741,-8.13044422315659
GMB,"Gambia, The",2013,2.872768790327,5.24156924630741
GMB,"Gambia, The",2014,-1.40738249510954,2.872768790327
GMB,"Gambia, The",2015,4.0580738039996,-1.40738249510954
GMB,"Gambia, The",2016,1.94335965478776,4.0580738039996
GMB,"Gambia, The",2017,4.8226112492757,1.94335965478776
GMB,"Gambia, The",2018,7.23489033258579,4.8226112492757
GMB,"Gambia, The",2019,6.22205315994859,7.23489033258579
GMB,"Gambia, The",2020,0.591487287873974,6.22205315994859
GMB,"Gambia, The",2021,5.25596878816744,0.591487287873974
GMB,"Gambia, The",2022,5.49299823010114,5.25596878816744
GMB,"Gambia, The",2023,5.91679576551141,5.49299823010114
GMB,"Gambia, The",2024,5.55126065805138,5.91679576551141
GMB,"Gambia, The",2025,5.89309208233146,5.55126065805138
GNB,Guinea-Bissau,1972,6.37486089368753,-3.91096745830764
GNB,Guinea-Bissau,1973,1.10989279037214,6.37486089368753
GNB,Guinea-Bissau,1974,4.55924104815846,1.10989279037214
GNB,Guinea-Bissau,1975,7.84558431997402,4.55924104815846
GNB,Guinea-Bissau,1976,4.94345530491698,7.84558431997402
GNB,Guinea-Bissau,1977,-7.17006997088463,4.94345530491698
GNB,Guinea-Bissau,1978,13.1260433802209,-7.17006997088463
GNB,Guinea-Bissau,1979,1.99414436256637,13.1260433802209
GNB,Guinea-Bissau,1980,-15.9526514986135,1.99414436256637
GNB,Guinea-Bissau,1981,18.1675281528339,-15.9526514986135
GNB,Guinea-Bissau,1982,4.20008213468215,18.1675281528339
GNB,Guinea-Bissau,1983,-3.39828742893647,4.20008213468215
GNB,Guinea-Bissau,1984,9.10922298634806,-3.39828742893647
GNB,Guinea-Bissau,1985,4.1664928969891,9.10922298634806
GNB,Guinea-Bissau,1986,-0.793847626356836,4.1664928969891
GNB,Guinea-Bissau,1987,2.9000000075597,-0.793847626356836
GNB,Guinea-Bissau,1988,4.59999998843411,2.9000000075597
GNB,Guinea-Bissau,1989,6.10000002132945,4.59999998843411
GNB,Guinea-Bissau,1990,6.09999998628119,6.10000002132945
GNB,Guinea-Bissau,1991,5.10000003451967,6.09999998628119
GNB,Guinea-Bissau,1992,1.09999996776526,5.10000003451967
GNB,Guinea-Bissau,1993,2.09999998911347,1.09999996776526
GNB,Guinea-Bissau,1994,3.20000001913081,2.09999998911347
GNB,Guinea-Bissau,1995,4.4000000061065,3.20000001913081
GNB,Guinea-Bissau,1996,11.6000000043869,4.4000000061065
GNB,Guinea-Bissau,1997,6.49999999321456,11.6000000043869
GNB,Guinea-Bissau,1998,-22.4457270657526,6.49999999321456
GNB,Guinea-Bissau,1999,16.8150212692905,-22.4457270657526
GNB,Guinea-Bissau,2000,1.10027815777423,16.8150212692905
GNB,Guinea-Bissau,2001,4.7859716500482,1.10027815777423
GNB,Guinea-Bissau,2002,3.65393603642713,4.7859716500482
GNB,Guinea-Bissau,2003,-0.285931052286514,3.65393603642713
GNB,Guinea-Bissau,2004,1.17189152277038,-0.285931052286514
GNB,Guinea-Bissau,2005,6.55977111846077,1.17189152277038
GNB,Guinea-Bissau,2006,2.66650493269572,6.55977111846077
GNB,Guinea-Bissau,2007,2.55982647078751,2.66650493269572
GNB,Guinea-Bissau,2008,4.52457514610252,2.55982647078751
GNB,Guinea-Bissau,2009,2.44795106098685,4.52457514610252
GNB,Guinea-Bissau,2010,5.60536311358261,2.44795106098685
GNB,Guinea-Bissau,2011,8.08504167173554,5.60536311358261
GNB,Guinea-Bissau,2012,-1.71286958446419,8.08504167173554
GNB,Guinea-Bissau,2013,3.25607190852087,-1.71286958446419
GNB,Guinea-Bissau,2014,0.964525745841428,3.25607190852087
GNB,Guinea-Bissau,2015,6.1340893623123,0.964525745841428
GNB,Guinea-Bissau,2016,5.4326782650304,6.1340893623123
GNB,Guinea-Bissau,2017,4.66367943913264,5.4326782650304
GNB,Guinea-Bissau,2018,3.76145359637003,4.66367943913264
GNB,Guinea-Bissau,2019,5.32749571119344,3.76145359637003
GNB,Guinea-Bissau,2020,2.89149979806913,5.32749571119344
GNB,Guinea-Bissau,2021,5.0173096003907,2.89149979806913
GNB,Guinea-Bissau,2022,5.45776090019501,5.0173096003907
GNB,Guinea-Bissau,2023,4.63052364601562,5.45776090019501
GNB,Guinea-Bissau,2024,4.40920107183611,4.63052364601562
GNB,Guinea-Bissau,2025,5.81813762310792,4.40920107183611
GNQ,Equatorial Guinea,1982,2.20167594636722,5.76942050301955
GNQ,Equatorial Guinea,1983,5.00438719582668,2.20167594636722
GNQ,Equatorial Guinea,1984,1.01138167040003,5.00438719582668
GNQ,Equatorial Guinea,1985,12.9051788684821,1.01138167040003
GNQ,Equatorial Guinea,1986,-2.33055635744239,12.9051788684821
GNQ,Equatorial Guinea,1987,4.43673736244361,-2.33055635744239
GNQ,Equatorial Guinea,1988,2.6552621825882,4.43673736244361
GNQ,Equatorial Guinea,1989,-1.22917807949834,2.6552621825882
GNQ,Equatorial Guinea,1990,-1.75856408496443,-1.22917807949834
GNQ,Equatorial Guinea,1991,-1.02223887710288,-1.75856408496443
GNQ,Equatorial Guinea,1992,34.7453200290652,-1.02223887710288
GNQ,Equatorial Guinea,1993,11.0332130375277,34.7453200290652
GNQ,Equatorial Guinea,1994,16.6688355418416,11.0332130375277
GNQ,Equatorial Guinea,1995,17.4862637323938,16.6688355418416
GNQ,Equatorial Guinea,1996,66.5799972215897,17.4862637323938
GNQ,Equatorial Guinea,1997,149.972963487965,66.5799972215897
GNQ,Equatorial Guinea,1998,23.7744823299607,149.972963487965
GNQ,Equatorial Guinea,1999,25.6640154410418,23.7744823299607
GNQ,Equatorial Guinea,2000,18.2137799569674,25.6640154410418
GNQ,Equatorial Guinea,2001,63.3798754250602,18.2137799569674
GNQ,Equatorial Guinea,2002,19.4628340359251,63.3798754250602
GNQ,Equatorial Guinea,2003,13.9552503163825,19.4628340359251
GNQ,Equatorial Guinea,2004,37.9987268556423,13.9552503163825
GNQ,Equatorial Guinea,2005,16.7487006053541,37.9987268556423
GNQ,Equatorial Guinea,2006,7.70491760658767,16.7487006053541
GNQ,Equatorial Guinea,2007,15.2821139194857,7.70491760658767
GNQ,Equatorial Guinea,2008,17.7991091333811,15.2821139194857
GNQ,Equatorial Guinea,2009,1.34335628806095,17.7991091333811
GNQ,Equatorial Guinea,2010,-8.92417588851806,1.34335628806095
GNQ,Equatorial Guinea,2011,6.52392362989873,-8.92417588851806
GNQ,Equatorial Guinea,2012,8.31287184445641,6.52392362989873
GNQ,Equatorial Guinea,2013,-4.13319850131583,8.31287184445641
GNQ,Equatorial Guinea,2014,0.415066301596866,-4.13319850131583
GNQ,Equatorial Guinea,2015,-9.11004114881537,0.415066301596866
GNQ,Equatorial Guinea,2016,-8.81641723219757,-9.11004114881537
GNQ,Equatorial Guinea,2017,-5.66750850486686,-8.81641723219757
GNQ,Equatorial Guinea,2018,-6.23654406734575,-5.66750850486686
GNQ,Equatorial Guinea,2019,-5.48182537893445,-6.23654406734575
GNQ,Equatorial Guinea,2020,-4.79108083383294,-5.48182537893445
GNQ,Equatorial Guinea,2021,0.860269956382069,-4.79108083383294
GNQ,Equatorial Guinea,2022,3.22350831658598,0.860269956382069
GNQ,Equatorial Guinea,2023,-7.4250553172124,3.22350831658598
GNQ,Equatorial Guinea,2024,0.39622552095193,-7.4250553172124
GNQ,Equatorial Guinea,2025,-5.84678505700693,0.39622552095193
GRC,Greece,1962,0.364812289877747,13.2038386052462
GRC,Greece,1963,11.8448666655957,0.364812289877747
GRC,Greece,1964,9.40967732368279,11.8448666655957
GRC,Greece,1965,10.7680109720411,9.40967732368279
GRC,Greece,1966,6.49450138060494,10.7680109720411
GRC,Greece,1967,5.66948643356486,6.49450138060494
GRC,Greece,1968,7.20371768036424,5.66948643356486
GRC,Greece,1969,11.5636684082563,7.20371768036424
GRC,Greece,1970,8.93058020025967,11.5636684082563
GRC,Greece,1971,7.84117657760304,8.93058020025967
GRC,Greece,1972,10.1601515908652,7.84117657760304
GRC,Greece,1973,8.09237907118801,10.1601515908652
GRC,Greece,1974,-6.43824057014004,8.09237907118801
GRC,Greece,1975,6.36680794602181,-6.43824057014004
GRC,Greece,1976,6.85189869571943,6.36680794602181
GRC,Greece,1977,2.94100090620763,6.85189869571943
GRC,Greece,1978,7.24686397906468,2.94100090620763
GRC,Greece,1979,3.28207958853159,7.24686397906468
GRC,Greece,1980,0.67713140669585,3.28207958853159
GRC,Greece,1981,-1.55372126905196,0.67713140669585
GRC,Greece,1982,-1.13264739051145,-1.55372126905196
GRC,Greece,1983,-1.07862273931177,-1.13264739051145
GRC,Greece,1984,2.01058093704644,-1.07862273931177
GRC,Greece,1985,2.50955640237393,2.01058093704644
GRC,Greece,1986,0.517660006338886,2.50955640237393
GRC,Greece,1987,-2.25886322369171,0.517660006338886
GRC,Greece,1988,4.28786172851761,-2.25886322369171
GRC,Greece,1989,3.79999995287797,4.28786172851761
GRC,Greece,1990,0.0,3.79999995287797
GRC,Greece,1991,3.09999970633838,0.0
GRC,Greece,1992,0.700000337119789,3.09999970633838
GRC,Greece,1993,-1.60000002186294,0.700000337119789
GRC,Greece,1994,1.99999984724822,-1.60000002186294
GRC,Greece,1995,2.09971953235275,1.99999984724822
GRC,Greece,1996,1.38247057325857,2.09971953235275
GRC,Greece,1997,3.60288326516122,1.38247057325857
GRC,Greece,1998,3.43693579661333,3.60288326516122
GRC,Greece,1999,2.65878562321184,3.43693579661333
GRC,Greece,2000,4.13782699405849,2.65878562321184
GRC,Greece,2001,4.65041459442163,4.13782699405849
GRC,Greece,2002,4.68313727063017,4.65041459442163
GRC,Greece,2003,5.79682274294369,4.68313727063017
GRC,Greece,2004,5.37786634595851,5.79682274294369
GRC,Greece,2005,1.18350635493289,5.37786634595851
GRC,Greece,2006,6.44339762487436,1.18350635493289
GRC,Greece,2007,3.50686976639459,6.44339762487436
GRC,Greece,2008,0.0574740238200775,3.50686976639459
GRC,Greece,2009,-4.11927606715011,0.0574740238200775
GRC,Greece,2010,-5.6937412158003,-4.11927606715011
GRC,Greece,2011,-9.87677875300243,-5.6937412158003
GRC,Greece,2012,-8.33113421099992,-9.87677875300243
GRC,Greece,2013,-2.27211699888024,-8.33113421099992
GRC,Greece,2014,0.792225060962835,-2.27211699888024
GRC,Greece,2015,-0.228301892172851,0.792225060962835
GRC,Greece,2016,-0.0317947678412054,-0.228301892172851
GRC,Greece,2017,1.47312472702352,-0.0317947678412054
GRC,Greece,2018,2.06467207892409,1.47312472702352
GRC,Greece,2019,2.27718065334808,2.06467207892409
GRC,Greece,2020,-9.19623149726978,2.27718065334808
GRC,Greece,2021,8.65449786002131,-9.19623149726978
GRC,Greece,2022,5.52198580589408,8.65449786002131
GRC,Greece,2023,2.13591131996631,5.52198580589408
GRC,Greece,2024,2.0865743380603,2.13591131996631
GRC,Greece,2025,2.07306882481713,2.0865743380603
GRD,Grenada,1979,5.60208348590967,5.34140218518347
GRD,Grenada,1980,-0.534783988422475,5.60208348590967
GRD,Grenada,1981,1.53418747275683,-0.534783988422475
GRD,Grenada,1982,4.12426157156393,1.53418747275683
GRD,Grenada,1983,3.63257489695788,4.12426157156393
GRD,Grenada,1984,3.56846533761095,3.63257489695788
GRD,Grenada,1985,5.97970814111039,3.56846533761095
GRD,Grenada,1986,7.19427376957988,5.97970814111039
GRD,Grenada,1987,9.09742510698013,7.19427376957988
GRD,Grenada,1988,2.96679168426633,9.09742510698013
GRD,Grenada,1989,3.76773076437745,2.96679168426633
GRD,Grenada,1990,4.01261191599704,3.76773076437745
GRD,Grenada,1991,1.38554578702994,4.01261191599704
GRD,Grenada,1992,-0.851148756391396,1.38554578702994
GRD,Grenada,1993,-1.95881558143746,-0.851148756391396
GRD,Grenada,1994,1.69355604419043,-1.95881558143746
GRD,Grenada,1995,2.12947514959858,1.69355604419043
GRD,Grenada,1996,4.43823471603358,2.12947514959858
GRD,Grenada,1997,5.01549460936745,4.43823471603358
GRD,Grenada,1998,11.7535029919192,5.01549460936745
GRD,Grenada,1999,6.89836243368677,11.7535029919192
GRD,Grenada,2000,4.88795213650562,6.89836243368677
GRD,Grenada,2001,-2.02390004072058,4.88795213650562
GRD,Grenada,2002,3.43732352954147,-2.02390004072058
GRD,Grenada,2003,9.46397343076491,3.43732352954147
GRD,Grenada,2004,-0.647450316084857,9.46397343076491
GRD,Grenada,2005,13.2761883306272,-0.647450316084857
GRD,Grenada,2006,-3.99532824427482,13.2761883306272
GRD,Grenada,2007,6.12345094741467,-3.99532824427482
GRD,Grenada,2008,0.947542624907697,6.12345094741467
GRD,Grenada,2009,-6.61328134799545,0.947542624907697
GRD,Grenada,2010,-0.511146187173722,-6.61328134799545
GRD,Grenada,2011,0.764773550338731,-0.511146187173722
GRD,Grenada,2012,-1.15483816409801,0.764773550338731
GRD,Grenada,2013,2.35109801677905,-1.15483816409801
GRD,Grenada,2014,7.34212396037948,2.35109801677905
GRD,Grenada,2015,6.44522314693144,7.34212396037948
GRD,Grenada,2016,3.7396039558691,6.44522314693144
GRD,Grenada,2017,4.43867566948151,3.7396039558691
GRD,Grenada,2018,4.36144039364797,4.43867566948151
GRD,Grenada,2019,0.676511738873756,4.36144039364797
GRD,Grenada,2020,-13.7566222572107,0.676511738873756
GRD,Grenada,2021,4.6977240232674,-13.7566222572107
GRD,Grenada,2022,7.31023806981959,4.6977240232674
GRD,Grenada,2023,4.52657497450693,7.31023806981959
GRD,Grenada,2024,2.3996478454327,4.52657497450693
GRD,Grenada,2025,4.41201,2.3996478454327
GRL,Greenland,1972,6.17727355508018,13.0608513612033
GRL,Greenland,1973,6.80600898222268,6.17727355508018
GRL,Greenland,1974,5.70625399277014,6.80600898222268
GRL,Greenland,1975,0.64624014300631,5.70625399277014
GRL,Greenland,1976,5.959208506051,0.64624014300631
GRL,Greenland,1977,8.82231529693058,5.959208506051
GRL,Greenland,1978,6.01671719108315,8.82231529693058
GRL,Greenland,1979,4.86059746427543,6.01671719108315
GRL,Greenland,1980,8.67600626452334,4.86059746427543
GRL,Greenland,1981,0.665279571920863,8.67600626452334
GRL,Greenland,1982,-4.41966084202994,0.665279571920863
GRL,Greenland,1983,3.45721666110607,-4.41966084202994
GRL,Greenland,1984,-5.17961548785489,3.45721666110607
GRL,Greenland,1985,3.65638798948321,-5.17961548785489
GRL,Greenland,1986,7.09732273388732,3.65638798948321
GRL,Greenland,1987,5.5158721029223,7.09732273388732
GRL,Greenland,1988,5.6036107077353,5.5158721029223
GRL,Greenland,1989,6.6595450277086,5.6036107077353
GRL,Greenland,1990,-11.7195329863483,6.6595450277086
GRL,Greenland,1991,-0.113464594236802,-11.7195329863483
GRL,Greenland,1992,-5.1117000323197,-0.113464594236802
GRL,Greenland,1993,-5.02793262942515,-5.1117000323197
GRL,Greenland,1994,5.92436980149209,-5.02793262942515
GRL,Greenland,1995,3.72867748911121,5.92436980149209
GRL,Greenland,1996,1.52963736132679,3.72867748911121
GRL,Greenland,1997,1.46892638096972,1.52963736132679
GRL,Greenland,1998,7.75798174482551,1.46892638096972
GRL,Greenland,1999,1.37788444524006,7.75798174482551
GRL,Greenland,2000,7.10159688181619,1.37788444524006
GRL,Greenland,2001,1.26903507902787,7.10159688181619
GRL,Greenland,2002,-0.971177310665553,1.26903507902787
GRL,Greenland,2003,4.43004572118211,-0.971177310665553
GRL,Greenland,2004,6.90658283676629,4.43004572118211
GRL,Greenland,2005,4.98749177090193,6.90658283676629
GRL,Greenland,2006,5.55569490080012,4.98749177090193
GRL,Greenland,2007,2.3524379811805,5.55569490080012
GRL,Greenland,2008,6.1661327018619,2.3524379811805
GRL,Greenland,2009,0.865952328886948,6.1661327018619
GRL,Greenland,2010,1.73582505889665,0.865952328886948
GRL,Greenland,2011,-0.496519391959083,1.73582505889665
GRL,Greenland,2012,1.39419335955625,-0.496519391959083
GRL,Greenland,2013,-1.29828069335511,1.39419335955625
GRL,Greenland,2014,4.7421356730152,-1.29828069335511
GRL,Greenland,2015,-2.52931802394475,4.7421356730152
GRL,Greenland,2016,4.68195410972302,-2.52931802394475
GRL,Greenland,2017,0.0527281828800312,4.68195410972302
GRL,Greenland,2018,0.62306542854094,0.0527281828800312
GRL,Greenland,2019,2.83217756798683,0.62306542854094
GRL,Greenland,2020,0.250789762104304,2.83217756798683
GRL,Greenland,2021,1.63409410992996,0.250789762104304
GRL,Greenland,2022,2.00455580865604,1.63409410992996
GRL,Greenland,2023,0.865961986998158,2.00455580865604
GTM,Guatemala,1962,3.53650126284866,4.29851834874688
GTM,Guatemala,1963,9.54104393054875,3.53650126284866
GTM,Guatemala,1964,4.63299243190491,9.54104393054875
GTM,Guatemala,1965,4.36176931452728,4.63299243190491
GTM,Guatemala,1966,5.51210399019357,4.36176931452728
GTM,Guatemala,1967,4.11217561696343,5.51210399019357
GTM,Guatemala,1968,8.76603505425516,4.11217561696343
GTM,Guatemala,1969,4.73690901583991,8.76603505425516
GTM,Guatemala,1970,5.70788359811974,4.73690901583991
GTM,Guatemala,1971,5.58375454736793,5.70788359811974
GTM,Guatemala,1972,7.33305162061406,5.58375454736793
GTM,Guatemala,1973,6.78283433749129,7.33305162061406
GTM,Guatemala,1974,6.37502990286956,6.78283433749129
GTM,Guatemala,1975,1.94999082158344,6.37502990286956
GTM,Guatemala,1976,7.38726562476302,1.94999082158344
GTM,Guatemala,1977,7.80922068405067,7.38726562476302
GTM,Guatemala,1978,4.99668981954586,7.80922068405067
GTM,Guatemala,1979,4.71345609171885,4.99668981954586
GTM,Guatemala,1980,3.75997816033124,4.71345609171885
GTM,Guatemala,1981,0.646858610432233,3.75997816033124
GTM,Guatemala,1982,-3.53008900954855,0.646858610432233
GTM,Guatemala,1983,-2.57209144433914,-3.53008900954855
GTM,Guatemala,1984,0.496697752643456,-2.57209144433914
GTM,Guatemala,1985,-0.609338955584263,0.496697752643456
GTM,Guatemala,1986,0.143049595525113,-0.609338955584263
GTM,Guatemala,1987,3.54398330651921,0.143049595525113
GTM,Guatemala,1988,3.89238706354786,3.54398330651921
GTM,Guatemala,1989,3.94258951982349,3.89238706354786
GTM,Guatemala,1990,3.10256317557587,3.94258951982349
GTM,Guatemala,1991,3.65824875006811,3.10256317557587
GTM,Guatemala,1992,4.83833884688683,3.65824875006811
GTM,Guatemala,1993,3.92713194504024,4.83833884688683
GTM,Guatemala,1994,4.03374149641458,3.92713194504024
GTM,Guatemala,1995,4.94854750210382,4.03374149641458
GTM,Guatemala,1996,2.95777988740716,4.94854750210382
GTM,Guatemala,1997,4.36408994678341,2.95777988740716
GTM,Guatemala,1998,4.99352780305848,4.36408994678341
GTM,Guatemala,1999,3.8470621889051,4.99352780305848
GTM,Guatemala,2000,3.6088687174876,3.8470621889051
GTM,Guatemala,2001,2.33257486608854,3.6088687174876
GTM,Guatemala,2002,3.83928708556792,2.33257486608854
GTM,Guatemala,2003,2.56037766801896,3.83928708556792
GTM,Guatemala,2004,3.13791683609193,2.56037766801896
GTM,Guatemala,2005,3.27602692588886,3.13791683609193
GTM,Guatemala,2006,5.35139778711536,3.27602692588886
GTM,Guatemala,2007,6.33771869016203,5.35139778711536
GTM,Guatemala,2008,3.29352400028485,6.33771869016203
GTM,Guatemala,2009,0.476898106596394,3.29352400028485
GTM,Guatemala,2010,2.88417542800377,0.476898106596394
GTM,Guatemala,2011,4.16390688293349,2.88417542800377
GTM,Guatemala,2012,2.97470856847661,4.16390688293349
GTM,Guatemala,2013,3.69476814623695,2.97470856847661
GTM,Guatemala,2014,4.44397825774911,3.69476814623695
GTM,Guatemala,2015,4.09217170075418,4.44397825774911
GTM,Guatemala,2016,2.6778031930216,4.09217170075418
GTM,Guatemala,2017,3.0798512212244,2.6778031930216
GTM,Guatemala,2018,3.40687328176345,3.0798512212244
GTM,Guatemala,2019,4.01789830861587,3.40687328176345
GTM,Guatemala,2020,-1.78555117570465,4.01789830861587
GTM,Guatemala,2021,8.04170398855833,-1.78555117570465
GTM,Guatemala,2022,4.15492196609047,8.04170398855833
GTM,Guatemala,2023,3.52430434049013,4.15492196609047
GTM,Guatemala,2024,3.71558453779777,3.52430434049013
GTM,Guatemala,2025,4.28003207921405,3.71558453779777
GUY,Guyana,1962,1.10492580955443,4.68952431164918
GUY,Guyana,1963,-12.2786572607531,1.10492580955443
GUY,Guyana,1964,11.3602823799386,-12.2786572607531
GUY,Guyana,1965,10.5410187618772,11.3602823799386
GUY,Guyana,1966,5.23327389402719,10.5410187618772
GUY,Guyana,1967,4.31362182924127,5.23327389402719
GUY,Guyana,1968,1.02482755310702,4.31362182924127
GUY,Guyana,1969,6.99438665753721,1.02482755310702
GUY,Guyana,1970,4.25545689303152,6.99438665753721
GUY,Guyana,1971,3.11285084398625,4.25545689303152
GUY,Guyana,1972,-3.3176709348416,3.11285084398625
GUY,Guyana,1973,1.24471935231686,-3.3176709348416
GUY,Guyana,1974,7.70283994935743,1.24471935231686
GUY,Guyana,1975,8.48302151373474,7.70283994935743
GUY,Guyana,1976,1.53691327860348,8.48302151373474
GUY,Guyana,1977,-2.63867966107593,1.53691327860348
GUY,Guyana,1978,-1.80618877216861,-2.63867966107593
GUY,Guyana,1979,-1.83569626054445,-1.80618877216861
GUY,Guyana,1980,1.73388972721931,-1.83569626054445
GUY,Guyana,1981,1.49616592020392,1.73388972721931
GUY,Guyana,1982,-13.1901344884724,1.49616592020392
GUY,Guyana,1983,-6.792386689346,-13.1901344884724
GUY,Guyana,1984,-5.02873786366854,-6.792386689346
GUY,Guyana,1985,2.39966745807851,-5.02873786366854
GUY,Guyana,1986,-0.900602237275649,2.39966745807851
GUY,Guyana,1987,0.899396594038478,-0.900602237275649
GUY,Guyana,1988,-3.69353310075873,0.899396594038478
GUY,Guyana,1989,-4.91666666511816,-3.69353310075873
GUY,Guyana,1990,-3.06748466406728,-4.91666666511816
GUY,Guyana,1991,6.05786618530573,-3.06748466406728
GUY,Guyana,1992,7.75788577607526,6.05786618530573
GUY,Guyana,1993,8.17510549304023,7.75788577607526
GUY,Guyana,1994,8.53242316667276,8.17510549304023
GUY,Guyana,1995,5.03144655812085,8.53242316667276
GUY,Guyana,1996,7.95551754125103,5.03144655812085
GUY,Guyana,1997,6.18066561019938,7.95551754125103
GUY,Guyana,1998,-1.67910449189729,6.18066561019938
GUY,Guyana,1999,2.96015180311224,-1.67910449189729
GUY,Guyana,2000,-1.36380390261873,2.96015180311224
GUY,Guyana,2001,2.2795216592191,-1.36380390261873
GUY,Guyana,2002,1.13262696199476,2.2795216592191
GUY,Guyana,2003,-0.632225388266377,1.13262696199476
GUY,Guyana,2004,1.56335211034042,-0.632225388266377
GUY,Guyana,2005,-1.95095759501714,1.56335211034042
GUY,Guyana,2006,5.12960934773,-1.95095759501714
GUY,Guyana,2007,7.19123624057457,5.12960934773
GUY,Guyana,2008,1.75522349592019,7.19123624057457
GUY,Guyana,2009,3.61150847218585,1.75522349592019
GUY,Guyana,2010,4.13844160137342,3.61150847218585
GUY,Guyana,2011,5.19625156051602,4.13844160137342
GUY,Guyana,2012,5.27633062046809,5.19625156051602
GUY,Guyana,2013,3.65338433338232,5.27633062046809
GUY,Guyana,2014,1.68649445019584,3.65338433338232
GUY,Guyana,2015,0.687404590619494,1.68649445019584
GUY,Guyana,2016,3.80745626378814,0.687404590619494
GUY,Guyana,2017,3.73449154571284,3.80745626378814
GUY,Guyana,2018,4.44091288475967,3.73449154571284
GUY,Guyana,2019,5.35284003535665,4.44091288475967
GUY,Guyana,2020,43.479651716849,5.35284003535665
GUY,Guyana,2021,20.0599975568418,43.479651716849
GUY,Guyana,2022,63.3346343654855,20.0599975568418
GUY,Guyana,2023,33.795011115873,63.3346343654855
GUY,Guyana,2024,43.8192726391966,33.795011115873
GUY,Guyana,2025,19.3360097091818,43.8192726391966
HKG,"Hong Kong SAR, China",1963,15.7633614168209,14.2908554675842
HKG,"Hong Kong SAR, China",1964,8.62789586816336,15.7633614168209
HKG,"Hong Kong SAR, China",1965,14.6423838228378,8.62789586816336
HKG,"Hong Kong SAR, China",1966,1.79477071258098,14.6423838228378
HKG,"Hong Kong SAR, China",1967,1.60350845976313,1.79477071258098
HKG,"Hong Kong SAR, China",1968,3.39746066084628,1.60350845976313
HKG,"Hong Kong SAR, China",1969,11.3434724346297,3.39746066084628
HKG,"Hong Kong SAR, China",1970,9.20666451913097,11.3434724346297
HKG,"Hong Kong SAR, China",1971,7.29280183538859,9.20666451913097
HKG,"Hong Kong SAR, China",1972,10.6120485240043,7.29280183538859
HKG,"Hong Kong SAR, China",1973,12.2796298022321,10.6120485240043
HKG,"Hong Kong SAR, China",1974,2.41533565971315,12.2796298022321
HKG,"Hong Kong SAR, China",1975,0.492028182797924,2.41533565971315
HKG,"Hong Kong SAR, China",1976,16.1643017176998,0.492028182797924
HKG,"Hong Kong SAR, China",1977,11.7258139176053,16.1643017176998
HKG,"Hong Kong SAR, China",1978,8.26088657795823,11.7258139176053
HKG,"Hong Kong SAR, China",1979,11.5567867978322,8.26088657795823
HKG,"Hong Kong SAR, China",1980,10.1081752759651,11.5567867978322
HKG,"Hong Kong SAR, China",1981,9.2608811545638,10.1081752759651
HKG,"Hong Kong SAR, China",1982,2.94988007844803,9.2608811545638
HKG,"Hong Kong SAR, China",1983,5.97706915415,2.94988007844803
HKG,"Hong Kong SAR, China",1984,9.97386418085986,5.97706915415
HKG,"Hong Kong SAR, China",1985,0.757062639209607,9.97386418085986
HKG,"Hong Kong SAR, China",1986,11.056104096916,0.757062639209607
HKG,"Hong Kong SAR, China",1987,13.3984575956805,11.056104096916
HKG,"Hong Kong SAR, China",1988,8.51153048557791,13.3984575956805
HKG,"Hong Kong SAR, China",1989,2.2770989833746,8.51153048557791
HKG,"Hong Kong SAR, China",1990,3.83055083915474,2.2770989833746
HKG,"Hong Kong SAR, China",1991,5.70193577048867,3.83055083915474
HKG,"Hong Kong SAR, China",1992,6.23502387210803,5.70193577048867
HKG,"Hong Kong SAR, China",1993,6.20118510679872,6.23502387210803
HKG,"Hong Kong SAR, China",1994,6.03603037436426,6.20118510679872
HKG,"Hong Kong SAR, China",1995,2.37382875928816,6.03603037436426
HKG,"Hong Kong SAR, China",1996,4.25847572892732,2.37382875928816
HKG,"Hong Kong SAR, China",1997,5.09969994681332,4.25847572892732
HKG,"Hong Kong SAR, China",1998,-5.88263751764842,5.09969994681332
HKG,"Hong Kong SAR, China",1999,2.50671604844752,-5.88263751764842
HKG,"Hong Kong SAR, China",2000,7.66344398397743,2.50671604844752
HKG,"Hong Kong SAR, China",2001,0.560867137855524,7.66344398397743
HKG,"Hong Kong SAR, China",2002,1.6567016736435,0.560867137855524
HKG,"Hong Kong SAR, China",2003,3.05635886663597,1.6567016736435
HKG,"Hong Kong SAR, China",2004,8.70006555836002,3.05635886663597
HKG,"Hong Kong SAR, China",2005,7.38815395153696,8.70006555836002
HKG,"Hong Kong SAR, China",2006,7.03264766297669,7.38815395153696
HKG,"Hong Kong SAR, China",2007,6.46482809096842,7.03264766297669
HKG,"Hong Kong SAR, China",2008,2.12793685154209,6.46482809096842
HKG,"Hong Kong SAR, China",2009,-2.45909150468412,2.12793685154209
HKG,"Hong Kong SAR, China",2010,6.76770683250318,-2.45909150468412
HKG,"Hong Kong SAR, China",2011,4.81466801092733,6.76770683250318
HKG,"Hong Kong SAR, China",2012,1.70032214482865,4.81466801092733
HKG,"Hong Kong SAR, China",2013,3.10155262780289,1.70032214482865
HKG,"Hong Kong SAR, China",2014,2.76241378329884,3.10155262780289
HKG,"Hong Kong SAR, China",2015,2.38780116013344,2.76241378329884
HKG,"Hong Kong SAR, China",2016,2.17544820327555,2.38780116013344
HKG,"Hong Kong SAR, China",2017,3.79610937243891,2.17544820327555
HKG,"Hong Kong SAR, China",2018,2.84690922660509,3.79610937243891
HKG,"Hong Kong SAR, China",2019,-1.67242865968056,2.84690922660509
HKG,"Hong Kong SAR, China",2020,-6.54479640529367,-1.67242865968056
HKG,"Hong Kong SAR, China",2021,6.45443038333934,-6.54479640529367
HKG,"Hong Kong SAR, China",2022,-3.68528359281325,6.45443038333934
HKG,"Hong Kong SAR, China",2023,3.15034461759902,-3.68528359281325
HKG,"Hong Kong SAR, China",2024,2.62936861207362,3.15034461759902
HKG,"Hong Kong SAR, China",2025,3.48764886355949,2.62936861207362
HND,Honduras,1962,2.18523652981222,1.66356461642803
HND,Honduras,1963,1.26827909278258,2.18523652981222
HND,Honduras,1964,1.54715605635589,1.26827909278258
HND,Honduras,1965,2.58333582121715,1.54715605635589
HND,Honduras,1966,-1.11932816500057,2.58333582121715
HND,Honduras,1967,3.76437003674084,-1.11932816500057
HND,Honduras,1968,-1.17815493672721,3.76437003674084
HND,Honduras,1969,0.881367760385189,-1.17815493672721
HND,Honduras,1970,4.94188689356858,0.881367760385189
HND,Honduras,1971,4.65493718159253,4.94188689356858
HND,Honduras,1972,3.90537684149935,4.65493718159253
HND,Honduras,1973,4.44128830650889,3.90537684149935
HND,Honduras,1974,9.41117622705514,4.44128830650889
HND,Honduras,1975,5.3200213329476,9.41117622705514
HND,Honduras,1976,16.1000612479848,5.3200213329476
HND,Honduras,1977,8.67824908440281,16.1000612479848
HND,Honduras,1978,12.9383124816161,8.67824908440281
HND,Honduras,1979,11.5302614235207,12.9383124816161
HND,Honduras,1980,13.0461742022835,11.5302614235207
HND,Honduras,1981,7.25433073403863,13.0461742022835
HND,Honduras,1982,4.3913059235414,7.25433073403863
HND,Honduras,1983,6.99586711936102,4.3913059235414
HND,Honduras,1984,2.35846275081614,6.99586711936102
HND,Honduras,1985,4.66822602953714,2.35846275081614
HND,Honduras,1986,5.53564279745997,4.66822602953714
HND,Honduras,1987,1.74009422609132,5.53564279745997
HND,Honduras,1988,7.57442109483326,1.74009422609132
HND,Honduras,1989,7.12826947076638,7.57442109483326
HND,Honduras,1990,21.1713674322465,7.12826947076638
HND,Honduras,1991,26.0469005554795,21.1713674322465
HND,Honduras,1992,9.03523510162955,26.0469005554795
HND,Honduras,1993,13.6371743358989,9.03523510162955
HND,Honduras,1994,29.0190203167888,13.6371743358989
HND,Honduras,1995,24.6744628782887,29.0190203167888
HND,Honduras,1996,22.957391093437,24.6744628782887
HND,Honduras,1997,22.4277452884418,22.957391093437
HND,Honduras,1998,11.5761659693973,22.4277452884418
HND,Honduras,1999,11.5758601448677,11.5761659693973
HND,Honduras,2000,9.61221879337278,11.5758601448677
HND,Honduras,2001,2.72319327321379,9.61221879337278
HND,Honduras,2002,3.75433786119939,2.72319327321379
HND,Honduras,2003,4.54703805165397,3.75433786119939
HND,Honduras,2004,6.23230296069102,4.54703805165397
HND,Honduras,2005,6.05059922215973,6.23230296069102
HND,Honduras,2006,6.56724355177587,6.05059922215973
HND,Honduras,2007,6.18832716678008,6.56724355177587
HND,Honduras,2008,4.23160011009342,6.18832716678008
HND,Honduras,2009,-2.43162787988011,4.23160011009342
HND,Honduras,2010,3.73114034433009,-2.43162787988011
HND,Honduras,2011,3.83569066207505,3.73114034433009
HND,Honduras,2012,4.12868774866939,3.83569066207505
HND,Honduras,2013,2.79155975746801,4.12868774866939
HND,Honduras,2014,3.0580805621437,2.79155975746801
HND,Honduras,2015,3.84007997093951,3.0580805621437
HND,Honduras,2016,3.89297219726413,3.84007997093951
HND,Honduras,2017,4.84291391050387,3.89297219726413
HND,Honduras,2018,3.84499476966735,4.84291391050387
HND,Honduras,2019,2.55963434592314,3.84499476966735
HND,Honduras,2020,-8.96508223267296,2.55963434592314
HND,Honduras,2021,12.5652843771279,-8.96508223267296
HND,Honduras,2022,4.14356194013767,12.5652843771279
HND,Honduras,2023,3.57584760454412,4.14356194013767
HND,Honduras,2024,3.63240745450875,3.57584760454412
HND,Honduras,2025,3.75143102801252,3.63240745450875
HPC,Heavily indebted poor countries (HIPC),1962,7.31029519946019,-0.230925454720577
HPC,Heavily indebted poor countries (HIPC),1963,3.35253959924616,7.31029519946019
HPC,Heavily indebted poor countries (HIPC),1964,3.30218370819524,3.35253959924616
HPC,Heavily indebted poor countries (HIPC),1965,3.79149086376169,3.30218370819524
HPC,Heavily indebted poor countries (HIPC),1966,3.81521131709239,3.79149086376169
HPC,Heavily indebted poor countries (HIPC),1967,2.28245794224951,3.81521131709239
HPC,Heavily indebted poor countries (HIPC),1968,4.45087159763555,2.28245794224951
HPC,Heavily indebted poor countries (HIPC),1969,4.65793279348472,4.45087159763555
HPC,Heavily indebted poor countries (HIPC),1970,0.0283692407509193,4.65793279348472
HPC,Heavily indebted poor countries (HIPC),1971,4.53165579187227,0.0283692407509193
HPC,Heavily indebted poor countries (HIPC),1972,2.05514324716638,4.53165579187227
HPC,Heavily indebted poor countries (HIPC),1973,3.06417896420072,2.05514324716638
HPC,Heavily indebted poor countries (HIPC),1974,5.33976538479479,3.06417896420072
HPC,Heavily indebted poor countries (HIPC),1975,2.08523559039055,5.33976538479479
HPC,Heavily indebted poor countries (HIPC),1976,3.74102371974787,2.08523559039055
HPC,Heavily indebted poor countries (HIPC),1977,3.40492392745577,3.74102371974787
HPC,Heavily indebted poor countries (HIPC),1978,2.39270481508052,3.40492392745577
HPC,Heavily indebted poor countries (HIPC),1979,0.524711755499553,2.39270481508052
HPC,Heavily indebted poor countries (HIPC),1980,0.644753198259579,0.524711755499553
HPC,Heavily indebted poor countries (HIPC),1981,2.99690877376216,0.644753198259579
HPC,Heavily indebted poor countries (HIPC),1982,0.609602404562864,2.99690877376216
HPC,Heavily indebted poor countries (HIPC),1983,0.305349422760131,0.609602404562864
HPC,Heavily indebted poor countries (HIPC),1984,1.0902574976938,0.305349422760131
HPC,Heavily indebted poor countries (HIPC),1985,1.4130479687895,1.0902574976938
HPC,Heavily indebted poor countries (HIPC),1986,2.94928965985051,1.4130479687895
HPC,Heavily indebted poor countries (HIPC),1987,3.11575507785619,2.94928965985051
HPC,Heavily indebted poor countries (HIPC),1988,1.41225186500162,3.11575507785619
HPC,Heavily indebted poor countries (HIPC),1989,1.50280322165241,1.41225186500162
HPC,Heavily indebted poor countries (HIPC),1990,-1.12231290536693,1.50280322165241
HPC,Heavily indebted poor countries (HIPC),1991,0.904466117707983,-1.12231290536693
HPC,Heavily indebted poor countries (HIPC),1992,-1.40687912617678,0.904466117707983
HPC,Heavily indebted poor countries (HIPC),1993,0.317695251133117,-1.40687912617678
HPC,Heavily indebted poor countries (HIPC),1994,0.35771850624657,0.317695251133117
HPC,Heavily indebted poor countries (HIPC),1995,5.20309345510309,0.35771850624657
HPC,Heavily indebted poor countries (HIPC),1996,5.58637218531155,5.20309345510309
HPC,Heavily indebted poor countries (HIPC),1997,5.96000432412029,5.58637218531155
HPC,Heavily indebted poor countries (HIPC),1998,3.75058687094192,5.96000432412029
HPC,Heavily indebted poor countries (HIPC),1999,3.47138287649969,3.75058687094192
HPC,Heavily indebted poor countries (HIPC),2000,2.87546253463213,3.47138287649969
HPC,Heavily indebted poor countries (HIPC),2001,3.66886843342178,2.87546253463213
HPC,Heavily indebted poor countries (HIPC),2002,3.91152167292262,3.66886843342178
HPC,Heavily indebted poor countries (HIPC),2003,4.02482247486702,3.91152167292262
HPC,Heavily indebted poor countries (HIPC),2004,5.76682428125785,4.02482247486702
HPC,Heavily indebted poor countries (HIPC),2005,5.53118064970333,5.76682428125785
HPC,Heavily indebted poor countries (HIPC),2006,5.72439626364614,5.53118064970333
HPC,Heavily indebted poor countries (HIPC),2007,5.48012948924681,5.72439626364614
HPC,Heavily indebted poor countries (HIPC),2008,5.62193432550791,5.48012948924681
HPC,Heavily indebted poor countries (HIPC),2009,3.47294778967044,5.62193432550791
HPC,Heavily indebted poor countries (HIPC),2010,6.20754117512882,3.47294778967044
HPC,Heavily indebted poor countries (HIPC),2011,4.15364240429574,6.20754117512882
HPC,Heavily indebted poor countries (HIPC),2012,4.04293845307305,4.15364240429574
HPC,Heavily indebted poor countries (HIPC),2013,6.16437839840991,4.04293845307305
HPC,Heavily indebted poor countries (HIPC),2014,5.45421217506326,6.16437839840991
HPC,Heavily indebted poor countries (HIPC),2015,4.90646824015406,5.45421217506326
HPC,Heavily indebted poor countries (HIPC),2016,4.30006123912206,4.90646824015406
HPC,Heavily indebted poor countries (HIPC),2017,5.06377966448277,4.30006123912206
HPC,Heavily indebted poor countries (HIPC),2018,4.18286148680316,5.06377966448277
HPC,Heavily indebted poor countries (HIPC),2019,4.20365615145262,4.18286148680316
HPC,Heavily indebted poor countries (HIPC),2020,0.00307772049912103,4.20365615145262
HPC,Heavily indebted poor countries (HIPC),2021,4.35683661926664,0.00307772049912103
HPC,Heavily indebted poor countries (HIPC),2022,4.89961676353468,4.35683661926664
HPC,Heavily indebted poor countries (HIPC),2023,3.48241783540763,4.89961676353468
HPC,Heavily indebted poor countries (HIPC),2024,5.12099358552982,3.48241783540763
HPC,Heavily indebted poor countries (HIPC),2025,5.82575819723698,5.12099358552982
HRV,Croatia,1992,-11.7132905102592,-21.0886706590035
HRV,Croatia,1993,-8.02558188400313,-11.7132905102592
HRV,Croatia,1994,5.87047464864034,-8.02558188400313
HRV,Croatia,1995,6.74972166914642,5.87047464864034
HRV,Croatia,1996,6.11143125777198,6.74972166914642
HRV,Croatia,1997,6.16532327216601,6.11143125777198
HRV,Croatia,1998,2.25345287133511,6.16532327216601
HRV,Croatia,1999,-0.850447604002099,2.25345287133511
HRV,Croatia,2000,2.94765913375998,-0.850447604002099
HRV,Croatia,2001,3.11089328552634,2.94765913375998
HRV,Croatia,2002,5.80141595577015,3.11089328552634
HRV,Croatia,2003,5.56842901730823,5.80141595577015
HRV,Croatia,2004,4.17049297825163,5.56842901730823
HRV,Croatia,2005,4.32819454299167,4.17049297825163
HRV,Croatia,2006,5.06986521577841,4.32819454299167
HRV,Croatia,2007,5.04884076732965,5.06986521577841
HRV,Croatia,2008,1.97176786914632,5.04884076732965
HRV,Croatia,2009,-6.81168973851901,1.97176786914632
HRV,Croatia,2010,-1.33616285467264,-6.81168973851901
HRV,Croatia,2011,-0.111527124990047,-1.33616285467264
HRV,Croatia,2012,-2.23702049605232,-0.111527124990047
HRV,Croatia,2013,-0.132561080066893,-2.23702049605232
HRV,Croatia,2014,-0.559537666687092,-0.132561080066893
HRV,Croatia,2015,2.32056679330526,-0.559537666687092
HRV,Croatia,2016,3.46613146011039,2.32056679330526
HRV,Croatia,2017,3.2840626939789,3.46613146011039
HRV,Croatia,2018,2.91107146210912,3.2840626939789
HRV,Croatia,2019,3.10247285336254,2.91107146210912
HRV,Croatia,2020,-8.31046995309319,3.10247285336254
HRV,Croatia,2021,12.6312741312741,-8.31046995309319
HRV,Croatia,2022,7.29479114889533,12.6312741312741
HRV,Croatia,2023,3.76204092717136,7.29479114889533
HRV,Croatia,2024,3.82578440126859,3.76204092717136
HRV,Croatia,2025,3.40307537181749,3.82578440126859
HTI,Haiti,1962,7.88757589385567,-2.93198029126782
HTI,Haiti,1963,-1.89279255057041,7.88757589385567
HTI,Haiti,1964,-1.64735736887533,-1.89279255057041
HTI,Haiti,1965,2.16179786144892,-1.64735736887533
HTI,Haiti,1966,-0.575786801046178,2.16179786144892
HTI,Haiti,1967,-2.11768620106355,-0.575786801046178
HTI,Haiti,1968,3.18161732148926,-2.11768620106355
HTI,Haiti,1969,3.81194328486592,3.18161732148926
HTI,Haiti,1970,0.651153708034172,3.81194328486592
HTI,Haiti,1971,6.48038050132288,0.651153708034172
HTI,Haiti,1972,0.977107758966667,6.48038050132288
HTI,Haiti,1973,4.75532209168918,0.977107758966667
HTI,Haiti,1974,5.77988915170621,4.75532209168918
HTI,Haiti,1975,1.12275449104284,5.77988915170621
HTI,Haiti,1976,8.43883542963357,1.12275449104284
HTI,Haiti,1977,3.7081464367304,8.43883542963357
HTI,Haiti,1978,6.20886353648547,3.7081464367304
HTI,Haiti,1979,7.5604214016743,6.20886353648547
HTI,Haiti,1980,7.37468791939079,7.5604214016743
HTI,Haiti,1981,-2.85270971115165,7.37468791939079
HTI,Haiti,1982,-3.56374522434297,-2.85270971115165
HTI,Haiti,1983,0.908181461269791,-3.56374522434297
HTI,Haiti,1984,0.300917036236442,0.908181461269791
HTI,Haiti,1985,0.603631294369663,0.300917036236442
HTI,Haiti,1986,-0.497504788372368,0.603631294369663
HTI,Haiti,1987,-0.793648700197082,-0.497504788372368
HTI,Haiti,1988,0.200426837325949,-0.793648700197082
HTI,Haiti,1989,-2.91342439807192,0.200426837325949
HTI,Haiti,1990,1.03812280198248,-2.91342439807192
HTI,Haiti,1991,1.88054472396281,1.03812280198248
HTI,Haiti,1992,-5.30993292251178,1.88054472396281
HTI,Haiti,1993,-5.42629599215383,-5.30993292251178
HTI,Haiti,1994,-11.9506292939561,-5.42629599215383
HTI,Haiti,1995,9.89770748815705,-11.9506292939561
HTI,Haiti,1996,4.14077332856783,9.89770748815705
HTI,Haiti,1997,2.70471393077787,4.14077332856783
HTI,Haiti,1998,2.18184032957123,2.70471393077787
HTI,Haiti,1999,2.71024801048499,2.18184032957123
HTI,Haiti,2000,0.870059259424892,2.71024801048499
HTI,Haiti,2001,-0.342747883252144,0.870059259424892
HTI,Haiti,2002,1.05182013450109,-0.342747883252144
HTI,Haiti,2003,3.48077973188326,1.05182013450109
HTI,Haiti,2004,-1.3178567596495,3.48077973188326
HTI,Haiti,2005,3.07217337664731,-1.3178567596495
HTI,Haiti,2006,1.76875060288195,3.07217337664731
HTI,Haiti,2007,4.70652994008303,1.76875060288195
HTI,Haiti,2008,2.6580323082747,4.70652994008303
HTI,Haiti,2009,5.89037894844316,2.6580323082747
HTI,Haiti,2010,-5.65151153448299,5.89037894844316
HTI,Haiti,2011,5.09821354410036,-5.65151153448299
HTI,Haiti,2012,0.502424403581585,5.09821354410036
HTI,Haiti,2013,4.32478411472874,0.502424403581585
HTI,Haiti,2014,2.88877250863379,4.32478411472874
HTI,Haiti,2015,1.40000000859727,2.88877250863379
HTI,Haiti,2016,1.81246807847532,1.40000000859727
HTI,Haiti,2017,2.51027134544685,1.81246807847532
HTI,Haiti,2018,1.66781095484656,2.51027134544685
HTI,Haiti,2019,-1.72309699839232,1.66781095484656
HTI,Haiti,2020,-3.30550546965893,-1.72309699839232
HTI,Haiti,2021,-1.79823988931486,-3.30550546965893
HTI,Haiti,2022,-1.68198396897978,-1.79823988931486
HTI,Haiti,2023,-1.86388420254838,-1.68198396897978
HTI,Haiti,2024,-4.18495104762965,-1.86388420254838
HTI,Haiti,2025,-2.71291075761471,-4.18495104762965
HUN,Hungary,1962,6.09999999841257,4.69999999488822
HUN,Hungary,1963,5.69999999485775,6.09999999841257
HUN,Hungary,1964,4.69999999556325,5.69999999485775
HUN,Hungary,1965,42.4104142736878,4.69999999556325
HUN,Hungary,1966,7.3999999999681,42.4104142736878
HUN,Hungary,1967,7.50000000167125,7.3999999999681
HUN,Hungary,1968,4.89999999675248,7.50000000167125
HUN,Hungary,1969,6.89999999952575,4.89999999675248
HUN,Hungary,1970,4.70000000204568,6.89999999952575
HUN,Hungary,1971,6.20000000077683,4.70000000204568
HUN,Hungary,1972,6.10000000166247,6.20000000077683
HUN,Hungary,1973,6.89999999769147,6.10000000166247
HUN,Hungary,1974,5.90000000111885,6.89999999769147
HUN,Hungary,1975,6.20000000011996,5.90000000111885
HUN,Hungary,1976,3.60000000149444,6.20000000011996
HUN,Hungary,1977,7.59999999820526,3.60000000149444
HUN,Hungary,1978,4.39999999884645,7.59999999820526
HUN,Hungary,1979,2.69999999994029,4.39999999884645
HUN,Hungary,1980,0.200000000298047,2.69999999994029
HUN,Hungary,1981,2.86674496073709,0.200000000298047
HUN,Hungary,1982,2.84108854346734,2.86674496073709
HUN,Hungary,1983,0.722965872564103,2.84108854346734
HUN,Hungary,1984,2.65804768341506,0.722965872564103
HUN,Hungary,1985,-0.253067484259233,2.65804768341506
HUN,Hungary,1986,1.53494882553377,-0.253067484259233
HUN,Hungary,1987,4.05122959931954,1.53494882553377
HUN,Hungary,1988,-0.0652631444904301,4.05122959931954
HUN,Hungary,1989,0.736424820167869,-0.0652631444904301
HUN,Hungary,1990,-3.49665976104178,0.736424820167869
HUN,Hungary,1991,-11.8920408609388,-3.49665976104178
HUN,Hungary,1992,-3.06418034558638,-11.8920408609388
HUN,Hungary,1993,-0.576108518425613,-3.06418034558638
HUN,Hungary,1994,2.94715455541068,-0.576108518425613
HUN,Hungary,1995,1.48952547593046,2.94715455541068
HUN,Hungary,1996,0.101234227633242,1.48952547593046
HUN,Hungary,1997,2.97787906543104,0.101234227633242
HUN,Hungary,1998,3.84810814449837,2.97787906543104
HUN,Hungary,1999,3.08605811588221,3.84810814449837
HUN,Hungary,2000,4.40937501806403,3.08605811588221
HUN,Hungary,2001,4.06202617226026,4.40937501806403
HUN,Hungary,2002,4.73006530805553,4.06202617226026
HUN,Hungary,2003,3.93877761242727,4.73006530805553
HUN,Hungary,2004,4.96312536156307,3.93877761242727
HUN,Hungary,2005,4.30028318461673,4.96312536156307
HUN,Hungary,2006,3.93393162712054,4.30028318461673
HUN,Hungary,2007,0.332354337878925,3.93393162712054
HUN,Hungary,2008,0.993437085479655,0.332354337878925
HUN,Hungary,2009,-6.7401660845502,0.993437085479655
HUN,Hungary,2010,1.06795068152046,-6.7401660845502
HUN,Hungary,2011,1.91670916599742,1.06795068152046
HUN,Hungary,2012,-1.33948446518181,1.91670916599742
HUN,Hungary,2013,2.03216990678146,-1.33948446518181
HUN,Hungary,2014,4.33435364113967,2.03216990678146
HUN,Hungary,2015,3.65981615406955,4.33435364113967
HUN,Hungary,2016,2.43864141309342,3.65981615406955
HUN,Hungary,2017,4.12418389451805,2.43864141309342
HUN,Hungary,2018,5.60613813768876,4.12418389451805
HUN,Hungary,2019,5.07718495088933,5.60613813768876
HUN,Hungary,2020,-4.33872540024058,5.07718495088933
HUN,Hungary,2021,7.22291580811137,-4.33872540024058
HUN,Hungary,2022,4.15238057779229,7.22291580811137
HUN,Hungary,2023,-0.817107370513455,4.15238057779229
HUN,Hungary,2024,0.709070599066038,-0.817107370513455
HUN,Hungary,2025,0.509542309726868,0.709070599066038
IBD,IBRD only,1962,3.24001564755835,1.18914438229092
IBD,IBRD only,1963,4.71104036685443,3.24001564755835
IBD,IBRD only,1964,8.28733865609644,4.71104036685443
IBD,IBRD only,1965,6.16159161067907,8.28733865609644
IBD,IBRD only,1966,5.51990314119371,6.16159161067907
IBD,IBRD only,1967,4.07908369432322,5.51990314119371
IBD,IBRD only,1968,6.36733320808017,4.07908369432322
IBD,IBRD only,1969,7.73667992375631,6.36733320808017
IBD,IBRD only,1970,7.72064086872437,7.73667992375631
IBD,IBRD only,1971,6.00999429204494,7.72064086872437
IBD,IBRD only,1972,6.55205388163678,6.00999429204494
IBD,IBRD only,1973,7.04647833888818,6.55205388163678
IBD,IBRD only,1974,5.66851386878733,7.04647833888818
IBD,IBRD only,1975,4.64465213600303,5.66851386878733
IBD,IBRD only,1976,6.31174874295731,4.64465213600303
IBD,IBRD only,1977,4.70402836812376,6.31174874295731
IBD,IBRD only,1978,4.06940023662439,4.70402836812376
IBD,IBRD only,1979,4.74879504782906,4.06940023662439
IBD,IBRD only,1980,4.88075194305651,4.74879504782906
IBD,IBRD only,1981,2.1268960801188,4.88075194305651
IBD,IBRD only,1982,2.86979200825186,2.1268960801188
IBD,IBRD only,1983,1.53080482854587,2.86979200825186
IBD,IBRD only,1984,4.93658123646964,1.53080482854587
IBD,IBRD only,1985,4.40379314690973,4.93658123646964
IBD,IBRD only,1986,3.89307607097524,4.40379314690973
IBD,IBRD only,1987,4.88740422487967,3.89307607097524
IBD,IBRD only,1988,4.08586524776287,4.88740422487967
IBD,IBRD only,1989,2.93531091668125,4.08586524776287
IBD,IBRD only,1990,2.00136534950532,2.93531091668125
IBD,IBRD only,1991,1.25089256674246,2.00136534950532
IBD,IBRD only,1992,1.6449205114647,1.25089256674246
IBD,IBRD only,1993,3.68993770570923,1.6449205114647
IBD,IBRD only,1994,3.58284130087118,3.68993770570923
IBD,IBRD only,1995,4.04900314997569,3.58284130087118
IBD,IBRD only,1996,5.44405648217514,4.04900314997569
IBD,IBRD only,1997,5.38854252274984,5.44405648217514
IBD,IBRD only,1998,2.66724696847389,5.38854252274984
IBD,IBRD only,1999,3.696814944591,2.66724696847389
IBD,IBRD only,2000,5.91015942330233,3.696814944591
IBD,IBRD only,2001,3.65234065611351,5.91015942330233
IBD,IBRD only,2002,4.51342025362746,3.65234065611351
IBD,IBRD only,2003,5.89113199130702,4.51342025362746
IBD,IBRD only,2004,7.73158628732457,5.89113199130702
IBD,IBRD only,2005,7.25070696076966,7.73158628732457
IBD,IBRD only,2006,8.3308609740977,7.25070696076966
IBD,IBRD only,2007,8.95753247947854,8.3308609740977
IBD,IBRD only,2008,5.93831598884324,8.95753247947854
IBD,IBRD only,2009,2.78964048472359,5.93831598884324
IBD,IBRD only,2010,7.76445831496306,2.78964048472359
IBD,IBRD only,2011,6.34796525091978,7.76445831496306
IBD,IBRD only,2012,5.46243794859487,6.34796525091978
IBD,IBRD only,2013,5.21442724745644,5.46243794859487
IBD,IBRD only,2014,4.78001444086,5.21442724745644
IBD,IBRD only,2015,4.31854010648796,4.78001444086
IBD,IBRD only,2016,4.44703872345713,4.31854010648796
IBD,IBRD only,2017,5.16179362572515,4.44703872345713
IBD,IBRD only,2018,4.86157952405858,5.16179362572515
IBD,IBRD only,2019,3.98803326580348,4.86157952405858
IBD,IBRD only,2020,-1.28694758331594,3.98803326580348
IBD,IBRD only,2021,7.62447663420478,-1.28694758331594
IBD,IBRD only,2022,3.76945565506477,7.62447663420478
IBD,IBRD only,2023,4.63911789010562,3.76945565506477
IBD,IBRD only,2024,4.4256614810418,4.63911789010562
IBD,IBRD only,2025,4.30532305518705,4.4256614810418
IBT,IDA & IBRD total,1962,3.65549155745262,1.18576886251797
IBT,IDA & IBRD total,1963,4.73444358819467,3.65549155745262
IBT,IDA & IBRD total,1964,7.75151418464704,4.73444358819467
IBT,IDA & IBRD total,1965,5.90084777424551,7.75151418464704
IBT,IDA & IBRD total,1966,4.95317563757771,5.90084777424551
IBT,IDA & IBRD total,1967,3.1638656009894,4.95317563757771
IBT,IDA & IBRD total,1968,6.04152418970416,3.1638656009894
IBT,IDA & IBRD total,1969,7.90867616529154,6.04152418970416
IBT,IDA & IBRD total,1970,7.78780693760253,7.90867616529154
IBT,IDA & IBRD total,1971,6.05649163427205,7.78780693760253
IBT,IDA & IBRD total,1972,5.89492700634435,6.05649163427205
IBT,IDA & IBRD total,1973,6.65557211408068,5.89492700634435
IBT,IDA & IBRD total,1974,5.89144241678137,6.65557211408068
IBT,IDA & IBRD total,1975,3.97971059288989,5.89144241678137
IBT,IDA & IBRD total,1976,6.20112413095657,3.97971059288989
IBT,IDA & IBRD total,1977,4.60977013440235,6.20112413095657
IBT,IDA & IBRD total,1978,3.70636044276067,4.60977013440235
IBT,IDA & IBRD total,1979,4.59053110162422,3.70636044276067
IBT,IDA & IBRD total,1980,4.71305465516888,4.59053110162422
IBT,IDA & IBRD total,1981,1.82252511009952,4.71305465516888
IBT,IDA & IBRD total,1982,2.5222696742816,1.82252511009952
IBT,IDA & IBRD total,1983,1.2545552053294,2.5222696742816
IBT,IDA & IBRD total,1984,4.56155091855781,1.2545552053294
IBT,IDA & IBRD total,1985,4.3715849510662,4.56155091855781
IBT,IDA & IBRD total,1986,3.78983762351272,4.3715849510662
IBT,IDA & IBRD total,1987,4.74784073430989,3.78983762351272
IBT,IDA & IBRD total,1988,4.16427000740424,4.74784073430989
IBT,IDA & IBRD total,1989,2.86206220522102,4.16427000740424
IBT,IDA & IBRD total,1990,2.16802158494127,2.86206220522102
IBT,IDA & IBRD total,1991,1.32312231447303,2.16802158494127
IBT,IDA & IBRD total,1992,1.67752187348515,1.32312231447303
IBT,IDA & IBRD total,1993,3.43464523920498,1.67752187348515
IBT,IDA & IBRD total,1994,3.36165859901764,3.43464523920498
IBT,IDA & IBRD total,1995,4.01231000343267,3.36165859901764
IBT,IDA & IBRD total,1996,5.40315812801981,4.01231000343267
IBT,IDA & IBRD total,1997,5.25981477838815,5.40315812801981
IBT,IDA & IBRD total,1998,2.73971739212877,5.25981477838815
IBT,IDA & IBRD total,1999,3.63972796078467,2.73971739212877
IBT,IDA & IBRD total,2000,5.74178772143685,3.63972796078467
IBT,IDA & IBRD total,2001,3.69028242428584,5.74178772143685
IBT,IDA & IBRD total,2002,4.60038023716238,3.69028242428584
IBT,IDA & IBRD total,2003,5.8006835934344,4.60038023716238
IBT,IDA & IBRD total,2004,7.64643413599444,5.8006835934344
IBT,IDA & IBRD total,2005,7.16135249237688,7.64643413599444
IBT,IDA & IBRD total,2006,8.14150113123003,7.16135249237688
IBT,IDA & IBRD total,2007,8.7124686527373,8.14150113123003
IBT,IDA & IBRD total,2008,5.86781200796165,8.7124686527373
IBT,IDA & IBRD total,2009,2.96850587643233,5.86781200796165
IBT,IDA & IBRD total,2010,7.63752183781108,2.96850587643233
IBT,IDA & IBRD total,2011,6.16961844156367,7.63752183781108
IBT,IDA & IBRD total,2012,5.30457218076941,6.16961844156367
IBT,IDA & IBRD total,2013,5.23089944476254,5.30457218076941
IBT,IDA & IBRD total,2014,4.82932919233134,5.23089944476254
IBT,IDA & IBRD total,2015,4.25326636645823,4.82932919233134
IBT,IDA & IBRD total,2016,4.35480936392952,4.25326636645823
IBT,IDA & IBRD total,2017,5.07330968455011,4.35480936392952
IBT,IDA & IBRD total,2018,4.82460273989518,5.07330968455011
IBT,IDA & IBRD total,2019,3.98475924215585,4.82460273989518
IBT,IDA & IBRD total,2020,-1.32331489746059,3.98475924215585
IBT,IDA & IBRD total,2021,7.35158119263311,-1.32331489746059
IBT,IDA & IBRD total,2022,3.8271063174832,7.35158119263311
IBT,IDA & IBRD total,2023,4.52590057203417,3.8271063174832
IBT,IDA & IBRD total,2024,4.42022565074735,4.52590057203417
IBT,IDA & IBRD total,2025,4.33570580325535,4.42022565074735
IDA,IDA total,1962,5.95494798134375,1.16616000043992
IDA,IDA total,1963,4.86065010925761,5.95494798134375
IDA,IDA total,1964,4.8660969052471,4.86065010925761
IDA,IDA total,1965,4.45093221091363,4.8660969052471
IDA,IDA total,1966,1.73407974380117,4.45093221091363
IDA,IDA total,1967,-2.28088496390006,1.73407974380117
IDA,IDA total,1968,3.99836599202261,-2.28088496390006
IDA,IDA total,1969,9.01183895667339,3.99836599202261
IDA,IDA total,1970,8.213562666775,9.01183895667339
IDA,IDA total,1971,6.3470659911782,8.213562666775
IDA,IDA total,1972,1.80138092428423,6.3470659911782
IDA,IDA total,1973,4.10679888524056,1.80138092428423
IDA,IDA total,1974,7.38601698980712,4.10679888524056
IDA,IDA total,1975,-0.406941927829976,7.38601698980712
IDA,IDA total,1976,5.44298353511599,-0.406941927829976
IDA,IDA total,1977,3.95723122512612,5.44298353511599
IDA,IDA total,1978,1.1797611908342,3.95723122512612
IDA,IDA total,1979,3.4576260239922,1.1797611908342
IDA,IDA total,1980,3.49852576672293,3.4576260239922
IDA,IDA total,1981,-0.431352111050003,3.49852576672293
IDA,IDA total,1982,-0.117624607285876,-0.431352111050003
IDA,IDA total,1983,-0.886883439623105,-0.117624607285876
IDA,IDA total,1984,1.58346642152274,-0.886883439623105
IDA,IDA total,1985,4.1063801867095,1.58346642152274
IDA,IDA total,1986,2.94698285770644,4.1063801867095
IDA,IDA total,1987,3.60592457697926,2.94698285770644
IDA,IDA total,1988,4.80350036217206,3.60592457697926
IDA,IDA total,1989,2.26750216403487,4.80350036217206
IDA,IDA total,1990,3.81498980652462,2.26750216403487
IDA,IDA total,1991,2.05276575618637,3.81498980652462
IDA,IDA total,1992,2.0042634580379,2.05276575618637
IDA,IDA total,1993,0.888798042741243,2.0042634580379
IDA,IDA total,1994,1.0947231248653,0.888798042741243
IDA,IDA total,1995,3.6269804780589,1.0947231248653
IDA,IDA total,1996,4.97078212939066,3.6269804780589
IDA,IDA total,1997,3.89277365859262,4.97078212939066
IDA,IDA total,1998,3.52062469462334,3.89277365859262
IDA,IDA total,1999,3.02965635268497,3.52062469462334
IDA,IDA total,2000,3.93079800607958,3.02965635268497
IDA,IDA total,2001,4.10358606262203,3.93079800607958
IDA,IDA total,2002,5.54353841534332,4.10358606262203
IDA,IDA total,2003,4.82926508246241,5.54353841534332
IDA,IDA total,2004,6.72263368276644,4.82926508246241
IDA,IDA total,2005,6.18279726300197,6.72263368276644
IDA,IDA total,2006,6.04689219145386,6.18279726300197
IDA,IDA total,2007,5.94330560127922,6.04689219145386
IDA,IDA total,2008,5.04846721772508,5.94330560127922
IDA,IDA total,2009,5.03177027953473,5.04846721772508
IDA,IDA total,2010,6.20453015280762,5.03177027953473
IDA,IDA total,2011,4.12668093578495,6.20453015280762
IDA,IDA total,2012,3.45766587825051,4.12668093578495
IDA,IDA total,2013,5.42734561353254,3.45766587825051
IDA,IDA total,2014,5.41564567632231,5.42734561353254
IDA,IDA total,2015,3.48188857013798,5.41564567632231
IDA,IDA total,2016,3.25606924193475,3.48188857013798
IDA,IDA total,2017,4.00703084076721,3.25606924193475
IDA,IDA total,2018,4.37406543309571,4.00703084076721
IDA,IDA total,2019,3.94468113264645,4.37406543309571
IDA,IDA total,2020,-1.76868159241481,3.94468113264645
IDA,IDA total,2021,3.99322003260568,-1.76868159241481
IDA,IDA total,2022,4.56135207487173,3.99322003260568
IDA,IDA total,2023,3.09487183510299,4.56135207487173
IDA,IDA total,2024,4.35048943307154,3.09487183510299
IDA,IDA total,2025,4.72576659326165,4.35048943307154
IDB,IDA blend,1962,4.19166785787779,1.81747610489222
IDB,IDA blend,1963,8.27697758638915,4.19166785787779
IDB,IDA blend,1964,5.90439922849993,8.27697758638915
IDB,IDA blend,1965,5.26183235312257,5.90439922849993
IDB,IDA blend,1966,0.647417465768015,5.26183235312257
IDB,IDA blend,1967,-6.79782743095971,0.647417465768015
IDB,IDA blend,1968,3.13920329325381,-6.79782743095971
IDB,IDA blend,1969,15.1308437580738,3.13920329325381
IDB,IDA blend,1970,17.210894346037,15.1308437580738
IDB,IDA blend,1971,10.4555970474464,17.210894346037
IDB,IDA blend,1972,4.04068888925669,10.4555970474464
IDB,IDA blend,1973,5.65796118935347,4.04068888925669
IDB,IDA blend,1974,8.18962357741968,5.65796118935347
IDB,IDA blend,1975,-1.28459401513953,8.18962357741968
IDB,IDA blend,1976,6.82429671084532,-1.28459401513953
IDB,IDA blend,1977,5.42358137998799,6.82429671084532
IDB,IDA blend,1978,0.456101043592838,5.42358137998799
IDB,IDA blend,1979,5.56259928184768,0.456101043592838
IDB,IDA blend,1980,4.10503414261605,5.56259928184768
IDB,IDA blend,1981,-3.44703679592649,4.10503414261605
IDB,IDA blend,1982,-0.958574938858334,-3.44703679592649
IDB,IDA blend,1983,-2.9616559881198,-0.958574938858334
IDB,IDA blend,1984,1.34750437895291,-2.9616559881198
IDB,IDA blend,1985,5.98462268593742,1.34750437895291
IDB,IDA blend,1986,2.96473966170474,5.98462268593742
IDB,IDA blend,1987,3.51904995849621,2.96473966170474
IDB,IDA blend,1988,6.12367001831376,3.51904995849621
IDB,IDA blend,1989,3.14630414889261,6.12367001831376
IDB,IDA blend,1990,5.93832070790702,3.14630414889261
IDB,IDA blend,1991,1.90721458666178,5.93832070790702
IDB,IDA blend,1992,2.78297970521284,1.90721458666178
IDB,IDA blend,1993,-0.228886773288039,2.78297970521284
IDB,IDA blend,1994,0.888628935015106,-0.228886773288039
IDB,IDA blend,1995,2.27998668332728,0.888628935015106
IDB,IDA blend,1996,4.75414947639479,2.27998668332728
IDB,IDA blend,1997,2.47875002407105,4.75414947639479
IDB,IDA blend,1998,2.80178898028205,2.47875002407105
IDB,IDA blend,1999,2.0432956857952,2.80178898028205
IDB,IDA blend,2000,3.52567030243445,2.0432956857952
IDB,IDA blend,2001,3.97205000094026,3.52567030243445
IDB,IDA blend,2002,6.38124671767559,3.97205000094026
IDB,IDA blend,2003,4.52441763529291,6.38124671767559
IDB,IDA blend,2004,7.38136879873696,4.52441763529291
IDB,IDA blend,2005,5.97335107962856,7.38136879873696
IDB,IDA blend,2006,5.73601373606596,5.97335107962856
IDB,IDA blend,2007,5.44679223336013,5.73601373606596
IDB,IDA blend,2008,4.20775016278579,5.44679223336013
IDB,IDA blend,2009,5.89629202688857,4.20775016278579
IDB,IDA blend,2010,5.95474815245542,5.89629202688857
IDB,IDA blend,2011,4.26532898947684,5.95474815245542
IDB,IDA blend,2012,4.54052627515023,4.26532898947684
IDB,IDA blend,2013,5.73609715250456,4.54052627515023
IDB,IDA blend,2014,5.8248246616925,5.73609715250456
IDB,IDA blend,2015,3.9277692964975,5.8248246616925
IDB,IDA blend,2016,2.37410124286114,3.9277692964975
IDB,IDA blend,2017,2.82463712924834,2.37410124286114
IDB,IDA blend,2018,3.8983413977238,2.82463712924834
IDB,IDA blend,2019,3.06868522671206,3.8983413977238
IDB,IDA blend,2020,-3.22553173097771,3.06868522671206
IDB,IDA blend,2021,4.36009454869888,-3.22553173097771
IDB,IDA blend,2022,4.82256296455954,4.36009454869888
IDB,IDA blend,2023,2.87508782353444,4.82256296455954
IDB,IDA blend,2024,4.11563151662068,2.87508782353444
IDB,IDA blend,2025,4.57673954149303,4.11563151662068
IDN,Indonesia,1962,1.84197770236842,5.74064582266813
IDN,Indonesia,1963,-2.23702998571657,1.84197770236842
IDN,Indonesia,1964,3.52969814993797,-2.23702998571657
IDN,Indonesia,1965,1.08158946626055,3.52969814993797
IDN,Indonesia,1966,2.79134682484525,1.08158946626055
IDN,Indonesia,1967,1.38040280607036,2.79134682484525
IDN,Indonesia,1968,10.9151785714295,1.38040280607036
IDN,Indonesia,1969,6.82229824913614,10.9151785714295
IDN,Indonesia,1970,7.55463451394223,6.82229824913614
IDN,Indonesia,1971,7.02399719740848,7.55463451394223
IDN,Indonesia,1972,7.03764320785962,7.02399719740848
IDN,Indonesia,1973,8.1039755351653,7.03764320785962
IDN,Indonesia,1974,7.6346729055067,8.1039755351653
IDN,Indonesia,1975,4.97730086669512,7.6346729055067
IDN,Indonesia,1976,6.88656497352524,4.97730086669512
IDN,Indonesia,1977,8.76132560106353,6.88656497352524
IDN,Indonesia,1978,6.76706985763171,8.76132560106353
IDN,Indonesia,1979,7.32430948559606,6.76706985763171
IDN,Indonesia,1980,9.88007752166418,7.32430948559606
IDN,Indonesia,1981,7.92715682412874,9.88007752166418
IDN,Indonesia,1982,2.24644534036375,7.92715682412874
IDN,Indonesia,1983,4.1929673681999,2.24644534036375
IDN,Indonesia,1984,6.97552780884124,4.1929673681999
IDN,Indonesia,1985,2.46214356422551,6.97552780884124
IDN,Indonesia,1986,5.87504510359864,2.46214356422551
IDN,Indonesia,1987,4.92592736496611,5.87504510359864
IDN,Indonesia,1988,5.7804984881177,4.92592736496611
IDN,Indonesia,1989,7.45658692516847,5.7804984881177
IDN,Indonesia,1990,7.24213163856464,7.45658692516847
IDN,Indonesia,1991,6.91198283591309,7.24213163856464
IDN,Indonesia,1992,6.49750651682714,6.91198283591309
IDN,Indonesia,1993,6.49640812045304,6.49750651682714
IDN,Indonesia,1994,7.53997109551439,6.49640812045304
IDN,Indonesia,1995,8.22000739903493,7.53997109551439
IDN,Indonesia,1996,7.81818707670867,8.22000739903493
IDN,Indonesia,1997,4.69987885390397,7.81818707670867
IDN,Indonesia,1998,-13.1267254923818,4.69987885390397
IDN,Indonesia,1999,0.79112608199847,-13.1267254923818
IDN,Indonesia,2000,4.9200677470169,0.79112608199847
IDN,Indonesia,2001,3.64346644721492,4.9200677470169
IDN,Indonesia,2002,4.49947539085764,3.64346644721492
IDN,Indonesia,2003,4.78036912167654,4.49947539085764
IDN,Indonesia,2004,5.03087394501685,4.78036912167654
IDN,Indonesia,2005,5.69257130383384,5.03087394501685
IDN,Indonesia,2006,5.50095178520348,5.69257130383384
IDN,Indonesia,2007,6.34502222667214,5.50095178520348
IDN,Indonesia,2008,6.01370360009123,6.34502222667214
IDN,Indonesia,2009,4.62887118256153,6.01370360009123
IDN,Indonesia,2010,6.22385418062366,4.62887118256153
IDN,Indonesia,2011,6.16978420771008,6.22385418062366
IDN,Indonesia,2012,6.03005065305615,6.16978420771008
IDN,Indonesia,2013,5.5572636889101,6.03005065305615
IDN,Indonesia,2014,5.006668425755,5.5572636889101
IDN,Indonesia,2015,4.87632230022123,5.006668425755
IDN,Indonesia,2016,5.03306918280177,4.87632230022123
IDN,Indonesia,2017,5.06978590134916,5.03306918280177
IDN,Indonesia,2018,5.17429153955024,5.06978590134916
IDN,Indonesia,2019,5.01928768046282,5.17429153955024
IDN,Indonesia,2020,-2.06551182934165,5.01928768046282
IDN,Indonesia,2021,3.70288562827751,-2.06551182934165
IDN,Indonesia,2022,5.30719722664799,3.70288562827751
IDN,Indonesia,2023,5.04883117855516,5.30719722664799
IDN,Indonesia,2024,5.03257477088519,5.04883117855516
IDN,Indonesia,2025,5.10808904438025,5.03257477088519
IDX,IDA only,1963,1.9919870427253,7.48232204030764
IDX,IDA only,1964,3.94051694023439,1.9919870427253
IDX,IDA only,1965,3.71440868313977,3.94051694023439
IDX,IDA only,1966,2.73579818640111,3.71440868313977
IDX,IDA only,1967,1.79183064437341,2.73579818640111
IDX,IDA only,1968,4.69443236122191,1.79183064437341
IDX,IDA only,1969,4.12805754735555,4.69443236122191
IDX,IDA only,1970,0.273698465101589,4.12805754735555
IDX,IDA only,1971,2.17455865528274,0.273698465101589
IDX,IDA only,1972,-0.657114003723137,2.17455865528274
IDX,IDA only,1973,2.3232739702747,-0.657114003723137
IDX,IDA only,1974,6.43191846280982,2.3232739702747
IDX,IDA only,1975,0.652277277031942,6.43191846280982
IDX,IDA only,1976,3.84783201632206,0.652277277031942
IDX,IDA only,1977,2.21534379738051,3.84783201632206
IDX,IDA only,1978,2.06967520103396,2.21534379738051
IDX,IDA only,1979,0.909977242866987,2.06967520103396
IDX,IDA only,1980,2.73188939676163,0.909977242866987
IDX,IDA only,1981,3.37295064491332,2.73188939676163
IDX,IDA only,1982,0.872235011598988,3.37295064491332
IDX,IDA only,1983,1.46406979871496,0.872235011598988
IDX,IDA only,1984,1.83917585083351,1.46406979871496
IDX,IDA only,1985,2.09687093578788,1.83917585083351
IDX,IDA only,1986,2.9277268268943,2.09687093578788
IDX,IDA only,1987,3.69881577707136,2.9277268268943
IDX,IDA only,1988,3.25862750033086,3.69881577707136
IDX,IDA only,1989,1.21058746147544,3.25862750033086
IDX,IDA only,1990,1.21246836616969,1.21058746147544
IDX,IDA only,1991,2.22663676923098,1.21246836616969
IDX,IDA only,1992,1.07693928814467,2.22663676923098
IDX,IDA only,1993,2.23783345475863,1.07693928814467
IDX,IDA only,1994,1.33747518696659,2.23783345475863
IDX,IDA only,1995,5.20653606781556,1.33747518696659
IDX,IDA only,1996,5.21775041057828,5.20653606781556
IDX,IDA only,1997,5.49770386952258,5.21775041057828
IDX,IDA only,1998,4.31316241628927,5.49770386952258
IDX,IDA only,1999,4.10139181669547,4.31316241628927
IDX,IDA only,2000,4.36228900362401,4.10139181669547
IDX,IDA only,2001,4.24080621347814,4.36228900362401
IDX,IDA only,2002,4.67188322019085,4.24080621347814
IDX,IDA only,2003,5.15164613105814,4.67188322019085
IDX,IDA only,2004,6.03016611583492,5.15164613105814
IDX,IDA only,2005,6.40577451885788,6.03016611583492
IDX,IDA only,2006,6.37650965376993,6.40577451885788
IDX,IDA only,2007,6.46657788107126,6.37650965376993
IDX,IDA only,2008,5.92600680729333,6.46657788107126
IDX,IDA only,2009,4.17188333765178,5.92600680729333
IDX,IDA only,2010,6.45708563967116,4.17188333765178
IDX,IDA only,2011,3.98715488656238,6.45708563967116
IDX,IDA only,2012,2.36503313187852,3.98715488656238
IDX,IDA only,2013,5.10918682572196,2.36503313187852
IDX,IDA only,2014,4.9923958045545,5.10918682572196
IDX,IDA only,2015,3.01701813615682,4.9923958045545
IDX,IDA only,2016,4.18372892932952,3.01701813615682
IDX,IDA only,2017,5.22907858100467,4.18372892932952
IDX,IDA only,2018,4.85450921076745,5.22907858100467
IDX,IDA only,2019,4.82130049368115,4.85450921076745
IDX,IDA only,2020,-0.335170512912143,4.82130049368115
IDX,IDA only,2021,3.64269213685422,-0.335170512912143
IDX,IDA only,2022,4.31005230149408,3.64269213685422
IDX,IDA only,2023,3.3073554888398,4.31005230149408
IDX,IDA only,2024,4.57659622486648,3.3073554888398
IDX,IDA only,2025,4.86860827326892,4.57659622486648
IMN,Isle of Man,1986,19.1055382978016,0.418923089884345
IMN,Isle of Man,1987,9.89634675563862,19.1055382978016
IMN,Isle of Man,1988,11.8293565492151,9.89634675563862
IMN,Isle of Man,1989,6.84521310342541,11.8293565492151
IMN,Isle of Man,1990,4.1869768973626,6.84521310342541
IMN,Isle of Man,1991,1.60499284257345,4.1869768973626
IMN,Isle of Man,1992,0.800002489771529,1.60499284257345
IMN,Isle of Man,1993,2.59999570835525,0.800002489771529
IMN,Isle of Man,1994,4.00000120370929,2.59999570835525
IMN,Isle of Man,1995,4.29999820601022,4.00000120370929
IMN,Isle of Man,1996,7.70000620736124,4.29999820601022
IMN,Isle of Man,1997,8.5999943330298,7.70000620736124
IMN,Isle of Man,1998,13.5000059594272,8.5999943330298
IMN,Isle of Man,1999,13.6999970168254,13.5000059594272
IMN,Isle of Man,2000,5.30000152552805,13.6999970168254
IMN,Isle of Man,2001,5.39999903126116,5.30000152552805
IMN,Isle of Man,2002,6.19999819490684,5.39999903126116
IMN,Isle of Man,2003,5.99999968812641,6.19999819490684
IMN,Isle of Man,2004,5.20000310402496,5.99999968812641
IMN,Isle of Man,2005,5.89999933576675,5.20000310402496
IMN,Isle of Man,2006,7.69999871253432,5.89999933576675
IMN,Isle of Man,2007,7.50000022988817,7.69999871253432
IMN,Isle of Man,2008,4.90000100081545,7.50000022988817
IMN,Isle of Man,2009,2.10000027181374,4.90000100081545
IMN,Isle of Man,2010,3.39999842395957,2.10000027181374
IMN,Isle of Man,2011,1.99999938207415,3.39999842395957
IMN,Isle of Man,2012,7.30389108511717,1.99999938207415
IMN,Isle of Man,2013,4.14186158753493,7.30389108511717
IMN,Isle of Man,2014,5.15509983748599,4.14186158753493
IMN,Isle of Man,2015,-0.385866882198087,5.15509983748599
IMN,Isle of Man,2016,6.95230284899407,-0.385866882198087
IMN,Isle of Man,2017,2.83775807093689,6.95230284899407
IMN,Isle of Man,2018,2.2133975392251,2.83775807093689
IMN,Isle of Man,2019,0.254877847398262,2.2133975392251
IMN,Isle of Man,2020,-8.83681697473475,0.254877847398262
IMN,Isle of Man,2021,3.83783632334639,-8.83681697473475
IMN,Isle of Man,2022,-4.16847722466753,3.83783632334639
IMN,Isle of Man,2023,-2.03524496955581,-4.16847722466753
IND,India,1962,2.93112773665958,3.72274253269822
IND,India,1963,5.99435326095178,2.93112773665958
IND,India,1964,7.45295012232975,5.99435326095178
IND,India,1965,-2.63577010985361,7.45295012232975
IND,India,1966,-0.0553287698318314,-2.63577010985361
IND,India,1967,7.82596303033105,-0.0553287698318314
IND,India,1968,3.38792917600242,7.82596303033105
IND,India,1969,6.53970029628042,3.38792917600242
IND,India,1970,5.15722973608261,6.53970029628042
IND,India,1971,1.64293038388766,5.15722973608261
IND,India,1972,-0.553301312377712,1.64293038388766
IND,India,1973,3.29552113522354,-0.553301312377712
IND,India,1974,1.18533626034039,3.29552113522354
IND,India,1975,9.14991201480592,1.18533626034039
IND,India,1976,1.66310363661279,9.14991201480592
IND,India,1977,7.25476458583569,1.66310363661279
IND,India,1978,5.71253208900188,7.25476458583569
IND,India,1979,-5.2381827027895,5.71253208900188
IND,India,1980,6.7358215279985,-5.2381827027895
IND,India,1981,6.00620362381767,6.7358215279985
IND,India,1982,3.47573324031237,6.00620362381767
IND,India,1983,7.28889290124586,3.47573324031237
IND,India,1984,3.8207378559735,7.28889290124586
IND,India,1985,5.25429922330889,3.8207378559735
IND,India,1986,4.77656417048946,5.25429922330889
IND,India,1987,3.96535563390576,4.77656417048946
IND,India,1988,9.62778291984834,3.96535563390576
IND,India,1989,5.94734332826503,9.62778291984834
IND,India,1990,5.53345456306495,5.94734332826503
IND,India,1991,1.05683143296179,5.53345456306495
IND,India,1992,5.48239602167003,1.05683143296179
IND,India,1993,4.7507762195799,5.48239602167003
IND,India,1994,6.65892406747307,4.7507762195799
IND,India,1995,7.57449184027195,6.65892406747307
IND,India,1996,7.54952224888829,7.57449184027195
IND,India,1997,4.04982084902483,7.54952224888829
IND,India,1998,6.18441582080355,4.04982084902483
IND,India,1999,8.84575556114116,6.18441582080355
IND,India,2000,3.84099115686554,8.84575556114116
IND,India,2001,4.82396626397303,3.84099115686554
IND,India,2002,3.80397532120038,4.82396626397303
IND,India,2003,7.86038147545045,3.80397532120038
IND,India,2004,7.92293661307978,7.86038147545045
IND,India,2005,7.92343062131789,7.92293661307978
IND,India,2006,8.06073257305057,7.92343062131789
IND,India,2007,7.66081506510766,8.06073257305057
IND,India,2008,3.08669805950082,7.66081506510766
IND,India,2009,7.8618888330338,3.08669805950082
IND,India,2010,8.49758470165625,7.8618888330338
IND,India,2011,5.24131620024293,8.49758470165625
IND,India,2012,5.45638755164772,5.24131620024293
IND,India,2013,6.38610640091713,5.45638755164772
IND,India,2014,7.41022760516977,6.38610640091713
IND,India,2015,7.99625378567987,7.41022760516977
IND,India,2016,8.25630550176662,7.99625378567987
IND,India,2017,6.79538341902422,8.25630550176662
IND,India,2018,6.45385134495295,6.79538341902422
IND,India,2019,3.87143694070524,6.45385134495295
IND,India,2020,-5.77772470687303,3.87143694070524
IND,India,2021,9.68959249191741,-5.77772470687303
IND,India,2022,7.6093649776932,9.68959249191741
IND,India,2023,7.210224629335,7.6093649776932
IND,India,2024,7.09927893176518,7.210224629335
IND,India,2025,7.56666179284244,7.09927893176518
IRL,Ireland,1962,3.21644390828419,5.01616916866978
IRL,Ireland,1963,4.74463396242706,3.21644390828419
IRL,Ireland,1964,3.78596297345371,4.74463396242706
IRL,Ireland,1965,1.93344870050223,3.78596297345371
IRL,Ireland,1966,0.893092672389145,1.93344870050223
IRL,Ireland,1967,5.78570381955785,0.893092672389145
IRL,Ireland,1968,8.24392804095207,5.78570381955785
IRL,Ireland,1969,5.86385531503191,8.24392804095207
IRL,Ireland,1970,2.66052933421503,5.86385531503191
IRL,Ireland,1971,3.46988866612384,2.66052933421503
IRL,Ireland,1972,6.48980775082018,3.46988866612384
IRL,Ireland,1973,4.72142803863792,6.48980775082018
IRL,Ireland,1974,4.26023030161873,4.72142803863792
IRL,Ireland,1975,5.65664652614466,4.26023030161873
IRL,Ireland,1976,1.39480668315268,5.65664652614466
IRL,Ireland,1977,8.21130051013432,1.39480668315268
IRL,Ireland,1978,7.18672760788444,8.21130051013432
IRL,Ireland,1979,3.07303639266831,7.18672760788444
IRL,Ireland,1980,3.07932918345945,3.07303639266831
IRL,Ireland,1981,3.32521731639946,3.07932918345945
IRL,Ireland,1982,2.28346843284601,3.32521731639946
IRL,Ireland,1983,-0.244301213870017,2.28346843284601
IRL,Ireland,1984,4.35437267775501,-0.244301213870017
IRL,Ireland,1985,3.08561465915007,4.35437267775501
IRL,Ireland,1986,-0.428330204205935,3.08561465915007
IRL,Ireland,1987,4.66309058769842,-0.428330204205935
IRL,Ireland,1988,5.21741342322537,4.66309058769842
IRL,Ireland,1989,5.81391994557339,5.21741342322537
IRL,Ireland,1990,8.46652776398362,5.81391994557339
IRL,Ireland,1991,1.9296401741083,8.46652776398362
IRL,Ireland,1992,3.34327412603812,1.9296401741083
IRL,Ireland,1993,2.69260841466448,3.34327412603812
IRL,Ireland,1994,5.75582797061618,2.69260841466448
IRL,Ireland,1995,9.63442136559036,5.75582797061618
IRL,Ireland,1996,7.37962465765875,9.63442136559036
IRL,Ireland,1997,11.0217650823433,7.37962465765875
IRL,Ireland,1998,8.7661226571214,11.0217650823433
IRL,Ireland,1999,10.5298856427062,8.7661226571214
IRL,Ireland,2000,9.40352476399653,10.5298856427062
IRL,Ireland,2001,5.30582133514299,9.40352476399653
IRL,Ireland,2002,5.89936506079005,5.30582133514299
IRL,Ireland,2003,3.01383869396012,5.89936506079005
IRL,Ireland,2004,6.78813990621356,3.01383869396012
IRL,Ireland,2005,5.73978202625278,6.78813990621356
IRL,Ireland,2006,4.98785364537615,5.73978202625278
IRL,Ireland,2007,5.31011830898613,4.98785364537615
IRL,Ireland,2008,-4.48407081043062,5.31011830898613
IRL,Ireland,2009,-5.09578277913846,-4.48407081043062
IRL,Ireland,2010,1.68297175486512,-5.09578277913846
IRL,Ireland,2011,1.60886648916944,1.68297175486512
IRL,Ireland,2012,-0.40502941658977,1.60886648916944
IRL,Ireland,2013,2.1929375750029,-0.40502941658977
IRL,Ireland,2014,9.38579335130922,2.1929375750029
IRL,Ireland,2015,24.6239856364006,9.38579335130922
IRL,Ireland,2016,1.22271661130947,24.6239856364006
IRL,Ireland,2017,10.1088576065965,1.22271661130947
IRL,Ireland,2018,7.68865937437435,10.1088576065965
IRL,Ireland,2019,4.97288003766816,7.68865937437435
IRL,Ireland,2020,7.15369505735335,4.97288003766816
IRL,Ireland,2021,16.2581881158197,7.15369505735335
IRL,Ireland,2022,7.51113888415304,16.2581881158197
IRL,Ireland,2023,-2.53637409313261,7.51113888415304
IRL,Ireland,2024,2.59946721553708,-2.53637409313261
IRL,Ireland,2025,12.3375990291434,2.59946721553708
IRN,"Iran, Islamic Rep.",1962,7.90926792965325,10.3909183549937
IRN,"Iran, Islamic Rep.",1963,7.04207522912871,7.90926792965325
IRN,"Iran, Islamic Rep.",1964,8.4752282487856,7.04207522912871
IRN,"Iran, Islamic Rep.",1965,17.0357115203008,8.4752282487856
IRN,"Iran, Islamic Rep.",1966,11.5024072848285,17.0357115203008
IRN,"Iran, Islamic Rep.",1967,11.2528030961675,11.5024072848285
IRN,"Iran, Islamic Rep.",1968,14.4041826754728,11.2528030961675
IRN,"Iran, Islamic Rep.",1969,15.5166589080891,14.4041826754728
IRN,"Iran, Islamic Rep.",1970,10.9276016296547,15.5166589080891
IRN,"Iran, Islamic Rep.",1971,13.7015829939225,10.9276016296547
IRN,"Iran, Islamic Rep.",1972,14.4990158486367,13.7015829939225
IRN,"Iran, Islamic Rep.",1973,7.44168161210852,14.4990158486367
IRN,"Iran, Islamic Rep.",1974,5.80105084782068,7.44168161210852
IRN,"Iran, Islamic Rep.",1975,-0.326216240773292,5.80105084782068
IRN,"Iran, Islamic Rep.",1976,18.2604356281607,-0.326216240773292
IRN,"Iran, Islamic Rep.",1977,-2.77357769163513,18.2604356281607
IRN,"Iran, Islamic Rep.",1978,-12.8408566742286,-2.77357769163513
IRN,"Iran, Islamic Rep.",1979,-12.0207602547921,-12.8408566742286
IRN,"Iran, Islamic Rep.",1980,-21.5996493516924,-12.0207602547921
IRN,"Iran, Islamic Rep.",1981,-5.69678723333881,-21.5996493516924
IRN,"Iran, Islamic Rep.",1982,23.1712455355796,-5.69678723333881
IRN,"Iran, Islamic Rep.",1983,11.0867168468735,23.1712455355796
IRN,"Iran, Islamic Rep.",1984,-7.13985049890006,11.0867168468735
IRN,"Iran, Islamic Rep.",1985,1.86764993250704,-7.13985049890006
IRN,"Iran, Islamic Rep.",1986,-9.78490557801793,1.86764993250704
IRN,"Iran, Islamic Rep.",1987,-0.172107687605632,-9.78490557801793
IRN,"Iran, Islamic Rep.",1988,-6.08199661986552,-0.172107687605632
IRN,"Iran, Islamic Rep.",1989,6.13211567717991,-6.08199661986552
IRN,"Iran, Islamic Rep.",1990,13.594926443584,6.13211567717991
IRN,"Iran, Islamic Rep.",1991,12.7161484424098,13.594926443584
IRN,"Iran, Islamic Rep.",1992,3.29798191958058,12.7161484424098
IRN,"Iran, Islamic Rep.",1993,-1.47101148218381,3.29798191958058
IRN,"Iran, Islamic Rep.",1994,-1.69828611909162,-1.47101148218381
IRN,"Iran, Islamic Rep.",1995,2.40104455220023,-1.69828611909162
IRN,"Iran, Islamic Rep.",1996,6.35052601873645,2.40104455220023
IRN,"Iran, Islamic Rep.",1997,1.3503992743003,6.35052601873645
IRN,"Iran, Islamic Rep.",1998,2.08001178027133,1.3503992743003
IRN,"Iran, Islamic Rep.",1999,2.00269623253435,2.08001178027133
IRN,"Iran, Islamic Rep.",2000,5.84552747578209,2.00269623253435
IRN,"Iran, Islamic Rep.",2001,2.39217271207868,5.84552747578209
IRN,"Iran, Islamic Rep.",2002,8.07882927975243,2.39217271207868
IRN,"Iran, Islamic Rep.",2003,8.6392983972006,8.07882927975243
IRN,"Iran, Islamic Rep.",2004,4.33666597851041,8.6392983972006
IRN,"Iran, Islamic Rep.",2005,3.18980408728824,4.33666597851041
IRN,"Iran, Islamic Rep.",2006,4.99979526181222,3.18980408728824
IRN,"Iran, Islamic Rep.",2007,8.15577352358517,4.99979526181222
IRN,"Iran, Islamic Rep.",2008,0.250856553493634,8.15577352358517
IRN,"Iran, Islamic Rep.",2009,1.00738545790475,0.250856553493634
IRN,"Iran, Islamic Rep.",2010,5.79793830169604,1.00738545790475
IRN,"Iran, Islamic Rep.",2011,2.6457179180628,5.79793830169604
IRN,"Iran, Islamic Rep.",2012,-3.74717139864109,2.6457179180628
IRN,"Iran, Islamic Rep.",2013,-1.52197920494184,-3.74717139864109
IRN,"Iran, Islamic Rep.",2014,4.98477506709476,-1.52197920494184
IRN,"Iran, Islamic Rep.",2015,-1.42488493937503,4.98477506709476
IRN,"Iran, Islamic Rep.",2016,8.8150866425182,-1.42488493937503
IRN,"Iran, Islamic Rep.",2017,3.02685468694025,8.8150866425182
IRN,"Iran, Islamic Rep.",2018,-3.74796015711334,3.02685468694025
IRN,"Iran, Islamic Rep.",2019,-2.36143538770575,-3.74796015711334
IRN,"Iran, Islamic Rep.",2020,4.44180865358672,-2.36143538770575
IRN,"Iran, Islamic Rep.",2021,4.13089685034471,4.44180865358672
IRN,"Iran, Islamic Rep.",2022,4.35281087521344,4.13089685034471
IRN,"Iran, Islamic Rep.",2023,5.33235116079808,4.35281087521344
IRN,"Iran, Islamic Rep.",2024,3.66312057949303,5.33235116079808
IRN,"Iran, Islamic Rep.",2025,-2.82597163290347,3.66312057949303
IRQ,Iraq,1962,4.60334575305544,7.32576806556308
IRQ,Iraq,1963,2.44770235047196,4.60334575305544
IRQ,Iraq,1964,14.8265142723807,2.44770235047196
IRQ,Iraq,1965,10.763880165144,14.8265142723807
IRQ,Iraq,1966,4.96287661149815,10.763880165144
IRQ,Iraq,1967,-8.85681547611026,4.96287661149815
IRQ,Iraq,1968,19.5121002571341,-8.85681547611026
IRQ,Iraq,1969,3.24418646059578,19.5121002571341
IRQ,Iraq,1970,4.54435706401779,3.24418646059578
IRQ,Iraq,1971,5.37455253303425,4.54435706401779
IRQ,Iraq,1972,3.73530378696596,5.37455253303425
IRQ,Iraq,1973,4.41875556494567,3.73530378696596
IRQ,Iraq,1974,16.1133673454638,4.41875556494567
IRQ,Iraq,1975,12.4906646751304,16.1133673454638
IRQ,Iraq,1976,17.1751037344398,12.4906646751304
IRQ,Iraq,1977,1.89995939450607,17.1751037344398
IRQ,Iraq,1978,17.0569646646714,1.89995939450607
IRQ,Iraq,1979,20.8692554328465,17.0569646646714
IRQ,Iraq,1980,24.7537268463936,20.8692554328465
IRQ,Iraq,1981,-0.728727509463553,24.7537268463936
IRQ,Iraq,1982,3.43397803057938,-0.728727509463553
IRQ,Iraq,1983,-13.0733124034891,3.43397803057938
IRQ,Iraq,1984,-1.48524169735188,-13.0733124034891
IRQ,Iraq,1985,1.45389626285959,-1.48524169735188
IRQ,Iraq,1986,4.64759057416617,1.45389626285959
IRQ,Iraq,1987,9.3052813911243,4.64759057416617
IRQ,Iraq,1988,-0.0190369368025927,9.3052813911243
IRQ,Iraq,1989,-3.1185352147467,-0.0190369368025927
IRQ,Iraq,1990,57.8178283456035,-3.1185352147467
IRQ,Iraq,1991,-64.047106973488,57.8178283456035
IRQ,Iraq,1992,32.5922111964051,-64.047106973488
IRQ,Iraq,1993,30.289829491298,32.5922111964051
IRQ,Iraq,1994,3.85453244895318,30.289829491298
IRQ,Iraq,1995,2.12002149763362,3.85453244895318
IRQ,Iraq,1996,11.0207856442117,2.12002149763362
IRQ,Iraq,1997,21.2379361287918,11.0207856442117
IRQ,Iraq,1998,35.0009676191703,21.2379361287918
IRQ,Iraq,1999,17.5801703743879,35.0009676191703
IRQ,Iraq,2000,16.7961344439661,17.5801703743879
IRQ,Iraq,2001,1.76660876568174,16.7961344439661
IRQ,Iraq,2002,-8.20370481187175,1.76660876568174
IRQ,Iraq,2003,-36.6567804383165,-8.20370481187175
IRQ,Iraq,2004,53.3855472887501,-36.6567804383165
IRQ,Iraq,2005,1.67522863586828,53.3855472887501
IRQ,Iraq,2006,5.63829915220637,1.67522863586828
IRQ,Iraq,2007,1.88853936243953,5.63829915220637
IRQ,Iraq,2008,8.22810710383277,1.88853936243953
IRQ,Iraq,2009,3.37929909442771,8.22810710383277
IRQ,Iraq,2010,6.40256484471193,3.37929909442771
IRQ,Iraq,2011,7.546471200426,6.40256484471193
IRQ,Iraq,2012,13.9364301737537,7.546471200426
IRQ,Iraq,2013,7.62828592298754,13.9364301737537
IRQ,Iraq,2014,2.26368817563613,7.62828592298754
IRQ,Iraq,2015,2.60676642939541,2.26368817563613
IRQ,Iraq,2016,13.7873730187089,2.60676642939541
IRQ,Iraq,2017,-1.81975035118309,13.7873730187089
IRQ,Iraq,2018,2.63385099105624,-1.81975035118309
IRQ,Iraq,2019,5.5137905789381,2.63385099105624
IRQ,Iraq,2020,-12.0367930960454,5.5137905789381
IRQ,Iraq,2021,1.5021807095434,-12.0367930960454
IRQ,Iraq,2022,7.95904804990212,1.5021807095434
IRQ,Iraq,2023,0.517705525140073,7.95904804990212
IRQ,Iraq,2024,-1.54525198319173,0.517705525140073
IRQ,Iraq,2025,-2.15574219066178,-1.54525198319173
ISL,Iceland,1962,8.31477354616688,-0.0741840750400797
ISL,Iceland,1963,10.2810142672661,8.31477354616688
ISL,Iceland,1964,9.88191422626177,10.2810142672661
ISL,Iceland,1965,7.29638018286288,9.88191422626177
ISL,Iceland,1966,8.75065886498352,7.29638018286288
ISL,Iceland,1967,-1.26030052797319,8.75065886498352
ISL,Iceland,1968,-5.49828177696551,-1.26030052797319
ISL,Iceland,1969,2.38961032371272,-5.49828177696551
ISL,Iceland,1970,7.45814314227431,2.38961032371272
ISL,Iceland,1971,13.0608375831739,7.45814314227431
ISL,Iceland,1972,6.17733454676718,13.0608375831739
ISL,Iceland,1973,6.80600969930141,6.17733454676718
ISL,Iceland,1974,5.70629209965455,6.80600969930141
ISL,Iceland,1975,0.64615505171875,5.70629209965455
ISL,Iceland,1976,5.95936756657377,0.64615505171875
ISL,Iceland,1977,8.82227726391153,5.95936756657377
ISL,Iceland,1978,6.01671453236096,8.82227726391153
ISL,Iceland,1979,4.86058242659418,6.01671453236096
ISL,Iceland,1980,5.74792072898289,4.86058242659418
ISL,Iceland,1981,4.2650070463216,5.74792072898289
ISL,Iceland,1982,2.15456624389918,4.2650070463216
ISL,Iceland,1983,-2.15116172402108,2.15456624389918
ISL,Iceland,1984,4.12911824601976,-2.15116172402108
ISL,Iceland,1985,3.29284143329744,4.12911824601976
ISL,Iceland,1986,6.27054192019342,3.29284143329744
ISL,Iceland,1987,8.54593973363589,6.27054192019342
ISL,Iceland,1988,-0.089725977854286,8.54593973363589
ISL,Iceland,1989,0.258439804261698,-0.089725977854286
ISL,Iceland,1990,1.16937035968014,0.258439804261698
ISL,Iceland,1991,-0.223525498840075,1.16937035968014
ISL,Iceland,1992,-3.37389416853765,-0.223525498840075
ISL,Iceland,1993,1.31344949985998,-3.37389416853765
ISL,Iceland,1994,3.60885792911003,1.31344949985998
ISL,Iceland,1995,0.116583656161382,3.60885792911003
ISL,Iceland,1996,4.49765336794034,0.116583656161382
ISL,Iceland,1997,4.14087045329792,4.49765336794034
ISL,Iceland,1998,7.01048323038307,4.14087045329792
ISL,Iceland,1999,3.89798762511016,7.01048323038307
ISL,Iceland,2000,4.90518213950493,3.89798762511016
ISL,Iceland,2001,3.84093935332692,4.90518213950493
ISL,Iceland,2002,0.542286728290463,3.84093935332692
ISL,Iceland,2003,2.28136971847135,0.542286728290463
ISL,Iceland,2004,7.62260520494142,2.28136971847135
ISL,Iceland,2005,7.02934061160924,7.62260520494142
ISL,Iceland,2006,5.67161248703039,7.02934061160924
ISL,Iceland,2007,8.74132941862472,5.67161248703039
ISL,Iceland,2008,1.69961072411662,8.74132941862472
ISL,Iceland,2009,-8.32146414938261,1.69961072411662
ISL,Iceland,2010,-2.22181843777449,-8.32146414938261
ISL,Iceland,2011,1.37999669197329,-2.22181843777449
ISL,Iceland,2012,1.16931174934061,1.37999669197329
ISL,Iceland,2013,3.59695697128252,1.16931174934061
ISL,Iceland,2014,1.91381613095174,3.59695697128252
ISL,Iceland,2015,3.76859020213645,1.91381613095174
ISL,Iceland,2016,6.21808764670307,3.76859020213645
ISL,Iceland,2017,3.48506704155555,6.21808764670307
ISL,Iceland,2018,4.66077036232377,3.48506704155555
ISL,Iceland,2019,1.13821227336888,4.66077036232377
ISL,Iceland,2020,-6.64587810456635,1.13821227336888
ISL,Iceland,2021,5.18057190719905,-6.64587810456635
ISL,Iceland,2022,8.85729897856851,5.18057190719905
ISL,Iceland,2023,5.0322597376242,8.85729897856851
ISL,Iceland,2024,-1.2828764442695,5.0322597376242
ISL,Iceland,2025,1.27946207863934,-1.2828764442695
ISR,Israel,1962,10.1561168171325,11.2038898974002
ISR,Israel,1963,10.695723235584,10.1561168171325
ISR,Israel,1964,7.93718694756733,10.695723235584
ISR,Israel,1965,8.99794788994292,7.93718694756733
ISR,Israel,1966,-0.0796471421118241,8.99794788994292
ISR,Israel,1967,2.99502647219659,-0.0796471421118241
ISR,Israel,1968,16.2419517102616,2.99502647219659
ISR,Israel,1969,13.5657021366781,16.2419517102616
ISR,Israel,1970,7.30733562481677,13.5657021366781
ISR,Israel,1971,10.9510708625275,7.30733562481677
ISR,Israel,1972,12.1465543644432,10.9510708625275
ISR,Israel,1973,5.58746394207819,12.1465543644432
ISR,Israel,1974,6.47616144401562,5.58746394207819
ISR,Israel,1975,3.24281927767115,6.47616144401562
ISR,Israel,1976,0.322503652229273,3.24281927767115
ISR,Israel,1977,1.03529921058237,0.322503652229273
ISR,Israel,1978,5.55508715376642,1.03529921058237
ISR,Israel,1979,6.20781581339436,5.55508715376642
ISR,Israel,1980,1.67044186363161,6.20781581339436
ISR,Israel,1981,5.33992670698777,1.67044186363161
ISR,Israel,1982,2.08250042347377,5.33992670698777
ISR,Israel,1983,3.35910137510471,2.08250042347377
ISR,Israel,1984,0.933214010494638,3.35910137510471
ISR,Israel,1985,4.03694020672467,0.933214010494638
ISR,Israel,1986,4.19014432194915,4.03694020672467
ISR,Israel,1987,7.13971140010318,4.19014432194915
ISR,Israel,1988,2.91001631242278,7.13971140010318
ISR,Israel,1989,0.574746841063316,2.91001631242278
ISR,Israel,1990,7.3151991296676,0.574746841063316
ISR,Israel,1991,7.72611507495277,7.3151991296676
ISR,Israel,1992,7.75926624282712,7.72611507495277
ISR,Israel,1993,4.11675642426739,7.75926624282712
ISR,Israel,1994,7.42784534825054,4.11675642426739
ISR,Israel,1995,6.60292461082722,7.42784534825054
ISR,Israel,1996,5.83892253875895,6.60292461082722
ISR,Israel,1997,3.61026597240067,5.83892253875895
ISR,Israel,1998,4.1019344139424,3.61026597240067
ISR,Israel,1999,3.28835789304527,4.1019344139424
ISR,Israel,2000,8.59152200608253,3.28835789304527
ISR,Israel,2001,0.270471415054473,8.59152200608253
ISR,Israel,2002,-0.152880392675172,0.270471415054473
ISR,Israel,2003,1.43455918035305,-0.152880392675172
ISR,Israel,2004,4.64944459908543,1.43455918035305
ISR,Israel,2005,4.35256427740218,4.64944459908543
ISR,Israel,2006,5.59106550120008,4.35256427740218
ISR,Israel,2007,6.31307137087018,5.59106550120008
ISR,Israel,2008,3.2158134842205,6.31307137087018
ISR,Israel,2009,1.22017480850096,3.2158134842205
ISR,Israel,2010,5.54470607068944,1.22017480850096
ISR,Israel,2011,5.51341969081251,5.54470607068944
ISR,Israel,2012,2.40993765217618,5.51341969081251
ISR,Israel,2013,4.09013743330735,2.40993765217618
ISR,Israel,2014,3.718144149431,4.09013743330735
ISR,Israel,2015,2.23599889603805,3.718144149431
ISR,Israel,2016,4.53601939236572,2.23599889603805
ISR,Israel,2017,4.34394518932547,4.53601939236572
ISR,Israel,2018,4.05349952888294,4.34394518932547
ISR,Israel,2019,3.57898762923605,4.05349952888294
ISR,Israel,2020,-1.80206927953466,3.57898762923605
ISR,Israel,2021,9.33534690236249,-1.80206927953466
ISR,Israel,2022,6.36407234798706,9.33534690236249
ISR,Israel,2023,2.06272504731618,6.36407234798706
ISR,Israel,2024,0.953618469238535,2.06272504731618
ISR,Israel,2025,2.93114966387968,0.953618469238535
ITA,Italy,1962,6.20365038538202,8.20724597589673
ITA,Italy,1963,5.60972790418452,6.20365038538202
ITA,Italy,1964,2.79770230068472,5.60972790418452
ITA,Italy,1965,3.26802365121867,2.79770230068472
ITA,Italy,1966,5.98479421486059,3.26802365121867
ITA,Italy,1967,7.17861243185169,5.98479421486059
ITA,Italy,1968,6.5445545873539,7.17861243185169
ITA,Italy,1969,6.09805993564241,6.5445545873539
ITA,Italy,1970,5.31050247643583,6.09805993564241
ITA,Italy,1971,1.81810794624113,5.31050247643583
ITA,Italy,1972,3.69048578366487,1.81810794624113
ITA,Italy,1973,7.12586233109471,3.69048578366487
ITA,Italy,1974,5.50014109691006,7.12586233109471
ITA,Italy,1975,-2.09016289171086,5.50014109691006
ITA,Italy,1976,7.12538510094043,-2.09016289171086
ITA,Italy,1977,2.56050082604729,7.12538510094043
ITA,Italy,1978,3.24013978059317,2.56050082604729
ITA,Italy,1979,5.95915952688955,3.24013978059317
ITA,Italy,1980,3.43001634618649,5.95915952688955
ITA,Italy,1981,0.844227628121416,3.43001634618649
ITA,Italy,1982,0.413585694308892,0.844227628121416
ITA,Italy,1983,1.16920342741862,0.413585694308892
ITA,Italy,1984,3.22585239030356,1.16920342741862
ITA,Italy,1985,2.79808575480784,3.22585239030356
ITA,Italy,1986,2.85997186889063,2.79808575480784
ITA,Italy,1987,3.19196062140115,2.85997186889063
ITA,Italy,1988,4.19437725054567,3.19196062140115
ITA,Italy,1989,3.38838350504491,4.19437725054567
ITA,Italy,1990,1.98577491758405,3.38838350504491
ITA,Italy,1991,1.53844759206665,1.98577491758405
ITA,Italy,1992,0.834275417393798,1.53844759206665
ITA,Italy,1993,-0.852805731913904,0.834275417393798
ITA,Italy,1994,2.15102367074849,-0.852805731913904
ITA,Italy,1995,2.88683671925843,2.15102367074849
ITA,Italy,1996,1.34558477192847,2.88683671925843
ITA,Italy,1997,1.92572122608527,1.34558477192847
ITA,Italy,1998,1.8043732818638,1.92572122608527
ITA,Italy,1999,1.67799157943422,1.8043732818638
ITA,Italy,2000,3.88209885062652,1.67799157943422
ITA,Italy,2001,2.00643329837733,3.88209885062652
ITA,Italy,2002,0.26992966378873,2.00643329837733
ITA,Italy,2003,0.0665538088732092,0.26992966378873
ITA,Italy,2004,1.4740217064723,0.0665538088732092
ITA,Italy,2005,0.762410677306491,1.4740217064723
ITA,Italy,2006,1.79947992234244,0.762410677306491
ITA,Italy,2007,1.46229205289291,1.79947992234244
ITA,Italy,2008,-1.02313851177097,1.46229205289291
ITA,Italy,2009,-5.30515401233991,-1.02313851177097
ITA,Italy,2010,1.52910573247101,-5.30515401233991
ITA,Italy,2011,0.695463154440176,1.52910573247101
ITA,Italy,2012,-3.12523877282996,0.695463154440176
ITA,Italy,2013,-1.81802510749792,-3.12523877282996
ITA,Italy,2014,-0.00138761730454462,-1.81802510749792
ITA,Italy,2015,0.885667635240807,-0.00138761730454462
ITA,Italy,2016,1.23622108511661,0.885667635240807
ITA,Italy,2017,1.60369995294101,1.23622108511661
ITA,Italy,2018,0.826646712344115,1.60369995294101
ITA,Italy,2019,0.429162533780342,0.826646712344115
ITA,Italy,2020,-8.86822122185345,0.429162533780342
ITA,Italy,2021,8.93106210800055,-8.86822122185345
ITA,Italy,2022,4.82117669913565,8.93106210800055
ITA,Italy,2023,0.922796543670316,4.82117669913565
ITA,Italy,2024,0.783039135276795,0.922796543670316
ITA,Italy,2025,0.539583636778445,0.783039135276795
JAM,Jamaica,1968,5.74413221562098,1.80863851891935
JAM,Jamaica,1969,5.57467387070459,5.74413221562098
JAM,Jamaica,1970,12.0644090390182,5.57467387070459
JAM,Jamaica,1971,2.45807345173883,12.0644090390182
JAM,Jamaica,1972,18.0085552919373,2.45807345173883
JAM,Jamaica,1973,-5.48550909116167,18.0085552919373
JAM,Jamaica,1974,-4.22926130986501,-5.48550909116167
JAM,Jamaica,1975,-0.25609225691494,-4.22926130986501
JAM,Jamaica,1976,-6.6942450951283,-0.25609225691494
JAM,Jamaica,1977,-2.59754869763765,-6.6942450951283
JAM,Jamaica,1978,-0.0537003148015742,-2.59754869763765
JAM,Jamaica,1979,-1.06004131730283,-0.0537003148015742
JAM,Jamaica,1980,-5.71415924592799,-1.06004131730283
JAM,Jamaica,1981,2.63944799408762,-5.71415924592799
JAM,Jamaica,1982,2.06923162402543,2.63944799408762
JAM,Jamaica,1983,1.90907840238197,2.06923162402543
JAM,Jamaica,1984,-1.54234579969579,1.90907840238197
JAM,Jamaica,1985,-2.94363557496624,-1.54234579969579
JAM,Jamaica,1986,1.88258818544895,-2.94363557496624
JAM,Jamaica,1987,7.850354826906,1.88258818544895
JAM,Jamaica,1988,3.97430201540247,7.850354826906
JAM,Jamaica,1989,7.17330434565815,3.97430201540247
JAM,Jamaica,1990,4.2005351147029,7.17330434565815
JAM,Jamaica,1991,4.83823875455573,4.2005351147029
JAM,Jamaica,1992,1.95554250017773,4.83823875455573
JAM,Jamaica,1993,9.41710256580915,1.95554250017773
JAM,Jamaica,1994,1.38338980682033,9.41710256580915
JAM,Jamaica,1995,2.34995703773234,1.38338980682033
JAM,Jamaica,1996,-0.113731205844019,2.34995703773234
JAM,Jamaica,1997,-1.14045987350366,-0.113731205844019
JAM,Jamaica,1998,-2.33455353946911,-1.14045987350366
JAM,Jamaica,1999,1.04767386709968,-2.33455353946911
JAM,Jamaica,2000,0.87870355044231,1.04767386709968
JAM,Jamaica,2001,1.34492956615135,0.87870355044231
JAM,Jamaica,2002,1.99729094191295,1.34492956615135
JAM,Jamaica,2003,3.66631759041991,1.99729094191295
JAM,Jamaica,2004,1.32372510450574,3.66631759041991
JAM,Jamaica,2005,0.893797935409893,1.32372510450574
JAM,Jamaica,2006,2.89912534481287,0.893797935409893
JAM,Jamaica,2007,1.43195403769627,2.89912534481287
JAM,Jamaica,2008,-0.811736702186792,1.43195403769627
JAM,Jamaica,2009,-4.34530185828071,-0.811736702186792
JAM,Jamaica,2010,-1.45714720850386,-4.34530185828071
JAM,Jamaica,2011,1.73037627006349,-1.45714720850386
JAM,Jamaica,2012,-0.613636042132399,1.73037627006349
JAM,Jamaica,2013,0.517686011311724,-0.613636042132399
JAM,Jamaica,2014,0.689822359762587,0.517686011311724
JAM,Jamaica,2015,0.92148712399856,0.689822359762587
JAM,Jamaica,2016,2.76043761369557,0.92148712399856
JAM,Jamaica,2017,2.29303371291363,2.76043761369557
JAM,Jamaica,2018,2.51584458612513,2.29303371291363
JAM,Jamaica,2019,1.80943147301357,2.51584458612513
JAM,Jamaica,2020,-8.30441923583135,1.80943147301357
JAM,Jamaica,2021,5.70467978309095,-8.30441923583135
JAM,Jamaica,2022,6.43930323656186,5.70467978309095
JAM,Jamaica,2023,2.74634433906714,6.43930323656186
JAM,Jamaica,2024,-0.535039063867487,2.74634433906714
JAM,Jamaica,2025,0.0816454877745656,-0.535039063867487
JOR,Jordan,1978,14.6795660169677,8.29840885389555
JOR,Jordan,1979,20.8029092647021,14.6795660169677
JOR,Jordan,1980,11.1848464618953,20.8029092647021
JOR,Jordan,1981,17.1787174397624,11.1848464618953
JOR,Jordan,1982,7.025943387032,17.1787174397624
JOR,Jordan,1983,-2.219738554459,7.025943387032
JOR,Jordan,1984,4.29168776522472,-2.219738554459
JOR,Jordan,1985,-2.70694716427701,4.29168776522472
JOR,Jordan,1986,5.50463424186405,-2.70694716427701
JOR,Jordan,1987,2.32327437695257,5.50463424186405
JOR,Jordan,1988,1.46216981660774,2.32327437695257
JOR,Jordan,1989,-10.7292192804856,1.46216981660774
JOR,Jordan,1990,-0.275903907591626,-10.7292192804856
JOR,Jordan,1991,1.60853107260195,-0.275903907591626
JOR,Jordan,1992,14.3497760596895,1.60853107260195
JOR,Jordan,1993,4.48698977985747,14.3497760596895
JOR,Jordan,1994,4.9714766996471,4.48698977985747
JOR,Jordan,1995,6.20087444373824,4.9714766996471
JOR,Jordan,1996,2.08702078168048,6.20087444373824
JOR,Jordan,1997,3.30847538304697,2.08702078168048
JOR,Jordan,1998,3.0121726904659,3.30847538304697
JOR,Jordan,1999,3.38953079405096,3.0121726904659
JOR,Jordan,2000,4.24571192079151,3.38953079405096
JOR,Jordan,2001,5.26995757513606,4.24571192079151
JOR,Jordan,2002,5.78380792679309,5.26995757513606
JOR,Jordan,2003,4.16166755544363,5.78380792679309
JOR,Jordan,2004,8.56721424236906,4.16166755544363
JOR,Jordan,2005,8.1465948107994,8.56721424236906
JOR,Jordan,2006,8.09297527811921,8.1465948107994
JOR,Jordan,2007,8.17616995204655,8.09297527811921
JOR,Jordan,2008,7.22038637280149,8.17616995204655
JOR,Jordan,2009,5.11667226950634,7.22038637280149
JOR,Jordan,2010,2.6377158262256,5.11667226950634
JOR,Jordan,2011,2.90729315392207,2.6377158262256
JOR,Jordan,2012,2.40465716535539,2.90729315392207
JOR,Jordan,2013,2.72311205964112,2.40465716535539
JOR,Jordan,2014,3.32287328047509,2.72311205964112
JOR,Jordan,2015,2.52261671092148,3.32287328047509
JOR,Jordan,2016,2.11166806967252,2.52261671092148
JOR,Jordan,2017,2.50770398070352,2.11166806967252
JOR,Jordan,2018,1.85383415616927,2.50770398070352
JOR,Jordan,2019,1.85633006592765,1.85383415616927
JOR,Jordan,2020,-1.15257534158022,1.85633006592765
JOR,Jordan,2021,3.75201276755828,-1.15257534158022
JOR,Jordan,2022,2.7468615450031,3.75201276755828
JOR,Jordan,2023,3.12900102017251,2.7468615450031
JOR,Jordan,2024,2.55605891810194,3.12900102017251
JOR,Jordan,2025,2.82660839845745,2.55605891810194
JPN,Japan,1962,8.90897303614973,12.043536357022
JPN,Japan,1963,8.47364243635415,8.90897303614973
JPN,Japan,1964,11.676708250654,8.47364243635415
JPN,Japan,1965,5.81970783966972,11.676708250654
JPN,Japan,1966,10.6385615902031,5.81970783966972
JPN,Japan,1967,11.0821423327248,10.6385615902031
JPN,Japan,1968,12.8824681707163,11.0821423327248
JPN,Japan,1969,12.4778945420024,12.8824681707163
JPN,Japan,1970,0.399050611065093,12.4778945420024
JPN,Japan,1971,4.69899204214205,0.399050611065093
JPN,Japan,1972,8.41354725497627,4.69899204214205
JPN,Japan,1973,8.03259997458245,8.41354725497627
JPN,Japan,1974,-1.22523982750916,8.03259997458245
JPN,Japan,1975,3.09157591623077,-1.22523982750916
JPN,Japan,1976,3.97498409113672,3.09157591623077
JPN,Japan,1977,4.39033795009327,3.97498409113672
JPN,Japan,1978,5.27194150317187,4.39033795009327
JPN,Japan,1979,5.4840418324284,5.27194150317187
JPN,Japan,1980,2.81759120738283,5.4840418324284
JPN,Japan,1981,4.20933646523171,2.81759120738283
JPN,Japan,1982,3.31245673740017,4.20933646523171
JPN,Japan,1983,3.52304498510377,3.31245673740017
JPN,Japan,1984,4.50199481622435,3.52304498510377
JPN,Japan,1985,5.23338094687848,4.50199481622435
JPN,Japan,1986,3.32652561623384,5.23338094687848
JPN,Japan,1987,4.73066586040017,3.32652561623384
JPN,Japan,1988,6.78502010955764,4.73066586040017
JPN,Japan,1989,4.85803768615389,6.78502010955764
JPN,Japan,1990,4.89271306574565,4.85803768615389
JPN,Japan,1991,3.41749676183089,4.89271306574565
JPN,Japan,1992,0.848069581218368,3.41749676183089
JPN,Japan,1993,-0.517919847117952,0.848069581218368
JPN,Japan,1994,0.99306636322622,-0.517919847117952
JPN,Japan,1995,2.34205546196849,0.99306636322622
JPN,Japan,1996,3.07546731409349,2.34205546196849
JPN,Japan,1997,1.36297109407448,3.07546731409349
JPN,Japan,1998,-1.77264091037956,1.36297109407448
JPN,Japan,1999,-0.347600398675738,-1.77264091037956
JPN,Japan,2000,2.97832688768516,-0.347600398675738
JPN,Japan,2001,0.284608556379041,2.97832688768516
JPN,Japan,2002,0.0849888050363319,0.284608556379041
JPN,Japan,2003,1.38010935830795,0.0849888050363319
JPN,Japan,2004,2.11294823723127,1.38010935830795
JPN,Japan,2005,1.8482813374834,2.11294823723127
JPN,Japan,2006,1.54630843078741,1.8482813374834
JPN,Japan,2007,1.72837912865577,1.54630843078741
JPN,Japan,2008,-1.16662209355141,1.72837912865577
JPN,Japan,2009,-5.9359411383964,-1.16662209355141
JPN,Japan,2010,4.13645589222239,-5.9359411383964
JPN,Japan,2011,-0.20035785332982,4.13645589222239
JPN,Japan,2012,1.64893452981225,-0.20035785332982
JPN,Japan,2013,1.99727653399265,1.64893452981225
JPN,Japan,2014,0.905915486065865,1.99727653399265
JPN,Japan,2015,1.79997735783475,0.905915486065865
JPN,Japan,2016,0.704986495111257,1.79997735783475
JPN,Japan,2017,1.62345062245441,0.704986495111257
JPN,Japan,2018,0.834143845965585,1.62345062245441
JPN,Japan,2019,-0.308496921143259,0.834143845965585
JPN,Japan,2020,-4.28327942675573,-0.308496921143259
JPN,Japan,2021,3.56419531474475,-4.28327942675573
JPN,Japan,2022,1.33164750653741,3.56419531474475
JPN,Japan,2023,0.720785304749811,1.33164750653741
JPN,Japan,2024,-0.240084236041696,0.720785304749811
JPN,Japan,2025,1.19311288444599,-0.240084236041696
KAZ,Kazakhstan,1992,-5.29999999893468,-11.0000000016926
KAZ,Kazakhstan,1993,-9.20000000203308,-5.29999999893468
KAZ,Kazakhstan,1994,-12.5999999983168,-9.20000000203308
KAZ,Kazakhstan,1995,-8.2000000011824,-12.5999999983168
KAZ,Kazakhstan,1996,0.500000002073506,-8.2000000011824
KAZ,Kazakhstan,1997,1.69999999949513,0.500000002073506
KAZ,Kazakhstan,1998,-1.89999999942479,1.69999999949513
KAZ,Kazakhstan,1999,2.69999999784199,-1.89999999942479
KAZ,Kazakhstan,2000,9.80000000214156,2.69999999784199
KAZ,Kazakhstan,2001,13.4999999984358,9.80000000214156
KAZ,Kazakhstan,2002,9.79999999960842,13.4999999984358
KAZ,Kazakhstan,2003,9.30000000033759,9.79999999960842
KAZ,Kazakhstan,2004,9.60000000136854,9.30000000033759
KAZ,Kazakhstan,2005,9.69999999922682,9.60000000136854
KAZ,Kazakhstan,2006,10.7,9.69999999922682
KAZ,Kazakhstan,2007,8.89999999999405,10.7
KAZ,Kazakhstan,2008,3.30000000021091,8.89999999999405
KAZ,Kazakhstan,2009,1.19999999942873,3.30000000021091
KAZ,Kazakhstan,2010,7.30000000329814,1.19999999942873
KAZ,Kazakhstan,2011,7.40000000144188,7.30000000329814
KAZ,Kazakhstan,2012,4.79999999528297,7.40000000144188
KAZ,Kazakhstan,2013,5.99999999671084,4.79999999528297
KAZ,Kazakhstan,2014,4.20000000566705,5.99999999671084
KAZ,Kazakhstan,2015,1.20000000053288,4.20000000566705
KAZ,Kazakhstan,2016,1.09999999910173,1.20000000053288
KAZ,Kazakhstan,2017,4.10000000257358,1.09999999910173
KAZ,Kazakhstan,2018,4.09999999309841,4.10000000257358
KAZ,Kazakhstan,2019,4.50000000091883,4.09999999309841
KAZ,Kazakhstan,2020,-2.49999999628,4.50000000091883
KAZ,Kazakhstan,2021,4.29999999729456,-2.49999999628
KAZ,Kazakhstan,2022,3.19999999970734,4.29999999729456
KAZ,Kazakhstan,2023,5.09999999973641,3.19999999970734
KAZ,Kazakhstan,2024,4.99999999996936,5.09999999973641
KAZ,Kazakhstan,2025,6.5,4.99999999996936
KEN,Kenya,1962,9.45735874072126,-7.77463490371655
KEN,Kenya,1963,8.77834021621184,9.45735874072126
KEN,Kenya,1964,4.96446728844091,8.77834021621184
KEN,Kenya,1965,2.00909417103099,4.96446728844091
KEN,Kenya,1966,14.7285664015687,2.00909417103099
KEN,Kenya,1967,3.36123203258556,14.7285664015687
KEN,Kenya,1968,7.9826899693479,3.36123203258556
KEN,Kenya,1969,7.9592244594956,7.9826899693479
KEN,Kenya,1970,-4.65544691647621,7.9592244594956
KEN,Kenya,1971,22.1738919255764,-4.65544691647621
KEN,Kenya,1972,17.082429349983,22.1738919255764
KEN,Kenya,1973,5.89658021016672,17.082429349983
KEN,Kenya,1974,4.06561734893735,5.89658021016672
KEN,Kenya,1975,0.882203175319148,4.06561734893735
KEN,Kenya,1976,2.15396450322561,0.882203175319148
KEN,Kenya,1977,9.45379784408087,2.15396450322561
KEN,Kenya,1978,6.91249354626197,9.45379784408087
KEN,Kenya,1979,7.61522604591983,6.91249354626197
KEN,Kenya,1980,5.5919762059677,7.61522604591983
KEN,Kenya,1981,3.77354419402822,5.5919762059677
KEN,Kenya,1982,1.50647825757706,3.77354419402822
KEN,Kenya,1983,1.3090502411486,1.50647825757706
KEN,Kenya,1984,1.75521697703473,1.3090502411486
KEN,Kenya,1985,4.30056181879613,1.75521697703473
KEN,Kenya,1986,7.17755539065963,4.30056181879613
KEN,Kenya,1987,5.93710744420895,7.17755539065963
KEN,Kenya,1988,6.20318382314591,5.93710744420895
KEN,Kenya,1989,4.69034876792047,6.20318382314591
KEN,Kenya,1990,4.19205097155167,4.69034876792047
KEN,Kenya,1991,1.43834679171559,4.19205097155167
KEN,Kenya,1992,-0.799493958641349,1.43834679171559
KEN,Kenya,1993,0.353197256227247,-0.799493958641349
KEN,Kenya,1994,2.632784517837,0.353197256227247
KEN,Kenya,1995,4.40621652482287,2.632784517837
KEN,Kenya,1996,4.14683926876013,4.40621652482287
KEN,Kenya,1997,0.474901921293579,4.14683926876013
KEN,Kenya,1998,3.29021372249065,0.474901921293579
KEN,Kenya,1999,2.30538859522412,3.29021372249065
KEN,Kenya,2000,0.599695390807426,2.30538859522412
KEN,Kenya,2001,3.77990649795343,0.599695390807426
KEN,Kenya,2002,0.546859530175595,3.77990649795343
KEN,Kenya,2003,2.93247554570904,0.546859530175595
KEN,Kenya,2004,5.10429977629738,2.93247554570904
KEN,Kenya,2005,5.90666607980057,5.10429977629738
KEN,Kenya,2006,6.47249430015484,5.90666607980057
KEN,Kenya,2007,6.85072976998784,6.47249430015484
KEN,Kenya,2008,0.232282744812977,6.85072976998784
KEN,Kenya,2009,3.30693981631089,0.232282744812977
KEN,Kenya,2010,8.05847360290906,3.30693981631089
KEN,Kenya,2011,5.1211061197056,8.05847360290906
KEN,Kenya,2012,4.56867961444982,5.1211061197056
KEN,Kenya,2013,3.7978483925754,4.56867961444982
KEN,Kenya,2014,5.02011100232484,3.7978483925754
KEN,Kenya,2015,4.96772112759767,5.02011100232484
KEN,Kenya,2016,4.21351706814744,4.96772112759767
KEN,Kenya,2017,3.83795817364721,4.21351706814744
KEN,Kenya,2018,5.64794640709219,3.83795817364721
KEN,Kenya,2019,5.11415885767801,5.64794640709219
KEN,Kenya,2020,-0.272766327438816,5.11415885767801
KEN,Kenya,2021,7.59048947333467,-0.272766327438816
KEN,Kenya,2022,4.85998104287999,7.59048947333467
KEN,Kenya,2023,5.71999241214208,4.85998104287999
KEN,Kenya,2024,4.66019594571891,5.71999241214208
KEN,Kenya,2025,4.63261093844984,4.66019594571891
KGZ,Kyrgyz Republic,1988,13.2000300558198,3.2999683719047
KGZ,Kyrgyz Republic,1989,2.78975093876642,13.2000300558198
KGZ,Kyrgyz Republic,1990,5.70279663301396,2.78975093876642
KGZ,Kyrgyz Republic,1991,-7.94392523772915,5.70279663301396
KGZ,Kyrgyz Republic,1992,-13.8378377984379,-7.94392523772915
KGZ,Kyrgyz Republic,1993,-15.4593282242512,-13.8378377984379
KGZ,Kyrgyz Republic,1994,-20.0851588393243,-15.4593282242512
KGZ,Kyrgyz Republic,1995,-5.4238219222602,-20.0851588393243
KGZ,Kyrgyz Republic,1996,7.08450239536558,-5.4238219222602
KGZ,Kyrgyz Republic,1997,9.91525389550945,7.08450239536558
KGZ,Kyrgyz Republic,1998,2.12183528473682,9.91525389550945
KGZ,Kyrgyz Republic,1999,3.655789399748,2.12183528473682
KGZ,Kyrgyz Republic,2000,5.44333663288322,3.655789399748
KGZ,Kyrgyz Republic,2001,5.32162141190466,5.44333663288322
KGZ,Kyrgyz Republic,2002,-0.0173246130360667,5.32162141190466
KGZ,Kyrgyz Republic,2003,7.03029319731168,-0.0173246130360667
KGZ,Kyrgyz Republic,2004,7.02681242497607,7.03029319731168
KGZ,Kyrgyz Republic,2005,-0.175515404044219,7.02681242497607
KGZ,Kyrgyz Republic,2006,3.10289874199981,-0.175515404044219
KGZ,Kyrgyz Republic,2007,8.54287477507607,3.10289874199981
KGZ,Kyrgyz Republic,2008,8.40161604861429,8.54287477507607
KGZ,Kyrgyz Republic,2009,2.88629457537731,8.40161604861429
KGZ,Kyrgyz Republic,2010,-0.471566596791618,2.88629457537731
KGZ,Kyrgyz Republic,2011,5.95627429693504,-0.471566596791618
KGZ,Kyrgyz Republic,2012,-0.0881501998439376,5.95627429693504
KGZ,Kyrgyz Republic,2013,10.9154694528045,-0.0881501998439376
KGZ,Kyrgyz Republic,2014,4.02403863083252,10.9154694528045
KGZ,Kyrgyz Republic,2015,3.87582544512439,4.02403863083252
KGZ,Kyrgyz Republic,2016,4.33585592190116,3.87582544512439
KGZ,Kyrgyz Republic,2017,4.73993722377884,4.33585592190116
KGZ,Kyrgyz Republic,2018,3.75791013557165,4.73993722377884
KGZ,Kyrgyz Republic,2019,4.60062565707598,3.75791013557165
KGZ,Kyrgyz Republic,2020,-7.14897757727955,4.60062565707598
KGZ,Kyrgyz Republic,2021,5.50700762671923,-7.14897757727955
KGZ,Kyrgyz Republic,2022,8.96750520041391,5.50700762671923
KGZ,Kyrgyz Republic,2023,9.0132928339342,8.96750520041391
KGZ,Kyrgyz Republic,2024,11.5397119406559,9.0132928339342
KGZ,Kyrgyz Republic,2025,11.0960203357132,11.5397119406559
KHM,Cambodia,1977,-14.6764073144395,0.0
KHM,Cambodia,1978,0.0,-14.6764073144395
KHM,Cambodia,1979,-12.8285637744816,0.0
KHM,Cambodia,1980,-5.66840616410634,-12.8285637744816
KHM,Cambodia,1981,0.0410921165318001,-5.66840616410634
KHM,Cambodia,1982,0.0,0.0410921165318001
KHM,Cambodia,1983,4.43340631077345,0.0
KHM,Cambodia,1984,4.93207926062351,4.43340631077345
KHM,Cambodia,1985,4.67018404006252,4.93207926062351
KHM,Cambodia,1986,3.80081800784569,4.67018404006252
KHM,Cambodia,1987,21.5315192666416,3.80081800784569
KHM,Cambodia,1988,11.9769088837606,21.5315192666416
KHM,Cambodia,1989,3.47938318460915,11.9769088837606
KHM,Cambodia,1990,1.16231184838939,3.47938318460915
KHM,Cambodia,1991,7.59129793854025,1.16231184838939
KHM,Cambodia,1992,7.01753837770227,7.59129793854025
KHM,Cambodia,1993,4.09837080453724,7.01753837770227
KHM,Cambodia,1994,-34.808638773859,4.09837080453724
KHM,Cambodia,1995,9.90346890117173,-34.808638773859
KHM,Cambodia,1996,5.89750560694478,9.90346890117173
KHM,Cambodia,1997,4.00662107873787,5.89750560694478
KHM,Cambodia,1998,4.68163210426384,4.00662107873787
KHM,Cambodia,1999,12.7053811380498,4.68163210426384
KHM,Cambodia,2000,9.99358032292079,12.7053811380498
KHM,Cambodia,2001,7.38971065070517,9.99358032292079
KHM,Cambodia,2002,6.26507280509637,7.38971065070517
KHM,Cambodia,2003,10.2836813071691,6.26507280509637
KHM,Cambodia,2004,9.45769481103929,10.2836813071691
KHM,Cambodia,2005,13.3033338358455,9.45769481103929
KHM,Cambodia,2006,10.9433600681694,13.3033338358455
KHM,Cambodia,2007,10.398458101201,10.9433600681694
KHM,Cambodia,2008,7.47636606631011,10.398458101201
KHM,Cambodia,2009,4.07477850599065,7.47636606631011
KHM,Cambodia,2010,5.07691843229247,4.07477850599065
KHM,Cambodia,2011,7.28665813879552,5.07691843229247
KHM,Cambodia,2012,7.65025657870362,7.28665813879552
KHM,Cambodia,2013,7.8574997554252,7.65025657870362
KHM,Cambodia,2014,8.00032074618566,7.8574997554252
KHM,Cambodia,2015,7.20703472529512,8.00032074618566
KHM,Cambodia,2016,7.90550116130704,7.20703472529512
KHM,Cambodia,2017,8.07503915535979,7.90550116130704
KHM,Cambodia,2018,8.77622376224463,8.07503915535979
KHM,Cambodia,2019,7.93695013588524,8.77622376224463
KHM,Cambodia,2020,-3.55572193406549,7.93695013588524
KHM,Cambodia,2021,3.08984284148661,-3.55572193406549
KHM,Cambodia,2022,5.12990110773977,3.08984284148661
KHM,Cambodia,2023,5.00733043811898,5.12990110773977
KHM,Cambodia,2024,6.0158145735202,5.00733043811898
KHM,Cambodia,2025,5.34932084572877,6.0158145735202
KIR,Kiribati,1972,12.0792270711954,-2.29006002273755
KIR,Kiribati,1973,20.9098828890047,12.0792270711954
KIR,Kiribati,1974,45.3027533157077,20.9098828890047
KIR,Kiribati,1975,5.34441976886055,45.3027533157077
KIR,Kiribati,1976,-26.768232358117,5.34441976886055
KIR,Kiribati,1977,-4.61262962866989,-26.768232358117
KIR,Kiribati,1978,1.05959352122285,-4.61262962866989
KIR,Kiribati,1979,-11.584994159295,1.05959352122285
KIR,Kiribati,1980,-1.0793657199724,-11.584994159295
KIR,Kiribati,1981,6.12219427064029,-1.0793657199724
KIR,Kiribati,1982,-1.09015193891933,6.12219427064029
KIR,Kiribati,1983,-9.77794175437276,-1.09015193891933
KIR,Kiribati,1984,13.9184874692011,-9.77794175437276
KIR,Kiribati,1985,-13.2401226513068,13.9184874692011
KIR,Kiribati,1986,-2.4657236254406,-13.2401226513068
KIR,Kiribati,1987,1.29273394156704,-2.4657236254406
KIR,Kiribati,1988,22.0454150997514,1.29273394156704
KIR,Kiribati,1989,-7.29244160715844,22.0454150997514
KIR,Kiribati,1990,-6.38533433567764,-7.29244160715844
KIR,Kiribati,1991,-5.64868397369625,-6.38533433567764
KIR,Kiribati,1992,23.9592331951046,-5.64868397369625
KIR,Kiribati,1993,-0.103994679118841,23.9592331951046
KIR,Kiribati,1994,2.04525656211744,-0.103994679118841
KIR,Kiribati,1995,2.75220829710202,2.04525656211744
KIR,Kiribati,1996,-0.052046772241269,2.75220829710202
KIR,Kiribati,1997,1.17713309543956,-0.052046772241269
KIR,Kiribati,1998,4.44227399222601,1.17713309543956
KIR,Kiribati,1999,-3.91423190476861,4.44227399222601
KIR,Kiribati,2000,6.74266531257052,-3.91423190476861
KIR,Kiribati,2001,-3.14412917759699,6.74266531257052
KIR,Kiribati,2002,1.44715494184476,-3.14412917759699
KIR,Kiribati,2003,-1.57546689217141,1.44715494184476
KIR,Kiribati,2004,-0.608967597152244,-1.57546689217141
KIR,Kiribati,2005,1.29243029465849,-0.608967597152244
KIR,Kiribati,2006,5.77693449836185,1.29243029465849
KIR,Kiribati,2007,3.05507981566669,5.77693449836185
KIR,Kiribati,2008,-2.98473121631831,3.05507981566669
KIR,Kiribati,2009,0.536801194648319,-2.98473121631831
KIR,Kiribati,2010,1.2259519892488,0.536801194648319
KIR,Kiribati,2011,3.26372719532225,1.2259519892488
KIR,Kiribati,2012,5.80365974645258,3.26372719532225
KIR,Kiribati,2013,7.73092188699647,5.80365974645258
KIR,Kiribati,2014,1.26366268044595,7.73092188699647
KIR,Kiribati,2015,11.2653209431294,1.26366268044595
KIR,Kiribati,2016,7.08803465778669,11.2653209431294
KIR,Kiribati,2017,3.71200171622053,7.08803465778669
KIR,Kiribati,2018,3.42465753424656,3.71200171622053
KIR,Kiribati,2019,3.31125827814569,3.42465753424656
KIR,Kiribati,2020,-1.28205128205127,3.31125827814569
KIR,Kiribati,2021,8.44155844155846,-1.28205128205127
KIR,Kiribati,2022,5.08982035928143,8.44155844155846
KIR,Kiribati,2023,3.13390313390313,5.08982035928143
KIR,Kiribati,2024,4.69613259668509,3.13390313390313
KIR,Kiribati,2025,4.22163588390501,4.69613259668509
KNA,St. Kitts and Nevis,1979,7.5976750284066,3.90990418237138
KNA,St. Kitts and Nevis,1980,8.44012103734693,7.5976750284066
KNA,St. Kitts and Nevis,1981,1.54690338408525,8.44012103734693
KNA,St. Kitts and Nevis,1982,0.547738044741152,1.54690338408525
KNA,St. Kitts and Nevis,1983,1.18672046955245,0.547738044741152
KNA,St. Kitts and Nevis,1984,8.86580745735674,1.18672046955245
KNA,St. Kitts and Nevis,1985,8.55006826734157,8.86580745735674
KNA,St. Kitts and Nevis,1986,10.8569938490329,8.55006826734157
KNA,St. Kitts and Nevis,1987,6.55034522837651,10.8569938490329
KNA,St. Kitts and Nevis,1988,9.22537497565092,6.55034522837651
KNA,St. Kitts and Nevis,1989,5.47979407673375,9.22537497565092
KNA,St. Kitts and Nevis,1990,4.87725151603959,5.47979407673375
KNA,St. Kitts and Nevis,1991,-1.86468912891613,4.87725151603959
KNA,St. Kitts and Nevis,1992,4.26897382542985,-1.86468912891613
KNA,St. Kitts and Nevis,1993,6.80194941601546,4.26897382542985
KNA,St. Kitts and Nevis,1994,5.30171905117815,6.80194941601546
KNA,St. Kitts and Nevis,1995,5.38314265701612,5.30171905117815
KNA,St. Kitts and Nevis,1996,5.84283802585985,5.38314265701612
KNA,St. Kitts and Nevis,1997,6.82396677607342,5.84283802585985
KNA,St. Kitts and Nevis,1998,-0.486745779185156,6.82396677607342
KNA,St. Kitts and Nevis,1999,3.21988642181456,-0.486745779185156
KNA,St. Kitts and Nevis,2000,10.042808415173,3.21988642181456
KNA,St. Kitts and Nevis,2001,5.25344983010886,10.042808415173
KNA,St. Kitts and Nevis,2002,1.36771507253633,5.25344983010886
KNA,St. Kitts and Nevis,2003,-3.93339486032939,1.36771507253633
KNA,St. Kitts and Nevis,2004,3.99634666125431,-3.93339486032939
KNA,St. Kitts and Nevis,2005,9.73282070298016,3.99634666125431
KNA,St. Kitts and Nevis,2006,3.15038119968223,9.73282070298016
KNA,St. Kitts and Nevis,2007,0.600602326543751,3.15038119968223
KNA,St. Kitts and Nevis,2008,11.3170358267109,0.600602326543751
KNA,St. Kitts and Nevis,2009,-3.40474015376245,11.3170358267109
KNA,St. Kitts and Nevis,2010,-0.0541942065330545,-3.40474015376245
KNA,St. Kitts and Nevis,2011,1.61660730423688,-0.0541942065330545
KNA,St. Kitts and Nevis,2012,-0.737636737448398,1.61660730423688
KNA,St. Kitts and Nevis,2013,5.72728087234704,-0.737636737448398
KNA,St. Kitts and Nevis,2014,7.57696602328922,5.72728087234704
KNA,St. Kitts and Nevis,2015,0.694135527876625,7.57696602328922
KNA,St. Kitts and Nevis,2016,3.93270319273282,0.694135527876625
KNA,St. Kitts and Nevis,2017,0.220941147299996,3.93270319273282
KNA,St. Kitts and Nevis,2018,2.00352549800972,0.220941147299996
KNA,St. Kitts and Nevis,2019,2.93824658056356,2.00352549800972
KNA,St. Kitts and Nevis,2020,-15.3018891740649,2.93824658056356
KNA,St. Kitts and Nevis,2021,0.367606879216311,-15.3018891740649
KNA,St. Kitts and Nevis,2022,10.4804941546807,0.367606879216311
KNA,St. Kitts and Nevis,2023,3.02127526129283,10.4804941546807
KNA,St. Kitts and Nevis,2024,0.312226855858171,3.02127526129283
KNA,St. Kitts and Nevis,2025,2.68858456990016,0.312226855858171
KOR,"Korea, Rep.",1962,3.92175773832845,6.9203873483396
KOR,"Korea, Rep.",1963,9.00980852779276,3.92175773832845
KOR,"Korea, Rep.",1964,9.42671363350965,9.00980852779276
KOR,"Korea, Rep.",1965,7.31363967906637,9.42671363350965
KOR,"Korea, Rep.",1966,12.0079930944014,7.31363967906637
KOR,"Korea, Rep.",1967,9.15142541597389,12.0079930944014
KOR,"Korea, Rep.",1968,13.222886263609,9.15142541597389
KOR,"Korea, Rep.",1969,14.5906815127852,13.222886263609
KOR,"Korea, Rep.",1970,10.1670415997143,14.5906815127852
KOR,"Korea, Rep.",1971,10.6514008040897,10.1670415997143
KOR,"Korea, Rep.",1972,7.33682343209188,10.6514008040897
KOR,"Korea, Rep.",1973,14.9746910473879,7.33682343209188
KOR,"Korea, Rep.",1974,9.64890876792887,14.9746910473879
KOR,"Korea, Rep.",1975,7.93151191415265,9.64890876792887
KOR,"Korea, Rep.",1976,13.2631948828989,7.93151191415265
KOR,"Korea, Rep.",1977,12.3772941278967,13.2631948828989
KOR,"Korea, Rep.",1978,11.0694555184031,12.3772941278967
KOR,"Korea, Rep.",1979,8.73691533999403,11.0694555184031
KOR,"Korea, Rep.",1980,-1.52426391001066,8.73691533999403
KOR,"Korea, Rep.",1981,7.40382133739918,-1.52426391001066
KOR,"Korea, Rep.",1982,8.46826958565821,7.40382133739918
KOR,"Korea, Rep.",1983,13.4668057465528,8.46826958565821
KOR,"Korea, Rep.",1984,10.6366054976723,13.4668057465528
KOR,"Korea, Rep.",1985,7.93879547760545,10.6366054976723
KOR,"Korea, Rep.",1986,11.50298504807,7.93879547760545
KOR,"Korea, Rep.",1987,12.8922089918574,11.50298504807
KOR,"Korea, Rep.",1988,12.1331951107172,12.8922089918574
KOR,"Korea, Rep.",1989,7.16501737923842,12.1331951107172
KOR,"Korea, Rep.",1990,10.0248996213899,7.16501737923842
KOR,"Korea, Rep.",1991,10.8749739277708,10.0248996213899
KOR,"Korea, Rep.",1992,6.35159199606441,10.8749739277708
KOR,"Korea, Rep.",1993,6.99471791742556,6.35159199606441
KOR,"Korea, Rep.",1994,9.3718357757101,6.99471791742556
KOR,"Korea, Rep.",1995,9.7358937505409,9.3718357757101
KOR,"Korea, Rep.",1996,7.99042982526839,9.7358937505409
KOR,"Korea, Rep.",1997,6.2821926537929,7.99042982526839
KOR,"Korea, Rep.",1998,-4.9389297463141,6.2821926537929
KOR,"Korea, Rep.",1999,11.6172629559591,-4.9389297463141
KOR,"Korea, Rep.",2000,9.2018583880479,11.6172629559591
KOR,"Korea, Rep.",2001,4.72593560322356,9.2018583880479
KOR,"Korea, Rep.",2002,7.74399895319569,4.72593560322356
KOR,"Korea, Rep.",2003,3.07472661826947,7.74399895319569
KOR,"Korea, Rep.",2004,5.1836368597334,3.07472661826947
KOR,"Korea, Rep.",2005,4.35823667337156,5.1836368597334
KOR,"Korea, Rep.",2006,5.24500550580342,4.35823667337156
KOR,"Korea, Rep.",2007,5.8419633918717,5.24500550580342
KOR,"Korea, Rep.",2008,3.00440451679569,5.8419633918717
KOR,"Korea, Rep.",2009,0.81986175641795,3.00440451679569
KOR,"Korea, Rep.",2010,6.98166138853071,0.81986175641795
KOR,"Korea, Rep.",2011,3.6880320602952,6.98166138853071
KOR,"Korea, Rep.",2012,2.54766550568242,3.6880320602952
KOR,"Korea, Rep.",2013,3.2913959543442,2.54766550568242
KOR,"Korea, Rep.",2014,3.21468019683108,3.2913959543442
KOR,"Korea, Rep.",2015,2.92029267301234,3.21468019683108
KOR,"Korea, Rep.",2016,3.17152748983935,2.92029267301234
KOR,"Korea, Rep.",2017,3.433191763972,3.17152748983935
KOR,"Korea, Rep.",2018,3.17611568177327,3.433191763972
KOR,"Korea, Rep.",2019,2.31380210595475,3.17611568177327
KOR,"Korea, Rep.",2020,-0.700242317542106,2.31380210595475
KOR,"Korea, Rep.",2021,4.61296795454287,-0.700242317542106
KOR,"Korea, Rep.",2022,2.72756456708991,4.61296795454287
KOR,"Korea, Rep.",2023,1.58301467403629,2.72756456708991
KOR,"Korea, Rep.",2024,2.00361101838986,1.58301467403629
KOR,"Korea, Rep.",2025,1.00701840291242,2.00361101838986
KWT,Kuwait,1972,3.90077636977662,7.04368095489498
KWT,Kuwait,1973,-6.57007472476863,3.90077636977662
KWT,Kuwait,1974,-12.9913196130423,-6.57007472476863
KWT,Kuwait,1975,-12.2744086966918,-12.9913196130423
KWT,Kuwait,1976,6.6061845107545,-12.2744086966918
KWT,Kuwait,1977,-3.84753686100728,6.6061845107545
KWT,Kuwait,1978,7.35477437313764,-3.84753686100728
KWT,Kuwait,1979,13.8992104051842,7.35477437313764
KWT,Kuwait,1980,-19.4107452350066,13.8992104051842
KWT,Kuwait,1981,-18.9247311849823,-19.4107452350066
KWT,Kuwait,1982,-11.7491028182833,-18.9247311849823
KWT,Kuwait,1983,7.93847241856736,-11.7491028182833
KWT,Kuwait,1984,5.241605241467,7.93847241856736
KWT,Kuwait,1985,-4.26459143817853,5.241605241467
KWT,Kuwait,1986,8.56771256493248,-4.26459143817853
KWT,Kuwait,1987,8.14615154374816,8.56771256493248
KWT,Kuwait,1988,-10.0526170080749,8.14615154374816
KWT,Kuwait,1989,25.8928571450524,-10.0526170080749
KWT,Kuwait,1990,-26.2288925207873,25.8928571450524
KWT,Kuwait,1991,-41.007790668086,-26.2288925207873
KWT,Kuwait,1992,82.8093290262528,-41.007790668086
KWT,Kuwait,1993,33.9904675559008,82.8093290262528
KWT,Kuwait,1994,8.43616564472201,33.9904675559008
KWT,Kuwait,1995,4.85829125202741,8.43616564472201
KWT,Kuwait,1996,0.605127158807079,4.85829125202741
KWT,Kuwait,1997,2.47332525804084,0.605127158807079
KWT,Kuwait,1998,3.66205472795443,2.47332525804084
KWT,Kuwait,1999,-1.78900912450079,3.66205472795443
KWT,Kuwait,2000,4.69458187079211,-1.78900912450079
KWT,Kuwait,2001,0.213332576499354,4.69458187079211
KWT,Kuwait,2002,3.01428315192251,0.213332576499354
KWT,Kuwait,2003,17.3260204175143,3.01428315192251
KWT,Kuwait,2004,10.2402980586354,17.3260204175143
KWT,Kuwait,2005,10.6090449840228,10.2402980586354
KWT,Kuwait,2006,7.51477300024021,10.6090449840228
KWT,Kuwait,2007,5.99157551059315,7.51477300024021
KWT,Kuwait,2008,2.47975694278544,5.99157551059315
KWT,Kuwait,2009,-7.07605643073411,2.47975694278544
KWT,Kuwait,2010,-2.37054804425912,-7.07605643073411
KWT,Kuwait,2011,9.62863419534361,-2.37054804425912
KWT,Kuwait,2012,6.62587485078971,9.62863419534361
KWT,Kuwait,2013,1.14946552780648,6.62587485078971
KWT,Kuwait,2014,0.500914669444924,1.14946552780648
KWT,Kuwait,2015,0.592770817217982,0.500914669444924
KWT,Kuwait,2016,2.92607584256388,0.592770817217982
KWT,Kuwait,2017,-4.71222270495362,2.92607584256388
KWT,Kuwait,2018,2.74333045031415,-4.71222270495362
KWT,Kuwait,2019,2.26381706595791,2.74333045031415
KWT,Kuwait,2020,-4.81731593381585,2.26381706595791
KWT,Kuwait,2021,1.67213054307859,-4.81731593381585
KWT,Kuwait,2022,6.75866711966617,1.67213054307859
KWT,Kuwait,2023,-1.64087799968877,6.75866711966617
KWT,Kuwait,2024,-1.47401818168846,-1.64087799968877
KWT,Kuwait,2025,2.731825804492,-1.47401818168846
LAC,Latin America & Caribbean (excluding high income),1962,4.54601633830656,6.05257793588663
LAC,Latin America & Caribbean (excluding high income),1963,1.82820281393117,4.54601633830656
LAC,Latin America & Caribbean (excluding high income),1964,7.83738946340068,1.82820281393117
LAC,Latin America & Caribbean (excluding high income),1965,5.74291853244742,7.83738946340068
LAC,Latin America & Caribbean (excluding high income),1966,4.44162619793649,5.74291853244742
LAC,Latin America & Caribbean (excluding high income),1967,4.34739408068016,4.44162619793649
LAC,Latin America & Caribbean (excluding high income),1968,7.43297321434689,4.34739408068016
LAC,Latin America & Caribbean (excluding high income),1969,6.61144844357089,7.43297321434689
LAC,Latin America & Caribbean (excluding high income),1970,6.86243956420695,6.61144844357089
LAC,Latin America & Caribbean (excluding high income),1971,6.71777367463943,6.86243956420695
LAC,Latin America & Caribbean (excluding high income),1972,7.43484419058591,6.71777367463943
LAC,Latin America & Caribbean (excluding high income),1973,8.62895362806898,7.43484419058591
LAC,Latin America & Caribbean (excluding high income),1974,6.48031606142436,8.62895362806898
LAC,Latin America & Caribbean (excluding high income),1975,4.20197111701243,6.48031606142436
LAC,Latin America & Caribbean (excluding high income),1976,5.57763609566126,4.20197111701243
LAC,Latin America & Caribbean (excluding high income),1977,4.77093167985285,5.57763609566126
LAC,Latin America & Caribbean (excluding high income),1978,4.20602593229782,4.77093167985285
LAC,Latin America & Caribbean (excluding high income),1979,7.11325379703575,4.20602593229782
LAC,Latin America & Caribbean (excluding high income),1980,6.27152437297573,7.11325379703575
LAC,Latin America & Caribbean (excluding high income),1981,1.00580400775378,6.27152437297573
LAC,Latin America & Caribbean (excluding high income),1982,0.398913518292261,1.00580400775378
LAC,Latin America & Caribbean (excluding high income),1983,-2.37880934436335,0.398913518292261
LAC,Latin America & Caribbean (excluding high income),1984,3.91911835252697,-2.37880934436335
LAC,Latin America & Caribbean (excluding high income),1985,3.07276396399732,3.91911835252697
LAC,Latin America & Caribbean (excluding high income),1986,3.43764102984932,3.07276396399732
LAC,Latin America & Caribbean (excluding high income),1987,3.19714237551516,3.43764102984932
LAC,Latin America & Caribbean (excluding high income),1988,0.538628036203349,3.19714237551516
LAC,Latin America & Caribbean (excluding high income),1989,0.821855146215356,0.538628036203349
LAC,Latin America & Caribbean (excluding high income),1990,-0.276351732454444,0.821855146215356
LAC,Latin America & Caribbean (excluding high income),1991,3.07159566010415,-0.276351732454444
LAC,Latin America & Caribbean (excluding high income),1992,2.20618931167134,3.07159566010415
LAC,Latin America & Caribbean (excluding high income),1993,4.1901530452009,2.20618931167134
LAC,Latin America & Caribbean (excluding high income),1994,5.06502781597126,4.1901530452009
LAC,Latin America & Caribbean (excluding high income),1995,0.516086697384722,5.06502781597126
LAC,Latin America & Caribbean (excluding high income),1996,3.805772588766,0.516086697384722
LAC,Latin America & Caribbean (excluding high income),1997,5.3585880490713,3.805772588766
LAC,Latin America & Caribbean (excluding high income),1998,2.69433759712095,5.3585880490713
LAC,Latin America & Caribbean (excluding high income),1999,0.331534013817247,2.69433759712095
LAC,Latin America & Caribbean (excluding high income),2000,3.62342322715857,0.331534013817247
LAC,Latin America & Caribbean (excluding high income),2001,0.238359583765259,3.62342322715857
LAC,Latin America & Caribbean (excluding high income),2002,0.063236481052968,0.238359583765259
LAC,Latin America & Caribbean (excluding high income),2003,2.10899402237202,0.063236481052968
LAC,Latin America & Caribbean (excluding high income),2004,5.60352299253309,2.10899402237202
LAC,Latin America & Caribbean (excluding high income),2005,4.16007347500616,5.60352299253309
LAC,Latin America & Caribbean (excluding high income),2006,5.36660487562762,4.16007347500616
LAC,Latin America & Caribbean (excluding high income),2007,5.40989294955034,5.36660487562762
LAC,Latin America & Caribbean (excluding high income),2008,3.77542199431176,5.40989294955034
LAC,Latin America & Caribbean (excluding high income),2009,-2.44468420542675,3.77542199431176
LAC,Latin America & Caribbean (excluding high income),2010,6.42272825881251,-2.44468420542675
LAC,Latin America & Caribbean (excluding high income),2011,4.41721328660691,6.42272825881251
LAC,Latin America & Caribbean (excluding high income),2012,2.44060941447695,4.41721328660691
LAC,Latin America & Caribbean (excluding high income),2013,2.72471630094604,2.44060941447695
LAC,Latin America & Caribbean (excluding high income),2014,1.11641330983845,2.72471630094604
LAC,Latin America & Caribbean (excluding high income),2015,0.0699385356183484,1.11641330983845
LAC,Latin America & Caribbean (excluding high income),2016,-0.977477793493975,0.0699385356183484
LAC,Latin America & Caribbean (excluding high income),2017,1.58746258230468,-0.977477793493975
LAC,Latin America & Caribbean (excluding high income),2018,1.15229755041935,1.58746258230468
LAC,Latin America & Caribbean (excluding high income),2019,0.182794027991264,1.15229755041935
LAC,Latin America & Caribbean (excluding high income),2020,-6.79640022295334,0.182794027991264
LAC,Latin America & Caribbean (excluding high income),2021,6.85451332312384,-6.79640022295334
LAC,Latin America & Caribbean (excluding high income),2022,3.97595959337909,6.85451332312384
LAC,Latin America & Caribbean (excluding high income),2023,2.12680994822227,3.97595959337909
LAC,Latin America & Caribbean (excluding high income),2024,1.99001515816749,2.12680994822227
LAC,Latin America & Caribbean (excluding high income),2025,2.21490070818977,1.99001515816749
LAO,Lao PDR,1986,4.88513326275412,5.06996394724837
LAO,Lao PDR,1987,-1.42579238293395,4.88513326275412
LAO,Lao PDR,1988,-2.01020105305003,-1.42579238293395
LAO,Lao PDR,1989,14.1906366290998,-2.01020105305003
LAO,Lao PDR,1990,6.70457869081514,14.1906366290998
LAO,Lao PDR,1991,4.29656364110154,6.70457869081514
LAO,Lao PDR,1992,5.55985776817542,4.29656364110154
LAO,Lao PDR,1993,5.91255655432118,5.55985776817542
LAO,Lao PDR,1994,8.15901853271809,5.91255655432118
LAO,Lao PDR,1995,7.03125432419004,8.15901853271809
LAO,Lao PDR,1996,6.9283237283322,7.03125432419004
LAO,Lao PDR,1997,6.87209127120695,6.9283237283322
LAO,Lao PDR,1998,3.96760809197698,6.87209127120695
LAO,Lao PDR,1999,7.30637607138169,3.96760809197698
LAO,Lao PDR,2000,5.79878232861959,7.30637607138169
LAO,Lao PDR,2001,5.75141287983195,5.79878232861959
LAO,Lao PDR,2002,5.91874368370564,5.75141287983195
LAO,Lao PDR,2003,6.06700230344272,5.91874368370564
LAO,Lao PDR,2004,6.35769548008234,6.06700230344272
LAO,Lao PDR,2005,7.10756836811267,6.35769548008234
LAO,Lao PDR,2006,8.61926620832807,7.10756836811267
LAO,Lao PDR,2007,7.59682880054878,8.61926620832807
LAO,Lao PDR,2008,7.82490276337012,7.59682880054878
LAO,Lao PDR,2009,7.50177491225853,7.82490276337012
LAO,Lao PDR,2010,8.52690551739717,7.50177491225853
LAO,Lao PDR,2011,8.03865268023725,8.52690551739717
LAO,Lao PDR,2012,8.02609843461283,8.03865268023725
LAO,Lao PDR,2013,8.02630022699017,8.02609843461283
LAO,Lao PDR,2014,7.61196343979319,8.02630022699017
LAO,Lao PDR,2015,7.27006584373785,7.61196343979319
LAO,Lao PDR,2016,7.02283625501138,7.27006584373785
LAO,Lao PDR,2017,6.8925308726989,7.02283625501138
LAO,Lao PDR,2018,6.24796000755872,6.8925308726989
LAO,Lao PDR,2019,5.4577350924848,6.24796000755872
LAO,Lao PDR,2020,0.503031829018681,5.4577350924848
LAO,Lao PDR,2021,2.52835100486102,0.503031829018681
LAO,Lao PDR,2022,2.70742652643155,2.52835100486102
LAO,Lao PDR,2023,3.74568140158232,2.70742652643155
LAO,Lao PDR,2024,4.13019264438475,3.74568140158232
LAO,Lao PDR,2025,4.53760564766725,4.13019264438475
LBN,Lebanon,1990,26.5331600932491,-42.4511182157698
LBN,Lebanon,1991,49.4473791849141,26.5331600932491
LBN,Lebanon,1992,16.4383457045728,49.4473791849141
LBN,Lebanon,1993,10.7656697971889,16.4383457045728
LBN,Lebanon,1994,8.10524197734502,10.7656697971889
LBN,Lebanon,1995,6.44886256985258,8.10524197734502
LBN,Lebanon,1996,11.2859357161668,6.44886256985258
LBN,Lebanon,1997,1.05496666740667,11.2859357161668
LBN,Lebanon,1998,3.66572378505683,1.05496666740667
LBN,Lebanon,1999,-0.525584634783087,3.66572378505683
LBN,Lebanon,2000,1.34187161970405,-0.525584634783087
LBN,Lebanon,2001,3.83966927702973,1.34187161970405
LBN,Lebanon,2002,3.42314982843781,3.83966927702973
LBN,Lebanon,2003,3.22709826879041,3.42314982843781
LBN,Lebanon,2004,6.67944461641103,3.22709826879041
LBN,Lebanon,2005,2.68577931016345,6.67944461641103
LBN,Lebanon,2006,1.54951500083213,2.68577931016345
LBN,Lebanon,2007,9.31062252641144,1.54951500083213
LBN,Lebanon,2008,9.06912826789082,9.31062252641144
LBN,Lebanon,2009,10.232155577776,9.06912826789082
LBN,Lebanon,2010,7.97513555844932,10.232155577776
LBN,Lebanon,2011,0.86733987855277,7.97513555844932
LBN,Lebanon,2012,2.56479133680038,0.86733987855277
LBN,Lebanon,2013,3.8278734986016,2.56479133680038
LBN,Lebanon,2014,2.48406010500743,3.8278734986016
LBN,Lebanon,2015,0.462320792597581,2.48406010500743
LBN,Lebanon,2016,1.55454940856943,0.462320792597581
LBN,Lebanon,2017,0.903028464073813,1.55454940856943
LBN,Lebanon,2018,-1.88470575631651,0.903028464073813
LBN,Lebanon,2019,-6.91492472851026,-1.88470575631651
LBN,Lebanon,2020,-21.3998996914321,-6.91492472851026
LBN,Lebanon,2021,-7.00123862514116,-21.3998996914321
LBN,Lebanon,2022,-0.621678970663112,-7.00123862514116
LBN,Lebanon,2023,-0.760584470257314,-0.621678970663112
LBN,Lebanon,2024,-7.07989192861814,-0.760584470257314
LBR,Liberia,1962,1.3446060733405,2.43998542296508
LBR,Liberia,1963,2.27446063593885,1.3446060733405
LBR,Liberia,1964,5.15196130203739,2.27446063593885
LBR,Liberia,1965,4.79378627844778,5.15196130203739
LBR,Liberia,1966,7.70265600116069,4.79378627844778
LBR,Liberia,1967,6.74579084966074,7.70265600116069
LBR,Liberia,1968,4.76887169722187,6.74579084966074
LBR,Liberia,1969,7.28847299452673,4.76887169722187
LBR,Liberia,1970,6.66319270701399,7.28847299452673
LBR,Liberia,1971,4.90483027900189,6.66319270701399
LBR,Liberia,1972,4.14049563165185,4.90483027900189
LBR,Liberia,1973,-2.25597518400502,4.14049563165185
LBR,Liberia,1974,4.75320033514291,-2.25597518400502
LBR,Liberia,1975,-3.46858948909045,4.75320033514291
LBR,Liberia,1976,5.31073407721753,-3.46858948909045
LBR,Liberia,1977,1.58798454932254,5.31073407721753
LBR,Liberia,1978,4.81622063946101,1.58798454932254
LBR,Liberia,1979,3.26481969521633,4.81622063946101
LBR,Liberia,1980,-4.09836407281566,3.26481969521633
LBR,Liberia,1981,-2.13675012435537,-4.09836407281566
LBR,Liberia,1982,-2.43293723906788,-2.13675012435537
LBR,Liberia,1983,-1.89685282159904,-2.43293723906788
LBR,Liberia,1984,-2.10731569730636,-1.89685282159904
LBR,Liberia,1985,-0.843318161003538,-2.10731569730636
LBR,Liberia,1986,-1.67859810155988,-0.843318161003538
LBR,Liberia,1987,-1.00160074690007,-1.67859810155988
LBR,Liberia,1988,-2.04189816424886,-1.00160074690007
LBR,Liberia,1989,-26.6684493323435,-2.04189816424886
LBR,Liberia,1990,-51.0308649467486,-26.6684493323435
LBR,Liberia,1991,-14.2252140499536,-51.0308649467486
LBR,Liberia,1992,-35.0856779208949,-14.2252140499536
LBR,Liberia,1993,-32.9753952616656,-35.0856779208949
LBR,Liberia,1994,-21.7623463097001,-32.9753952616656
LBR,Liberia,1995,-4.26620499022189,-21.7623463097001
LBR,Liberia,1996,12.1212036605122,-4.26620499022189
LBR,Liberia,1997,106.279814466616,12.1212036605122
LBR,Liberia,1998,30.2081273744464,106.279814466616
LBR,Liberia,1999,21.7414468042611,30.2081273744464
LBR,Liberia,2000,28.6159342546183,21.7414468042611
LBR,Liberia,2001,2.92027476569781,28.6159342546183
LBR,Liberia,2002,3.76301761700071,2.92027476569781
LBR,Liberia,2003,-30.145132727942,3.76301761700071
LBR,Liberia,2004,2.61984689477413,-30.145132727942
LBR,Liberia,2005,5.28121245309295,2.61984689477413
LBR,Liberia,2006,8.04390997190059,5.28121245309295
LBR,Liberia,2007,9.53527536282282,8.04390997190059
LBR,Liberia,2008,7.14569112811476,9.53527536282282
LBR,Liberia,2009,5.30054050291531,7.14569112811476
LBR,Liberia,2010,6.09982524004147,5.30054050291531
LBR,Liberia,2011,8.20076822497064,6.09982524004147
LBR,Liberia,2012,7.99381444555367,8.20076822497064
LBR,Liberia,2013,8.68728781639683,7.99381444555367
LBR,Liberia,2014,0.701393100287518,8.68728781639683
LBR,Liberia,2015,-0.0185649695590939,0.701393100287518
LBR,Liberia,2016,-1.5549586174878,-0.0185649695590939
LBR,Liberia,2017,2.45515592012239,-1.5549586174878
LBR,Liberia,2018,1.15757512207355,2.45515592012239
LBR,Liberia,2019,-2.46729763532686,1.15757512207355
LBR,Liberia,2020,-2.98249127649473,-2.46729763532686
LBR,Liberia,2021,4.98671283481617,-2.98249127649473
LBR,Liberia,2022,4.80810517290655,4.98671283481617
LBR,Liberia,2023,4.68375688761311,4.80810517290655
LBR,Liberia,2024,4.02185464964835,4.68375688761311
LBR,Liberia,2025,5.01656107992214,4.02185464964835
LBY,Libya,1962,32.5246410009676,9.89580391901764
LBY,Libya,1963,35.0203767261421,32.5246410009676
LBY,Libya,1964,45.0716938128605,35.0203767261421
LBY,Libya,1965,28.1488789645187,45.0716938128605
LBY,Libya,1966,18.5921637345644,28.1488789645187
LBY,Libya,1967,11.1100869677181,18.5921637345644
LBY,Libya,1968,33.8639151717893,11.1100869677181
LBY,Libya,1969,13.0878908208299,33.8639151717893
LBY,Libya,1970,4.95074891903874,13.0878908208299
LBY,Libya,1971,-5.27752502339565,4.95074891903874
LBY,Libya,1972,9.12584054018133,-5.27752502339565
LBY,Libya,1973,1.93661971417217,9.12584054018133
LBY,Libya,1974,22.1934369650876,1.93661971417217
LBY,Libya,1975,4.0282685479679,22.1934369650876
LBY,Libya,1976,22.8809523817653,4.0282685479679
LBY,Libya,1977,8.85272018683338,22.8809523817653
LBY,Libya,1978,3.30491881279562,8.85272018683338
LBY,Libya,1979,8.95810997017298,3.30491881279562
LBY,Libya,1980,0.68528052679342,8.95810997017298
LBY,Libya,1981,-19.1901808011163,0.68528052679342
LBY,Libya,1982,2.80605677675277,-19.1901808011163
LBY,Libya,1983,-2.47222728000759,2.80605677675277
LBY,Libya,1984,-5.04178142890187,-2.47222728000759
LBY,Libya,1985,8.32677842607399,-5.04178142890187
LBY,Libya,1986,-11.3525063155837,8.32677842607399
LBY,Libya,1987,-14.7020531689967,-11.3525063155837
LBY,Libya,1988,7.57902335976675,-14.7020531689967
LBY,Libya,1989,7.19941714616827,7.57902335976675
LBY,Libya,1990,3.72013163404128,7.19941714616827
LBY,Libya,1991,15.6551316776498,3.72013163404128
LBY,Libya,1992,-2.71227407954309,15.6551316776498
LBY,Libya,1993,-3.76319264327812,-2.71227407954309
LBY,Libya,1994,1.93478674200678,-3.76319264327812
LBY,Libya,1995,-2.2204069560875,1.93478674200678
LBY,Libya,1996,2.13412320029278,-2.2204069560875
LBY,Libya,1997,5.21267102136972,2.13412320029278
LBY,Libya,1998,-3.55224474739784,5.21267102136972
LBY,Libya,1999,0.749659257603952,-3.55224474739784
LBY,Libya,2000,3.6792704082,0.749659257603952
LBY,Libya,2001,-1.76283887062603,3.6792704082
LBY,Libya,2002,-0.958897332849631,-1.76283887062603
LBY,Libya,2003,13.0160372478013,-0.958897332849631
LBY,Libya,2004,4.46163899648637,13.0160372478013
LBY,Libya,2005,11.8707565226151,4.46163899648637
LBY,Libya,2006,6.50052541959279,11.8707565226151
LBY,Libya,2007,6.22998278561838,6.50052541959279
LBY,Libya,2008,-0.162048238799883,6.22998278561838
LBY,Libya,2009,-4.4001817631021,-0.162048238799883
LBY,Libya,2010,5.0272476723775,-4.4001817631021
LBY,Libya,2011,-50.3385151384986,5.0272476723775
LBY,Libya,2012,86.8267484395784,-50.3385151384986
LBY,Libya,2013,-17.9979615745681,86.8267484395784
LBY,Libya,2014,-23.0428058282215,-17.9979615745681
LBY,Libya,2015,-0.842656252118843,-23.0428058282215
LBY,Libya,2016,-1.4909411172622,-0.842656252118843
LBY,Libya,2017,32.4918021862688,-1.4909411172622
LBY,Libya,2018,7.9413678529104,32.4918021862688
LBY,Libya,2019,-11.1960828853386,7.9413678529104
LBY,Libya,2020,-29.4552967282824,-11.1960828853386
LBY,Libya,2021,28.2996823429147,-29.4552967282824
LBY,Libya,2022,-8.29981811198795,28.2996823429147
LBY,Libya,2023,10.2000497852517,-8.29981811198795
LBY,Libya,2024,1.89995052025442,10.2000497852517
LBY,Libya,2025,13.3717080516958,1.89995052025442
LCA,St. Lucia,1979,3.79273440292036,10.3119407617241
LCA,St. Lucia,1980,-2.22052811020254,3.79273440292036
LCA,St. Lucia,1981,6.31025315590261,-2.22052811020254
LCA,St. Lucia,1982,2.08634210684508,6.31025315590261
LCA,St. Lucia,1983,4.96538398505454,2.08634210684508
LCA,St. Lucia,1984,7.26557365165689,4.96538398505454
LCA,St. Lucia,1985,8.28776508696711,7.26557365165689
LCA,St. Lucia,1986,14.4020192775924,8.28776508696711
LCA,St. Lucia,1987,3.92373138061495,14.4020192775924
LCA,St. Lucia,1988,13.8996638309097,3.92373138061495
LCA,St. Lucia,1989,8.98100421493095,13.8996638309097
LCA,St. Lucia,1990,9.89070151995526,8.98100421493095
LCA,St. Lucia,1991,0.375678035079076,9.89070151995526
LCA,St. Lucia,1992,7.9530753604442,0.375678035079076
LCA,St. Lucia,1993,0.583199758222051,7.9530753604442
LCA,St. Lucia,1994,1.59856016206341,0.583199758222051
LCA,St. Lucia,1995,1.74822586503767,1.59856016206341
LCA,St. Lucia,1996,2.92258795742219,1.74822586503767
LCA,St. Lucia,1997,-0.694130142059308,2.92258795742219
LCA,St. Lucia,1998,6.28647121511862,-0.694130142059308
LCA,St. Lucia,1999,2.67060351127419,6.28647121511862
LCA,St. Lucia,2000,0.0487485535201131,2.67060351127419
LCA,St. Lucia,2001,-3.40806396189404,0.0487485535201131
LCA,St. Lucia,2002,0.416450493043214,-3.40806396189404
LCA,St. Lucia,2003,4.26461148738223,0.416450493043214
LCA,St. Lucia,2004,7.2674088699471,4.26461148738223
LCA,St. Lucia,2005,-0.410304726290235,7.2674088699471
LCA,St. Lucia,2006,6.19525729141048,-0.410304726290235
LCA,St. Lucia,2007,1.69161857433913,6.19525729141048
LCA,St. Lucia,2008,4.94932194028057,1.69161857433913
LCA,St. Lucia,2009,-2.82889954830628,4.94932194028057
LCA,St. Lucia,2010,0.330018546071486,-2.82889954830628
LCA,St. Lucia,2011,4.32694280532142,0.330018546071486
LCA,St. Lucia,2012,-0.108756148262358,4.32694280532142
LCA,St. Lucia,2013,-1.81877603735991,-0.108756148262358
LCA,St. Lucia,2014,1.32809022110105,-1.81877603735991
LCA,St. Lucia,2015,0.101917836412952,1.32809022110105
LCA,St. Lucia,2016,3.42787214525211,0.101917836412952
LCA,St. Lucia,2017,3.37982617272246,3.42787214525211
LCA,St. Lucia,2018,2.88677902171601,3.37982617272246
LCA,St. Lucia,2019,-1.0293678947917,2.88677902171601
LCA,St. Lucia,2020,-22.9005138634176,-1.0293678947917
LCA,St. Lucia,2021,11.1466993240856,-22.9005138634176
LCA,St. Lucia,2022,19.3456795355342,11.1466993240856
LCA,St. Lucia,2023,3.90774802925928,19.3456795355342
LCA,St. Lucia,2024,4.76890217855616,3.90774802925928
LCA,St. Lucia,2025,-0.57407528214496,4.76890217855616
LCN,Latin America & Caribbean,1962,4.49834759432073,6.01684895869099
LCN,Latin America & Caribbean,1963,2.15089264261159,4.49834759432073
LCN,Latin America & Caribbean,1964,7.45897413093451,2.15089264261159
LCN,Latin America & Caribbean,1965,5.58840471681887,7.45897413093451
LCN,Latin America & Caribbean,1966,4.78055809363522,5.58840471681887
LCN,Latin America & Caribbean,1967,4.27033423398808,4.78055809363522
LCN,Latin America & Caribbean,1968,7.12341918975609,4.27033423398808
LCN,Latin America & Caribbean,1969,6.57411275095929,7.12341918975609
LCN,Latin America & Caribbean,1970,6.58512875527441,6.57411275095929
LCN,Latin America & Caribbean,1971,6.64612769158839,6.58512875527441
LCN,Latin America & Caribbean,1972,6.93877776899137,6.64612769158839
LCN,Latin America & Caribbean,1973,7.95242924398072,6.93877776899137
LCN,Latin America & Caribbean,1974,6.06498144971096,7.95242924398072
LCN,Latin America & Caribbean,1975,3.58955015136797,6.06498144971096
LCN,Latin America & Caribbean,1976,5.50463537119165,3.58955015136797
LCN,Latin America & Caribbean,1977,4.91958350771336,5.50463537119165
LCN,Latin America & Caribbean,1978,4.44826782141135,4.91958350771336
LCN,Latin America & Caribbean,1979,7.14608793880198,4.44826782141135
LCN,Latin America & Caribbean,1980,6.26237465545844,7.14608793880198
LCN,Latin America & Caribbean,1981,1.1512895899786,6.26237465545844
LCN,Latin America & Caribbean,1982,-0.0900539474487516,1.1512895899786
LCN,Latin America & Caribbean,1983,-2.51665422587178,-0.0900539474487516
LCN,Latin America & Caribbean,1984,3.91885485577434,-2.51665422587178
LCN,Latin America & Caribbean,1985,3.03765858460645,3.91885485577434
LCN,Latin America & Caribbean,1986,3.55422983051885,3.03765858460645
LCN,Latin America & Caribbean,1987,3.34561294333167,3.55422983051885
LCN,Latin America & Caribbean,1988,0.793494595754268,3.34561294333167
LCN,Latin America & Caribbean,1989,1.21208963314228,0.793494595754268
LCN,Latin America & Caribbean,1990,-0.174475754650828,1.21208963314228
LCN,Latin America & Caribbean,1991,3.17667734182869,-0.174475754650828
LCN,Latin America & Caribbean,1992,2.67489256618092,3.17667734182869
LCN,Latin America & Caribbean,1993,4.26732480601663,2.67489256618092
LCN,Latin America & Caribbean,1994,5.03979329408473,4.26732480601663
LCN,Latin America & Caribbean,1995,0.947698653796692,5.03979329408473
LCN,Latin America & Caribbean,1996,3.89608635168199,0.947698653796692
LCN,Latin America & Caribbean,1997,5.46327316670241,3.89608635168199
LCN,Latin America & Caribbean,1998,2.93131872781875,5.46327316670241
LCN,Latin America & Caribbean,1999,0.535444486342413,2.93131872781875
LCN,Latin America & Caribbean,2000,3.62290324933474,0.535444486342413
LCN,Latin America & Caribbean,2001,0.531799559144957,3.62290324933474
LCN,Latin America & Caribbean,2002,0.218218821588195,0.531799559144957
LCN,Latin America & Caribbean,2003,2.21067339617767,0.218218821588195
LCN,Latin America & Caribbean,2004,5.72011461630102,2.21067339617767
LCN,Latin America & Caribbean,2005,4.0926769732141,5.72011461630102
LCN,Latin America & Caribbean,2006,5.26208115771729,4.0926769732141
LCN,Latin America & Caribbean,2007,5.2877791396708,5.26208115771729
LCN,Latin America & Caribbean,2008,3.68881572228068,5.2877791396708
LCN,Latin America & Caribbean,2009,-2.30254101109895,3.68881572228068
LCN,Latin America & Caribbean,2010,6.15136362667808,-2.30254101109895
LCN,Latin America & Caribbean,2011,4.39575762072283,6.15136362667808
LCN,Latin America & Caribbean,2012,2.64583304322979,4.39575762072283
LCN,Latin America & Caribbean,2013,2.71733038737128,2.64583304322979
LCN,Latin America & Caribbean,2014,1.19675253046894,2.71733038737128
LCN,Latin America & Caribbean,2015,0.239853960080666,1.19675253046894
LCN,Latin America & Caribbean,2016,-0.730974962811146,0.239853960080666
LCN,Latin America & Caribbean,2017,1.55352771899284,-0.730974962811146
LCN,Latin America & Caribbean,2018,1.22291785556858,1.55352771899284
LCN,Latin America & Caribbean,2019,0.317364964426716,1.22291785556858
LCN,Latin America & Caribbean,2020,-6.85943781930433,0.317364964426716
LCN,Latin America & Caribbean,2021,7.07608139571873,-6.85943781930433
LCN,Latin America & Caribbean,2022,4.09058657203177,7.07608139571873
LCN,Latin America & Caribbean,2023,2.20678468368602,4.09058657203177
LCN,Latin America & Caribbean,2024,2.25497168830525,2.20678468368602
LCN,Latin America & Caribbean,2025,2.32153204967842,2.25497168830525
LDC,Least developed countries: UN classification,1963,2.02907679483155,7.54485495470027
LDC,Least developed countries: UN classification,1964,3.59358330814061,2.02907679483155
LDC,Least developed countries: UN classification,1965,3.69680797578738,3.59358330814061
LDC,Least developed countries: UN classification,1966,3.32665016339655,3.69680797578738
LDC,Least developed countries: UN classification,1967,1.04510941840354,3.32665016339655
LDC,Least developed countries: UN classification,1968,5.13348688203408,1.04510941840354
LDC,Least developed countries: UN classification,1969,3.3271105012258,5.13348688203408
LDC,Least developed countries: UN classification,1970,-0.603646129489647,3.3271105012258
LDC,Least developed countries: UN classification,1971,1.73909369105229,-0.603646129489647
LDC,Least developed countries: UN classification,1972,-1.42082477221457,1.73909369105229
LDC,Least developed countries: UN classification,1973,2.25116596315556,-1.42082477221457
LDC,Least developed countries: UN classification,1974,5.62366111824701,2.25116596315556
LDC,Least developed countries: UN classification,1975,0.529885879339204,5.62366111824701
LDC,Least developed countries: UN classification,1976,3.88078636277436,0.529885879339204
LDC,Least developed countries: UN classification,1977,1.95309152038317,3.88078636277436
LDC,Least developed countries: UN classification,1978,1.53785634735139,1.95309152038317
LDC,Least developed countries: UN classification,1979,1.82394582386264,1.53785634735139
LDC,Least developed countries: UN classification,1980,1.98263997274964,1.82394582386264
LDC,Least developed countries: UN classification,1981,2.36384617060959,1.98263997274964
LDC,Least developed countries: UN classification,1982,0.995462947117119,2.36384617060959
LDC,Least developed countries: UN classification,1983,1.65064455379948,0.995462947117119
LDC,Least developed countries: UN classification,1984,2.36548395768715,1.65064455379948
LDC,Least developed countries: UN classification,1985,1.68772669590622,2.36548395768715
LDC,Least developed countries: UN classification,1986,3.30911738208388,1.68772669590622
LDC,Least developed countries: UN classification,1987,4.1918903275154,3.30911738208388
LDC,Least developed countries: UN classification,1988,2.88739016496457,4.1918903275154
LDC,Least developed countries: UN classification,1989,1.74354769218246,2.88739016496457
LDC,Least developed countries: UN classification,1990,-0.115804535924468,1.74354769218246
LDC,Least developed countries: UN classification,1991,1.8301581089315,-0.115804535924468
LDC,Least developed countries: UN classification,1992,0.260045967578961,1.8301581089315
LDC,Least developed countries: UN classification,1993,-0.545786237108118,0.260045967578961
LDC,Least developed countries: UN classification,1994,0.68193577355548,-0.545786237108118
LDC,Least developed countries: UN classification,1995,5.80416026558292,0.68193577355548
LDC,Least developed countries: UN classification,1996,5.63266309420389,5.80416026558292
LDC,Least developed countries: UN classification,1997,5.3402517860758,5.63266309420389
LDC,Least developed countries: UN classification,1998,4.03677427666179,5.3402517860758
LDC,Least developed countries: UN classification,1999,4.0186087696833,4.03677427666179
LDC,Least developed countries: UN classification,2000,4.27162166008603,4.0186087696833
LDC,Least developed countries: UN classification,2001,4.89969883950137,4.27162166008603
LDC,Least developed countries: UN classification,2002,5.42131301685002,4.89969883950137
LDC,Least developed countries: UN classification,2003,5.15507357801441,5.42131301685002
LDC,Least developed countries: UN classification,2004,6.54512671878777,5.15507357801441
LDC,Least developed countries: UN classification,2005,7.40493742253388,6.54512671878777
LDC,Least developed countries: UN classification,2006,6.85952136605701,7.40493742253388
LDC,Least developed countries: UN classification,2007,7.25732555977916,6.85952136605701
LDC,Least developed countries: UN classification,2008,6.45508913329797,7.25732555977916
LDC,Least developed countries: UN classification,2009,4.22570820722019,6.45508913329797
LDC,Least developed countries: UN classification,2010,6.365655151586,4.22570820722019
LDC,Least developed countries: UN classification,2011,3.04728800769018,6.365655151586
LDC,Least developed countries: UN classification,2012,3.29372099348686,3.04728800769018
LDC,Least developed countries: UN classification,2013,6.06991554579403,3.29372099348686
LDC,Least developed countries: UN classification,2014,5.34524804033678,6.06991554579403
LDC,Least developed countries: UN classification,2015,2.75018770897304,5.34524804033678
LDC,Least developed countries: UN classification,2016,3.79797989969202,2.75018770897304
LDC,Least developed countries: UN classification,2017,4.50257523548829,3.79797989969202
LDC,Least developed countries: UN classification,2018,4.65270171918264,4.50257523548829
LDC,Least developed countries: UN classification,2019,4.82459913567837,4.65270171918264
LDC,Least developed countries: UN classification,2020,-0.181011978205504,4.82459913567837
LDC,Least developed countries: UN classification,2021,2.75579291386683,-0.181011978205504
LDC,Least developed countries: UN classification,2022,4.71510989192116,2.75579291386683
LDC,Least developed countries: UN classification,2023,3.05090811063616,4.71510989192116
LDC,Least developed countries: UN classification,2024,3.87232968748361,3.05090811063616
LDC,Least developed countries: UN classification,2025,4.30000841303122,3.87232968748361
LIE,Liechtenstein,1972,1.6692195289189,1.66922206623059
LIE,Liechtenstein,1973,1.6692256792973,1.6692195289189
LIE,Liechtenstein,1974,1.66922246260894,1.6692256792973
LIE,Liechtenstein,1975,1.66923225070657,1.66922246260894
LIE,Liechtenstein,1976,4.75867210711398,1.66923225070657
LIE,Liechtenstein,1977,4.75867708458514,4.75867210711398
LIE,Liechtenstein,1978,4.75867684230937,4.75867708458514
LIE,Liechtenstein,1979,4.75867142807277,4.75867684230937
LIE,Liechtenstein,1980,4.75867251061639,4.75867142807277
LIE,Liechtenstein,1981,4.81482023600704,4.75867251061639
LIE,Liechtenstein,1982,-1.59010688585576,4.81482023600704
LIE,Liechtenstein,1983,0.538599963921854,-1.59010688585576
LIE,Liechtenstein,1984,4.28570943461186,0.538599963921854
LIE,Liechtenstein,1985,7.02055443563529,4.28570943461186
LIE,Liechtenstein,1986,4.00000004388119,7.02055443563529
LIE,Liechtenstein,1987,9.23076795685181,4.00000004388119
LIE,Liechtenstein,1988,5.63379830669763,9.23076795685181
LIE,Liechtenstein,1989,4.49198530248391,5.63379830669763
LIE,Liechtenstein,1990,2.25287099550282,4.49198530248391
LIE,Liechtenstein,1991,1.80117005853981,2.25287099550282
LIE,Liechtenstein,1992,3.60829384387156,1.80117005853981
LIE,Liechtenstein,1993,4.33210120561074,3.60829384387156
LIE,Liechtenstein,1994,6.86614413219762,4.33210120561074
LIE,Liechtenstein,1995,5.8755504001748,6.86614413219762
LIE,Liechtenstein,1996,6.90530179973636,5.8755504001748
LIE,Liechtenstein,1997,7.22513485456875,6.90530179973636
LIE,Liechtenstein,1998,7.76126283694691,7.22513485456875
LIE,Liechtenstein,1999,10.4109232010236,7.76126283694691
LIE,Liechtenstein,2000,3.22019308239609,10.4109232010236
LIE,Liechtenstein,2001,-0.733092455297992,3.22019308239609
LIE,Liechtenstein,2002,-0.993919947159299,-0.733092455297992
LIE,Liechtenstein,2003,-1.93756534125014,-0.993919947159299
LIE,Liechtenstein,2004,3.03917210306501,-1.93756534125014
LIE,Liechtenstein,2005,4.82807677743524,3.03917210306501
LIE,Liechtenstein,2006,8.64496857267281,4.82807677743524
LIE,Liechtenstein,2007,3.325963509369,8.64496857267281
LIE,Liechtenstein,2008,1.79808847836411,3.325963509369
LIE,Liechtenstein,2009,-1.15748291975636,1.79808847836411
LKA,Sri Lanka,1963,2.51674859433071,3.81801955808436
LKA,Sri Lanka,1964,3.90643383678592,2.51674859433071
LKA,Sri Lanka,1965,2.5369535357154,3.90643383678592
LKA,Sri Lanka,1966,5.0237894383188,2.5369535357154
LKA,Sri Lanka,1967,6.43902442038787,5.0237894383188
LKA,Sri Lanka,1968,5.80109416633509,6.43902442038787
LKA,Sri Lanka,1969,7.71681966188686,5.80109416633509
LKA,Sri Lanka,1970,3.84662985663837,7.71681966188686
LKA,Sri Lanka,1971,1.30690539651886,3.84662985663837
LKA,Sri Lanka,1972,-0.410479911058076,1.30690539651886
LKA,Sri Lanka,1973,7.05739893467769,-0.410479911058076
LKA,Sri Lanka,1974,3.84583083633434,7.05739893467769
LKA,Sri Lanka,1975,6.12623316072201,3.84583083633434
LKA,Sri Lanka,1976,3.33510669179992,6.12623316072201
LKA,Sri Lanka,1977,5.10059026388485,3.33510669179992
LKA,Sri Lanka,1978,5.65383685776763,5.10059026388485
LKA,Sri Lanka,1979,6.40355692592513,5.65383685776763
LKA,Sri Lanka,1980,5.84602651617143,6.40355692592513
LKA,Sri Lanka,1981,5.69952476661454,5.84602651617143
LKA,Sri Lanka,1982,4.14149570229377,5.69952476661454
LKA,Sri Lanka,1983,4.81399096956454,4.14149570229377
LKA,Sri Lanka,1984,5.09914655789932,4.81399096956454
LKA,Sri Lanka,1985,4.99940636872589,5.09914655789932
LKA,Sri Lanka,1986,4.35554691657009,4.99940636872589
LKA,Sri Lanka,1987,1.72561069291237,4.35554691657009
LKA,Sri Lanka,1988,2.472685037698,1.72561069291237
LKA,Sri Lanka,1989,2.29930141198645,2.472685037698
LKA,Sri Lanka,1990,6.39999531084838,2.29930141198645
LKA,Sri Lanka,1991,4.59998724404535,6.39999531084838
LKA,Sri Lanka,1992,4.39999125181939,4.59998724404535
LKA,Sri Lanka,1993,6.90006325149474,4.39999125181939
LKA,Sri Lanka,1994,5.59991872510166,6.90006325149474
LKA,Sri Lanka,1995,5.5000852341585,5.59991872510166
LKA,Sri Lanka,1996,3.79996720568178,5.5000852341585
LKA,Sri Lanka,1997,6.40539969571286,3.79996720568178
LKA,Sri Lanka,1998,4.69842304772052,6.40539969571286
LKA,Sri Lanka,1999,4.30054049813373,4.69842304772052
LKA,Sri Lanka,2000,6.00003315828934,4.30054049813373
LKA,Sri Lanka,2001,-1.54540813366026,6.00003315828934
LKA,Sri Lanka,2002,3.96467568513113,-1.54540813366026
LKA,Sri Lanka,2003,5.9402690780223,3.96467568513113
LKA,Sri Lanka,2004,5.44506127885352,5.9402690780223
LKA,Sri Lanka,2005,6.24174804376447,5.44506127885352
LKA,Sri Lanka,2006,7.66829190107919,6.24174804376447
LKA,Sri Lanka,2007,6.79682611892866,7.66829190107919
LKA,Sri Lanka,2008,5.95008814473897,6.79682611892866
LKA,Sri Lanka,2009,3.53891205317842,5.95008814473897
LKA,Sri Lanka,2010,8.01596737040464,3.53891205317842
LKA,Sri Lanka,2011,8.66948301160571,8.01596737040464
LKA,Sri Lanka,2012,8.6321813769906,8.66948301160571
LKA,Sri Lanka,2013,4.0517463303875,8.6321813769906
LKA,Sri Lanka,2014,6.37797889684965,4.0517463303875
LKA,Sri Lanka,2015,4.20595547501601,6.37797889684965
LKA,Sri Lanka,2016,5.05362488993089,4.20595547501601
LKA,Sri Lanka,2017,6.46068127080994,5.05362488993089
LKA,Sri Lanka,2018,2.31008425504933,6.46068127080994
LKA,Sri Lanka,2019,-0.220483886824823,2.31008425504933
LKA,Sri Lanka,2020,-4.62451503712715,-0.220483886824823
LKA,Sri Lanka,2021,4.2074764950026,-4.62451503712715
LKA,Sri Lanka,2022,-7.34919311146656,4.2074764950026
LKA,Sri Lanka,2023,-2.0289296690344,-7.34919311146656
LKA,Sri Lanka,2024,4.99241614398109,-2.0289296690344
LKA,Sri Lanka,2025,4.9534339114043,4.99241614398109
LMY,Low & middle income,1962,3.69131353509262,1.03184306489949
LMY,Low & middle income,1963,4.77948433545446,3.69131353509262
LMY,Low & middle income,1964,7.92405254258762,4.77948433545446
LMY,Low & middle income,1965,6.02747126703129,7.92405254258762
LMY,Low & middle income,1966,4.85399443964016,6.02747126703129
LMY,Low & middle income,1967,3.18932173150084,4.85399443964016
LMY,Low & middle income,1968,6.11376355413104,3.18932173150084
LMY,Low & middle income,1969,8.01089566401404,6.11376355413104
LMY,Low & middle income,1970,7.94306063003023,8.01089566401404
LMY,Low & middle income,1971,6.07743361459328,7.94306063003023
LMY,Low & middle income,1972,6.04899709383619,6.07743361459328
LMY,Low & middle income,1973,6.86093058838142,6.04899709383619
LMY,Low & middle income,1974,5.95396153785508,6.86093058838142
LMY,Low & middle income,1975,4.23522405595395,5.95396153785508
LMY,Low & middle income,1976,6.2527195728894,4.23522405595395
LMY,Low & middle income,1977,4.589218447435,6.2527195728894
LMY,Low & middle income,1978,3.64367320960656,4.589218447435
LMY,Low & middle income,1979,4.50661126217832,3.64367320960656
LMY,Low & middle income,1980,4.56855104909974,4.50661126217832
LMY,Low & middle income,1981,1.88198169467566,4.56855104909974
LMY,Low & middle income,1982,2.8706061244728,1.88198169467566
LMY,Low & middle income,1983,1.4467147542715,2.8706061244728
LMY,Low & middle income,1984,4.65560638893596,1.4467147542715
LMY,Low & middle income,1985,4.40239562869722,4.65560638893596
LMY,Low & middle income,1986,3.71939267401618,4.40239562869722
LMY,Low & middle income,1987,4.6670610664309,3.71939267401618
LMY,Low & middle income,1988,4.14758100028405,4.6670610664309
LMY,Low & middle income,1989,2.81783728100152,4.14758100028405
LMY,Low & middle income,1990,3.16877084222831,2.81783728100152
LMY,Low & middle income,1991,2.9471244885775,3.16877084222831
LMY,Low & middle income,1992,4.26256277244595,2.9471244885775
LMY,Low & middle income,1993,4.96521391658919,4.26256277244595
LMY,Low & middle income,1994,5.0718554674518,4.96521391658919
LMY,Low & middle income,1995,4.61361200016941,5.0718554674518
LMY,Low & middle income,1996,6.19533993963431,4.61361200016941
LMY,Low & middle income,1997,5.68015227989451,6.19533993963431
LMY,Low & middle income,1998,3.2914038832978,5.68015227989451
LMY,Low & middle income,1999,3.5979137957907,3.2914038832978
LMY,Low & middle income,2000,5.55329159136653,3.5979137957907
LMY,Low & middle income,2001,3.67085057446828,5.55329159136653
LMY,Low & middle income,2002,4.68460183519959,3.67085057446828
LMY,Low & middle income,2003,5.80567258902332,4.68460183519959
LMY,Low & middle income,2004,7.76611315073565,5.80567258902332
LMY,Low & middle income,2005,7.3947053352083,7.76611315073565
LMY,Low & middle income,2006,8.2375766191162,7.3947053352083
LMY,Low & middle income,2007,8.84570128910771,8.2375766191162
LMY,Low & middle income,2008,5.94615134695435,8.84570128910771
LMY,Low & middle income,2009,3.97294750720383,5.94615134695435
LMY,Low & middle income,2010,8.10356588001835,3.97294750720383
LMY,Low & middle income,2011,6.34125454342687,8.10356588001835
LMY,Low & middle income,2012,5.49917464653294,6.34125454342687
LMY,Low & middle income,2013,5.61734235164751,5.49917464653294
LMY,Low & middle income,2014,5.13797592071302,5.61734235164751
LMY,Low & middle income,2015,4.65256634204385,5.13797592071302
LMY,Low & middle income,2016,4.64827928186369,4.65256634204385
LMY,Low & middle income,2017,5.26386453553506,4.64827928186369
LMY,Low & middle income,2018,4.92164615265142,5.26386453553506
LMY,Low & middle income,2019,4.09130986730312,4.92164615265142
LMY,Low & middle income,2020,-1.15067064256841,4.09130986730312
LMY,Low & middle income,2021,7.37033958733097,-1.15067064256841
LMY,Low & middle income,2022,4.00803776152725,7.37033958733097
LMY,Low & middle income,2023,4.65212132351984,4.00803776152725
LMY,Low & middle income,2024,4.42439890311286,4.65212132351984
LMY,Low & middle income,2025,4.53280075988324,4.42439890311286
LSO,Lesotho,1962,15.331814336689,1.86479515845272
LSO,Lesotho,1963,10.61506995942,15.331814336689
LSO,Lesotho,1964,8.25111816012223,10.61506995942
LSO,Lesotho,1965,2.15410555150743,8.25111816012223
LSO,Lesotho,1966,-0.405521384253262,2.15410555150743
LSO,Lesotho,1967,10.9120615281481,-0.405521384253262
LSO,Lesotho,1968,-0.367120035797669,10.9120615281481
LSO,Lesotho,1969,1.54753668338866,-0.367120035797669
LSO,Lesotho,1970,2.17707116764228,1.54753668338866
LSO,Lesotho,1971,5.11371769989597,2.17707116764228
LSO,Lesotho,1972,-0.202708350280261,5.11371769989597
LSO,Lesotho,1973,26.4048810769096,-0.202708350280261
LSO,Lesotho,1974,10.9800889492213,26.4048810769096
LSO,Lesotho,1975,-13.5134975529629,10.9800889492213
LSO,Lesotho,1976,11.0491291576175,-13.5134975529629
LSO,Lesotho,1977,21.8090349742949,11.0491291576175
LSO,Lesotho,1978,18.3168748732824,21.8090349742949
LSO,Lesotho,1979,2.89391877929322,18.3168748732824
LSO,Lesotho,1980,-2.74477923142398,2.89391877929322
LSO,Lesotho,1981,0.694638131916435,-2.74477923142398
LSO,Lesotho,1982,4.45720389480559,0.694638131916435
LSO,Lesotho,1983,1.98616536341514,4.45720389480559
LSO,Lesotho,1984,5.53489782139683,1.98616536341514
LSO,Lesotho,1985,2.6102493308543,5.53489782139683
LSO,Lesotho,1986,4.68485602619326,2.6102493308543
LSO,Lesotho,1987,0.729728231723655,4.68485602619326
LSO,Lesotho,1988,8.60191907664445,0.729728231723655
LSO,Lesotho,1989,5.79524440411279,8.60191907664445
LSO,Lesotho,1990,6.04547332978933,5.79524440411279
LSO,Lesotho,1991,6.96660729603671,6.04547332978933
LSO,Lesotho,1992,6.95636495400254,6.96660729603671
LSO,Lesotho,1993,3.50976615760111,6.95636495400254
LSO,Lesotho,1994,5.97987353536386,3.50976615760111
LSO,Lesotho,1995,3.29093812272822,5.97987353536386
LSO,Lesotho,1996,5.59703605867827,3.29093812272822
LSO,Lesotho,1997,3.70360343607432,5.59703605867827
LSO,Lesotho,1998,1.53765589433743,3.70360343607432
LSO,Lesotho,1999,0.476025052201194,1.53765589433743
LSO,Lesotho,2000,3.87554677576694,0.476025052201194
LSO,Lesotho,2001,3.56158183392093,3.87554677576694
LSO,Lesotho,2002,0.723836067167127,3.56158183392093
LSO,Lesotho,2003,4.55977716384528,0.723836067167127
LSO,Lesotho,2004,1.69237417358596,4.55977716384528
LSO,Lesotho,2005,3.46612222755311,1.69237417358596
LSO,Lesotho,2006,4.23009522805209,3.46612222755311
LSO,Lesotho,2007,4.18791409957151,4.23009522805209
LSO,Lesotho,2008,5.52341966978646,4.18791409957151
LSO,Lesotho,2009,-1.25375779920832,5.52341966978646
LSO,Lesotho,2010,5.26967078056286,-1.25375779920832
LSO,Lesotho,2011,4.61641394528752,5.26967078056286
LSO,Lesotho,2012,6.33408374679448,4.61641394528752
LSO,Lesotho,2013,1.79252555575545,6.33408374679448
LSO,Lesotho,2014,1.71054990545476,1.79252555575545
LSO,Lesotho,2015,3.12406678044546,1.71054990545476
LSO,Lesotho,2016,3.60890731687714,3.12406678044546
LSO,Lesotho,2017,-3.13817493733471,3.60890731687714
LSO,Lesotho,2018,-1.48063315848241,-3.13817493733471
LSO,Lesotho,2019,-1.41799383085205,-1.48063315848241
LSO,Lesotho,2020,-8.15595785459911,-1.41799383085205
LSO,Lesotho,2021,2.26670961833291,-8.15595785459911
LSO,Lesotho,2022,2.38778020186284,2.26670961833291
LSO,Lesotho,2023,1.69433177608774,2.38778020186284
LSO,Lesotho,2024,5.22503380336101,1.69433177608774
LSO,Lesotho,2025,1.98256080770996,5.22503380336101
LTE,Late-demographic dividend,1962,2.98070424463639,-3.71065784277039
LTE,Late-demographic dividend,1963,4.13987115781009,2.98070424463639
LTE,Late-demographic dividend,1964,7.19042865745325,4.13987115781009
LTE,Late-demographic dividend,1965,6.66606743261254,7.19042865745325
LTE,Late-demographic dividend,1966,7.70263056750117,6.66606743261254
LTE,Late-demographic dividend,1967,1.7649474648353,7.70263056750117
LTE,Late-demographic dividend,1968,5.17969400652139,1.7649474648353
LTE,Late-demographic dividend,1969,9.97466872528257,5.17969400652139
LTE,Late-demographic dividend,1970,10.8369179668784,9.97466872528257
LTE,Late-demographic dividend,1971,8.50408373479519,10.8369179668784
LTE,Late-demographic dividend,1972,7.88256235278237,8.50408373479519
LTE,Late-demographic dividend,1973,9.81651254812448,7.88256235278237
LTE,Late-demographic dividend,1974,4.9570103512163,9.81651254812448
LTE,Late-demographic dividend,1975,4.34537587964014,4.9570103512163
LTE,Late-demographic dividend,1976,6.60444339314365,4.34537587964014
LTE,Late-demographic dividend,1977,6.32475630423916,6.60444339314365
LTE,Late-demographic dividend,1978,6.66472264497295,6.32475630423916
LTE,Late-demographic dividend,1979,7.76234079570408,6.66472264497295
LTE,Late-demographic dividend,1980,7.28977392054784,7.76234079570408
LTE,Late-demographic dividend,1981,0.141237726017309,7.28977392054784
LTE,Late-demographic dividend,1982,1.92941811502878,0.141237726017309
LTE,Late-demographic dividend,1983,1.76305114796065,1.92941811502878
LTE,Late-demographic dividend,1984,7.81573638956363,1.76305114796065
LTE,Late-demographic dividend,1985,7.23600812541731,7.81573638956363
LTE,Late-demographic dividend,1986,5.79337463099698,7.23600812541731
LTE,Late-demographic dividend,1987,6.45360299998521,5.79337463099698
LTE,Late-demographic dividend,1988,5.13580279831658,6.45360299998521
LTE,Late-demographic dividend,1989,4.72961524858138,5.13580279831658
LTE,Late-demographic dividend,1990,0.240783032198351,4.72961524858138
LTE,Late-demographic dividend,1991,0.51228496959979,0.240783032198351
LTE,Late-demographic dividend,1992,0.826749233012336,0.51228496959979
LTE,Late-demographic dividend,1993,4.34209627049079,0.826749233012336
LTE,Late-demographic dividend,1994,4.46756930390406,4.34209627049079
LTE,Late-demographic dividend,1995,5.68495490928488,4.46756930390406
LTE,Late-demographic dividend,1996,5.11480573292862,5.68495490928488
LTE,Late-demographic dividend,1997,5.65459914779815,5.11480573292862
LTE,Late-demographic dividend,1998,2.87745461357565,5.65459914779815
LTE,Late-demographic dividend,1999,4.66487397415709,2.87745461357565
LTE,Late-demographic dividend,2000,7.02510902300111,4.66487397415709
LTE,Late-demographic dividend,2001,5.19901909234986,7.02510902300111
LTE,Late-demographic dividend,2002,6.04936102271625,5.19901909234986
LTE,Late-demographic dividend,2003,6.87823190586745,6.04936102271625
LTE,Late-demographic dividend,2004,8.20688513231677,6.87823190586745
LTE,Late-demographic dividend,2005,7.79435016326815,8.20688513231677
LTE,Late-demographic dividend,2006,9.29615941664146,7.79435016326815
LTE,Late-demographic dividend,2007,10.2086065678187,9.29615941664146
LTE,Late-demographic dividend,2008,6.95968815694457,10.2086065678187
LTE,Late-demographic dividend,2009,3.74599698849585,6.95968815694457
LTE,Late-demographic dividend,2010,8.01408752578922,3.74599698849585
LTE,Late-demographic dividend,2011,7.1689562967987,8.01408752578922
LTE,Late-demographic dividend,2012,5.88568857687208,7.1689562967987
LTE,Late-demographic dividend,2013,5.62973223892911,5.88568857687208
LTE,Late-demographic dividend,2014,5.27993047692303,5.62973223892911
LTE,Late-demographic dividend,2015,4.70954361182743,5.27993047692303
LTE,Late-demographic dividend,2016,4.44982415289267,4.70954361182743
LTE,Late-demographic dividend,2017,5.26224829988129,4.44982415289267
LTE,Late-demographic dividend,2018,5.44116105376224,5.26224829988129
LTE,Late-demographic dividend,2019,4.74723356857159,5.44116105376224
LTE,Late-demographic dividend,2020,0.235409361022192,4.74723356857159
LTE,Late-demographic dividend,2021,7.59396655185003,0.235409361022192
LTE,Late-demographic dividend,2022,3.28975241103197,7.59396655185003
LTE,Late-demographic dividend,2023,4.43253867675644,3.28975241103197
LTE,Late-demographic dividend,2024,4.52553873018407,4.43253867675644
LTE,Late-demographic dividend,2025,4.45332355682564,4.52553873018407
LTU,Lithuania,1992,-21.2589694228032,-5.6756642731925
LTU,Lithuania,1993,-16.2268623098899,-21.2589694228032
LTU,Lithuania,1994,-9.76605322187085,-16.2268623098899
LTU,Lithuania,1995,3.29008262426858,-9.76605322187085
LTU,Lithuania,1996,5.02694376847307,3.29008262426858
LTU,Lithuania,1997,8.30063037348748,5.02694376847307
LTU,Lithuania,1998,7.46293714937232,8.30063037348748
LTU,Lithuania,1999,-1.09700818020993,7.46293714937232
LTU,Lithuania,2000,3.41862206571636,-1.09700818020993
LTU,Lithuania,2001,6.48412665187908,3.41862206571636
LTU,Lithuania,2002,6.71983945103626,6.48412665187908
LTU,Lithuania,2003,10.5518959629574,6.71983945103626
LTU,Lithuania,2004,6.50203536075556,10.5518959629574
LTU,Lithuania,2005,7.7314467577492,6.50203536075556
LTU,Lithuania,2006,7.39548122468629,7.7314467577492
LTU,Lithuania,2007,11.0779282578673,7.39548122468629
LTU,Lithuania,2008,2.59946154605602,11.0779282578673
LTU,Lithuania,2009,-14.8386117894848,2.59946154605602
LTU,Lithuania,2010,0.427199566550769,-14.8386117894848
LTU,Lithuania,2011,6.32363664821298,0.427199566550769
LTU,Lithuania,2012,4.38290584355157,6.32363664821298
LTU,Lithuania,2013,4.04691318575325,4.38290584355157
LTU,Lithuania,2014,3.7725437958099,4.04691318575325
LTU,Lithuania,2015,2.83280643343234,3.7725437958099
LTU,Lithuania,2016,2.67192215053329,2.83280643343234
LTU,Lithuania,2017,4.61224310312809,2.67192215053329
LTU,Lithuania,2018,4.91836780106811,4.61224310312809
LTU,Lithuania,2019,4.67735183530451,4.91836780106811
LTU,Lithuania,2020,0.0428158336981426,4.67735183530451
LTU,Lithuania,2021,6.39481772930206,0.0428158336981426
LTU,Lithuania,2022,2.46532013155011,6.39481772930206
LTU,Lithuania,2023,0.739537398185803,2.46532013155011
LTU,Lithuania,2024,3.03019543767596,0.739537398185803
LTU,Lithuania,2025,2.92007656461696,3.03019543767596
LUX,Luxembourg,1962,1.35867628948618,3.82998138409332
LUX,Luxembourg,1963,3.43911198594992,1.35867628948618
LUX,Luxembourg,1964,7.86582544744337,3.43911198594992
LUX,Luxembourg,1965,-0.73492975300033,7.86582544744337
LUX,Luxembourg,1966,1.10589941514236,-0.73492975300033
LUX,Luxembourg,1967,0.216730539713424,1.10589941514236
LUX,Luxembourg,1968,4.18387723458528,0.216730539713424
LUX,Luxembourg,1969,9.97285677756084,4.18387723458528
LUX,Luxembourg,1970,1.75993591351104,9.97285677756084
LUX,Luxembourg,1971,2.66723351069847,1.75993591351104
LUX,Luxembourg,1972,6.5981982956401,2.66723351069847
LUX,Luxembourg,1973,8.31267077441045,6.5981982956401
LUX,Luxembourg,1974,4.21247361331076,8.31267077441045
LUX,Luxembourg,1975,-6.57137080362814,4.21247361331076
LUX,Luxembourg,1976,2.53433057787748,-6.57137080362814
LUX,Luxembourg,1977,1.56977197000445,2.53433057787748
LUX,Luxembourg,1978,4.07497535070786,1.56977197000445
LUX,Luxembourg,1979,2.34561008805581,4.07497535070786
LUX,Luxembourg,1980,0.840881769623977,2.34561008805581
LUX,Luxembourg,1981,-0.550953306090335,0.840881769623977
LUX,Luxembourg,1982,1.13129633110074,-0.550953306090335
LUX,Luxembourg,1983,2.98908218676767,1.13129633110074
LUX,Luxembourg,1984,6.18693947396744,2.98908218676767
LUX,Luxembourg,1985,2.79170151318351,6.18693947396744
LUX,Luxembourg,1986,9.9839386111551,2.79170151318351
LUX,Luxembourg,1987,3.95097758570968,9.9839386111551
LUX,Luxembourg,1988,8.46328242722446,3.95097758570968
LUX,Luxembourg,1989,9.79806159175014,8.46328242722446
LUX,Luxembourg,1990,5.31993003333675,9.79806159175014
LUX,Luxembourg,1991,8.64419104734844,5.31993003333675
LUX,Luxembourg,1992,1.81965480509376,8.64419104734844
LUX,Luxembourg,1993,4.20064571003755,1.81965480509376
LUX,Luxembourg,1994,3.82092143373001,4.20064571003755
LUX,Luxembourg,1995,1.43220024272964,3.82092143373001
LUX,Luxembourg,1996,1.39807630241253,1.43220024272964
LUX,Luxembourg,1997,5.41972646151088,1.39807630241253
LUX,Luxembourg,1998,6.67419503775402,5.41972646151088
LUX,Luxembourg,1999,8.17613777063244,6.67419503775402
LUX,Luxembourg,2000,6.93809504692074,8.17613777063244
LUX,Luxembourg,2001,3.07427520210337,6.93809504692074
LUX,Luxembourg,2002,3.22528846998354,3.07427520210337
LUX,Luxembourg,2003,2.6192502126754,3.22528846998354
LUX,Luxembourg,2004,4.23067892192488,2.6192502126754
LUX,Luxembourg,2005,2.48250499371829,4.23067892192488
LUX,Luxembourg,2006,6.01662739677904,2.48250499371829
LUX,Luxembourg,2007,8.09852098069817,6.01662739677904
LUX,Luxembourg,2008,-0.302272983306707,8.09852098069817
LUX,Luxembourg,2009,-3.23895268839308,-0.302272983306707
LUX,Luxembourg,2010,3.76040578658925,-3.23895268839308
LUX,Luxembourg,2011,1.0442860057217,3.76040578658925
LUX,Luxembourg,2012,1.64971134354685,1.0442860057217
LUX,Luxembourg,2013,3.17168513780955,1.64971134354685
LUX,Luxembourg,2014,2.62308838097542,3.17168513780955
LUX,Luxembourg,2015,2.26836572735107,2.62308838097542
LUX,Luxembourg,2016,4.97819047122638,2.26836572735107
LUX,Luxembourg,2017,1.31711942298405,4.97819047122638
LUX,Luxembourg,2018,1.61129891211624,1.31711942298405
LUX,Luxembourg,2019,2.74932091920692,1.61129891211624
LUX,Luxembourg,2020,-0.510051634039826,2.74932091920692
LUX,Luxembourg,2021,6.92973270801744,-0.510051634039826
LUX,Luxembourg,2022,-1.09741256293819,6.92973270801744
LUX,Luxembourg,2023,0.0994370594039111,-1.09741256293819
LUX,Luxembourg,2024,0.358614003982225,0.0994370594039111
LUX,Luxembourg,2025,0.63787818818335,0.358614003982225
LVA,Latvia,1992,-32.1185703106863,-12.5952222309891
LVA,Latvia,1993,-4.98297870115201,-32.1185703106863
LVA,Latvia,1994,2.18990858235335,-4.98297870115201
LVA,Latvia,1995,-0.944762865564712,2.18990858235335
LVA,Latvia,1996,2.29996103802466,-0.944762865564712
LVA,Latvia,1997,9.17147634072084,2.29996103802466
LVA,Latvia,1998,6.55000264756266,9.17147634072084
LVA,Latvia,1999,2.81840455944993,6.55000264756266
LVA,Latvia,2000,5.84102642353959,2.81840455944993
LVA,Latvia,2001,6.46057826727287,5.84102642353959
LVA,Latvia,2002,7.66548778586991,6.46057826727287
LVA,Latvia,2003,8.42913257059108,7.66548778586991
LVA,Latvia,2004,8.72514341727928,8.42913257059108
LVA,Latvia,2005,11.6153178557457,8.72514341727928
LVA,Latvia,2006,12.825017846905,11.6153178557457
LVA,Latvia,2007,10.4145372792714,12.825017846905
LVA,Latvia,2008,-3.38871665849958,10.4145372792714
LVA,Latvia,2009,-16.0400195313042,-3.38871665849958
LVA,Latvia,2010,-3.66125859554762,-16.0400195313042
LVA,Latvia,2011,3.03634482668815,-3.66125859554762
LVA,Latvia,2012,7.30524057200897,3.03634482668815
LVA,Latvia,2013,2.09609028156248,7.30524057200897
LVA,Latvia,2014,2.0949597710559,2.09609028156248
LVA,Latvia,2015,3.78336712084972,2.0949597710559
LVA,Latvia,2016,2.55168601974034,3.78336712084972
LVA,Latvia,2017,3.39894872623931,2.55168601974034
LVA,Latvia,2018,4.30971286294503,3.39894872623931
LVA,Latvia,2019,0.675372771884227,4.30971286294503
LVA,Latvia,2020,-3.46922750780554,0.675372771884227
LVA,Latvia,2021,6.94254173062592,-3.46922750780554
LVA,Latvia,2022,1.90853419029801,6.94254173062592
LVA,Latvia,2023,-0.941606068823631,1.90853419029801
LVA,Latvia,2024,-0.0370556648288982,-0.941606068823631
LVA,Latvia,2025,2.13786855731288,-0.0370556648288982
MAC,"Macao SAR, China",1984,8.45903981224809,10.0235760796348
MAC,"Macao SAR, China",1985,0.732261858094873,8.45903981224809
MAC,"Macao SAR, China",1986,6.6949970424333,0.732261858094873
MAC,"Macao SAR, China",1987,14.2932173963789,6.6949970424333
MAC,"Macao SAR, China",1988,7.81082461067145,14.2932173963789
MAC,"Macao SAR, China",1989,5.02492333558295,7.81082461067145
MAC,"Macao SAR, China",1990,7.97943699762126,5.02492333558295
MAC,"Macao SAR, China",1991,3.65938964930415,7.97943699762126
MAC,"Macao SAR, China",1992,13.2989545353826,3.65938964930415
MAC,"Macao SAR, China",1993,5.18623877678014,13.2989545353826
MAC,"Macao SAR, China",1994,4.25357492985363,5.18623877678014
MAC,"Macao SAR, China",1995,3.29612425723712,4.25357492985363
MAC,"Macao SAR, China",1996,-0.419861406496466,3.29612425723712
MAC,"Macao SAR, China",1997,-0.278986192547762,-0.419861406496466
MAC,"Macao SAR, China",1998,-4.57110341884395,-0.278986192547762
MAC,"Macao SAR, China",1999,-2.35859213250518,-4.57110341884395
MAC,"Macao SAR, China",2000,5.74714593475937,-2.35859213250518
MAC,"Macao SAR, China",2001,2.88824010651439,5.74714593475937
MAC,"Macao SAR, China",2002,8.90480904902596,2.88824010651439
MAC,"Macao SAR, China",2003,11.6433551416587,8.90480904902596
MAC,"Macao SAR, China",2004,26.6368742306114,11.6433551416587
MAC,"Macao SAR, China",2005,8.07794929953978,26.6368742306114
MAC,"Macao SAR, China",2006,13.3921711919351,8.07794929953978
MAC,"Macao SAR, China",2007,14.4817728129028,13.3921711919351
MAC,"Macao SAR, China",2008,3.39251560752048,14.4817728129028
MAC,"Macao SAR, China",2009,1.29837946885112,3.39251560752048
MAC,"Macao SAR, China",2010,25.1031075246958,1.29837946885112
MAC,"Macao SAR, China",2011,21.6223064381087,25.1031075246958
MAC,"Macao SAR, China",2012,9.21747479596735,21.6223064381087
MAC,"Macao SAR, China",2013,10.7816711590297,9.21747479596735
MAC,"Macao SAR, China",2014,-2.03874227961819,10.7816711590297
MAC,"Macao SAR, China",2015,-21.7540078753246,-2.03874227961819
MAC,"Macao SAR, China",2016,-0.701510212552961,-21.7540078753246
MAC,"Macao SAR, China",2017,9.91855844513513,-0.701510212552961
MAC,"Macao SAR, China",2018,6.35917030567686,9.91855844513513
MAC,"Macao SAR, China",2019,-2.4609094006739,6.35917030567686
MAC,"Macao SAR, China",2020,-54.4020925789353,-2.4609094006739
MAC,"Macao SAR, China",2021,22.4622020023362,-54.4020925789353
MAC,"Macao SAR, China",2022,-18.956941494497,22.4622020023362
MAC,"Macao SAR, China",2023,75.3084184293413,-18.956941494497
MAC,"Macao SAR, China",2024,7.84960207010525,75.3084184293413
MAC,"Macao SAR, China",2025,4.67106705680436,7.84960207010525
MAR,Morocco,1968,9.89173930674043,10.0288413593661
MAR,Morocco,1969,8.36216535672018,9.89173930674043
MAR,Morocco,1970,4.71346037515517,8.36216535672018
MAR,Morocco,1971,5.5968936595313,4.71346037515517
MAR,Morocco,1972,2.43723734665467,5.5968936595313
MAR,Morocco,1973,3.55931083241548,2.43723734665467
MAR,Morocco,1974,5.59604994440339,3.55931083241548
MAR,Morocco,1975,7.55822156113805,5.59604994440339
MAR,Morocco,1976,10.8127813442855,7.55822156113805
MAR,Morocco,1977,6.0591676788529,10.8127813442855
MAR,Morocco,1978,2.23266338861872,6.0591676788529
MAR,Morocco,1979,4.79378720493398,2.23266338861872
MAR,Morocco,1980,3.64216481334074,4.79378720493398
MAR,Morocco,1981,-1.7434349305055,3.64216481334074
MAR,Morocco,1982,8.95737202254297,-1.7434349305055
MAR,Morocco,1983,1.38656957735846,8.95737202254297
MAR,Morocco,1984,6.41838632129115,1.38656957735846
MAR,Morocco,1985,6.00765207144033,6.41838632129115
MAR,Morocco,1986,9.27110576948627,6.00765207144033
MAR,Morocco,1987,-0.325004075650469,9.27110576948627
MAR,Morocco,1988,11.8752359788597,-0.325004075650469
MAR,Morocco,1989,2.84620258132841,11.8752359788597
MAR,Morocco,1990,3.41181222630115,2.84620258132841
MAR,Morocco,1991,7.21608815359085,3.41181222630115
MAR,Morocco,1992,-2.097738754022,7.21608815359085
MAR,Morocco,1993,-0.740591700332374,-2.097738754022
MAR,Morocco,1994,10.5880004161286,-0.740591700332374
MAR,Morocco,1995,-5.40544787197402,10.5880004161286
MAR,Morocco,1996,12.3728762700496,-5.40544787197402
MAR,Morocco,1997,-1.56070234550782,12.3728762700496
MAR,Morocco,1998,7.23855267691987,-1.56070234550782
MAR,Morocco,1999,1.6970614772566,7.23855267691987
MAR,Morocco,2000,2.58218091499747,1.6970614772566
MAR,Morocco,2001,7.72182519577728,2.58218091499747
MAR,Morocco,2002,3.73019737485745,7.72182519577728
MAR,Morocco,2003,6.17110214953244,3.73019737485745
MAR,Morocco,2004,4.57138016516208,6.17110214953244
MAR,Morocco,2005,3.19224973015831,4.57138016516208
MAR,Morocco,2006,7.7908200104027,3.19224973015831
MAR,Morocco,2007,3.44106776690418,7.7908200104027
MAR,Morocco,2008,5.68453936284732,3.44106776690418
MAR,Morocco,2009,3.74576940136258,5.68453936284732
MAR,Morocco,2010,3.49955709403216,3.74576940136258
MAR,Morocco,2011,5.52464523319847,3.49955709403216
MAR,Morocco,2012,3.06234368502997,5.52464523319847
MAR,Morocco,2013,4.12221286860944,3.06234368502997
MAR,Morocco,2014,2.7192440802029,4.12221286860944
MAR,Morocco,2015,4.34458297635238,2.7192440802029
MAR,Morocco,2016,0.52118550608968,4.34458297635238
MAR,Morocco,2017,5.05789816173446,0.52118550608968
MAR,Morocco,2018,3.06564133025955,5.05789816173446
MAR,Morocco,2019,2.89097476137077,3.06564133025955
MAR,Morocco,2020,-7.17820744246774,2.89097476137077
MAR,Morocco,2021,8.15473889823681,-7.17820744246774
MAR,Morocco,2022,1.81269242194809,8.15473889823681
MAR,Morocco,2023,3.65564411017931,1.81269242194809
MAR,Morocco,2024,3.79336515978963,3.65564411017931
MAR,Morocco,2025,4.59524349182247,3.79336515978963
MCO,Monaco,1972,4.64830962143698,5.22806002306334
MCO,Monaco,1973,6.55375750568663,4.64830962143698
MCO,Monaco,1974,4.47461105113078,6.55375750568663
MCO,Monaco,1975,-0.972637494746181,4.47461105113078
MCO,Monaco,1976,4.41162878464969,-0.972637494746181
MCO,Monaco,1977,3.55323607971012,4.41162878464969
MCO,Monaco,1978,3.95355130351356,3.55323607971012
MCO,Monaco,1979,3.53420492941619,3.95355130351356
MCO,Monaco,1980,1.68545743376301,3.53420492941619
MCO,Monaco,1981,0.922378365935245,1.68545743376301
MCO,Monaco,1982,2.4323894752107,0.922378365935245
MCO,Monaco,1983,1.194973349035,2.4323894752107
MCO,Monaco,1984,1.4845156308988,1.194973349035
MCO,Monaco,1985,1.70869968354268,1.4845156308988
MCO,Monaco,1986,2.4523646833738,1.70869968354268
MCO,Monaco,1987,2.48457417040042,2.4523646833738
MCO,Monaco,1988,4.59860147535215,2.48457417040042
MCO,Monaco,1989,4.1636593103912,4.59860147535215
MCO,Monaco,1990,2.64345417053957,4.1636593103912
MCO,Monaco,1991,1.01512911296157,2.64345417053957
MCO,Monaco,1992,1.36663952678862,1.01512911296157
MCO,Monaco,1993,-0.913919721547302,1.36663952678862
MCO,Monaco,1994,2.21562422660615,-0.913919721547302
MCO,Monaco,1995,2.11715302190068,2.21562422660615
MCO,Monaco,1996,1.11073179729593,2.11715302190068
MCO,Monaco,1997,2.23724927742614,1.11073179729593
MCO,Monaco,1998,3.50326599643141,2.23724927742614
MCO,Monaco,1999,3.30053899589946,3.50326599643141
MCO,Monaco,2000,3.91022992758094,3.30053899589946
MCO,Monaco,2001,2.18773369040099,3.91022992758094
MCO,Monaco,2002,1.02649757327522,2.18773369040099
MCO,Monaco,2003,1.08753654746801,1.02649757327522
MCO,Monaco,2004,2.47048260499609,1.08753654746801
MCO,Monaco,2005,1.89541410859198,2.47048260499609
MCO,Monaco,2006,5.81764849670007,1.89541410859198
MCO,Monaco,2007,14.4375144375144,5.81764849670007
MCO,Monaco,2008,0.746871215179652,14.4375144375144
MCO,Monaco,2009,-11.3369865758365,0.746871215179652
MCO,Monaco,2010,2.06521962654098,-11.3369865758365
MCO,Monaco,2011,7.02235694617619,2.06521962654098
MCO,Monaco,2012,1.01221841230461,7.02235694617619
MCO,Monaco,2013,9.57709832354816,1.01221841230461
MCO,Monaco,2014,7.18702777537968,9.57709832354816
MCO,Monaco,2015,4.91037176536236,7.18702777537968
MCO,Monaco,2016,3.00844358752744,4.91037176536236
MCO,Monaco,2017,-3.20618323813213,3.00844358752744
MCO,Monaco,2018,5.69790121192926,-3.20618323813213
MCO,Monaco,2019,7.12088951975396,5.69790121192926
MCO,Monaco,2020,-13.2391048292108,7.12088951975396
MCO,Monaco,2021,22.2322155851208,-13.2391048292108
MCO,Monaco,2022,11.2662955198601,22.2322155851208
MCO,Monaco,2023,5.44395088840088,11.2662955198601
MCO,Monaco,2024,8.51053758860212,5.44395088840088
MDA,Moldova,1992,-29.0999999176414,-16.0000002715149
MDA,Moldova,1993,-1.1999999330268,-29.0999999176414
MDA,Moldova,1994,-30.9000002261447,-1.1999999330268
MDA,Moldova,1995,-1.39999905491376,-30.9000002261447
MDA,Moldova,1996,-5.87706028626823,-1.39999905491376
MDA,Moldova,1997,1.64706456037401,-5.87706028626823
MDA,Moldova,1998,-6.54219207711182,1.64706456037401
MDA,Moldova,1999,-3.36825447657218,-6.54219207711182
MDA,Moldova,2000,2.10771608200733,-3.36825447657218
MDA,Moldova,2001,6.10000039929173,2.10771608200733
MDA,Moldova,2002,7.79999965773833,6.10000039929173
MDA,Moldova,2003,6.59999995777716,7.79999965773833
MDA,Moldova,2004,7.39999973358189,6.59999995777716
MDA,Moldova,2005,7.5000001493726,7.39999973358189
MDA,Moldova,2006,4.79999983670831,7.5000001493726
MDA,Moldova,2007,3.00000022585525,4.79999983670831
MDA,Moldova,2008,7.80000014541523,3.00000022585525
MDA,Moldova,2009,-6.00000026352828,7.80000014541523
MDA,Moldova,2010,7.10000010705836,-6.00000026352828
MDA,Moldova,2011,5.81816614684824,7.10000010705836
MDA,Moldova,2012,-0.589733954762579,5.81816614684824
MDA,Moldova,2013,9.0438656074181,-0.589733954762579
MDA,Moldova,2014,4.99962585407656,9.0438656074181
MDA,Moldova,2015,-0.338235622387202,4.99962585407656
MDA,Moldova,2016,4.64601436259409,-0.338235622387202
MDA,Moldova,2017,4.17561205106279,4.64601436259409
MDA,Moldova,2018,4.07559546585034,4.17561205106279
MDA,Moldova,2019,3.5523140853476,4.07559546585034
MDA,Moldova,2020,-8.27597831976949,3.5523140853476
MDA,Moldova,2021,13.9299997889786,-8.27597831976949
MDA,Moldova,2022,-4.64785101037361,13.9299997889786
MDA,Moldova,2023,1.18802067937429,-4.64785101037361
MDA,Moldova,2024,0.270670455512573,1.18802067937429
MDA,Moldova,2025,2.41649734575068,0.270670455512573
MDG,Madagascar,1962,2.27106970111232,2.04863275061248
MDG,Madagascar,1963,-0.929401622790394,2.27106970111232
MDG,Madagascar,1964,3.96251884651457,-0.929401622790394
MDG,Madagascar,1965,-0.452253863397502,3.96251884651457
MDG,Madagascar,1966,2.06455240789826,-0.452253863397502
MDG,Madagascar,1967,5.52856560967709,2.06455240789826
MDG,Madagascar,1968,6.8287860983493,5.52856560967709
MDG,Madagascar,1969,3.72122216809368,6.8287860983493
MDG,Madagascar,1970,5.27645557543077,3.72122216809368
MDG,Madagascar,1971,3.92936503078364,5.27645557543077
MDG,Madagascar,1972,-1.27262153096891,3.92936503078364
MDG,Madagascar,1973,-2.61847832966285,-1.27262153096891
MDG,Madagascar,1974,2.00687937961095,-2.61847832966285
MDG,Madagascar,1975,1.25869163453154,2.00687937961095
MDG,Madagascar,1976,-3.06885839129959,1.25869163453154
MDG,Madagascar,1977,2.36400035834046,-3.06885839129959
MDG,Madagascar,1978,-2.66180596408321,2.36400035834046
MDG,Madagascar,1979,9.85465029443104,-2.66180596408321
MDG,Madagascar,1980,0.952707585446319,9.85465029443104
MDG,Madagascar,1981,-9.80000000085953,0.952707585446319
MDG,Madagascar,1982,-1.90000000001299,-9.80000000085953
MDG,Madagascar,1983,0.899999999396201,-1.90000000001299
MDG,Madagascar,1984,1.76018194295042,0.899999999396201
MDG,Madagascar,1985,1.15634413876586,1.76018194295042
MDG,Madagascar,1986,1.96022488163399,1.15634413876586
MDG,Madagascar,1987,1.17491326106625,1.96022488163399
MDG,Madagascar,1988,3.40692921036734,1.17491326106625
MDG,Madagascar,1989,4.07488065683054,3.40692921036734
MDG,Madagascar,1990,3.12890505042525,4.07488065683054
MDG,Madagascar,1991,-6.30635159237733,3.12890505042525
MDG,Madagascar,1992,1.18088494825233,-6.30635159237733
MDG,Madagascar,1993,2.09992318110865,1.18088494825233
MDG,Madagascar,1994,-0.042101302622072,2.09992318110865
MDG,Madagascar,1995,1.67859232120303,-0.042101302622072
MDG,Madagascar,1996,2.15420447175147,1.67859232120303
MDG,Madagascar,1997,3.69349261691789,2.15420447175147
MDG,Madagascar,1998,3.91707460516817,3.69349261691789
MDG,Madagascar,1999,4.69922703680521,3.91707460516817
MDG,Madagascar,2000,4.45685893956946,4.69922703680521
MDG,Madagascar,2001,5.98023576982733,4.45685893956946
MDG,Madagascar,2002,-12.4079711055149,5.98023576982733
MDG,Madagascar,2003,9.78489212474175,-12.4079711055149
MDG,Madagascar,2004,5.25700362208742,9.78489212474175
MDG,Madagascar,2005,4.75584509499119,5.25700362208742
MDG,Madagascar,2006,5.3985084485368,4.75584509499119
MDG,Madagascar,2007,5.71056419885052,5.3985084485368
MDG,Madagascar,2008,6.71263253913001,5.71056419885052
MDG,Madagascar,2009,-3.9787086116544,6.71263253913001
MDG,Madagascar,2010,0.619239744622121,-3.9787086116544
MDG,Madagascar,2011,1.57842705366555,0.619239744622121
MDG,Madagascar,2012,3.01114811621208,1.57842705366555
MDG,Madagascar,2013,2.30037622800727,3.01114811621208
MDG,Madagascar,2014,3.33920311195367,2.30037622800727
MDG,Madagascar,2015,3.13229807490305,3.33920311195367
MDG,Madagascar,2016,3.99314606199499,3.13229807490305
MDG,Madagascar,2017,3.93330759462793,3.99314606199499
MDG,Madagascar,2018,3.19435651744398,3.93330759462793
MDG,Madagascar,2019,4.41123212909589,3.19435651744398
MDG,Madagascar,2020,-7.13767162064489,4.41123212909589
MDG,Madagascar,2021,4.65068343174309,-7.13767162064489
MDG,Madagascar,2022,4.13753534956307,4.65068343174309
MDG,Madagascar,2023,4.23086580696344,4.13753534956307
MDG,Madagascar,2024,4.32283728087992,4.23086580696344
MDG,Madagascar,2025,3.002568866856,4.32283728087992
MDV,Maldives,1972,2.42424241756413,5.20722636743771
MDV,Maldives,1973,1.57790928646529,2.42424241756413
MDV,Maldives,1974,5.7281553146566,1.57790928646529
MDV,Maldives,1975,-7.98898069181037,5.7281553146566
MDV,Maldives,1976,0.598802385709703,-7.98898069181037
MDV,Maldives,1977,11.2523540290923,0.598802385709703
MDV,Maldives,1978,14.6847228465679,11.2523540290923
MDV,Maldives,1979,10.6642066212294,14.6847228465679
MDV,Maldives,1980,18.5728576106625,10.6642066212294
MDV,Maldives,1981,11.7647058888716,18.5728576106625
MDV,Maldives,1982,-3.01221166353322,11.7647058888716
MDV,Maldives,1983,16.2562954556645,-3.01221166353322
MDV,Maldives,1984,26.9554753293923,16.2562954556645
MDV,Maldives,1985,15.4160435875059,26.9554753293923
MDV,Maldives,1986,9.36058909491051,15.4160435875059
MDV,Maldives,1987,8.8291556967326,9.36058909491051
MDV,Maldives,1988,8.73034178146668,8.8291556967326
MDV,Maldives,1989,9.32680833295309,8.73034178146668
MDV,Maldives,1990,16.9522974545621,9.32680833295309
MDV,Maldives,1991,1.44269605394094,16.9522974545621
MDV,Maldives,1992,6.67082544437399,1.44269605394094
MDV,Maldives,1993,5.55676907924001,6.67082544437399
MDV,Maldives,1994,7.74948623307952,5.55676907924001
MDV,Maldives,1995,12.9857843069314,7.74948623307952
MDV,Maldives,1996,7.85864699857959,12.9857843069314
MDV,Maldives,1997,8.39794100450224,7.85864699857959
MDV,Maldives,1998,7.4946829140504,8.39794100450224
MDV,Maldives,1999,6.17565592929535,7.4946829140504
MDV,Maldives,2000,3.84581040832157,6.17565592929535
MDV,Maldives,2001,-3.94363452271253,3.84581040832157
MDV,Maldives,2002,7.26838656139654,-3.94363452271253
MDV,Maldives,2003,13.7500496410836,7.26838656139654
MDV,Maldives,2004,5.92489251113133,13.7500496410836
MDV,Maldives,2005,-11.1773097061784,5.92489251113133
MDV,Maldives,2006,23.6302719852686,-11.1773097061784
MDV,Maldives,2007,7.13338024717898,23.6302719852686
MDV,Maldives,2008,8.97645459033633,7.13338024717898
MDV,Maldives,2009,-8.34069861571051,8.97645459033633
MDV,Maldives,2010,6.7854678229144,-8.34069861571051
MDV,Maldives,2011,8.84342600490342,6.7854678229144
MDV,Maldives,2012,2.38928797963442,8.84342600490342
MDV,Maldives,2013,6.97496226412528,2.38928797963442
MDV,Maldives,2014,7.86068643108074,6.97496226412528
MDV,Maldives,2015,3.86813536494475,7.86068643108074
MDV,Maldives,2016,6.37528306716864,3.86813536494475
MDV,Maldives,2017,7.07442863215275,6.37528306716864
MDV,Maldives,2018,8.5689555834747,7.07442863215275
MDV,Maldives,2019,6.92305989050099,8.5689555834747
MDV,Maldives,2020,-32.9088287752921,6.92305989050099
MDV,Maldives,2021,37.507870124321,-32.9088287752921
MDV,Maldives,2022,13.8260895184139,37.507870124321
MDV,Maldives,2023,4.94286301229583,13.8260895184139
MDV,Maldives,2024,3.49440422654285,4.94286301229583
MDV,Maldives,2025,6.31092335003081,3.49440422654285
MEA,"Middle East, North Africa, Afghanistan & Pakistan",1962,5.44105900660821,6.13939485183595
MEA,"Middle East, North Africa, Afghanistan & Pakistan",1963,10.5538421430043,5.44105900660821
MEA,"Middle East, North Africa, Afghanistan & Pakistan",1964,9.56607765517717,10.5538421430043
MEA,"Middle East, North Africa, Afghanistan & Pakistan",1965,11.8033255969794,9.56607765517717
MEA,"Middle East, North Africa, Afghanistan & Pakistan",1966,6.64456287550328,11.8033255969794
MEA,"Middle East, North Africa, Afghanistan & Pakistan",1967,7.74775389925119,6.64456287550328
MEA,"Middle East, North Africa, Afghanistan & Pakistan",1968,12.2756257479187,7.74775389925119
MEA,"Middle East, North Africa, Afghanistan & Pakistan",1969,10.414001331239,12.2756257479187
MEA,"Middle East, North Africa, Afghanistan & Pakistan",1970,17.4215103827734,10.414001331239
MEA,"Middle East, North Africa, Afghanistan & Pakistan",1971,8.95358245457784,17.4215103827734
MEA,"Middle East, North Africa, Afghanistan & Pakistan",1972,13.5519607300067,8.95358245457784
MEA,"Middle East, North Africa, Afghanistan & Pakistan",1973,11.1428140237932,13.5519607300067
MEA,"Middle East, North Africa, Afghanistan & Pakistan",1974,8.68793362133684,11.1428140237932
MEA,"Middle East, North Africa, Afghanistan & Pakistan",1975,0.119474009111698,8.68793362133684
MEA,"Middle East, North Africa, Afghanistan & Pakistan",1976,13.8465105806951,0.119474009111698
MEA,"Middle East, North Africa, Afghanistan & Pakistan",1977,3.78522249004749,13.8465105806951
MEA,"Middle East, North Africa, Afghanistan & Pakistan",1978,-0.234311357858232,3.78522249004749
MEA,"Middle East, North Africa, Afghanistan & Pakistan",1979,5.61252783936604,-0.234311357858232
MEA,"Middle East, North Africa, Afghanistan & Pakistan",1980,1.4512727780847,5.61252783936604
MEA,"Middle East, North Africa, Afghanistan & Pakistan",1981,0.548045965015859,1.4512727780847
MEA,"Middle East, North Africa, Afghanistan & Pakistan",1982,-1.26801807911792,0.548045965015859
MEA,"Middle East, North Africa, Afghanistan & Pakistan",1983,-0.403455890171273,-1.26801807911792
MEA,"Middle East, North Africa, Afghanistan & Pakistan",1984,0.125264294770332,-0.403455890171273
MEA,"Middle East, North Africa, Afghanistan & Pakistan",1985,0.595808493962522,0.125264294770332
MEA,"Middle East, North Africa, Afghanistan & Pakistan",1986,-1.50399980977326,0.595808493962522
MEA,"Middle East, North Africa, Afghanistan & Pakistan",1987,0.99539113840963,-1.50399980977326
MEA,"Middle East, North Africa, Afghanistan & Pakistan",1988,2.30604834134354,0.99539113840963
MEA,"Middle East, North Africa, Afghanistan & Pakistan",1989,3.86423140836945,2.30604834134354
MEA,"Middle East, North Africa, Afghanistan & Pakistan",1990,8.55044307216318,3.86423140836945
MEA,"Middle East, North Africa, Afghanistan & Pakistan",1991,2.21468130150994,8.55044307216318
MEA,"Middle East, North Africa, Afghanistan & Pakistan",1992,6.28565162738452,2.21468130150994
MEA,"Middle East, North Africa, Afghanistan & Pakistan",1993,2.46106838088316,6.28565162738452
MEA,"Middle East, North Africa, Afghanistan & Pakistan",1994,3.08696924407047,2.46106838088316
MEA,"Middle East, North Africa, Afghanistan & Pakistan",1995,3.20934352900993,3.08696924407047
MEA,"Middle East, North Africa, Afghanistan & Pakistan",1996,5.09668077682129,3.20934352900993
MEA,"Middle East, North Africa, Afghanistan & Pakistan",1997,4.14786831542938,5.09668077682129
MEA,"Middle East, North Africa, Afghanistan & Pakistan",1998,4.17270455425141,4.14786831542938
MEA,"Middle East, North Africa, Afghanistan & Pakistan",1999,2.78914993222759,4.17270455425141
MEA,"Middle East, North Africa, Afghanistan & Pakistan",2000,6.36565999509911,2.78914993222759
MEA,"Middle East, North Africa, Afghanistan & Pakistan",2001,1.99532436082019,6.36565999509911
MEA,"Middle East, North Africa, Afghanistan & Pakistan",2002,2.13446189825575,1.99532436082019
MEA,"Middle East, North Africa, Afghanistan & Pakistan",2003,4.62432352744825,2.13446189825575
MEA,"Middle East, North Africa, Afghanistan & Pakistan",2004,7.95208307446038,4.62432352744825
MEA,"Middle East, North Africa, Afghanistan & Pakistan",2005,5.29036057989754,7.95208307446038
MEA,"Middle East, North Africa, Afghanistan & Pakistan",2006,6.0105357176119,5.29036057989754
MEA,"Middle East, North Africa, Afghanistan & Pakistan",2007,5.25087621123983,6.0105357176119
MEA,"Middle East, North Africa, Afghanistan & Pakistan",2008,4.39756577528698,5.25087621123983
MEA,"Middle East, North Africa, Afghanistan & Pakistan",2009,1.13904790591972,4.39756577528698
MEA,"Middle East, North Africa, Afghanistan & Pakistan",2010,4.73613536721255,1.13904790591972
MEA,"Middle East, North Africa, Afghanistan & Pakistan",2011,3.83839238292269,4.73613536721255
MEA,"Middle East, North Africa, Afghanistan & Pakistan",2012,4.23895465902955,3.83839238292269
MEA,"Middle East, North Africa, Afghanistan & Pakistan",2013,2.37318436266814,4.23895465902955
MEA,"Middle East, North Africa, Afghanistan & Pakistan",2014,3.06417065422428,2.37318436266814
MEA,"Middle East, North Africa, Afghanistan & Pakistan",2015,2.77014189000649,3.06417065422428
MEA,"Middle East, North Africa, Afghanistan & Pakistan",2016,4.50367765418986,2.77014189000649
MEA,"Middle East, North Africa, Afghanistan & Pakistan",2017,2.07681939089466,4.50367765418986
MEA,"Middle East, North Africa, Afghanistan & Pakistan",2018,2.4028056194,2.07681939089466
MEA,"Middle East, North Africa, Afghanistan & Pakistan",2019,1.58096878672049,2.4028056194
MEA,"Middle East, North Africa, Afghanistan & Pakistan",2020,-3.55690005451382,1.58096878672049
MEA,"Middle East, North Africa, Afghanistan & Pakistan",2021,5.030413314914,-3.55690005451382
MEA,"Middle East, North Africa, Afghanistan & Pakistan",2022,6.44954466678931,5.030413314914
MEA,"Middle East, North Africa, Afghanistan & Pakistan",2023,2.29073324961962,6.44954466678931
MEA,"Middle East, North Africa, Afghanistan & Pakistan",2024,2.3285702387722,2.29073324961962
MEA,"Middle East, North Africa, Afghanistan & Pakistan",2025,2.74495660378074,2.3285702387722
MEX,Mexico,1962,4.66441467253127,5.00000000072309
MEX,Mexico,1963,8.10688692761114,4.66441467253127
MEX,Mexico,1964,11.9054807657866,8.10688692761114
MEX,Mexico,1965,7.09999999747173,11.9054807657866
MEX,Mexico,1966,6.09613930256681,7.09999999747173
MEX,Mexico,1967,5.85492487897324,6.09613930256681
MEX,Mexico,1968,9.42327881831926,5.85492487897324
MEX,Mexico,1969,3.41862002349839,9.42327881831926
MEX,Mexico,1970,6.50248403469675,3.41862002349839
MEX,Mexico,1971,3.76246768495716,6.50248403469675
MEX,Mexico,1972,8.22880731245257,3.76246768495716
MEX,Mexico,1973,7.86111986063614,8.22880731245257
MEX,Mexico,1974,5.77682723020618,7.86111986063614
MEX,Mexico,1975,5.74448504862428,5.77682723020618
MEX,Mexico,1976,4.41744413626853,5.74448504862428
MEX,Mexico,1977,3.39063970656844,4.41744413626853
MEX,Mexico,1978,8.95694232786306,3.39063970656844
MEX,Mexico,1979,9.69817013704461,8.95694232786306
MEX,Mexico,1980,8.75662242586424,9.69817013704461
MEX,Mexico,1981,9.58584115454994,8.75662242586424
MEX,Mexico,1982,-0.0495863656386035,9.58584115454994
MEX,Mexico,1983,-4.62412795987231,-0.0495863656386035
MEX,Mexico,1984,3.51341334932273,-4.62412795987231
MEX,Mexico,1985,1.91921578613494,3.51341334932273
MEX,Mexico,1986,-3.92995990782299,1.91921578613494
MEX,Mexico,1987,2.06336322631584,-3.92995990782299
MEX,Mexico,1988,1.21826122938586,2.06336322631584
MEX,Mexico,1989,3.62544873456009,1.21826122938586
MEX,Mexico,1990,5.25004329944582,3.62544873456009
MEX,Mexico,1991,3.97590497138043,5.25004329944582
MEX,Mexico,1992,3.56861354412243,3.97590497138043
MEX,Mexico,1993,2.86699945461075,3.56861354412243
MEX,Mexico,1994,4.39412788764169,2.86699945461075
MEX,Mexico,1995,-5.91029962358286,4.39412788764169
MEX,Mexico,1996,6.21829715869302,-5.91029962358286
MEX,Mexico,1997,7.19887615284711,6.21829715869302
MEX,Mexico,1998,6.18507893082885,7.19887615284711
MEX,Mexico,1999,2.75503039300564,6.18507893082885
MEX,Mexico,2000,5.02928399378261,2.75503039300564
MEX,Mexico,2001,-0.450845253215945,5.02928399378261
MEX,Mexico,2002,-0.236588001922641,-0.450845253215945
MEX,Mexico,2003,1.18554486709559,-0.236588001922641
MEX,Mexico,2004,3.56544102622887,1.18554486709559
MEX,Mexico,2005,2.11324711473297,3.56544102622887
MEX,Mexico,2006,4.80501351664901,2.11324711473297
MEX,Mexico,2007,2.0778639395329,4.80501351664901
MEX,Mexico,2008,0.943331872912935,2.0778639395329
MEX,Mexico,2009,-6.29525056697287,0.943331872912935
MEX,Mexico,2010,4.9713345832195,-6.29525056697287
MEX,Mexico,2011,3.44404505297089,4.9713345832195
MEX,Mexico,2012,3.55321076010608,3.44404505297089
MEX,Mexico,2013,0.852101550164704,3.55321076010608
MEX,Mexico,2014,2.50376350783593,0.852101550164704
MEX,Mexico,2015,2.70232343024026,2.50376350783593
MEX,Mexico,2016,1.7724932254128,2.70232343024026
MEX,Mexico,2017,1.87172854648381,1.7724932254128
MEX,Mexico,2018,1.97208211101069,1.87172854648381
MEX,Mexico,2019,-0.392690513290532,1.97208211101069
MEX,Mexico,2020,-8.35403459379062,-0.392690513290532
MEX,Mexico,2021,6.04848347173572,-8.35403459379062
MEX,Mexico,2022,3.70975708309098,6.04848347173572
MEX,Mexico,2023,3.1067964131456,3.70975708309098
MEX,Mexico,2024,1.35057631384696,3.1067964131456
MEX,Mexico,2025,0.561683456144578,1.35057631384696
MHL,Marshall Islands,1972,1.08184217262028,2.30991167674838
MHL,Marshall Islands,1973,33.9227598520054,1.08184217262028
MHL,Marshall Islands,1974,15.3231418916795,33.9227598520054
MHL,Marshall Islands,1975,0.0602602050046528,15.3231418916795
MHL,Marshall Islands,1976,0.361333947705901,0.0602602050046528
MHL,Marshall Islands,1977,2.43024226925175,0.361333947705901
MHL,Marshall Islands,1978,5.62390414590249,2.43024226925175
MHL,Marshall Islands,1979,2.1353285160797,5.62390414590249
MHL,Marshall Islands,1980,-7.19522267447481,2.1353285160797
MHL,Marshall Islands,1981,6.43651281900321,-7.19522267447481
MHL,Marshall Islands,1982,4.8312289320168,6.43651281900321
MHL,Marshall Islands,1983,15.5080039135055,4.8312289320168
MHL,Marshall Islands,1984,3.8660250433562,15.5080039135055
MHL,Marshall Islands,1985,-6.25729173068993,3.8660250433562
MHL,Marshall Islands,1986,24.5424987637753,-6.25729173068993
MHL,Marshall Islands,1987,9.36375397249417,24.5424987637753
MHL,Marshall Islands,1988,7.78904656015229,9.36375397249417
MHL,Marshall Islands,1989,-1.69160864306495,7.78904656015229
MHL,Marshall Islands,1990,2.67624654001773,-1.69160864306495
MHL,Marshall Islands,1991,0.0877993120756031,2.67624654001773
MHL,Marshall Islands,1992,7.14088119818035,0.0877993120756031
MHL,Marshall Islands,1993,6.00624977598774,7.14088119818035
MHL,Marshall Islands,1994,5.87769745883959,6.00624977598774
MHL,Marshall Islands,1995,8.21329431843584,5.87769745883959
MHL,Marshall Islands,1996,-10.3029571066249,8.21329431843584
MHL,Marshall Islands,1997,-6.4456755576108,-10.3029571066249
MHL,Marshall Islands,1998,-0.674095984599532,-6.4456755576108
MHL,Marshall Islands,1999,-1.33472157840318,-0.674095984599532
MHL,Marshall Islands,2000,2.45443006851272,-1.33472157840318
MHL,Marshall Islands,2001,6.93004446202892,2.45443006851272
MHL,Marshall Islands,2002,3.63579015049041,6.93004446202892
MHL,Marshall Islands,2003,-1.56167510462087,3.63579015049041
MHL,Marshall Islands,2004,-0.408355471416314,-1.56167510462087
MHL,Marshall Islands,2005,1.79104477611941,-0.408355471416314
MHL,Marshall Islands,2006,0.175953079178882,1.79104477611941
MHL,Marshall Islands,2007,3.68852459016394,0.175953079178882
MHL,Marshall Islands,2008,-7.56634669678148,3.68852459016394
MHL,Marshall Islands,2009,3.66524129505193,-7.56634669678148
MHL,Marshall Islands,2010,5.53918680023571,3.66524129505193
MHL,Marshall Islands,2011,-0.502512562814076,5.53918680023571
MHL,Marshall Islands,2012,-1.29068462401796,-0.502512562814076
MHL,Marshall Islands,2013,3.80898237635019,-1.29068462401796
MHL,Marshall Islands,2014,-1.25958378970427,3.80898237635019
MHL,Marshall Islands,2015,1.88574597892401,-1.25958378970427
MHL,Marshall Islands,2016,2.5040827436037,1.88574597892401
MHL,Marshall Islands,2017,3.55815188528943,2.5040827436037
MHL,Marshall Islands,2018,5.48717948717949,3.55815188528943
MHL,Marshall Islands,2019,10.4521147301896,5.48717948717949
MHL,Marshall Islands,2020,-2.77288732394366,10.4521147301896
MHL,Marshall Islands,2021,2.15939339067452,-2.77288732394366
MHL,Marshall Islands,2022,-0.700580183196621,2.15939339067452
MHL,Marshall Islands,2023,-5.39477377525279,-0.700580183196621
MHL,Marshall Islands,2024,3.30188679245282,-5.39477377525279
MHL,Marshall Islands,2025,2.28310502283105,3.30188679245282
MIC,Middle income,1962,3.40922356310939,1.17582605420199
MIC,Middle income,1963,4.90632305835115,3.40922356310939
MIC,Middle income,1964,8.21988384391553,4.90632305835115
MIC,Middle income,1965,6.12531952721413,8.21988384391553
MIC,Middle income,1966,4.91613878047281,6.12531952721413
MIC,Middle income,1967,3.22440580749593,4.91613878047281
MIC,Middle income,1968,6.20815433060251,3.22440580749593
MIC,Middle income,1969,8.09194589798506,6.20815433060251
MIC,Middle income,1970,8.11264360221762,8.09194589798506
MIC,Middle income,1971,6.11995776940152,8.11264360221762
MIC,Middle income,1972,6.18654468366708,6.11995776940152
MIC,Middle income,1973,7.02337747601902,6.18654468366708
MIC,Middle income,1974,5.96037852821713,7.02337747601902
MIC,Middle income,1975,4.28111180912245,5.96037852821713
MIC,Middle income,1976,6.33492748558679,4.28111180912245
MIC,Middle income,1977,4.63986806833054,6.33492748558679
MIC,Middle income,1978,3.74950982225231,4.63986806833054
MIC,Middle income,1979,4.6062313508681,3.74950982225231
MIC,Middle income,1980,4.62067571996619,4.6062313508681
MIC,Middle income,1981,1.85560693508549,4.62067571996619
MIC,Middle income,1982,2.91240556405224,1.85560693508549
MIC,Middle income,1983,1.44419985390117,2.91240556405224
MIC,Middle income,1984,4.796661903768,1.44419985390117
MIC,Middle income,1985,4.49256588497937,4.796661903768
MIC,Middle income,1986,3.74795444978531,4.49256588497937
MIC,Middle income,1987,4.6591055336378,3.74795444978531
MIC,Middle income,1988,4.16045107815415,4.6591055336378
MIC,Middle income,1989,2.8823193107669,4.16045107815415
MIC,Middle income,1990,3.29789225580792,2.8823193107669
MIC,Middle income,1991,2.98258908735394,3.29789225580792
MIC,Middle income,1992,4.36256593714252,2.98258908735394
MIC,Middle income,1993,5.04745312571247,4.36256593714252
MIC,Middle income,1994,5.14548300630129,5.04745312571247
MIC,Middle income,1995,4.6091890649063,5.14548300630129
MIC,Middle income,1996,6.2073946205763,4.6091890649063
MIC,Middle income,1997,5.67582675794871,6.2073946205763
MIC,Middle income,1998,3.27366308452144,5.67582675794871
MIC,Middle income,1999,3.61889710370858,3.27366308452144
MIC,Middle income,2000,5.6013730873745,3.61889710370858
MIC,Middle income,2001,3.65002366574814,5.6013730873745
MIC,Middle income,2002,4.67059403378289,3.65002366574814
MIC,Middle income,2003,5.83502698059388,4.67059403378289
MIC,Middle income,2004,7.79367527312635,5.83502698059388
MIC,Middle income,2005,7.40936933241174,7.79367527312635
MIC,Middle income,2006,8.2867008636882,7.40936933241174
MIC,Middle income,2007,8.89653898503143,8.2867008636882
MIC,Middle income,2008,5.95397977775897,8.89653898503143
MIC,Middle income,2009,3.97719888013457,5.95397977775897
MIC,Middle income,2010,8.12298995765126,3.97719888013457
MIC,Middle income,2011,6.45994281689148,8.12298995765126
MIC,Middle income,2012,5.6609285494514,6.45994281689148
MIC,Middle income,2013,5.64337115018114,5.6609285494514
MIC,Middle income,2014,5.16076456655694,5.64337115018114
MIC,Middle income,2015,4.73712887124695,5.16076456655694
MIC,Middle income,2016,4.69349170335944,4.73712887124695
MIC,Middle income,2017,5.29620389044459,4.69349170335944
MIC,Middle income,2018,4.94307020212865,5.29620389044459
MIC,Middle income,2019,4.09328498445664,4.94307020212865
MIC,Middle income,2020,-1.17178883495949,4.09328498445664
MIC,Middle income,2021,7.4508617815507,-1.17178883495949
MIC,Middle income,2022,4.01198144032888,7.4508617815507
MIC,Middle income,2023,4.70121337251241,4.01198144032888
MIC,Middle income,2024,4.43845841319835,4.70121337251241
MIC,Middle income,2025,4.52178755917781,4.43845841319835
MKD,North Macedonia,1992,-6.56519867685854,-6.17076764806545
MKD,North Macedonia,1993,-7.46927131858557,-6.56519867685854
MKD,North Macedonia,1994,-1.75816618126913,-7.46927131858557
MKD,North Macedonia,1995,-1.11472769414412,-1.75816618126913
MKD,North Macedonia,1996,1.18510388873231,-1.11472769414412
MKD,North Macedonia,1997,1.43998133659125,1.18510388873231
MKD,North Macedonia,1998,3.37873564718296,1.43998133659125
MKD,North Macedonia,1999,4.33902791307588,3.37873564718296
MKD,North Macedonia,2000,4.54913578288874,4.33902791307588
MKD,North Macedonia,2001,-3.06725662451662,4.54913578288874
MKD,North Macedonia,2002,1.49366547202928,-3.06725662451662
MKD,North Macedonia,2003,2.22260165732409,1.49366547202928
MKD,North Macedonia,2004,4.67408957960916,2.22260165732409
MKD,North Macedonia,2005,4.72408864201974,4.67408957960916
MKD,North Macedonia,2006,5.13702516153505,4.72408864201974
MKD,North Macedonia,2007,6.47348685752347,5.13702516153505
MKD,North Macedonia,2008,5.47200139015595,6.47348685752347
MKD,North Macedonia,2009,-0.358614856979671,5.47200139015595
MKD,North Macedonia,2010,3.35875085773812,-0.358614856979671
MKD,North Macedonia,2011,2.33988604520331,3.35875085773812
MKD,North Macedonia,2012,-0.456183223607937,2.33988604520331
MKD,North Macedonia,2013,2.92525766450484,-0.456183223607937
MKD,North Macedonia,2014,3.62912351276373,2.92525766450484
MKD,North Macedonia,2015,3.85586514041738,3.62912351276373
MKD,North Macedonia,2016,2.84820519363306,3.85586514041738
MKD,North Macedonia,2017,1.08177273813243,2.84820519363306
MKD,North Macedonia,2018,2.88059670964267,1.08177273813243
MKD,North Macedonia,2019,3.91041953840173,2.88059670964267
MKD,North Macedonia,2020,-4.68845000956652,3.91041953840173
MKD,North Macedonia,2021,4.51067949038222,-4.68845000956652
MKD,North Macedonia,2022,2.75888415332967,4.51067949038222
MKD,North Macedonia,2023,2.554965253403,2.75888415332967
MKD,North Macedonia,2024,2.99373536567732,2.554965253403
MKD,North Macedonia,2025,3.48706619829503,2.99373536567732
MLI,Mali,1969,0.230999419524053,3.70841019648789
MLI,Mali,1970,6.13695486255882,0.230999419524053
MLI,Mali,1971,2.56899602355884,6.13695486255882
MLI,Mali,1972,5.84401643095464,2.56899602355884
MLI,Mali,1973,-1.45511580192959,5.84401643095464
MLI,Mali,1974,-1.52882610238393,-1.45511580192959
MLI,Mali,1975,11.6250491374523,-1.52882610238393
MLI,Mali,1976,13.6234385336645,11.6250491374523
MLI,Mali,1977,6.34864719393605,13.6234385336645
MLI,Mali,1978,-1.46347633199147,6.34864719393605
MLI,Mali,1979,10.3956772105956,-1.46347633199147
MLI,Mali,1980,-4.32583986899768,10.3956772105956
MLI,Mali,1981,2.24946208406604,-4.32583986899768
MLI,Mali,1982,-8.40915367636504,2.24946208406604
MLI,Mali,1983,-2.30134663129805,-8.40915367636504
MLI,Mali,1984,-2.81059456645639,-2.30134663129805
MLI,Mali,1985,13.1917576039868,-2.81059456645639
MLI,Mali,1986,-0.762659203660078,13.1917576039868
MLI,Mali,1987,-0.771584850174861,-0.762659203660078
MLI,Mali,1988,10.8056984434684,-0.771584850174861
MLI,Mali,1989,3.59496047121179,10.8056984434684
MLI,Mali,1990,-5.28752137337739,3.59496047121179
MLI,Mali,1991,12.6572078863462,-5.28752137337739
MLI,Mali,1992,-5.05918121761043,12.6572078863462
MLI,Mali,1993,4.34822770038828,-5.05918121761043
MLI,Mali,1994,5.5916880903075,4.34822770038828
MLI,Mali,1995,0.728693728467363,5.5916880903075
MLI,Mali,1996,6.36569576896082,0.728693728467363
MLI,Mali,1997,4.12133954313308,6.36569576896082
MLI,Mali,1998,6.65326037352882,4.12133954313308
MLI,Mali,1999,4.70587926200665,6.65326037352882
MLI,Mali,2000,-0.736019992224286,4.70587926200665
MLI,Mali,2001,15.806031742271,-0.736019992224286
MLI,Mali,2002,3.03627540738884,15.806031742271
MLI,Mali,2003,9.79712256086644,3.03627540738884
MLI,Mali,2004,1.47732490290102,9.79712256086644
MLI,Mali,2005,2.53837834888921,1.47732490290102
MLI,Mali,2006,3.68960265255278,2.53837834888921
MLI,Mali,2007,1.76004607852802,3.68960265255278
MLI,Mali,2008,3.63871070923719,1.76004607852802
MLI,Mali,2009,5.45473562683669,3.63871070923719
MLI,Mali,2010,5.57678859793515,5.45473562683669
MLI,Mali,2011,2.93537897118415,5.57678859793515
MLI,Mali,2012,-1.07239924147837,2.93537897118415
MLI,Mali,2013,3.29068742053545,-1.07239924147837
MLI,Mali,2014,6.50263878386326,3.29068742053545
MLI,Mali,2015,6.23887890181064,6.50263878386326
MLI,Mali,2016,6.00506308559498,6.23887890181064
MLI,Mali,2017,5.37554769647939,6.00506308559498
MLI,Mali,2018,4.86784999935264,5.37554769647939
MLI,Mali,2019,4.99999911699705,4.86784999935264
MLI,Mali,2020,-1.16910834857605,4.99999911699705
MLI,Mali,2021,3.10094124463507,-1.16910834857605
MLI,Mali,2022,3.70319027585386,3.10094124463507
MLI,Mali,2023,4.76394100040932,3.70319027585386
MLI,Mali,2024,5.01653579205785,4.76394100040932
MLI,Mali,2025,5.59946842896643,5.01653579205785
MLT,Malta,1972,5.83832702652094,2.45399361227831
MLT,Malta,1973,4.1461383732607,5.83832702652094
MLT,Malta,1974,10.036403959707,4.1461383732607
MLT,Malta,1975,19.5600808646505,10.036403959707
MLT,Malta,1976,17.0170895648023,19.5600808646505
MLT,Malta,1977,12.1841698013333,17.0170895648023
MLT,Malta,1978,11.1611581906178,12.1841698013333
MLT,Malta,1979,10.490773167609,11.1611581906178
MLT,Malta,1980,7.04971121492038,10.490773167609
MLT,Malta,1981,3.31176207442611,7.04971121492038
MLT,Malta,1982,2.28445230555327,3.31176207442611
MLT,Malta,1983,-0.612390116892001,2.28445230555327
MLT,Malta,1984,0.942370935479602,-0.612390116892001
MLT,Malta,1985,2.58527966638211,0.942370935479602
MLT,Malta,1986,3.88519000696455,2.58527966638211
MLT,Malta,1987,4.11051445185959,3.88519000696455
MLT,Malta,1988,8.41423629574032,4.11051445185959
MLT,Malta,1989,8.17910558124002,8.41423629574032
MLT,Malta,1990,6.29139095831148,8.17910558124002
MLT,Malta,1991,6.25649385366269,6.29139095831148
MLT,Malta,1992,4.69093194898397,6.25649385366269
MLT,Malta,1993,4.48074837088026,4.69093194898397
MLT,Malta,1994,5.6511051827337,4.48074837088026
MLT,Malta,1995,6.34249103035094,5.6511051827337
MLT,Malta,1996,3.77733599690488,6.34249103035094
MLT,Malta,1997,5.25698063086301,3.77733599690488
MLT,Malta,1998,5.12560250721334,5.25698063086301
MLT,Malta,1999,4.71997491081015,5.12560250721334
MLT,Malta,2000,19.6812693530689,4.71997491081015
MLT,Malta,2001,-0.757203651807174,19.6812693530689
MLT,Malta,2002,2.74113503379645,-0.757203651807174
MLT,Malta,2003,3.69331066307235,2.74113503379645
MLT,Malta,2004,0.407354423655889,3.69331066307235
MLT,Malta,2005,2.88123652429068,0.407354423655889
MLT,Malta,2006,2.33618870316785,2.88123652429068
MLT,Malta,2007,5.03640177981643,2.33618870316785
MLT,Malta,2008,4.41059689827608,5.03640177981643
MLT,Malta,2009,-1.39524956144803,4.41059689827608
MLT,Malta,2010,6.19734978656928,-1.39524956144803
MLT,Malta,2011,0.992201768011597,6.19734978656928
MLT,Malta,2012,4.10167460261891,0.992201768011597
MLT,Malta,2013,6.29233378116625,4.10167460261891
MLT,Malta,2014,7.6313628225042,6.29233378116625
MLT,Malta,2015,9.62070302842181,7.6313628225042
MLT,Malta,2016,4.07800422216982,9.62070302842181
MLT,Malta,2017,12.9713425287845,4.07800422216982
MLT,Malta,2018,7.18921425536917,12.9713425287845
MLT,Malta,2019,4.0850557312243,7.18921425536917
MLT,Malta,2020,-3.45728232537419,4.0850557312243
MLT,Malta,2021,13.3509818925498,-3.45728232537419
MLT,Malta,2022,2.59276776884379,13.3509818925498
MLT,Malta,2023,10.6340558017004,2.59276776884379
MLT,Malta,2024,6.21275996991034,10.6340558017004
MLT,Malta,2025,3.96156139018959,6.21275996991034
MMR,Myanmar,1962,4.08687253044889,0.471561080379175
MMR,Myanmar,1963,13.3492949251208,4.08687253044889
MMR,Myanmar,1964,-5.8940188396242,13.3492949251208
MMR,Myanmar,1965,10.6926495101691,-5.8940188396242
MMR,Myanmar,1966,-4.85177870419901,10.6926495101691
MMR,Myanmar,1967,-5.92525888262607,-4.85177870419901
MMR,Myanmar,1968,12.0593401836478,-5.92525888262607
MMR,Myanmar,1969,3.29174112062336,12.0593401836478
MMR,Myanmar,1970,4.97933059716335,3.29174112062336
MMR,Myanmar,1971,4.12996244451452,4.97933059716335
MMR,Myanmar,1972,2.43584137286746,4.12996244451452
MMR,Myanmar,1973,-0.968124718340604,2.43584137286746
MMR,Myanmar,1974,5.34237568950537,-0.968124718340604
MMR,Myanmar,1975,4.15270918852109,5.34237568950537
MMR,Myanmar,1976,6.08039622930205,4.15270918852109
MMR,Myanmar,1977,5.95228661057057,6.08039622930205
MMR,Myanmar,1978,6.51781702314163,5.95228661057057
MMR,Myanmar,1979,5.20127748073821,6.51781702314163
MMR,Myanmar,1980,7.93853808083058,5.20127748073821
MMR,Myanmar,1981,6.35575459195157,7.93853808083058
MMR,Myanmar,1982,5.60387642556786,6.35575459195157
MMR,Myanmar,1983,4.39109267988809,5.60387642556786
MMR,Myanmar,1984,4.9327280261799,4.39109267988809
MMR,Myanmar,1985,2.85100023868532,4.9327280261799
MMR,Myanmar,1986,-1.05734875697635,2.85100023868532
MMR,Myanmar,1987,-4.00563178606888,-1.05734875697635
MMR,Myanmar,1988,-11.3524394768121,-4.00563178606888
MMR,Myanmar,1989,3.69529742267716,-11.3524394768121
MMR,Myanmar,1990,2.81693327328911,3.69529742267716
MMR,Myanmar,1991,-0.650616908622624,2.81693327328911
MMR,Myanmar,1992,9.66094245346783,-0.650616908622624
MMR,Myanmar,1993,6.03941022663199,9.66094245346783
MMR,Myanmar,1994,7.47795835834528,6.03941022663199
MMR,Myanmar,1995,6.94805143702995,7.47795835834528
MMR,Myanmar,1996,6.44271534713997,6.94805143702995
MMR,Myanmar,1997,5.65158296304853,6.44271534713997
MMR,Myanmar,1998,5.86621315328905,5.65158296304853
MMR,Myanmar,1999,10.9451299817104,5.86621315328905
MMR,Myanmar,2000,13.7459305561226,10.9451299817104
MMR,Myanmar,2001,11.3439970699605,13.7459305561226
MMR,Myanmar,2002,12.0255134340315,11.3439970699605
MMR,Myanmar,2003,13.8439968903798,12.0255134340315
MMR,Myanmar,2004,13.5646616163416,13.8439968903798
MMR,Myanmar,2005,13.5689500216456,13.5646616163416
MMR,Myanmar,2006,13.0761013792372,13.5689500216456
MMR,Myanmar,2007,11.9914352402146,13.0761013792372
MMR,Myanmar,2008,10.2553053929808,11.9914352402146
MMR,Myanmar,2009,10.5500090961932,10.2553053929808
MMR,Myanmar,2010,9.6344394520444,10.5500090961932
MMR,Myanmar,2011,5.59148237823661,9.6344394520444
MMR,Myanmar,2012,7.33267044704149,5.59148237823661
MMR,Myanmar,2013,8.42600102501767,7.33267044704149
MMR,Myanmar,2014,8.16990745558277,8.42600102501767
MMR,Myanmar,2015,6.99284029026121,8.16990745558277
MMR,Myanmar,2016,5.86247291518572,6.99284029026121
MMR,Myanmar,2017,6.13610824360305,5.86247291518572
MMR,Myanmar,2018,6.26886221471075,6.13610824360305
MMR,Myanmar,2019,6.57911006765414,6.26886221471075
MMR,Myanmar,2020,-9.04834717984643,6.57911006765414
MMR,Myanmar,2021,-12.0163724829177,-9.04834717984643
MMR,Myanmar,2022,4.0374934360085,-12.0163724829177
MMR,Myanmar,2023,0.958446625126115,4.0374934360085
MMR,Myanmar,2024,-0.97204641363362,0.958446625126115
MMR,Myanmar,2025,-2.01184475795665,-0.97204641363362
MNA,"Middle East, North Africa, Afghanistan & Pakistan (excluding high income)",1962,2.61927324111977,3.74843136140311
MNA,"Middle East, North Africa, Afghanistan & Pakistan (excluding high income)",1963,11.2202599397029,2.61927324111977
MNA,"Middle East, North Africa, Afghanistan & Pakistan (excluding high income)",1964,10.1733021027494,11.2202599397029
MNA,"Middle East, North Africa, Afghanistan & Pakistan (excluding high income)",1965,12.2251523564594,10.1733021027494
MNA,"Middle East, North Africa, Afghanistan & Pakistan (excluding high income)",1966,7.15539067220826,12.2251523564594
MNA,"Middle East, North Africa, Afghanistan & Pakistan (excluding high income)",1967,7.5754905386928,7.15539067220826
MNA,"Middle East, North Africa, Afghanistan & Pakistan (excluding high income)",1968,12.4297663395758,7.5754905386928
MNA,"Middle East, North Africa, Afghanistan & Pakistan (excluding high income)",1969,11.0401456605983,12.4297663395758
MNA,"Middle East, North Africa, Afghanistan & Pakistan (excluding high income)",1970,8.71170715809461,11.0401456605983
MNA,"Middle East, North Africa, Afghanistan & Pakistan (excluding high income)",1971,5.55731035460268,8.71170715809461
MNA,"Middle East, North Africa, Afghanistan & Pakistan (excluding high income)",1972,11.8859911986405,5.55731035460268
MNA,"Middle East, North Africa, Afghanistan & Pakistan (excluding high income)",1973,5.45905335460554,11.8859911986405
MNA,"Middle East, North Africa, Afghanistan & Pakistan (excluding high income)",1974,7.38155764870861,5.45905335460554
MNA,"Middle East, North Africa, Afghanistan & Pakistan (excluding high income)",1975,3.11805146573603,7.38155764870861
MNA,"Middle East, North Africa, Afghanistan & Pakistan (excluding high income)",1976,15.1656577711159,3.11805146573603
MNA,"Middle East, North Africa, Afghanistan & Pakistan (excluding high income)",1977,1.68945814969155,15.1656577711159
MNA,"Middle East, North Africa, Afghanistan & Pakistan (excluding high income)",1978,-1.8331859495468,1.68945814969155
MNA,"Middle East, North Africa, Afghanistan & Pakistan (excluding high income)",1979,-0.504599495761354,-1.8331859495468
MNA,"Middle East, North Africa, Afghanistan & Pakistan (excluding high income)",1980,-3.29704894968432,-0.504599495761354
MNA,"Middle East, North Africa, Afghanistan & Pakistan (excluding high income)",1981,-1.40745681504647,-3.29704894968432
MNA,"Middle East, North Africa, Afghanistan & Pakistan (excluding high income)",1982,10.9343722751267,-1.40745681504647
MNA,"Middle East, North Africa, Afghanistan & Pakistan (excluding high income)",1983,4.73838743541826,10.9343722751267
MNA,"Middle East, North Africa, Afghanistan & Pakistan (excluding high income)",1984,0.169808151922382,4.73838743541826
MNA,"Middle East, North Africa, Afghanistan & Pakistan (excluding high income)",1985,4.34578436096069,0.169808151922382
MNA,"Middle East, North Africa, Afghanistan & Pakistan (excluding high income)",1986,-1.7782232715598,4.34578436096069
MNA,"Middle East, North Africa, Afghanistan & Pakistan (excluding high income)",1987,1.0286349263005,-1.7782232715598
MNA,"Middle East, North Africa, Afghanistan & Pakistan (excluding high income)",1988,1.82439279293476,1.0286349263005
MNA,"Middle East, North Africa, Afghanistan & Pakistan (excluding high income)",1989,2.82251484964358,1.82439279293476
MNA,"Middle East, North Africa, Afghanistan & Pakistan (excluding high income)",1990,9.86332706526052,2.82251484964358
MNA,"Middle East, North Africa, Afghanistan & Pakistan (excluding high income)",1991,1.21357127676971,9.86332706526052
MNA,"Middle East, North Africa, Afghanistan & Pakistan (excluding high income)",1992,4.9785597764842,1.21357127676971
MNA,"Middle East, North Africa, Afghanistan & Pakistan (excluding high income)",1993,1.54367232601378,4.9785597764842
MNA,"Middle East, North Africa, Afghanistan & Pakistan (excluding high income)",1994,2.31445648664159,1.54367232601378
MNA,"Middle East, North Africa, Afghanistan & Pakistan (excluding high income)",1995,2.96526368172843,2.31445648664159
MNA,"Middle East, North Africa, Afghanistan & Pakistan (excluding high income)",1996,5.95360573647466,2.96526368172843
MNA,"Middle East, North Africa, Afghanistan & Pakistan (excluding high income)",1997,3.46069865180219,5.95360573647466
MNA,"Middle East, North Africa, Afghanistan & Pakistan (excluding high income)",1998,5.4157104499224,3.46069865180219
MNA,"Middle East, North Africa, Afghanistan & Pakistan (excluding high income)",1999,4.21293330158569,5.4157104499224
MNA,"Middle East, North Africa, Afghanistan & Pakistan (excluding high income)",2000,5.74679689709521,4.21293330158569
MNA,"Middle East, North Africa, Afghanistan & Pakistan (excluding high income)",2001,2.89300839480538,5.74679689709521
MNA,"Middle East, North Africa, Afghanistan & Pakistan (excluding high income)",2002,3.27148145193934,2.89300839480538
MNA,"Middle East, North Africa, Afghanistan & Pakistan (excluding high income)",2003,2.67464239432699,3.27148145193934
MNA,"Middle East, North Africa, Afghanistan & Pakistan (excluding high income)",2004,7.70253248516993,2.67464239432699
MNA,"Middle East, North Africa, Afghanistan & Pakistan (excluding high income)",2005,4.95621150077687,7.70253248516993
MNA,"Middle East, North Africa, Afghanistan & Pakistan (excluding high income)",2006,5.40507334733429,4.95621150077687
MNA,"Middle East, North Africa, Afghanistan & Pakistan (excluding high income)",2007,5.8216939563203,5.40507334733429
MNA,"Middle East, North Africa, Afghanistan & Pakistan (excluding high income)",2008,3.4701124152876,5.8216939563203
MNA,"Middle East, North Africa, Afghanistan & Pakistan (excluding high income)",2009,2.83699736814459,3.4701124152876
MNA,"Middle East, North Africa, Afghanistan & Pakistan (excluding high income)",2010,4.8328610609576,2.83699736814459
MNA,"Middle East, North Africa, Afghanistan & Pakistan (excluding high income)",2011,-0.365571966010563,4.8328610609576
MNA,"Middle East, North Africa, Afghanistan & Pakistan (excluding high income)",2012,3.55312613106749,-0.365571966010563
MNA,"Middle East, North Africa, Afghanistan & Pakistan (excluding high income)",2013,1.12317022582226,3.55312613106749
MNA,"Middle East, North Africa, Afghanistan & Pakistan (excluding high income)",2014,2.39697080828884,1.12317022582226
MNA,"Middle East, North Africa, Afghanistan & Pakistan (excluding high income)",2015,1.11561157880718,2.39697080828884
MNA,"Middle East, North Africa, Afghanistan & Pakistan (excluding high income)",2016,5.56210361617076,1.11561157880718
MNA,"Middle East, North Africa, Afghanistan & Pakistan (excluding high income)",2017,3.40247234432427,5.56210361617076
MNA,"Middle East, North Africa, Afghanistan & Pakistan (excluding high income)",2018,2.09831066371866,3.40247234432427
MNA,"Middle East, North Africa, Afghanistan & Pakistan (excluding high income)",2019,1.39546116127963,2.09831066371866
MNA,"Middle East, North Africa, Afghanistan & Pakistan (excluding high income)",2020,-2.61983985761596,1.39546116127963
MNA,"Middle East, North Africa, Afghanistan & Pakistan (excluding high income)",2021,4.33211957315503,-2.61983985761596
MNA,"Middle East, North Africa, Afghanistan & Pakistan (excluding high income)",2022,4.3206385298363,4.33211957315503
MNA,"Middle East, North Africa, Afghanistan & Pakistan (excluding high income)",2023,2.89591827095839,4.3206385298363
MNA,"Middle East, North Africa, Afghanistan & Pakistan (excluding high income)",2024,2.26137020265979,2.89591827095839
MNA,"Middle East, North Africa, Afghanistan & Pakistan (excluding high income)",2025,1.99549507789871,2.26137020265979
MNE,Montenegro,1999,-9.39999486996116,4.90000432852622
MNE,Montenegro,2000,3.09999666280245,-9.39999486996116
MNE,Montenegro,2001,1.09984092979461,3.09999666280245
MNE,Montenegro,2002,1.90393612601383,1.09984092979461
MNE,Montenegro,2003,2.48265891351525,1.90393612601383
MNE,Montenegro,2004,4.42605147138921,2.48265891351525
MNE,Montenegro,2005,4.18060206704946,4.42605147138921
MNE,Montenegro,2006,8.56641991756757,4.18060206704946
MNE,Montenegro,2007,7.13755016459636,8.56641991756757
MNE,Montenegro,2008,6.89860030860218,7.13755016459636
MNE,Montenegro,2009,-5.99444862538753,6.89860030860218
MNE,Montenegro,2010,2.77559782547836,-5.99444862538753
MNE,Montenegro,2011,3.40978812497193,2.77559782547836
MNE,Montenegro,2012,-2.48732882965353,3.40978812497193
MNE,Montenegro,2013,3.38612548540247,-2.48732882965353
MNE,Montenegro,2014,2.37030892464516,3.38612548540247
MNE,Montenegro,2015,2.52306333975571,2.37030892464516
MNE,Montenegro,2016,3.4393056210999,2.52306333975571
MNE,Montenegro,2017,3.21668504736274,3.4393056210999
MNE,Montenegro,2018,4.73292113433965,3.21668504736274
MNE,Montenegro,2019,4.39391565821528,4.73292113433965
MNE,Montenegro,2020,-14.9926187023533,4.39391565821528
MNE,Montenegro,2021,13.0462607426359,-14.9926187023533
MNE,Montenegro,2022,7.73954689516201,13.0462607426359
MNE,Montenegro,2023,6.47836283518564,7.73954689516201
MNE,Montenegro,2024,3.16409886329913,6.47836283518564
MNE,Montenegro,2025,2.74455354258522,3.16409886329913
MNG,Mongolia,1983,5.83403795449493,8.34213611505781
MNG,Mongolia,1984,5.93341945270095,5.83403795449493
MNG,Mongolia,1985,5.71287226080142,5.93341945270095
MNG,Mongolia,1986,9.37499451271673,5.71287226080142
MNG,Mongolia,1987,3.45864847134953,9.37499451271673
MNG,Mongolia,1988,5.10797231165017,3.45864847134953
MNG,Mongolia,1989,4.17819574333862,5.10797231165017
MNG,Mongolia,1990,-3.18446017825207,4.17819574333862
MNG,Mongolia,1991,-8.69354473126558,-3.18446017825207
MNG,Mongolia,1992,-9.25646570382904,-8.69354473126558
MNG,Mongolia,1993,-3.16879155027824,-9.25646570382904
MNG,Mongolia,1994,2.13438269473237,-3.16879155027824
MNG,Mongolia,1995,6.3764268864666,2.13438269473237
MNG,Mongolia,1996,2.23509384338665,6.3764268864666
MNG,Mongolia,1997,3.89671358377919,2.23509384338665
MNG,Mongolia,1998,3.33993659935817,3.89671358377919
MNG,Mongolia,1999,3.07036901086266,3.33993659935817
MNG,Mongolia,2000,1.14606213709108,3.07036901086266
MNG,Mongolia,2001,2.95271054338117,1.14606213709108
MNG,Mongolia,2002,4.73297846590111,2.95271054338117
MNG,Mongolia,2003,7.00463457384886,4.73297846590111
MNG,Mongolia,2004,10.6254059599309,7.00463457384886
MNG,Mongolia,2005,7.25366543796015,10.6254059599309
MNG,Mongolia,2006,8.55623481664365,7.25366543796015
MNG,Mongolia,2007,10.2480163590057,8.55623481664365
MNG,Mongolia,2008,8.90036794067551,10.2480163590057
MNG,Mongolia,2009,-1.26859893608282,8.90036794067551
MNG,Mongolia,2010,6.3651616786311,-1.26859893608282
MNG,Mongolia,2011,17.2907775869555,6.3651616786311
MNG,Mongolia,2012,12.3198198494032,17.2907775869555
MNG,Mongolia,2013,11.6489161878925,12.3198198494032
MNG,Mongolia,2014,7.88522548204762,11.6489161878925
MNG,Mongolia,2015,2.37983580731722,7.88522548204762
MNG,Mongolia,2016,1.48978448679577,2.37983580731722
MNG,Mongolia,2017,5.63687638694772,1.48978448679577
MNG,Mongolia,2018,7.74488062024881,5.63687638694772
MNG,Mongolia,2019,5.60224422064255,7.74488062024881
MNG,Mongolia,2020,-4.55775197583431,5.60224422064255
MNG,Mongolia,2021,1.63676957736662,-4.55775197583431
MNG,Mongolia,2022,5.0327096366527,1.63676957736662
MNG,Mongolia,2023,7.4221127615025,5.0327096366527
MNG,Mongolia,2024,5.12204539122661,7.4221127615025
MNG,Mongolia,2025,6.84391415938607,5.12204539122661
MOZ,Mozambique,1982,-6.89999944211014,5.00000295422545
MOZ,Mozambique,1983,-15.7000020371946,-6.89999944211014
MOZ,Mozambique,1984,-6.49999987937372,-15.7000020371946
MOZ,Mozambique,1985,0.99999672066555,-6.49999987937372
MOZ,Mozambique,1986,-2.29999602682032,0.99999672066555
MOZ,Mozambique,1987,14.7000004232617,-2.29999602682032
MOZ,Mozambique,1988,8.19999518020626,14.7000004232617
MOZ,Mozambique,1989,6.50000455373727,8.19999518020626
MOZ,Mozambique,1990,0.999992834277037,6.50000455373727
MOZ,Mozambique,1991,4.92545125368862,0.999992834277037
MOZ,Mozambique,1992,-7.57664724880097,4.92545125368862
MOZ,Mozambique,1993,10.940435029728,-7.57664724880097
MOZ,Mozambique,1994,6.44018369521994,10.940435029728
MOZ,Mozambique,1995,2.12289380592357,6.44018369521994
MOZ,Mozambique,1996,10.6959109797718,2.12289380592357
MOZ,Mozambique,1997,11.8149459447588,10.6959109797718
MOZ,Mozambique,1998,10.3692324974977,11.8149459447588
MOZ,Mozambique,1999,11.816986527255,10.3692324974977
MOZ,Mozambique,2000,0.766234955773442,11.816986527255
MOZ,Mozambique,2001,12.8516820207736,0.766234955773442
MOZ,Mozambique,2002,9.66850534669427,12.8516820207736
MOZ,Mozambique,2003,7.21770086569656,9.66850534669427
MOZ,Mozambique,2004,8.20470494788577,7.21770086569656
MOZ,Mozambique,2005,6.31202378023193,8.20470494788577
MOZ,Mozambique,2006,9.91067756782915,6.31202378023193
MOZ,Mozambique,2007,7.64935393795867,9.91067756782915
MOZ,Mozambique,2008,6.87802942560995,7.64935393795867
MOZ,Mozambique,2009,5.92897187460815,6.87802942560995
MOZ,Mozambique,2010,6.67972935662864,5.92897187460815
MOZ,Mozambique,2011,7.13405842300445,6.67972935662864
MOZ,Mozambique,2012,7.9945031610722,7.13405842300445
MOZ,Mozambique,2013,6.57141389665537,7.9945031610722
MOZ,Mozambique,2014,7.70256844839309,6.57141389665537
MOZ,Mozambique,2015,7.3930936986377,7.70256844839309
MOZ,Mozambique,2016,4.69699024225795,7.3930936986377
MOZ,Mozambique,2017,2.63820737310658,4.69699024225795
MOZ,Mozambique,2018,3.48493202422782,2.63820737310658
MOZ,Mozambique,2019,2.31781394821475,3.48493202422782
MOZ,Mozambique,2020,-1.21952250011192,2.31781394821475
MOZ,Mozambique,2021,2.37743572761507,-1.21952250011192
MOZ,Mozambique,2022,4.3693080193804,2.37743572761507
MOZ,Mozambique,2023,5.50384456650241,4.3693080193804
MOZ,Mozambique,2024,2.14892499135355,5.50384456650241
MOZ,Mozambique,2025,-0.523485382072337,2.14892499135355
MRT,Mauritania,1963,-1.98376757520109,0.726608378640577
MRT,Mauritania,1964,27.6908863519321,-1.98376757520109
MRT,Mauritania,1965,16.1383305020504,27.6908863519321
MRT,Mauritania,1966,0.230961966714844,16.1383305020504
MRT,Mauritania,1967,3.56713289695294,0.230961966714844
MRT,Mauritania,1968,10.1964426246681,3.56713289695294
MRT,Mauritania,1969,1.24853208914941,10.1964426246681
MRT,Mauritania,1970,11.9859311503119,1.24853208914941
MRT,Mauritania,1971,1.84288643786732,11.9859311503119
MRT,Mauritania,1972,-0.73290786787895,1.84288643786732
MRT,Mauritania,1973,-4.58475693319917,-0.73290786787895
MRT,Mauritania,1974,12.162611059057,-4.58475693319917
MRT,Mauritania,1975,-5.13437444709423,12.162611059057
MRT,Mauritania,1976,8.54610493021582,-5.13437444709423
MRT,Mauritania,1977,-1.87859368235061,8.54610493021582
MRT,Mauritania,1978,-0.504713833016041,-1.87859368235061
MRT,Mauritania,1979,4.79003983768624,-0.504713833016041
MRT,Mauritania,1980,3.37121021902442,4.79003983768624
MRT,Mauritania,1981,3.45028841966047,3.37121021902442
MRT,Mauritania,1982,-2.33992412241984,3.45028841966047
MRT,Mauritania,1983,3.73534202712101,-2.33992412241984
MRT,Mauritania,1984,-3.22686445249647,3.73534202712101
MRT,Mauritania,1985,2.99476050442846,-3.22686445249647
MRT,Mauritania,1986,5.71357935480469,2.99476050442846
MRT,Mauritania,1987,1.90038415182197,5.71357935480469
MRT,Mauritania,1988,1.72039797622089,1.90038415182197
MRT,Mauritania,1989,4.77758542001072,1.72039797622089
MRT,Mauritania,1990,-1.77130453327381,4.77758542001072
MRT,Mauritania,1991,1.78808726312202,-1.77130453327381
MRT,Mauritania,1992,1.87412573649613,1.78808726312202
MRT,Mauritania,1993,5.87363742064294,1.87412573649613
MRT,Mauritania,1994,-3.06073216744802,5.87363742064294
MRT,Mauritania,1995,9.81980039567445,-3.06073216744802
MRT,Mauritania,1996,5.81882663043594,9.81980039567445
MRT,Mauritania,1997,-4.04469654678218,5.81882663043594
MRT,Mauritania,1998,2.77780479737015,-4.04469654678218
MRT,Mauritania,1999,3.67317832322402,2.77780479737015
MRT,Mauritania,2000,-3.91802587923293,3.67317832322402
MRT,Mauritania,2001,-0.799493815789347,-3.91802587923293
MRT,Mauritania,2002,1.38148396199058,-0.799493815789347
MRT,Mauritania,2003,6.92826955106302,1.38148396199058
MRT,Mauritania,2004,4.7327579245203,6.92826955106302
MRT,Mauritania,2005,8.56628724906668,4.7327579245203
MRT,Mauritania,2006,18.3331987597713,8.56628724906668
MRT,Mauritania,2007,-1.96942275160761,18.3331987597713
MRT,Mauritania,2008,-0.331079195278377,-1.96942275160761
MRT,Mauritania,2009,0.0978758719728035,-0.331079195278377
MRT,Mauritania,2010,2.62022952055378,0.0978758719728035
MRT,Mauritania,2011,4.17278328304418,2.62022952055378
MRT,Mauritania,2012,4.47001318233693,4.17278328304418
MRT,Mauritania,2013,4.15081318627171,4.47001318233693
MRT,Mauritania,2014,4.27482327130284,4.15081318627171
MRT,Mauritania,2015,5.37633923694936,4.27482327130284
MRT,Mauritania,2016,1.26090922448303,5.37633923694936
MRT,Mauritania,2017,6.27054569386574,1.26090922448303
MRT,Mauritania,2018,4.77217363890155,6.27054569386574
MRT,Mauritania,2019,3.14100489264639,4.77217363890155
MRT,Mauritania,2020,-0.36065738652286,3.14100489264639
MRT,Mauritania,2021,0.7427154981402,-0.36065738652286
MRT,Mauritania,2022,6.7960049994761,0.7427154981402
MRT,Mauritania,2023,6.80949002457973,6.7960049994761
MRT,Mauritania,2024,6.3076021190402,6.80949002457973
MRT,Mauritania,2025,4.02891976567948,6.3076021190402
MUS,Mauritius,1962,0.806486902725439,22.8490949956661
MUS,Mauritius,1963,13.8945256143362,0.806486902725439
MUS,Mauritius,1964,-6.88949299356513,13.8945256143362
MUS,Mauritius,1965,3.1969798965966,-6.88949299356513
MUS,Mauritius,1966,-3.56820454752456,3.1969798965966
MUS,Mauritius,1967,4.38412936446949,-3.56820454752456
MUS,Mauritius,1968,-6.88965573613302,4.38412936446949
MUS,Mauritius,1969,4.93297089035183,-6.88965573613302
MUS,Mauritius,1970,-0.402343022292158,4.93297089035183
MUS,Mauritius,1971,4.27356344804618,-0.402343022292158
MUS,Mauritius,1972,8.34636213858396,4.27356344804618
MUS,Mauritius,1973,11.9816863254232,8.34636213858396
MUS,Mauritius,1974,8.8118261979331,11.9816863254232
MUS,Mauritius,1975,0.90609027935335,8.8118261979331
MUS,Mauritius,1976,23.7524440170884,0.90609027935335
MUS,Mauritius,1977,6.54761905410257,23.7524440170884
MUS,Mauritius,1978,3.830806086073,6.54761905410257
MUS,Mauritius,1979,3.51652574676669,3.830806086073
MUS,Mauritius,1980,-10.0612584967252,3.51652574676669
MUS,Mauritius,1981,5.88235290139731,-10.0612584967252
MUS,Mauritius,1982,5.49707592772926,5.88235290139731
MUS,Mauritius,1983,0.383795309593339,5.49707592772926
MUS,Mauritius,1984,4.69838572777765,0.383795309593339
MUS,Mauritius,1985,6.95447546147048,4.69838572777765
MUS,Mauritius,1986,9.74203332131593,6.95447546147048
MUS,Mauritius,1987,8.89103982665293,9.74203332131593
MUS,Mauritius,1988,6.79134674767185,8.89103982665293
MUS,Mauritius,1989,4.46514860724656,6.79134674767185
MUS,Mauritius,1990,7.18673677096,4.46514860724656
MUS,Mauritius,1991,4.43544626177224,7.18673677096
MUS,Mauritius,1992,6.51269858283476,4.43544626177224
MUS,Mauritius,1993,5.08206295574259,6.51269858283476
MUS,Mauritius,1994,4.1361428614553,5.08206295574259
MUS,Mauritius,1995,4.28773657145267,4.1361428614553
MUS,Mauritius,1996,5.5878439266625,4.28773657145267
MUS,Mauritius,1997,5.68747741886639,5.5878439266625
MUS,Mauritius,1998,6.07194017756207,5.68747741886639
MUS,Mauritius,1999,2.61093234412995,6.07194017756207
MUS,Mauritius,2000,8.20279174865273,2.61093234412995
MUS,Mauritius,2001,3.3475407273143,8.20279174865273
MUS,Mauritius,2002,1.61491865862438,3.3475407273143
MUS,Mauritius,2003,5.9254454894774,1.61491865862438
MUS,Mauritius,2004,4.33001985464323,5.9254454894774
MUS,Mauritius,2005,1.77754302034465,4.33001985464323
MUS,Mauritius,2006,4.86554460775534,1.77754302034465
MUS,Mauritius,2007,5.76380219453068,4.86554460775534
MUS,Mauritius,2008,5.4630565042284,5.76380219453068
MUS,Mauritius,2009,3.36352090607312,5.4630565042284
MUS,Mauritius,2010,4.39672657214976,3.36352090607312
MUS,Mauritius,2011,4.14555262561014,4.39672657214976
MUS,Mauritius,2012,3.51062090167264,4.14555262561014
MUS,Mauritius,2013,3.39755085220649,3.51062090167264
MUS,Mauritius,2014,3.85773905280689,3.39755085220649
MUS,Mauritius,2015,3.71766362108832,3.85773905280689
MUS,Mauritius,2016,3.88576121076034,3.71766362108832
MUS,Mauritius,2017,3.95441730960265,3.88576121076034
MUS,Mauritius,2018,4.11669369456492,3.95441730960265
MUS,Mauritius,2019,2.86394938684734,4.11669369456492
MUS,Mauritius,2020,-14.1974358137792,2.86394938684734
MUS,Mauritius,2021,3.33809084057279,-14.1974358137792
MUS,Mauritius,2022,8.3424438025047,3.33809084057279
MUS,Mauritius,2023,4.69918189687444,8.3424438025047
MUS,Mauritius,2024,4.94844235250574,4.69918189687444
MUS,Mauritius,2025,3.15157395305867,4.94844235250574
MWI,Malawi,1962,0.668364743563373,7.63959785582064
MWI,Malawi,1963,-1.39107851792824,0.668364743563373
MWI,Malawi,1964,2.66110326799726,-1.39107851792824
MWI,Malawi,1965,13.6164934203186,2.66110326799726
MWI,Malawi,1966,13.2490363222993,13.6164934203186
MWI,Malawi,1967,7.28154994348667,13.2490363222993
MWI,Malawi,1968,-1.92307916774375,7.28154994348667
MWI,Malawi,1969,5.88235989261243,-1.92307916774375
MWI,Malawi,1970,0.479297977511649,5.88235989261243
MWI,Malawi,1971,16.2185636344396,0.479297977511649
MWI,Malawi,1972,6.23134901058584,16.2185636344396
MWI,Malawi,1973,2.30066157066571,6.23134901058584
MWI,Malawi,1974,7.17596361816257,2.30066157066571
MWI,Malawi,1975,6.08682380628677,7.17596361816257
MWI,Malawi,1976,4.99773124236455,6.08682380628677
MWI,Malawi,1977,4.91803136848571,4.99773124236455
MWI,Malawi,1978,9.74506803060488,4.91803136848571
MWI,Malawi,1979,4.39615373587925,9.74506803060488
MWI,Malawi,1980,0.406746412556402,4.39615373587925
MWI,Malawi,1981,-5.29011927676262,0.406746412556402
MWI,Malawi,1982,2.50345374982433,-5.29011927676262
MWI,Malawi,1983,3.71870915084847,2.50345374982433
MWI,Malawi,1984,5.36030402602383,3.71870915084847
MWI,Malawi,1985,4.57098201312564,5.36030402602383
MWI,Malawi,1986,-0.214802401248818,4.57098201312564
MWI,Malawi,1987,1.62523929306924,-0.214802401248818
MWI,Malawi,1988,3.17729140008842,1.62523929306924
MWI,Malawi,1989,1.34468950923568,3.17729140008842
MWI,Malawi,1990,5.69229463403222,1.34468950923568
MWI,Malawi,1991,8.73023176233838,5.69229463403222
MWI,Malawi,1992,-7.33297833747964,8.73023176233838
MWI,Malawi,1993,9.69184059512781,-7.33297833747964
MWI,Malawi,1994,-10.2401817116217,9.69184059512781
MWI,Malawi,1995,16.7288173003423,-10.2401817116217
MWI,Malawi,1996,7.3166817822397,16.7288173003423
MWI,Malawi,1997,3.79241909354917,7.3166817822397
MWI,Malawi,1998,3.89525350328424,3.79241909354917
MWI,Malawi,1999,3.04227813671855,3.89525350328424
MWI,Malawi,2000,1.57607762616895,3.04227813671855
MWI,Malawi,2001,-4.97496361892476,1.57607762616895
MWI,Malawi,2002,1.70000003078317,-4.97496361892476
MWI,Malawi,2003,5.70563940467414,1.70000003078317
MWI,Malawi,2004,5.42049754993828,5.70563940467414
MWI,Malawi,2005,3.26872602317066,5.42049754993828
MWI,Malawi,2006,4.69999976404691,3.26872602317066
MWI,Malawi,2007,9.59999987683469,4.69999976404691
MWI,Malawi,2008,7.63973639944591,9.59999987683469
MWI,Malawi,2009,8.3281098524038,7.63973639944591
MWI,Malawi,2010,6.87406585416142,8.3281098524038
MWI,Malawi,2011,4.93266999813729,6.87406585416142
MWI,Malawi,2012,1.90000000072909,4.93266999813729
MWI,Malawi,2013,5.41034999817167,1.90000000072909
MWI,Malawi,2014,5.62527000105139,5.41034999817167
MWI,Malawi,2015,2.80000000003355,5.62527000105139
MWI,Malawi,2016,2.49999999914311,2.80000000003355
MWI,Malawi,2017,4.00000000089172,2.49999999914311
MWI,Malawi,2018,4.35356471619211,4.00000000089172
MWI,Malawi,2019,5.71682519194337,4.35356471619211
MWI,Malawi,2020,0.793596429787286,5.71682519194337
MWI,Malawi,2021,4.55829212016083,0.793596429787286
MWI,Malawi,2022,0.921115069005936,4.55829212016083
MWI,Malawi,2023,1.94575281675984,0.921115069005936
MWI,Malawi,2024,1.6734340852915,1.94575281675984
MWI,Malawi,2025,1.88518707821663,1.6734340852915
MYS,Malaysia,1962,6.42102960904312,7.59799400028281
MYS,Malaysia,1963,7.33880352682334,6.42102960904312
MYS,Malaysia,1964,5.35896290971056,7.33880352682334
MYS,Malaysia,1965,7.68486347467319,5.35896290971056
MYS,Malaysia,1966,7.81671102618819,7.68486347467319
MYS,Malaysia,1967,3.85714649161983,7.81671102618819
MYS,Malaysia,1968,7.97799464201174,3.85714649161983
MYS,Malaysia,1969,4.88853365256124,7.97799464201174
MYS,Malaysia,1970,5.98653863031986,4.88853365256124
MYS,Malaysia,1971,10.0346605803438,5.98653863031986
MYS,Malaysia,1972,9.38844499098961,10.0346605803438
MYS,Malaysia,1973,11.7010816119945,9.38844499098961
MYS,Malaysia,1974,8.31866197361978,11.7010816119945
MYS,Malaysia,1975,0.801068092192338,8.31866197361978
MYS,Malaysia,1976,11.5634897772546,0.801068092192338
MYS,Malaysia,1977,7.75305838033998,11.5634897772546
MYS,Malaysia,1978,6.65389221500463,7.75305838033998
MYS,Malaysia,1979,9.34909993075928,6.65389221500463
MYS,Malaysia,1980,7.44182677934407,9.34909993075928
MYS,Malaysia,1981,6.94210420118173,7.44182677934407
MYS,Malaysia,1982,5.94315245801018,6.94210420118173
MYS,Malaysia,1983,6.25223081092673,5.94315245801018
MYS,Malaysia,1984,7.76179012218883,6.25223081092673
MYS,Malaysia,1985,-1.02525025342071,7.76179012218883
MYS,Malaysia,1986,1.24059492750688,-1.02525025342071
MYS,Malaysia,1987,5.19193211272702,1.24059492750688
MYS,Malaysia,1988,9.93771967651989,5.19193211272702
MYS,Malaysia,1989,9.0596008665043,9.93771967651989
MYS,Malaysia,1990,9.00852713774628,9.0596008665043
MYS,Malaysia,1991,9.54546741443052,9.00852713774628
MYS,Malaysia,1992,8.88511797832156,9.54546741443052
MYS,Malaysia,1993,9.89494333377064,8.88511797832156
MYS,Malaysia,1994,9.21204179334867,9.89494333377064
MYS,Malaysia,1995,9.82908519730812,9.21204179334867
MYS,Malaysia,1996,10.0027006861844,9.82908519730812
MYS,Malaysia,1997,7.32274185035924,10.0027006861844
MYS,Malaysia,1998,-7.35941518817556,7.32274185035924
MYS,Malaysia,1999,6.13761201057692,-7.35941518817556
MYS,Malaysia,2000,8.85886816969386,6.13761201057692
MYS,Malaysia,2001,0.517675319192861,8.85886816969386
MYS,Malaysia,2002,5.39098830692797,0.517675319192861
MYS,Malaysia,2003,5.7884992858875,5.39098830692797
MYS,Malaysia,2004,6.78343772370305,5.7884992858875
MYS,Malaysia,2005,5.33213916141486,6.78343772370305
MYS,Malaysia,2006,5.5848470671515,5.33213916141486
MYS,Malaysia,2007,6.29878592740947,5.5848470671515
MYS,Malaysia,2008,4.83176988913097,6.29878592740947
MYS,Malaysia,2009,-1.51352871598714,4.83176988913097
MYS,Malaysia,2010,7.42484738326097,-1.51352871598714
MYS,Malaysia,2011,5.29391283414003,7.42484738326097
MYS,Malaysia,2012,5.47345419253853,5.29391283414003
MYS,Malaysia,2013,4.69372252557893,5.47345419253853
MYS,Malaysia,2014,6.00672194558203,4.69372252557893
MYS,Malaysia,2015,5.09153242155011,6.00672194558203
MYS,Malaysia,2016,4.44978139761541,5.09153242155011
MYS,Malaysia,2017,5.81272240983328,4.44978139761541
MYS,Malaysia,2018,4.84308697634881,5.81272240983328
MYS,Malaysia,2019,4.41318742129586,4.84308697634881
MYS,Malaysia,2020,-5.45684658426701,4.41318742129586
MYS,Malaysia,2021,3.31534954399166,-5.45684658426701
MYS,Malaysia,2022,9.03173723044451,3.31534954399166
MYS,Malaysia,2023,3.5370638041057,9.03173723044451
MYS,Malaysia,2024,5.10545921024041,3.5370638041057
MYS,Malaysia,2025,5.17127082911057,5.10545921024041
NAC,North America,1962,6.1989537994275,2.36540613549339
NAC,North America,1963,4.46664975529387,6.1989537994275
NAC,North America,1964,5.86788687820507,4.46664975529387
NAC,North America,1965,6.39285249288474,5.86788687820507
NAC,North America,1966,6.52360851100376,6.39285249288474
NAC,North America,1967,2.54896287787557,6.52360851100376
NAC,North America,1968,4.81471103873577,2.54896287787557
NAC,North America,1969,3.25318111306314,4.81471103873577
NAC,North America,1970,0.433701200211175,3.25318111306314
NAC,North America,1971,3.35169838840785,0.433701200211175
NAC,North America,1972,5.27513884916802,3.35169838840785
NAC,North America,1973,5.73203601246908,5.27513884916802
NAC,North America,1974,-0.217837917829897,5.73203601246908
NAC,North America,1975,-0.0537260408264473,-0.217837917829897
NAC,North America,1976,5.43353977920408,-0.0537260408264473
NAC,North America,1977,4.52980589009049,5.43353977920408
NAC,North America,1978,5.37730195592462,4.52980589009049
NAC,North America,1979,3.21302841446409,5.37730195592462
NAC,North America,1980,-0.0441060590222691,3.21302841446409
NAC,North America,1981,2.61432858428876,-0.0441060590222691
NAC,North America,1982,-1.92518248333295,2.61432858428876
NAC,North America,1983,4.40643835674001,-1.92518248333295
NAC,North America,1984,7.11836272375524,4.40643835674001
NAC,North America,1985,4.21437700641678,7.11836272375524
NAC,North America,1986,3.35031998169468,4.21437700641678
NAC,North America,1987,3.50658618593592,3.35031998169468
NAC,North America,1988,4.19665265128064,3.50658618593592
NAC,North America,1989,3.55774846492972,4.19665265128064
NAC,North America,1990,1.74443637202802,3.55774846492972
NAC,North America,1991,-0.273108339788436,1.74443637202802
NAC,North America,1992,3.3082046616431,-0.273108339788436
NAC,North America,1993,2.74448832187251,3.3082046616431
NAC,North America,1994,4.06413293147384,2.74448832187251
NAC,North America,1995,2.68501183631152,4.06413293147384
NAC,North America,1996,3.60731796899016,2.68501183631152
NAC,North America,1997,4.43422462717041,3.60731796899016
NAC,North America,1998,4.43709122377913,4.43422462717041
NAC,North America,1999,4.81501743546096,4.43709122377913
NAC,North America,2000,4.16197049524996,4.81501743546096
NAC,North America,2001,1.03022260077989,4.16197049524996
NAC,North America,2002,1.8012475018389,1.03022260077989
NAC,North America,2003,2.71703858412589,1.8012475018389
NAC,North America,2004,3.78737539156108,2.71703858412589
NAC,North America,2005,3.46128321445556,3.78737539156108
NAC,North America,2006,2.7743146220173,3.46128321445556
NAC,North America,2007,2.00808305353198,2.7743146220173
NAC,North America,2008,0.181624445600505,2.00808305353198
NAC,North America,2009,-2.60460767381707,0.181624445600505
NAC,North America,2010,2.72395919935452,-2.60460767381707
NAC,North America,2011,1.68621143369091,2.72395919935452
NAC,North America,2012,2.24337856187134,1.68621143369091
NAC,North America,2013,2.13349689819631,2.24337856187134
NAC,North America,2014,2.54944716424754,2.13349689819631
NAC,North America,2015,2.76110438770922,2.54944716424754
NAC,North America,2016,1.7574135378599,2.76110438770922
NAC,North America,2017,2.50284500298896,1.7574135378599
NAC,North America,2018,2.94789312072024,2.50284500298896
NAC,North America,2019,2.53036581365198,2.94789312072024
NAC,North America,2020,-2.31236247885967,2.53036581365198
NAC,North America,2021,6.13640923701173,-2.31236247885967
NAC,North America,2022,2.68881207167273,6.13640923701173
NAC,North America,2023,2.85945132916503,2.68881207167273
NAC,North America,2024,2.73606791647842,2.85945132916503
NAC,North America,2025,2.12972384862783,2.73606791647842
NAM,Namibia,1982,-0.39809074411238,0.97144950015074
NAM,Namibia,1983,-1.82345037490559,-0.39809074411238
NAM,Namibia,1984,-0.236891525045252,-1.82345037490559
NAM,Namibia,1985,0.464171261803401,-0.236891525045252
NAM,Namibia,1986,4.76726966632827,0.464171261803401
NAM,Namibia,1987,3.55376914117605,4.76726966632827
NAM,Namibia,1988,0.813148942821115,3.55376914117605
NAM,Namibia,1989,1.85867496230729,0.813148942821115
NAM,Namibia,1990,2.04745993989432,1.85867496230729
NAM,Namibia,1991,8.16561250262779,2.04745993989432
NAM,Namibia,1992,7.18934252280525,8.16561250262779
NAM,Namibia,1993,-1.57953915916903,7.18934252280525
NAM,Namibia,1994,1.72987948847074,-1.57953915916903
NAM,Namibia,1995,3.8990142211043,1.72987948847074
NAM,Namibia,1996,3.19132430111469,3.8990142211043
NAM,Namibia,1997,4.22010030384476,3.19132430111469
NAM,Namibia,1998,3.29158562064818,4.22010030384476
NAM,Namibia,1999,3.36927842445498,3.29158562064818
NAM,Namibia,2000,3.49218336365178,3.36927842445498
NAM,Namibia,2001,1.17794869467917,3.49218336365178
NAM,Namibia,2002,4.7886612188211,1.17794869467917
NAM,Namibia,2003,4.23979429582137,4.7886612188211
NAM,Namibia,2004,12.2695481036769,4.23979429582137
NAM,Namibia,2005,2.52926265819022,12.2695481036769
NAM,Namibia,2006,7.07317531845825,2.52926265819022
NAM,Namibia,2007,5.37404415167634,7.07317531845825
NAM,Namibia,2008,2.64981203780268,5.37404415167634
NAM,Namibia,2009,0.295970914001089,2.64981203780268
NAM,Namibia,2010,6.03924947955858,0.295970914001089
NAM,Namibia,2011,5.09133813864338,6.03924947955858
NAM,Namibia,2012,5.0616820696264,5.09133813864338
NAM,Namibia,2013,5.61471962254485,5.0616820696264
NAM,Namibia,2014,6.09251915977956,5.61471962254485
NAM,Namibia,2015,4.26417453763675,6.09251915977956
NAM,Namibia,2016,0.0337944502063294,4.26417453763675
NAM,Namibia,2017,-1.02724808856709,0.0337944502063294
NAM,Namibia,2018,1.05993949860752,-1.02724808856709
NAM,Namibia,2019,-0.839152163419357,1.05993949860752
NAM,Namibia,2020,-8.10140201443319,-0.839152163419357
NAM,Namibia,2021,3.60382919248703,-8.10140201443319
NAM,Namibia,2022,5.3987247803654,3.60382919248703
NAM,Namibia,2023,4.32498048866805,5.3987247803654
NAM,Namibia,2024,3.77851723267591,4.32498048866805
NAM,Namibia,2025,1.73018153842335,3.77851723267591
NCL,New Caledonia,1967,5.40079144250699,-3.84857770117728
NCL,New Caledonia,1968,14.2625546890163,5.40079144250699
NCL,New Caledonia,1969,15.7163133858644,14.2625546890163
NCL,New Caledonia,1970,30.9992897319458,15.7163133858644
NCL,New Caledonia,1971,6.99921567606989,30.9992897319458
NCL,New Caledonia,1972,3.39849954627249,6.99921567606989
NCL,New Caledonia,1973,-11.1993086277225,3.39849954627249
NCL,New Caledonia,1974,12.7011152022729,-11.1993086277225
NCL,New Caledonia,1975,6.49947180461912,12.7011152022729
NCL,New Caledonia,1976,2.29999821375679,6.49947180461912
NCL,New Caledonia,1977,1.89982428174216,2.29999821375679
NCL,New Caledonia,1978,9.80000719587157,1.89982428174216
NCL,New Caledonia,1979,-13.6000050700344,9.80000719587157
NCL,New Caledonia,1980,-0.399994552333155,-13.6000050700344
NCL,New Caledonia,1981,-6.99999937012467,-0.399994552333155
NCL,New Caledonia,1982,2.39999248842354,-6.99999937012467
NCL,New Caledonia,1983,-1.99999756958765,2.39999248842354
NCL,New Caledonia,1984,1.79999923898761,-1.99999756958765
NCL,New Caledonia,1985,4.50000049684343,1.79999923898761
NCL,New Caledonia,1986,-1.00000349565384,4.50000049684343
NCL,New Caledonia,1987,5.70000274552396,-1.00000349565384
NCL,New Caledonia,1988,34.6000006526707,5.70000274552396
NCL,New Caledonia,1989,10.999999473252,34.6000006526707
NCL,New Caledonia,1990,3.6000012717432,10.999999473252
NCL,New Caledonia,1991,4.90002814384245,3.6000012717432
NCL,New Caledonia,1992,0.519994838392222,4.90002814384245
NCL,New Caledonia,1993,0.529794654537113,0.519994838392222
NCL,New Caledonia,1994,2.59018690563668,0.529794654537113
NCL,New Caledonia,1995,5.9400311023842,2.59018690563668
NCL,New Caledonia,1996,0.449879083505621,5.9400311023842
NCL,New Caledonia,1997,2.00715233042861,0.449879083505621
NCL,New Caledonia,1998,-3.20027552726621,2.00715233042861
NCL,New Caledonia,1999,0.900172519173495,-3.20027552726621
NCL,New Caledonia,2000,2.10010882688805,0.900172519173495
NCL,New Caledonia,2018,0.400000000000006,2.10010882688805
NCL,New Caledonia,2019,-1.39999999506659,0.400000000000006
NCL,New Caledonia,2020,-2.40000000692145,-1.39999999506659
NCL,New Caledonia,2021,-2.0999999972552,-2.40000000692145
NCL,New Caledonia,2022,3.50000000289097,-2.0999999972552
NCL,New Caledonia,2023,2.79999999603682,3.50000000289097
NCL,New Caledonia,2024,-13.4999999989747,2.79999999603682
NER,Niger,1962,10.2787134988997,4.54639303660171
NER,Niger,1963,9.42822932000833,10.2787134988997
NER,Niger,1964,0.131039891085265,9.42822932000833
NER,Niger,1965,6.91976181761041,0.131039891085265
NER,Niger,1966,-0.382497199220253,6.91976181761041
NER,Niger,1967,0.122868671816278,-0.382497199220253
NER,Niger,1968,0.383494663073563,0.122868671816278
NER,Niger,1969,-5.48594581331632,0.383494663073563
NER,Niger,1970,3.05577892202147,-5.48594581331632
NER,Niger,1971,5.67932064048375,3.05577892202147
NER,Niger,1972,-5.16627230276923,5.67932064048375
NER,Niger,1973,-17.047583571921,-5.16627230276923
NER,Niger,1974,8.77523804936311,-17.047583571921
NER,Niger,1975,-2.79319343599114,8.77523804936311
NER,Niger,1976,0.678203402307915,-2.79319343599114
NER,Niger,1977,7.76458111935993,0.678203402307915
NER,Niger,1978,13.4726123301411,7.76458111935993
NER,Niger,1979,7.14699607024475,13.4726123301411
NER,Niger,1980,-2.45503612857507,7.14699607024475
NER,Niger,1981,-0.177666071226056,-2.45503612857507
NER,Niger,1982,2.17446021973329,-0.177666071226056
NER,Niger,1983,-3.86362790714153,2.17446021973329
NER,Niger,1984,-16.8198351136637,-3.86362790714153
NER,Niger,1985,7.71812745021188,-16.8198351136637
NER,Niger,1986,6.35213730291468,7.71812745021188
NER,Niger,1987,0.0882813597233394,6.35213730291468
NER,Niger,1988,6.87115013671369,0.0882813597233394
NER,Niger,1989,0.957045972548471,6.87115013671369
NER,Niger,1990,-1.30847828481959,0.957045972548471
NER,Niger,1991,-0.43948910045782,-1.30847828481959
NER,Niger,1992,2.00075236142851,-0.43948910045782
NER,Niger,1993,0.321655474432788,2.00075236142851
NER,Niger,1994,1.85477879101168,0.321655474432788
NER,Niger,1995,2.4572441223155,1.85477879101168
NER,Niger,1996,0.100530504281409,2.4572441223155
NER,Niger,1997,1.52747571050666,0.100530504281409
NER,Niger,1998,9.97261495642444,1.52747571050666
NER,Niger,1999,-0.2195625179166,9.97261495642444
NER,Niger,2000,-1.20847774100575,-0.2195625179166
NER,Niger,2001,7.26813490213235,-1.20847774100575
NER,Niger,2002,4.91847057594622,7.26813490213235
NER,Niger,2003,2.1706103837418,4.91847057594622
NER,Niger,2004,0.363801578722132,2.1706103837418
NER,Niger,2005,7.33186884258517,0.363801578722132
NER,Niger,2006,5.93104997350342,7.33186884258517
NER,Niger,2007,3.14272408386731,5.93104997350342
NER,Niger,2008,7.73141422777337,3.14272408386731
NER,Niger,2009,1.96260090694645,7.73141422777337
NER,Niger,2010,8.57816674262253,1.96260090694645
NER,Niger,2011,2.35775693603874,8.57816674262253
NER,Niger,2012,10.5489445763446,2.35775693603874
NER,Niger,2013,5.31513063394726,10.5489445763446
NER,Niger,2014,6.64213665495603,5.31513063394726
NER,Niger,2015,4.39264883207291,6.64213665495603
NER,Niger,2016,4.28137558478143,4.39264883207291
NER,Niger,2017,5.53198531271451,4.28137558478143
NER,Niger,2018,6.89458420864513,5.53198531271451
NER,Niger,2019,6.07881528959186,6.89458420864513
NER,Niger,2020,4.45481803846413,6.07881528959186
NER,Niger,2021,1.11520063869706,4.45481803846413
NER,Niger,2022,12.2215497467041,1.11520063869706
NER,Niger,2023,2.63516980401258,12.2215497467041
NER,Niger,2024,8.32327058280728,2.63516980401258
NER,Niger,2025,7.00782960149,8.32327058280728
NGA,Nigeria,1962,4.10299258868014,0.191795489572229
NGA,Nigeria,1963,8.57861891529701,4.10299258868014
NGA,Nigeria,1964,4.95048866604155,8.57861891529701
NGA,Nigeria,1965,4.88497683412908,4.95048866604155
NGA,Nigeria,1966,-4.25051418415514,4.88497683412908
NGA,Nigeria,1967,-15.7436282082049,-4.25051418415514
NGA,Nigeria,1968,-1.24836024581224,-15.7436282082049
NGA,Nigeria,1969,24.1973839456808,-1.24836024581224
NGA,Nigeria,1970,25.0072419293896,24.1973839456808
NGA,Nigeria,1971,14.2375315562508,25.0072419293896
NGA,Nigeria,1972,3.3642620350363,14.2375315562508
NGA,Nigeria,1973,5.39276048395909,3.3642620350363
NGA,Nigeria,1974,11.1606745454862,5.39276048395909
NGA,Nigeria,1975,-5.22774755532079,11.1606745454862
NGA,Nigeria,1976,9.04235172630207,-5.22774755532079
NGA,Nigeria,1977,6.02411784954168,9.04235172630207
NGA,Nigeria,1978,-5.76415839390282,6.02411784954168
NGA,Nigeria,1979,6.75943093519177,-5.76415839390282
NGA,Nigeria,1980,4.20483104427292,6.75943093519177
NGA,Nigeria,1981,-13.1278804850514,4.20483104427292
NGA,Nigeria,1982,-6.80338881534801,-13.1278804850514
NGA,Nigeria,1983,-10.9240850339388,-6.80338881534801
NGA,Nigeria,1984,-1.11562321716821,-10.9240850339388
NGA,Nigeria,1985,5.91302745911393,-1.11562321716821
NGA,Nigeria,1986,0.0609452742066878,5.91302745911393
NGA,Nigeria,1987,3.20012546702944,0.0609452742066878
NGA,Nigeria,1988,7.33402548758716,3.20012546702944
NGA,Nigeria,1989,1.91938129589555,7.33402548758716
NGA,Nigeria,1990,11.7768859342067,1.91938129589555
NGA,Nigeria,1991,0.358352601622002,11.7768859342067
NGA,Nigeria,1992,4.63119294610988,0.358352601622002
NGA,Nigeria,1993,-2.03511877399539,4.63119294610988
NGA,Nigeria,1994,-1.81492448517923,-2.03511877399539
NGA,Nigeria,1995,-0.0726647640626794,-1.81492448517923
NGA,Nigeria,1996,4.19592404666709,-0.0726647640626794
NGA,Nigeria,1997,2.93709941923106,4.19592404666709
NGA,Nigeria,1998,2.58125410190809,2.93709941923106
NGA,Nigeria,1999,0.584126892882125,2.58125410190809
NGA,Nigeria,2000,5.01593475936546,0.584126892882125
NGA,Nigeria,2001,5.91768464924425,5.01593475936546
NGA,Nigeria,2002,15.3291557409618,5.91768464924425
NGA,Nigeria,2003,7.34719496793299,15.3291557409618
NGA,Nigeria,2004,9.25055822923169,7.34719496793299
NGA,Nigeria,2005,6.43851652535925,9.25055822923169
NGA,Nigeria,2006,6.05942803202491,6.43851652535925
NGA,Nigeria,2007,6.59113036066867,6.05942803202491
NGA,Nigeria,2008,6.76447277784263,6.59113036066867
NGA,Nigeria,2009,8.03692510100366,6.76447277784263
NGA,Nigeria,2010,8.00565591623166,8.03692510100366
NGA,Nigeria,2011,5.30792420293915,8.00565591623166
NGA,Nigeria,2012,4.23006117492493,5.30792420293915
NGA,Nigeria,2013,6.67133539308232,4.23006117492493
NGA,Nigeria,2014,6.30971865521856,6.67133539308232
NGA,Nigeria,2015,2.65269329541779,6.30971865521856
NGA,Nigeria,2016,-1.61686894903467,2.65269329541779
NGA,Nigeria,2017,0.805886619091581,-1.61686894903467
NGA,Nigeria,2018,1.92275734199798,0.805886619091581
NGA,Nigeria,2019,2.20842927835211,1.92275734199798
NGA,Nigeria,2020,-6.36889840468527,2.20842927835211
NGA,Nigeria,2021,1.109252540249,-6.36889840468527
NGA,Nigeria,2022,4.31882949157136,1.109252540249
NGA,Nigeria,2023,3.31590368111438,4.31882949157136
NGA,Nigeria,2024,4.07106650147703,3.31590368111438
NGA,Nigeria,2025,4.01336180700973,4.07106650147703
NIC,Nicaragua,1962,10.8907983290977,7.49774339849093
NIC,Nicaragua,1963,10.8654792457821,10.8907983290977
NIC,Nicaragua,1964,11.6984790301544,10.8654792457821
NIC,Nicaragua,1965,9.52515582624807,11.6984790301544
NIC,Nicaragua,1966,3.30113639858887,9.52515582624807
NIC,Nicaragua,1967,6.96951382476809,3.30113639858887
NIC,Nicaragua,1968,1.34296005265668,6.96951382476809
NIC,Nicaragua,1969,6.23770390833241,1.34296005265668
NIC,Nicaragua,1970,1.35382659012741,6.23770390833241
NIC,Nicaragua,1971,3.30475650020483,1.35382659012741
NIC,Nicaragua,1972,2.22072289181064,3.30475650020483
NIC,Nicaragua,1973,6.41701397366108,2.22072289181064
NIC,Nicaragua,1974,14.1924250953043,6.41701397366108
NIC,Nicaragua,1975,-0.153246894342743,14.1924250953043
NIC,Nicaragua,1976,5.20945449847707,-0.153246894342743
NIC,Nicaragua,1977,8.36848053029937,5.20945449847707
NIC,Nicaragua,1978,-7.83880037064259,8.36848053029937
NIC,Nicaragua,1979,-26.478788867521,-7.83880037064259
NIC,Nicaragua,1980,4.6117322795338,-26.478788867521
NIC,Nicaragua,1981,5.36329018938126,4.6117322795338
NIC,Nicaragua,1982,-0.816361918743468,5.36329018938126
NIC,Nicaragua,1983,4.61321162700499,-0.816361918743468
NIC,Nicaragua,1984,-1.56609391319724,4.61321162700499
NIC,Nicaragua,1985,-4.08185148731935,-1.56609391319724
NIC,Nicaragua,1986,-1.01730916120101,-4.08185148731935
NIC,Nicaragua,1987,-0.706352941499915,-1.01730916120101
NIC,Nicaragua,1988,-12.4498220367125,-0.706352941499915
NIC,Nicaragua,1989,-1.73821633052118,-12.4498220367125
NIC,Nicaragua,1990,-0.0524997212688305,-1.73821633052118
NIC,Nicaragua,1991,-0.189281493926757,-0.0524997212688305
NIC,Nicaragua,1992,0.386346578416166,-0.189281493926757
NIC,Nicaragua,1993,-0.392936046663081,0.386346578416166
NIC,Nicaragua,1994,3.33772611282539,-0.392936046663081
NIC,Nicaragua,1995,5.91190793658714,3.33772611282539
NIC,Nicaragua,1996,6.3442683605154,5.91190793658714
NIC,Nicaragua,1997,3.96665092760821,6.3442683605154
NIC,Nicaragua,1998,3.71168146396694,3.96665092760821
NIC,Nicaragua,1999,7.03597046350201,3.71168146396694
NIC,Nicaragua,2000,4.10159025073438,7.03597046350201
NIC,Nicaragua,2001,2.96084349057273,4.10159025073438
NIC,Nicaragua,2002,0.753938876079573,2.96084349057273
NIC,Nicaragua,2003,2.52073289551447,0.753938876079573
NIC,Nicaragua,2004,5.31217056950739,2.52073289551447
NIC,Nicaragua,2005,4.28239833770654,5.31217056950739
NIC,Nicaragua,2006,4.15294559846254,4.28239833770654
NIC,Nicaragua,2007,5.0763520180987,4.15294559846254
NIC,Nicaragua,2008,3.43571693608081,5.0763520180987
NIC,Nicaragua,2009,-3.2926651586197,3.43571693608081
NIC,Nicaragua,2010,4.41009911716546,-3.2926651586197
NIC,Nicaragua,2011,6.31668553491842,4.41009911716546
NIC,Nicaragua,2012,6.4961364710876,6.31668553491842
NIC,Nicaragua,2013,4.92709413447304,6.4961364710876
NIC,Nicaragua,2014,4.78546013589983,4.92709413447304
NIC,Nicaragua,2015,4.79226768332697,4.78546013589983
NIC,Nicaragua,2016,4.56314739524967,4.79226768332697
NIC,Nicaragua,2017,4.63120757580209,4.56314739524967
NIC,Nicaragua,2018,-3.3633566598573,4.63120757580209
NIC,Nicaragua,2019,-2.89686986728901,-3.3633566598573
NIC,Nicaragua,2020,-2.23654176262323,-2.89686986728901
NIC,Nicaragua,2021,10.4543887816515,-2.23654176262323
NIC,Nicaragua,2022,3.55027477135765,10.4543887816515
NIC,Nicaragua,2023,4.42779393186883,3.55027477135765
NIC,Nicaragua,2024,3.58094495324541,4.42779393186883
NIC,Nicaragua,2025,4.92352556770889,3.58094495324541
NLD,Netherlands,1962,6.84350722750473,0.295546504846172
NLD,Netherlands,1963,3.62462159639203,6.84350722750473
NLD,Netherlands,1964,8.27490413848105,3.62462159639203
NLD,Netherlands,1965,8.64309474781801,8.27490413848105
NLD,Netherlands,1966,2.74110435359816,8.64309474781801
NLD,Netherlands,1967,5.28001495109744,2.74110435359816
NLD,Netherlands,1968,6.41613410796171,5.28001495109744
NLD,Netherlands,1969,6.4294490946164,6.41613410796171
NLD,Netherlands,1970,6.14018151825016,6.4294490946164
NLD,Netherlands,1971,4.31698034729853,6.14018151825016
NLD,Netherlands,1972,3.53387449555808,4.31698034729853
NLD,Netherlands,1973,5.44422319799096,3.53387449555808
NLD,Netherlands,1974,3.4387177026689,5.44422319799096
NLD,Netherlands,1975,0.00202875594803231,3.4387177026689
NLD,Netherlands,1976,4.45630944629636,0.00202875594803231
NLD,Netherlands,1977,2.52044058142084,4.45630944629636
NLD,Netherlands,1978,2.6962468211259,2.52044058142084
NLD,Netherlands,1979,2.01416625857843,2.6962468211259
NLD,Netherlands,1980,1.34191409240884,2.01416625857843
NLD,Netherlands,1981,-0.78361166175803,1.34191409240884
NLD,Netherlands,1982,-1.24075669199284,-0.78361166175803
NLD,Netherlands,1983,2.06995815677583,-1.24075669199284
NLD,Netherlands,1984,3.06167877138195,2.06995815677583
NLD,Netherlands,1985,2.58018000128781,3.06167877138195
NLD,Netherlands,1986,2.78697583712109,2.58018000128781
NLD,Netherlands,1987,1.9312485744144,2.78697583712109
NLD,Netherlands,1988,3.44121890433911,1.9312485744144
NLD,Netherlands,1989,4.42011793059889,3.44121890433911
NLD,Netherlands,1990,4.18322289611109,4.42011793059889
NLD,Netherlands,1991,2.4391343395225,4.18322289611109
NLD,Netherlands,1992,1.70607100505794,2.4391343395225
NLD,Netherlands,1993,1.25755214528137,1.70607100505794
NLD,Netherlands,1994,2.96109252246121,1.25755214528137
NLD,Netherlands,1995,3.11603593857495,2.96109252246121
NLD,Netherlands,1996,3.42063535269868,3.11603593857495
NLD,Netherlands,1997,4.24847396941847,3.42063535269868
NLD,Netherlands,1998,4.64770326997895,4.24847396941847
NLD,Netherlands,1999,5.04334216651563,4.64770326997895
NLD,Netherlands,2000,4.21970034558892,5.04334216651563
NLD,Netherlands,2001,2.32358454925847,4.21970034558892
NLD,Netherlands,2002,0.24582951723049,2.32358454925847
NLD,Netherlands,2003,0.0978549395212411,0.24582951723049
NLD,Netherlands,2004,2.01628331561487,0.0978549395212411
NLD,Netherlands,2005,2.03401576512488,2.01628331561487
NLD,Netherlands,2006,3.53729585853395,2.03401576512488
NLD,Netherlands,2007,3.88542348324803,3.53729585853395
NLD,Netherlands,2008,2.11674514240192,3.88542348324803
NLD,Netherlands,2009,-3.66528147002826,2.11674514240192
NLD,Netherlands,2010,1.31935287897116,-3.66528147002826
NLD,Netherlands,2011,1.77330320575034,1.31935287897116
NLD,Netherlands,2012,-0.977826121310997,1.77330320575034
NLD,Netherlands,2013,-0.0302410184270769,-0.977826121310997
NLD,Netherlands,2014,1.61255885112396,-0.0302410184270769
NLD,Netherlands,2015,2.12064007193544,1.61255885112396
NLD,Netherlands,2016,2.42428065449427,2.12064007193544
NLD,Netherlands,2017,2.78150834679987,2.42428065449427
NLD,Netherlands,2018,2.25873158164956,2.78150834679987
NLD,Netherlands,2019,2.3001616053659,2.25873158164956
NLD,Netherlands,2020,-3.86799714191608,2.3001616053659
NLD,Netherlands,2021,6.27683593745216,-3.86799714191608
NLD,Netherlands,2022,5.00723453395074,6.27683593745216
NLD,Netherlands,2023,-0.598061017580278,5.00723453395074
NLD,Netherlands,2024,1.07383137319854,-0.598061017580278
NLD,Netherlands,2025,1.78463214703797,1.07383137319854
NOR,Norway,1962,2.81394521638465,6.2733355410215
NOR,Norway,1963,3.78504305750515,2.81394521638465
NOR,Norway,1964,5.00965105972533,3.78504305750515
NOR,Norway,1965,5.28560880430634,5.00965105972533
NOR,Norway,1966,3.78651321598602,5.28560880430634
NOR,Norway,1967,6.25607895878227,3.78651321598602
NOR,Norway,1968,2.25987551481224,6.25607895878227
NOR,Norway,1969,4.50461146666011,2.25987551481224
NOR,Norway,1970,1.94330054570493,4.50461146666011
NOR,Norway,1971,5.7147684412603,1.94330054570493
NOR,Norway,1972,5.28421650140392,5.7147684412603
NOR,Norway,1973,4.49029469472772,5.28421650140392
NOR,Norway,1974,3.96443769084686,4.49029469472772
NOR,Norway,1975,4.94798609099843,3.96443769084686
NOR,Norway,1976,5.84956345415462,4.94798609099843
NOR,Norway,1977,4.15190588338356,5.84956345415462
NOR,Norway,1978,3.85568468692183,4.15190588338356
NOR,Norway,1979,4.35122903414562,3.85568468692183
NOR,Norway,1980,4.5267984596924,4.35122903414562
NOR,Norway,1981,1.67423049803278,4.5267984596924
NOR,Norway,1982,0.242440465084144,1.67423049803278
NOR,Norway,1983,3.94088668258857,0.242440465084144
NOR,Norway,1984,6.07555820534726,3.94088668258857
NOR,Norway,1985,5.56110673396684,6.07555820534726
NOR,Norway,1986,4.04765910229874,5.56110673396684
NOR,Norway,1987,1.74427870145095,4.04765910229874
NOR,Norway,1988,-0.330025653077698,1.74427870145095
NOR,Norway,1989,1.02954207990309,-0.330025653077698
NOR,Norway,1990,1.95899042256056,1.02954207990309
NOR,Norway,1991,2.85865596855008,1.95899042256056
NOR,Norway,1992,3.56422602983729,2.85865596855008
NOR,Norway,1993,2.87306009185421,3.56422602983729
NOR,Norway,1994,5.03933284247313,2.87306009185421
NOR,Norway,1995,4.15289526465317,5.03933284247313
NOR,Norway,1996,4.96949434701779,4.15289526465317
NOR,Norway,1997,5.09208924000464,4.96949434701779
NOR,Norway,1998,2.72590814782492,5.09208924000464
NOR,Norway,1999,2.18261230296261,2.72590814782492
NOR,Norway,2000,3.443416131481,2.18261230296261
NOR,Norway,2001,2.1634350595868,3.443416131481
NOR,Norway,2002,1.45747886087304,2.1634350595868
NOR,Norway,2003,1.09635781210122,1.45747886087304
NOR,Norway,2004,4.33015597691212,1.09635781210122
NOR,Norway,2005,2.96973597025936,4.33015597691212
NOR,Norway,2006,2.84726376691944,2.96973597025936
NOR,Norway,2007,3.42030119916608,2.84726376691944
NOR,Norway,2008,0.822805797014865,3.42030119916608
NOR,Norway,2009,-1.61327151945869,0.822805797014865
NOR,Norway,2010,1.00493269017117,-1.61327151945869
NOR,Norway,2011,1.38505117083945,1.00493269017117
NOR,Norway,2012,2.82395673492459,1.38505117083945
NOR,Norway,2013,1.27290177696287,2.82395673492459
NOR,Norway,2014,2.09521388080101,1.27290177696287
NOR,Norway,2015,2.04428845501438,2.09521388080101
NOR,Norway,2016,1.29158732771135,2.04428845501438
NOR,Norway,2017,2.66964474273466,1.29158732771135
NOR,Norway,2018,1.1103912365576,2.66964474273466
NOR,Norway,2019,1.46970781954143,1.1103912365576
NOR,Norway,2020,-1.36055723261586,1.46970781954143
NOR,Norway,2021,4.14314688769197,-1.36055723261586
NOR,Norway,2022,4.08039770659241,4.14314688769197
NOR,Norway,2023,0.352695581319765,4.08039770659241
NOR,Norway,2024,1.42372134524737,0.352695581319765
NOR,Norway,2025,1.08528185031417,1.42372134524737
NPL,Nepal,1962,1.91032003077318,1.90826597185792
NPL,Nepal,1963,1.89511164479693,1.91032003077318
NPL,Nepal,1964,7.53244855243838,1.89511164479693
NPL,Nepal,1965,-1.2031890181289,7.53244855243838
NPL,Nepal,1966,7.04064314491161,-1.2031890181289
NPL,Nepal,1967,-1.57149749972123,7.04064314491161
NPL,Nepal,1968,0.675483463270709,-1.57149749972123
NPL,Nepal,1969,4.46342160331348,0.675483463270709
NPL,Nepal,1970,2.57599212685933,4.46342160331348
NPL,Nepal,1971,-1.19538330251048,2.57599212685933
NPL,Nepal,1972,3.1178003639786,-1.19538330251048
NPL,Nepal,1973,-0.476536267743427,3.1178003639786
NPL,Nepal,1974,6.33359037226893,-0.476536267743427
NPL,Nepal,1975,1.45647070933495,6.33359037226893
NPL,Nepal,1976,4.3985361786365,1.45647070933495
NPL,Nepal,1977,3.01697344206637,4.3985361786365
NPL,Nepal,1978,4.40574138937914,3.01697344206637
NPL,Nepal,1979,2.36887779523897,4.40574138937914
NPL,Nepal,1980,-2.31939420500922,2.36887779523897
NPL,Nepal,1981,8.34197413529236,-2.31939420500922
NPL,Nepal,1982,3.7793746536255,8.34197413529236
NPL,Nepal,1983,-2.97740585726358,3.7793746536255
NPL,Nepal,1984,9.68113001572144,-2.97740585726358
NPL,Nepal,1985,6.14490523732366,9.68113001572144
NPL,Nepal,1986,4.56565054565317,6.14490523732366
NPL,Nepal,1987,1.69561826572762,4.56565054565317
NPL,Nepal,1988,7.6968087109188,1.69561826572762
NPL,Nepal,1989,4.32964793285106,7.6968087109188
NPL,Nepal,1990,4.63503634698831,4.32964793285106
NPL,Nepal,1991,6.3681503973968,4.63503634698831
NPL,Nepal,1992,4.10640661731669,6.3681503973968
NPL,Nepal,1993,3.84985002629573,4.10640661731669
NPL,Nepal,1994,8.21600269296587,3.84985002629573
NPL,Nepal,1995,3.46845189309603,8.21600269296587
NPL,Nepal,1996,5.32828417508708,3.46845189309603
NPL,Nepal,1997,5.04861254517328,5.32828417508708
NPL,Nepal,1998,3.01638947539399,5.04861254517328
NPL,Nepal,1999,4.41257328041399,3.01638947539399
NPL,Nepal,2000,6.19999998192236,4.41257328041399
NPL,Nepal,2001,4.79989214255407,6.19999998192236
NPL,Nepal,2002,0.120143177369414,4.79989214255407
NPL,Nepal,2003,3.94503776051116,0.120143177369414
NPL,Nepal,2004,4.68260325152944,3.94503776051116
NPL,Nepal,2005,3.47918104829496,4.68260325152944
NPL,Nepal,2006,3.36461478056277,3.47918104829496
NPL,Nepal,2007,3.41156027980276,3.36461478056277
NPL,Nepal,2008,6.10463914373472,3.41156027980276
NPL,Nepal,2009,4.5330787246486,6.10463914373472
NPL,Nepal,2010,4.81641464694573,4.5330787246486
NPL,Nepal,2011,3.42180870116162,4.81641464694573
NPL,Nepal,2012,4.67014192446953,3.42180870116162
NPL,Nepal,2013,3.52515317129149,4.67014192446953
NPL,Nepal,2014,6.01148284250441,3.52515317129149
NPL,Nepal,2015,3.97605327162971,6.01148284250441
NPL,Nepal,2016,0.433113719381524,3.97605327162971
NPL,Nepal,2017,8.97727935643466,0.433113719381524
NPL,Nepal,2018,7.62237610397933,8.97727935643466
NPL,Nepal,2019,6.65705543110468,7.62237610397933
NPL,Nepal,2020,-2.3696206292072,6.65705543110468
NPL,Nepal,2021,4.838149614115,-2.3696206292072
NPL,Nepal,2022,5.6313145568451,4.838149614115
NPL,Nepal,2023,1.98254843461849,5.6313145568451
NPL,Nepal,2024,3.67787459697703,1.98254843461849
NPL,Nepal,2025,4.43073194983359,3.67787459697703
NRU,Naoero,1972,2.89838752650489,2.89838710299522
NRU,Naoero,1973,2.8983877460778,2.89838752650489
NRU,Naoero,1974,2.89838720614799,2.8983877460778
NRU,Naoero,1975,2.89838757333574,2.89838720614799
NRU,Naoero,1976,-2.81674731906762,2.89838757333574
NRU,Naoero,1977,-2.81674697227405,-2.81674731906762
NRU,Naoero,1978,-2.81674748221531,-2.81674697227405
NRU,Naoero,1979,-2.81674727483782,-2.81674748221531
NRU,Naoero,1980,-2.81674687485054,-2.81674727483782
NRU,Naoero,1981,-2.81674732710925,-2.81674687485054
NRU,Naoero,1982,-2.81674700963013,-2.81674732710925
NRU,Naoero,1983,-2.81674720713838,-2.81674700963013
NRU,Naoero,1984,-2.81674740931578,-2.81674720713838
NRU,Naoero,1985,-2.81674685264868,-2.81674740931578
NRU,Naoero,1986,-2.81674733898076,-2.81674685264868
NRU,Naoero,1987,-2.81674751020157,-2.81674733898076
NRU,Naoero,1988,-2.8167467775236,-2.81674751020157
NRU,Naoero,1989,-2.81674756297977,-2.8167467775236
NRU,Naoero,1990,-2.81674699951282,-2.81674756297977
NRU,Naoero,1991,-18.9938039627089,-2.81674699951282
NRU,Naoero,1992,-16.2602646077898,-18.9938039627089
NRU,Naoero,1993,-16.1173644889416,-16.2602646077898
NRU,Naoero,1994,-3.86611853923542,-16.1173644889416
NRU,Naoero,1995,-7.92344939744908,-3.86611853923542
NRU,Naoero,1996,-11.8595716961284,-7.92344939744908
NRU,Naoero,1997,-8.95358291302432,-11.8595716961284
NRU,Naoero,1998,-11.7879956363066,-8.95358291302432
NRU,Naoero,1999,-6.5681998499911,-11.7879956363066
NRU,Naoero,2000,-6.85616110197874,-6.5681998499911
NRU,Naoero,2001,-6.76113945239328,-6.85616110197874
NRU,Naoero,2002,-9.97133415083098,-6.76113945239328
NRU,Naoero,2003,0.284579021867188,-9.97133415083098
NRU,Naoero,2004,-4.31476539773472,0.284579021867188
NRU,Naoero,2005,0.0,-4.31476539773472
NRU,Naoero,2006,8.45070422535204,0.0
NRU,Naoero,2007,-22.077922077922,8.45070422535204
NRU,Naoero,2008,19.9999999999999,-22.077922077922
NRU,Naoero,2009,-5.55555555555564,19.9999999999999
NRU,Naoero,2010,0.0,-5.55555555555564
NRU,Naoero,2011,14.7058823529412,0.0
NRU,Naoero,2012,24.3589743589745,14.7058823529412
NRU,Naoero,2013,4.12371134020613,24.3589743589745
NRU,Naoero,2014,15.8415841584163,4.12371134020613
NRU,Naoero,2015,3.41880341880281,15.8415841584163
NRU,Naoero,2016,4.13223140495909,3.41880341880281
NRU,Naoero,2017,-6.34920634920609,4.13223140495909
NRU,Naoero,2018,-0.847457627118729,-6.34920634920609
NRU,Naoero,2019,8.5470085470084,-0.847457627118729
NRU,Naoero,2020,1.57480314960559,8.5470085470084
NRU,Naoero,2021,7.75193798449692,1.57480314960559
NRU,Naoero,2022,0.0,7.75193798449692
NRU,Naoero,2023,-0.719424460431725,0.0
NRU,Naoero,2024,1.44927536231899,-0.719424460431725
NRU,Naoero,2025,2.14285714285656,1.44927536231899
NZL,New Zealand,1962,3.08087351858559,3.31564972674543
NZL,New Zealand,1963,6.10211748394454,3.08087351858559
NZL,New Zealand,1964,6.10328473743307,6.10211748394454
NZL,New Zealand,1965,6.1117321350133,6.10328473743307
NZL,New Zealand,1966,6.24846245288686,6.1117321350133
NZL,New Zealand,1967,-4.58942364359896,6.24846245288686
NZL,New Zealand,1968,-0.0488485727357499,-4.58942364359896
NZL,New Zealand,1969,10.1946714880749,-0.0488485727357499
NZL,New Zealand,1970,-1.39760788020411,10.1946714880749
NZL,New Zealand,1971,3.78545741843028,-1.39760788020411
NZL,New Zealand,1972,5.1191086821659,3.78545741843028
NZL,New Zealand,1973,7.80027793991758,5.1191086821659
NZL,New Zealand,1974,5.99344071907922,7.80027793991758
NZL,New Zealand,1975,-1.73168325405558,5.99344071907922
NZL,New Zealand,1976,0.928812762144631,-1.73168325405558
NZL,New Zealand,1977,-3.93633767566311,0.928812762144631
NZL,New Zealand,1978,0.318563365865202,-3.93633767566311
NZL,New Zealand,1979,2.19177502002559,0.318563365865202
NZL,New Zealand,1980,1.28425192493805,2.19177502002559
NZL,New Zealand,1981,4.65565287633527,1.28425192493805
NZL,New Zealand,1982,0.929685035623876,4.65565287633527
NZL,New Zealand,1983,3.49152457902733,0.929685035623876
NZL,New Zealand,1984,4.79269907520923,3.49152457902733
NZL,New Zealand,1985,1.61533480446978,4.79269907520923
NZL,New Zealand,1986,2.71326964068473,1.61533480446978
NZL,New Zealand,1987,0.962508198457385,2.71326964068473
NZL,New Zealand,1988,-0.334621133273799,0.962508198457385
NZL,New Zealand,1989,0.164699005861976,-0.334621133273799
NZL,New Zealand,1990,0.136887537634095,0.164699005861976
NZL,New Zealand,1991,-1.07586748814022,0.136887537634095
NZL,New Zealand,1992,1.10092234546755,-1.07586748814022
NZL,New Zealand,1993,6.3836309435096,1.10092234546755
NZL,New Zealand,1994,5.11167356780264,6.3836309435096
NZL,New Zealand,1995,4.73676080285628,5.11167356780264
NZL,New Zealand,1996,3.59083953715972,4.73676080285628
NZL,New Zealand,1997,2.07551582422867,3.59083953715972
NZL,New Zealand,1998,0.855188594957326,2.07551582422867
NZL,New Zealand,1999,5.38315295474565,0.855188594957326
NZL,New Zealand,2000,2.86879087314065,5.38315295474565
NZL,New Zealand,2001,3.41557461751114,2.86879087314065
NZL,New Zealand,2002,4.71514593471419,3.41557461751114
NZL,New Zealand,2003,4.72587484712128,4.71514593471419
NZL,New Zealand,2004,4.09053577279863,4.72587484712128
NZL,New Zealand,2005,3.35295444152619,4.09053577279863
NZL,New Zealand,2006,2.7744428588158,3.35295444152619
NZL,New Zealand,2007,3.06312221869514,2.7744428588158
NZL,New Zealand,2008,-1.02561134479848,3.06312221869514
NZL,New Zealand,2009,-0.040259885205117,-1.02561134479848
NZL,New Zealand,2010,1.47182504276788,-0.040259885205117
NZL,New Zealand,2011,2.1445004445998,1.47182504276788
NZL,New Zealand,2012,2.30256429520961,2.1445004445998
NZL,New Zealand,2013,2.5648360739867,2.30256429520961
NZL,New Zealand,2014,3.81933619307242,2.5648360739867
NZL,New Zealand,2015,3.72968312125018,3.81933619307242
NZL,New Zealand,2016,3.7435247472109,3.72968312125018
NZL,New Zealand,2017,3.31568621648204,3.7435247472109
NZL,New Zealand,2018,3.32219666491432,3.31568621648204
NZL,New Zealand,2019,2.32371708441623,3.32219666491432
NZL,New Zealand,2020,-0.240916114758988,2.32371708441623
NZL,New Zealand,2021,4.29916005216614,-0.240916114758988
NZL,New Zealand,2022,3.34521847792682,4.29916005216614
NZL,New Zealand,2023,1.81389453412019,3.34521847792682
NZL,New Zealand,2024,-0.868722371893952,1.81389453412019
NZL,New Zealand,2025,0.462871830681081,-0.868722371893952
OED,OECD members,1962,5.53916294784398,4.35280042336485
OED,OECD members,1963,5.09705902024666,5.53916294784398
OED,OECD members,1964,6.49118191300806,5.09705902024666
OED,OECD members,1965,5.50330639821289,6.49118191300806
OED,OECD members,1966,5.54747519242038,5.50330639821289
OED,OECD members,1967,3.82867785003866,5.54747519242038
OED,OECD members,1968,5.96453446994244,3.82867785003866
OED,OECD members,1969,5.51755802848368,5.96453446994244
OED,OECD members,1970,2.76066790000955,5.51755802848368
OED,OECD members,1971,3.58298177065936,2.76066790000955
OED,OECD members,1972,5.31935999643535,3.58298177065936
OED,OECD members,1973,6.11995021774472,5.31935999643535
OED,OECD members,1974,1.17875459617449,6.11995021774472
OED,OECD members,1975,0.399512298096667,1.17875459617449
OED,OECD members,1976,4.76943576408391,0.399512298096667
OED,OECD members,1977,3.66850431945822,4.76943576408391
OED,OECD members,1978,4.36536397450867,3.66850431945822
OED,OECD members,1979,3.88310180041947,4.36536397450867
OED,OECD members,1980,1.19891577983286,3.88310180041947
OED,OECD members,1981,2.09313367045883,1.19891577983286
OED,OECD members,1982,0.216570009532546,2.09313367045883
OED,OECD members,1983,2.84673500488675,0.216570009532546
OED,OECD members,1984,4.79145856576002,2.84673500488675
OED,OECD members,1985,3.65293094544003,4.79145856576002
OED,OECD members,1986,3.10061027364745,3.65293094544003
OED,OECD members,1987,3.53330515980375,3.10061027364745
OED,OECD members,1988,4.49631889186477,3.53330515980375
OED,OECD members,1989,3.73412846988074,4.49631889186477
OED,OECD members,1990,2.90994092688275,3.73412846988074
OED,OECD members,1991,1.14202044785885,2.90994092688275
OED,OECD members,1992,2.12871612721892,1.14202044785885
OED,OECD members,1993,1.43165150636501,2.12871612721892
OED,OECD members,1994,3.33712206709245,1.43165150636501
OED,OECD members,1995,2.77524946754495,3.33712206709245
OED,OECD members,1996,3.11341013537876,2.77524946754495
OED,OECD members,1997,3.68063620350809,3.11341013537876
OED,OECD members,1998,2.93646098381292,3.68063620350809
OED,OECD members,1999,3.44131500771996,2.93646098381292
OED,OECD members,2000,4.14194781215413,3.44131500771996
OED,OECD members,2001,1.39419283266746,4.14194781215413
OED,OECD members,2002,1.54573413284015,1.39419283266746
OED,OECD members,2003,2.02555450027376,1.54573413284015
OED,OECD members,2004,3.25450343681813,2.02555450027376
OED,OECD members,2005,2.8546887844396,3.25450343681813
OED,OECD members,2006,3.06119134402469,2.8546887844396
OED,OECD members,2007,2.64883701327084,3.06119134402469
OED,OECD members,2008,0.398567531316999,2.64883701327084
OED,OECD members,2009,-3.39762752928189,0.398567531316999
OED,OECD members,2010,2.97338503994675,-3.39762752928189
OED,OECD members,2011,1.84967918104462,2.97338503994675
OED,OECD members,2012,1.40460967593552,1.84967918104462
OED,OECD members,2013,1.62369645988187,1.40460967593552
OED,OECD members,2014,2.23873423415506,1.62369645988187
OED,OECD members,2015,2.53080900311944,2.23873423415506
OED,OECD members,2016,1.85463774155879,2.53080900311944
OED,OECD members,2017,2.61204188490709,1.85463774155879
OED,OECD members,2018,2.38931017293615,2.61204188490709
OED,OECD members,2019,1.85301586905177,2.38931017293615
OED,OECD members,2020,-3.86432916323412,1.85301586905177
OED,OECD members,2021,6.09471533648059,-3.86432916323412
OED,OECD members,2022,3.15854809219758,6.09471533648059
OED,OECD members,2023,1.78937161232169,3.15854809219758
OED,OECD members,2024,1.78218444615328,1.78937161232169
OED,OECD members,2025,1.77005853071937,1.78218444615328
OMN,Oman,1962,20.1877918765272,1.13960640396104
OMN,Oman,1963,4.5312435589145,20.1877918765272
OMN,Oman,1964,0.0747394471302556,4.5312435589145
OMN,Oman,1965,0.448098405676362,0.0747394471302556
OMN,Oman,1966,5.20446366819129,0.448098405676362
OMN,Oman,1967,66.2190836702255,5.20446366819129
OMN,Oman,1968,81.8877967363546,66.2190836702255
OMN,Oman,1969,25.6661688006167,81.8877967363546
OMN,Oman,1970,13.8950964378378,25.6661688006167
OMN,Oman,1971,0.898225100183055,13.8950964378378
OMN,Oman,1972,9.82522415284279,0.898225100183055
OMN,Oman,1973,-14.2520578360136,9.82522415284279
OMN,Oman,1974,11.4988064646665,-14.2520578360136
OMN,Oman,1975,24.4335027245109,11.4988064646665
OMN,Oman,1976,20.5401229155617,24.4335027245109
OMN,Oman,1977,1.00721834180912,20.5401229155617
OMN,Oman,1978,-3.69353109012729,1.00721834180912
OMN,Oman,1979,4.33174153321039,-3.69353109012729
OMN,Oman,1980,6.0354441115762,4.33174153321039
OMN,Oman,1981,17.0470783890376,6.0354441115762
OMN,Oman,1982,11.5698374015513,17.0470783890376
OMN,Oman,1983,16.6666707336558,11.5698374015513
OMN,Oman,1984,16.7115939832524,16.6666707336558
OMN,Oman,1985,14.0071971120206,16.7115939832524
OMN,Oman,1986,2.00215978258038,14.0071971120206
OMN,Oman,1987,-3.4407841670407,2.00215978258038
OMN,Oman,1988,5.96402764822645,-3.4407841670407
OMN,Oman,1989,11.7568618360793,5.96402764822645
OMN,Oman,1990,-0.130425738129333,11.7568618360793
OMN,Oman,1991,6.07407790816865,-0.130425738129333
OMN,Oman,1992,8.41388425937097,6.07407790816865
OMN,Oman,1993,6.04296067461487,8.41388425937097
OMN,Oman,1994,3.87577416657888,6.04296067461487
OMN,Oman,1995,4.99681952030654,3.87577416657888
OMN,Oman,1996,3.04593990978547,4.99681952030654
OMN,Oman,1997,6.03351250709945,3.04593990978547
OMN,Oman,1998,-0.0678740925781511,6.03351250709945
OMN,Oman,1999,0.29759569579106,-0.0678740925781511
OMN,Oman,2000,6.19241063695442,0.29759569579106
OMN,Oman,2001,4.61316649389876,6.19241063695442
OMN,Oman,2002,-0.784165786429256,4.61316649389876
OMN,Oman,2003,-2.19466567976842,-0.784165786429256
OMN,Oman,2004,1.99251510973346,-2.19466567976842
OMN,Oman,2005,2.77944360306151,1.99251510973346
OMN,Oman,2006,4.66981481939328,2.77944360306151
OMN,Oman,2007,4.98065467051528,4.66981481939328
OMN,Oman,2008,8.95005895005896,4.98065467051528
OMN,Oman,2009,5.98196694904402,8.95005895005896
OMN,Oman,2010,2.47199856582773,5.98196694904402
OMN,Oman,2011,2.89460973541192,2.47199856582773
OMN,Oman,2012,8.86312225557018,2.89460973541192
OMN,Oman,2013,5.22770408145942,8.86312225557018
OMN,Oman,2014,1.29225229411081,5.22770408145942
OMN,Oman,2015,5.01705799719045,1.29225229411081
OMN,Oman,2016,5.04642394571691,5.01705799719045
OMN,Oman,2017,0.304057565922449,5.04642394571691
OMN,Oman,2018,1.28710391543288,0.304057565922449
OMN,Oman,2019,-1.12863801728058,1.28710391543288
OMN,Oman,2020,-3.37972052697999,-1.12863801728058
OMN,Oman,2021,2.5821749892893,-3.37972052697999
OMN,Oman,2022,7.98570728354278,2.5821749892893
OMN,Oman,2023,1.41401383200161,7.98570728354278
OMN,Oman,2024,1.63163231397978,1.41401383200161
OMN,Oman,2025,2.39787382295398,1.63163231397978
OSS,Other small states,1977,10.0881662341746,16.2645019683961
OSS,Other small states,1978,7.0038855819831,10.0881662341746
OSS,Other small states,1979,14.7927011775125,7.0038855819831
OSS,Other small states,1980,-2.71966716656281,14.7927011775125
OSS,Other small states,1981,-7.54028989545883,-2.71966716656281
OSS,Other small states,1982,3.02221426379678,-7.54028989545883
OSS,Other small states,1983,0.963490464737689,3.02221426379678
OSS,Other small states,1984,2.69199273059711,0.963490464737689
OSS,Other small states,1985,2.00108466195329,2.69199273059711
OSS,Other small states,1986,2.0385043241355,2.00108466195329
OSS,Other small states,1987,6.10063673798456,2.0385043241355
OSS,Other small states,1988,3.1045686216471,6.10063673798456
OSS,Other small states,1989,2.89071206049141,3.1045686216471
OSS,Other small states,1990,5.23555843675061,2.89071206049141
OSS,Other small states,1991,-0.521396000336765,5.23555843675061
OSS,Other small states,1992,-3.1270696278601,-0.521396000336765
OSS,Other small states,1993,0.370765845457626,-3.1270696278601
OSS,Other small states,1994,2.84714797597729,0.370765845457626
OSS,Other small states,1995,4.34296099844893,2.84714797597729
OSS,Other small states,1996,3.25665909053406,4.34296099844893
OSS,Other small states,1997,6.23711228962844,3.25665909053406
OSS,Other small states,1998,3.41656643440361,6.23711228962844
OSS,Other small states,1999,2.59592311164876,3.41656643440361
OSS,Other small states,2000,7.30635005321069,2.59592311164876
OSS,Other small states,2001,3.18924252117392,7.30635005321069
OSS,Other small states,2002,3.49441162965915,3.18924252117392
OSS,Other small states,2003,4.26878748461303,3.49441162965915
OSS,Other small states,2004,4.45597380662556,4.26878748461303
OSS,Other small states,2005,4.60497481511443,4.45597380662556
OSS,Other small states,2006,6.20067811341328,4.60497481511443
OSS,Other small states,2007,5.46356131088703,6.20067811341328
OSS,Other small states,2008,0.903736392071593,5.46356131088703
OSS,Other small states,2009,-5.12838675722196,0.903736392071593
OSS,Other small states,2010,2.4770957293312,-5.12838675722196
OSS,Other small states,2011,3.29699198601598,2.4770957293312
OSS,Other small states,2012,1.20137767968762,3.29699198601598
OSS,Other small states,2013,0.795058059250948,1.20137767968762
OSS,Other small states,2014,2.10170241796435,0.795058059250948
OSS,Other small states,2015,3.35379601684932,2.10170241796435
OSS,Other small states,2016,4.11324521484462,3.35379601684932
OSS,Other small states,2017,5.06269393757441,4.11324521484462
OSS,Other small states,2018,4.36915856791936,5.06269393757441
OSS,Other small states,2019,4.24191171511896,4.36915856791936
OSS,Other small states,2020,-5.76450168062843,4.24191171511896
OSS,Other small states,2021,7.99114438236406,-5.76450168062843
OSS,Other small states,2022,4.39868942923867,7.99114438236406
OSS,Other small states,2023,3.20030722043091,4.39868942923867
OSS,Other small states,2024,2.76881258067121,3.20030722043091
OSS,Other small states,2025,2.88340086402312,2.76881258067121
PAK,Pakistan,1962,4.48285862750326,5.98734641929141
PAK,Pakistan,1963,8.68883151825786,4.48285862750326
PAK,Pakistan,1964,7.56975744902432,8.68883151825786
PAK,Pakistan,1965,10.4193658220408,7.56975744902432
PAK,Pakistan,1966,5.78995180142022,10.4193658220408
PAK,Pakistan,1967,5.4006125972184,5.78995180142022
PAK,Pakistan,1968,7.23322092498739,5.4006125972184
PAK,Pakistan,1969,5.5078996342957,7.23322092498739
PAK,Pakistan,1970,11.3534617181927,5.5078996342957
PAK,Pakistan,1971,0.468372548493363,11.3534617181927
PAK,Pakistan,1972,0.813406404584697,0.468372548493363
PAK,Pakistan,1973,7.06426385694971,0.813406404584697
PAK,Pakistan,1974,3.54019171278873,7.06426385694971
PAK,Pakistan,1975,4.21141563146435,3.54019171278873
PAK,Pakistan,1976,5.15618958986124,4.21141563146435
PAK,Pakistan,1977,3.94769828741323,5.15618958986124
PAK,Pakistan,1978,8.04853361937855,3.94769828741323
PAK,Pakistan,1979,3.75843556852186,8.04853361937855
PAK,Pakistan,1980,10.2157040372755,3.75843556852186
PAK,Pakistan,1981,7.92076357199696,10.2157040372755
PAK,Pakistan,1982,6.53748679998847,7.92076357199696
PAK,Pakistan,1983,6.77837833870171,6.53748679998847
PAK,Pakistan,1984,5.06520560476402,6.77837833870171
PAK,Pakistan,1985,7.59211469875896,5.06520560476402
PAK,Pakistan,1986,5.50165366386253,7.59211469875896
PAK,Pakistan,1987,6.45234302466982,5.50165366386253
PAK,Pakistan,1988,7.62527877959378,6.45234302466982
PAK,Pakistan,1989,4.95976889440439,7.62527877959378
PAK,Pakistan,1990,4.45858681510218,4.95976889440439
PAK,Pakistan,1991,5.06156775897861,4.45858681510218
PAK,Pakistan,1992,7.70589781716029,5.06156775897861
PAK,Pakistan,1993,1.7577476978468,7.70589781716029
PAK,Pakistan,1994,3.73741555767747,1.7577476978468
PAK,Pakistan,1995,4.96260914623281,3.73741555767747
PAK,Pakistan,1996,4.84658128681654,4.96260914623281
PAK,Pakistan,1997,1.01439601077892,4.84658128681654
PAK,Pakistan,1998,2.55023429817393,1.01439601077892
PAK,Pakistan,1999,3.66013273943236,2.55023429817393
PAK,Pakistan,2000,4.2600880111325,3.66013273943236
PAK,Pakistan,2001,3.65135017083765,4.2600880111325
PAK,Pakistan,2002,2.59481668445784,3.65135017083765
PAK,Pakistan,2003,5.40131087314342,2.59481668445784
PAK,Pakistan,2004,7.83125556961251,5.40131087314342
PAK,Pakistan,2005,7.2765744364722,7.83125556961251
PAK,Pakistan,2006,6.05163767569996,7.2765744364722
PAK,Pakistan,2007,4.4448143398844,6.05163767569996
PAK,Pakistan,2008,2.1204410433083,4.4448143398844
PAK,Pakistan,2009,3.47255059567348,2.1204410433083
PAK,Pakistan,2010,1.50171752152883,3.47255059567348
PAK,Pakistan,2011,2.68011685421705,1.50171752152883
PAK,Pakistan,2012,3.02758391088629,2.68011685421705
PAK,Pakistan,2013,4.36686504978387,3.02758391088629
PAK,Pakistan,2014,4.11642817161422,4.36686504978387
PAK,Pakistan,2015,4.21794209572506,4.11642817161422
PAK,Pakistan,2016,6.57383828511043,4.21794209572506
PAK,Pakistan,2017,4.43262590683975,6.57383828511043
PAK,Pakistan,2018,6.15170261099519,4.43262590683975
PAK,Pakistan,2019,2.49763692943365,6.15170261099519
PAK,Pakistan,2020,-1.27408744338709,2.49763692943365
PAK,Pakistan,2021,6.51388575852702,-1.27408744338709
PAK,Pakistan,2022,4.7781068690358,6.51388575852702
PAK,Pakistan,2023,-0.414935997088406,4.7781068690358
PAK,Pakistan,2024,3.08176295579301,-0.414935997088406
PAK,Pakistan,2025,3.69842668749033,3.08176295579301
PAN,Panama,1962,8.24473681997463,10.926594841623
PAN,Panama,1963,8.53878879939805,8.24473681997463
PAN,Panama,1964,4.43213036829097,8.53878879939805
PAN,Panama,1965,9.16003626205379,4.43213036829097
PAN,Panama,1966,7.58140188284906,9.16003626205379
PAN,Panama,1967,8.55293117898977,7.58140188284906
PAN,Panama,1968,6.97738862373494,8.55293117898977
PAN,Panama,1969,8.44138916877408,6.97738862373494
PAN,Panama,1970,6.95922610779934,8.44138916877408
PAN,Panama,1971,9.61613757840476,6.95922610779934
PAN,Panama,1972,4.58281250525241,9.61613757840476
PAN,Panama,1973,5.36431021720534,4.58281250525241
PAN,Panama,1974,2.44831956246551,5.36431021720534
PAN,Panama,1975,1.74091944012658,2.44831956246551
PAN,Panama,1976,1.66446135972971,1.74091944012658
PAN,Panama,1977,1.0940258905988,1.66446135972971
PAN,Panama,1978,9.79264391816659,1.0940258905988
PAN,Panama,1979,4.51475107985127,9.79264391816659
PAN,Panama,1980,13.0844817290489,4.51475107985127
PAN,Panama,1981,9.20680945357908,13.0844817290489
PAN,Panama,1982,5.34845643837734,9.20680945357908
PAN,Panama,1983,-4.49136434642946,5.34845643837734
PAN,Panama,1984,2.70947377305887,-4.49136434642946
PAN,Panama,1985,4.94223365153981,2.70947377305887
PAN,Panama,1986,3.56778822819052,4.94223365153981
PAN,Panama,1987,-1.80905548139501,3.56778822819052
PAN,Panama,1988,-13.3798437826627,-1.80905548139501
PAN,Panama,1989,1.56224700549564,-13.3798437826627
PAN,Panama,1990,8.09899300573224,1.56224700549564
PAN,Panama,1991,9.41900604873607,8.09899300573224
PAN,Panama,1992,8.20167952936097,9.41900604873607
PAN,Panama,1993,5.45574476975436,8.20167952936097
PAN,Panama,1994,2.85014717061981,5.45574476975436
PAN,Panama,1995,1.75167890389389,2.85014717061981
PAN,Panama,1996,4.0797027065703,1.75167890389389
PAN,Panama,1997,7.70904000189154,4.0797027065703
PAN,Panama,1998,8.38747212468969,7.70904000189154
PAN,Panama,1999,5.21164584606353,8.38747212468969
PAN,Panama,2000,4.20900547865375,5.21164584606353
PAN,Panama,2001,0.949908149985234,4.20900547865375
PAN,Panama,2002,2.50884372716125,0.949908149985234
PAN,Panama,2003,5.09686030493801,2.50884372716125
PAN,Panama,2004,8.17565333965649,5.09686030493801
PAN,Panama,2005,8.27618334503531,8.17565333965649
PAN,Panama,2006,9.85723870564752,8.27618334503531
PAN,Panama,2007,13.1530653782933,9.85723870564752
PAN,Panama,2008,10.1974325907958,13.1530653782933
PAN,Panama,2009,1.61186405976055,10.1974325907958
PAN,Panama,2010,6.07339353106087,1.61186405976055
PAN,Panama,2011,11.9088772249531,6.07339353106087
PAN,Panama,2012,9.62729346439019,11.9088772249531
PAN,Panama,2013,6.32435388662846,9.62729346439019
PAN,Panama,2014,4.62581375565551,6.32435388662846
PAN,Panama,2015,5.26691719595516,4.62581375565551
PAN,Panama,2016,4.57196707937275,5.26691719595516
PAN,Panama,2017,5.7440594635578,4.57196707937275
PAN,Panama,2018,3.91824253321265,5.7440594635578
PAN,Panama,2019,3.10295395631086,3.91824253321265
PAN,Panama,2020,-17.8211174074602,3.10295395631086
PAN,Panama,2021,16.4669992022652,-17.8211174074602
PAN,Panama,2022,11.0386022908773,16.4669992022652
PAN,Panama,2023,7.16634016390665,11.0386022908773
PAN,Panama,2024,2.74784148771307,7.16634016390665
PAN,Panama,2025,4.35030460627731,2.74784148771307
PER,Peru,1962,10.0352933342212,7.34709633145569
PER,Peru,1963,4.32824981844591,10.0352933342212
PER,Peru,1964,6.54786765047102,4.32824981844591
PER,Peru,1965,5.62173344947736,6.54786765047102
PER,Peru,1966,8.2389204457594,5.62173344947736
PER,Peru,1967,3.85256440782895,8.2389204457594
PER,Peru,1968,0.152237710931757,3.85256440782895
PER,Peru,1969,3.51445891251396,0.152237710931757
PER,Peru,1970,3.36594600332614,3.51445891251396
PER,Peru,1971,4.59053992759885,3.36594600332614
PER,Peru,1972,3.47753512310473,4.59053992759885
PER,Peru,1973,6.27693475562022,3.47753512310473
PER,Peru,1974,9.38683491938303,6.27693475562022
PER,Peru,1975,4.30086316548426,9.38683491938303
PER,Peru,1976,1.44711099517411,4.30086316548426
PER,Peru,1977,0.349063699303812,1.44711099517411
PER,Peru,1978,-2.64250297882154,0.349063699303812
PER,Peru,1979,4.09075057410003,-2.64250297882154
PER,Peru,1980,5.94333539830841,4.09075057410003
PER,Peru,1981,5.55204181484046,5.94333539830841
PER,Peru,1982,-0.2227234441863,5.55204181484046
PER,Peru,1983,-10.408085798297,-0.2227234441863
PER,Peru,1984,3.60828653816966,-10.408085798297
PER,Peru,1985,2.06113206625895,3.60828653816966
PER,Peru,1986,9.42596236073652,2.06113206625895
PER,Peru,1987,9.72614643050372,9.42596236073652
PER,Peru,1988,-9.44127344629392,9.72614643050372
PER,Peru,1989,-12.3120414471296,-9.44127344629392
PER,Peru,1990,-4.98256353646605,-12.3120414471296
PER,Peru,1991,2.2192591027909,-4.98256353646605
PER,Peru,1992,-0.540509124723926,2.2192591027909
PER,Peru,1993,5.24357700773291,-0.540509124723926
PER,Peru,1994,12.3083661848445,5.24357700773291
PER,Peru,1995,7.41139504735119,12.3083661848445
PER,Peru,1996,2.79897307912609,7.41139504735119
PER,Peru,1997,6.47682442079709,2.79897307912609
PER,Peru,1998,-0.391537555833821,6.47682442079709
PER,Peru,1999,1.49491064308833,-0.391537555833821
PER,Peru,2000,2.69437139806912,1.49491064308833
PER,Peru,2001,0.617892325624297,2.69437139806912
PER,Peru,2002,5.45352893818767,0.617892325624297
PER,Peru,2003,4.16502313666112,5.45352893818767
PER,Peru,2004,4.95820320611745,4.16502313666112
PER,Peru,2005,6.28506032509601,4.95820320611745
PER,Peru,2006,7.5288990440594,6.28506032509601
PER,Peru,2007,8.5183877690955,7.5288990440594
PER,Peru,2008,9.1265683014642,8.5183877690955
PER,Peru,2009,1.0958236592427,9.1265683014642
PER,Peru,2010,8.33245910749577,1.0958236592427
PER,Peru,2011,6.32719240161117,8.33245910749577
PER,Peru,2012,6.13972470560435,6.32719240161117
PER,Peru,2013,5.85251821084928,6.13972470560435
PER,Peru,2014,2.38215737180541,5.85251821084928
PER,Peru,2015,3.25224477218451,2.38215737180541
PER,Peru,2016,3.95331871520767,3.25224477218451
PER,Peru,2017,2.51883544233135,3.95331871520767
PER,Peru,2018,3.969351341365,2.51883544233135
PER,Peru,2019,2.24063176875049,3.969351341365
PER,Peru,2020,-10.9333065010382,2.24063176875049
PER,Peru,2021,13.4166456126513,-10.9333065010382
PER,Peru,2022,2.81819976419922,13.4166456126513
PER,Peru,2023,-0.350699814345759,2.81819976419922
PER,Peru,2024,3.5152749274832,-0.350699814345759
PER,Peru,2025,3.43056395124466,3.5152749274832
PHL,Philippines,1962,4.84629418915898,5.69547095029755
PHL,Philippines,1963,7.01626518416583,4.84629418915898
PHL,Philippines,1964,3.40249443571273,7.01626518416583
PHL,Philippines,1965,5.34508932932236,3.40249443571273
PHL,Philippines,1966,4.4411585340256,5.34508932932236
PHL,Philippines,1967,5.22268758922664,4.4411585340256
PHL,Philippines,1968,5.03815939692956,5.22268758922664
PHL,Philippines,1969,4.68947344100819,5.03815939692956
PHL,Philippines,1970,3.69248748654796,4.68947344100819
PHL,Philippines,1971,5.38900841621259,3.69248748654796
PHL,Philippines,1972,5.43038749392343,5.38900841621259
PHL,Philippines,1973,8.78200912237088,5.43038749392343
PHL,Philippines,1974,3.39460637850206,8.78200912237088
PHL,Philippines,1975,5.45110286965478,3.39460637850206
PHL,Philippines,1976,8.77840333051334,5.45110286965478
PHL,Philippines,1977,5.56297025151267,8.77840333051334
PHL,Philippines,1978,5.19238453027808,5.56297025151267
PHL,Philippines,1979,5.59557107591131,5.19238453027808
PHL,Philippines,1980,5.20071107911187,5.59557107591131
PHL,Philippines,1981,3.42220873753665,5.20071107911187
PHL,Philippines,1982,3.69840609851109,3.42220873753665
PHL,Philippines,1983,1.89695178959097,3.69840609851109
PHL,Philippines,1984,-7.0393782012259,1.89695178959097
PHL,Philippines,1985,-6.85837720864683,-7.0393782012259
PHL,Philippines,1986,3.51068403005506,-6.85837720864683
PHL,Philippines,1987,4.36180967277697,3.51068403005506
PHL,Philippines,1988,6.69693110468185,4.36180967277697
PHL,Philippines,1989,6.18391820283388,6.69693110468185
PHL,Philippines,1990,3.08267252855887,6.18391820283388
PHL,Philippines,1991,-0.436390080533428,3.08267252855887
PHL,Philippines,1992,0.417629066097945,-0.436390080533428
PHL,Philippines,1993,2.181889985613,0.417629066097945
PHL,Philippines,1994,4.37366591819077,2.181889985613
PHL,Philippines,1995,4.62522511739661,4.37366591819077
PHL,Philippines,1996,5.8603478716379,4.62522511739661
PHL,Philippines,1997,5.18641167406165,5.8603478716379
PHL,Philippines,1998,-0.514090599541888,5.18641167406165
PHL,Philippines,1999,3.34645118398267,-0.514090599541888
PHL,Philippines,2000,4.38250500083399,3.34645118398267
PHL,Philippines,2001,3.04923134463486,4.38250500083399
PHL,Philippines,2002,3.71625500158383,3.04923134463486
PHL,Philippines,2003,5.08691113513073,3.71625500158383
PHL,Philippines,2004,6.56922851180626,5.08691113513073
PHL,Philippines,2005,4.94250511877678,6.56922851180626
PHL,Philippines,2006,5.31641682136939,4.94250511877678
PHL,Philippines,2007,6.51929155018938,5.31641682136939
PHL,Philippines,2008,4.34448730509183,6.51929155018938
PHL,Philippines,2009,1.44832306275669,4.34448730509183
PHL,Philippines,2010,7.33449996034538,1.44832306275669
PHL,Philippines,2011,3.85823282795663,7.33449996034538
PHL,Philippines,2012,6.89695171050985,3.85823282795663
PHL,Philippines,2013,6.75053130142255,6.89695171050985
PHL,Philippines,2014,6.34798748260867,6.75053130142255
PHL,Philippines,2015,6.34830971672761,6.34798748260867
PHL,Philippines,2016,7.14945675000752,6.34830971672761
PHL,Philippines,2017,6.9309883258402,7.14945675000752
PHL,Philippines,2018,6.34148557153473,6.9309883258402
PHL,Philippines,2019,6.11852566221303,6.34148557153473
PHL,Philippines,2020,-9.51829474045297,6.11852566221303
PHL,Philippines,2021,5.71473313185116,-9.51829474045297
PHL,Philippines,2022,7.58098212785563,5.71473313185116
PHL,Philippines,2023,5.51894967856043,7.58098212785563
PHL,Philippines,2024,5.71474526128652,5.51894967856043
PHL,Philippines,2025,4.40240158710621,5.71474526128652
PLW,Palau,1972,0.341301339262074,0.126339611580534
PLW,Palau,1973,0.202024553629215,0.341301339262074
PLW,Palau,1974,0.105534658034671,0.202024553629215
PLW,Palau,1975,0.0252666400615453,0.105534658034671
PLW,Palau,1976,-0.0415240695012642,0.0252666400615453
PLW,Palau,1977,1.43010429283935,-0.0415240695012642
PLW,Palau,1978,-0.488594888107158,1.43010429283935
PLW,Palau,1979,-0.374146925110068,-0.488594888107158
PLW,Palau,1980,-0.374144776818071,-0.374146925110068
PLW,Palau,1981,-0.374146950589051,-0.374144776818071
PLW,Palau,1982,-0.374149391627228,-0.374146950589051
PLW,Palau,1983,1.93200857888343,-0.374149391627228
PLW,Palau,1984,4.62199697543382,1.93200857888343
PLW,Palau,1985,5.43650625811105,4.62199697543382
PLW,Palau,1986,5.43650649081053,5.43650625811105
PLW,Palau,1987,5.43650574891889,5.43650649081053
PLW,Palau,1988,5.4365063720043,5.43650574891889
PLW,Palau,1989,5.43650637635436,5.4365063720043
PLW,Palau,1990,5.43650669451759,5.43650637635436
PLW,Palau,1991,4.90523480875686,5.43650669451759
PLW,Palau,1992,-6.40003724259944,4.90523480875686
PLW,Palau,1993,-12.3000412627885,-6.40003724259944
PLW,Palau,1994,7.3000416413082,-12.3000412627885
PLW,Palau,1995,10.8999901144086,7.3000416413082
PLW,Palau,1996,10.3999989409142,10.8999901144086
PLW,Palau,1997,2.30000147894631,10.3999989409142
PLW,Palau,1998,1.99998280794706,2.30000147894631
PLW,Palau,1999,-5.39998345149702,1.99998280794706
PLW,Palau,2000,-2.60392518285772,-5.39998345149702
PLW,Palau,2001,7.34588822740689,-2.60392518285772
PLW,Palau,2002,4.71497567037891,7.34588822740689
PLW,Palau,2003,-2.12775905744436,4.71497567037891
PLW,Palau,2004,3.47251267849076,-2.12775905744436
PLW,Palau,2005,2.88482026504025,3.47251267849076
PLW,Palau,2006,0.228102952380539,2.88482026504025
PLW,Palau,2007,0.687060932625798,0.228102952380539
PLW,Palau,2008,-5.55349767521281,0.687060932625798
PLW,Palau,2009,-6.19509416666021,-5.55349767521281
PLW,Palau,2010,-3.02648271979963,-6.19509416666021
PLW,Palau,2011,4.5453422056307,-3.02648271979963
PLW,Palau,2012,2.06132919740671,4.5453422056307
PLW,Palau,2013,-1.39368330622723,2.06132919740671
PLW,Palau,2014,4.21392368136632,-1.39368330622723
PLW,Palau,2015,8.57000568228419,4.21392368136632
PLW,Palau,2016,1.66650688235592,8.57000568228419
PLW,Palau,2017,-3.42143170174889,1.66650688235592
PLW,Palau,2018,-0.417625859260369,-3.42143170174889
PLW,Palau,2019,0.300684343692609,-0.417625859260369
PLW,Palau,2020,-6.00740723664144,0.300684343692609
PLW,Palau,2021,-11.9146400192064,-6.00740723664144
PLW,Palau,2022,-0.462879543823192,-11.9146400192064
PLW,Palau,2023,1.22284844405733,-0.462879543823192
PLW,Palau,2024,12.0059720184866,1.22284844405733
PLW,Palau,2025,6.28637654202731,12.0059720184866
PNG,Papua New Guinea,1962,6.37409931200521,6.18111172492752
PNG,Papua New Guinea,1963,4.07252177318168,6.37409931200521
PNG,Papua New Guinea,1964,8.57028153120143,4.07252177318168
PNG,Papua New Guinea,1965,10.2685198038056,8.57028153120143
PNG,Papua New Guinea,1966,5.8137579823151,10.2685198038056
PNG,Papua New Guinea,1967,4.07046147460628,5.8137579823151
PNG,Papua New Guinea,1968,4.35959025088704,4.07046147460628
PNG,Papua New Guinea,1969,8.27345794779133,4.35959025088704
PNG,Papua New Guinea,1970,10.8428057776823,8.27345794779133
PNG,Papua New Guinea,1971,6.29519256737012,10.8428057776823
PNG,Papua New Guinea,1972,5.6435533711489,6.29519256737012
PNG,Papua New Guinea,1973,6.52926483244623,5.6435533711489
PNG,Papua New Guinea,1974,2.61053259341438,6.52926483244623
PNG,Papua New Guinea,1975,-0.87988416462035,2.61053259341438
PNG,Papua New Guinea,1976,-3.38844861433063,-0.87988416462035
PNG,Papua New Guinea,1977,0.834815601092103,-3.38844861433063
PNG,Papua New Guinea,1978,8.549859334011,0.834815601092103
PNG,Papua New Guinea,1979,1.83239551493573,8.549859334011
PNG,Papua New Guinea,1980,-2.30345120118429,1.83239551493573
PNG,Papua New Guinea,1981,-0.274829571650017,-2.30345120118429
PNG,Papua New Guinea,1982,0.352944288679396,-0.274829571650017
PNG,Papua New Guinea,1983,3.22316306354293,0.352944288679396
PNG,Papua New Guinea,1984,-0.354726452176862,3.22316306354293
PNG,Papua New Guinea,1985,4.00019034409902,-0.354726452176862
PNG,Papua New Guinea,1986,4.69305706882692,4.00019034409902
PNG,Papua New Guinea,1987,2.7704948317036,4.69305706882692
PNG,Papua New Guinea,1988,2.90924048446031,2.7704948317036
PNG,Papua New Guinea,1989,-1.41957988360637,2.90924048446031
PNG,Papua New Guinea,1990,-3.01216922181256,-1.41957988360637
PNG,Papua New Guinea,1991,9.54689771039914,-3.01216922181256
PNG,Papua New Guinea,1992,13.8490852689481,9.54689771039914
PNG,Papua New Guinea,1993,18.2022859527298,13.8490852689481
PNG,Papua New Guinea,1994,5.94210905967769,18.2022859527298
PNG,Papua New Guinea,1995,-3.31244877829666,5.94210905967769
PNG,Papua New Guinea,1996,7.73369579796399,-3.31244877829666
PNG,Papua New Guinea,1997,-3.90438965639359,7.73369579796399
PNG,Papua New Guinea,1998,-3.76911321783457,-3.90438965639359
PNG,Papua New Guinea,1999,1.85555399408817,-3.76911321783457
PNG,Papua New Guinea,2000,-2.49484199260023,1.85555399408817
PNG,Papua New Guinea,2001,-0.121288605564772,-2.49484199260023
PNG,Papua New Guinea,2002,-0.158900533082658,-0.121288605564772
PNG,Papua New Guinea,2003,2.16410250222083,-0.158900533082658
PNG,Papua New Guinea,2004,2.72117574098235,2.16410250222083
PNG,Papua New Guinea,2005,6.34479592309654,2.72117574098235
PNG,Papua New Guinea,2006,5.40994409107307,6.34479592309654
PNG,Papua New Guinea,2007,7.81518922862388,5.40994409107307
PNG,Papua New Guinea,2008,-0.296457845880582,7.81518922862388
PNG,Papua New Guinea,2009,6.80042148322096,-0.296457845880582
PNG,Papua New Guinea,2010,10.1284540720232,6.80042148322096
PNG,Papua New Guinea,2011,1.10754362619616,10.1284540720232
PNG,Papua New Guinea,2012,4.65711959686239,1.10754362619616
PNG,Papua New Guinea,2013,3.82494632800675,4.65711959686239
PNG,Papua New Guinea,2014,13.5437706216546,3.82494632800675
PNG,Papua New Guinea,2015,6.57835632304275,13.5437706216546
PNG,Papua New Guinea,2016,5.48957315278187,6.57835632304275
PNG,Papua New Guinea,2017,3.53461081750459,5.48957315278187
PNG,Papua New Guinea,2018,-0.279252284959952,3.53461081750459
PNG,Papua New Guinea,2019,4.48051456942582,-0.279252284959952
PNG,Papua New Guinea,2020,-3.16743204434815,4.48051456942582
PNG,Papua New Guinea,2021,-0.510612607034361,-3.16743204434815
PNG,Papua New Guinea,2022,5.70701964996525,-0.510612607034361
PNG,Papua New Guinea,2023,3.81046308333708,5.70701964996525
PNG,Papua New Guinea,2024,3.88795324667848,3.81046308333708
PNG,Papua New Guinea,2025,5.63792052319458,3.88795324667848
POL,Poland,1992,2.51497861350261,-7.01557879301123
POL,Poland,1993,3.73831029461471,2.51497861350261
POL,Poland,1994,5.292802066626,3.73831029461471
POL,Poland,1995,7.92965956313934,5.292802066626
POL,Poland,1996,6.09387747385628,7.92965956313934
POL,Poland,1997,6.35890635030509,6.09387747385628
POL,Poland,1998,4.62161133761769,6.35890635030509
POL,Poland,1999,4.69918479192557,4.62161133761769
POL,Poland,2000,4.65633252988236,4.69918479192557
POL,Poland,2001,1.23374464400356,4.65633252988236
POL,Poland,2002,1.90119437968586,1.23374464400356
POL,Poland,2003,3.52337117234833,1.90119437968586
POL,Poland,2004,5.09079546409544,3.52337117234833
POL,Poland,2005,3.26082274679216,5.09079546409544
POL,Poland,2006,6.20210710934373,3.26082274679216
POL,Poland,2007,6.7604478527626,6.20210710934373
POL,Poland,2008,4.38377069274605,6.7604478527626
POL,Poland,2009,2.61512859291683,4.38377069274605
POL,Poland,2010,3.16892748258036,2.61512859291683
POL,Poland,2011,5.25546256612796,3.16892748258036
POL,Poland,2012,1.51178167644575,5.25546256612796
POL,Poland,2013,0.684240607051805,1.51178167644575
POL,Poland,2014,3.92050862390032,0.684240607051805
POL,Poland,2015,4.43176700264478,3.92050862390032
POL,Poland,2016,3.03117767594847,4.43176700264478
POL,Poland,2017,5.15245773325907,3.03117767594847
POL,Poland,2018,6.2458584723942,5.15245773325907
POL,Poland,2019,4.58045817256199,6.2458584723942
POL,Poland,2020,-2.03556882399977,4.58045817256199
POL,Poland,2021,6.92718266052501,-2.03556882399977
POL,Poland,2022,5.25545697386036,6.92718266052501
POL,Poland,2023,0.249610834017872,5.25545697386036
POL,Poland,2024,3.02841630700273,0.249610834017872
POL,Poland,2025,3.5727250346774,3.02841630700273
PRE,Pre-demographic dividend,1962,6.18417715337382,-0.318566413685062
PRE,Pre-demographic dividend,1963,5.76378575876382,6.18417715337382
PRE,Pre-demographic dividend,1964,4.62474549544132,5.76378575876382
PRE,Pre-demographic dividend,1965,4.40689609940277,4.62474549544132
PRE,Pre-demographic dividend,1966,1.17794282894741,4.40689609940277
PRE,Pre-demographic dividend,1967,-5.74865451359405,1.17794282894741
PRE,Pre-demographic dividend,1968,3.61848188533254,-5.74865451359405
PRE,Pre-demographic dividend,1969,11.2925482216849,3.61848188533254
PRE,Pre-demographic dividend,1970,8.56673854518939,11.2925482216849
PRE,Pre-demographic dividend,1971,9.32284333750881,8.56673854518939
PRE,Pre-demographic dividend,1972,3.40906351681585,9.32284333750881
PRE,Pre-demographic dividend,1973,4.05434431085092,3.40906351681585
PRE,Pre-demographic dividend,1974,8.32616735229234,4.05434431085092
PRE,Pre-demographic dividend,1975,-0.334565456280217,8.32616735229234
PRE,Pre-demographic dividend,1976,6.91603773002657,-0.334565456280217
PRE,Pre-demographic dividend,1977,4.67701184763524,6.91603773002657
PRE,Pre-demographic dividend,1978,-0.177119959609399,4.67701184763524
PRE,Pre-demographic dividend,1979,5.67638641370125,-0.177119959609399
PRE,Pre-demographic dividend,1980,4.18034725115972,5.67638641370125
PRE,Pre-demographic dividend,1981,-3.96360475831223,4.18034725115972
PRE,Pre-demographic dividend,1982,-1.23307701448751,-3.96360475831223
PRE,Pre-demographic dividend,1983,-4.69452640908379,-1.23307701448751
PRE,Pre-demographic dividend,1984,0.641736882772562,-4.69452640908379
PRE,Pre-demographic dividend,1985,3.60931187428119,0.641736882772562
PRE,Pre-demographic dividend,1986,2.52265210376635,3.60931187428119
PRE,Pre-demographic dividend,1987,3.86883028832497,2.52265210376635
PRE,Pre-demographic dividend,1988,3.85434246141276,3.86883028832497
PRE,Pre-demographic dividend,1989,1.35695075644674,3.85434246141276
PRE,Pre-demographic dividend,1990,8.08441946670439,1.35695075644674
PRE,Pre-demographic dividend,1991,-8.09997621394349,8.08441946670439
PRE,Pre-demographic dividend,1992,2.17623307072714,-8.09997621394349
PRE,Pre-demographic dividend,1993,-0.659955700269535,2.17623307072714
PRE,Pre-demographic dividend,1994,0.0684006131423303,-0.659955700269535
PRE,Pre-demographic dividend,1995,3.12779313380382,0.0684006131423303
PRE,Pre-demographic dividend,1996,5.64583282515206,3.12779313380382
PRE,Pre-demographic dividend,1997,6.26126404246079,5.64583282515206
PRE,Pre-demographic dividend,1998,6.93054568227258,6.26126404246079
PRE,Pre-demographic dividend,1999,4.20952887369339,6.93054568227258
PRE,Pre-demographic dividend,2000,5.47346007643203,4.20952887369339
PRE,Pre-demographic dividend,2001,4.35453238448396,5.47346007643203
PRE,Pre-demographic dividend,2002,6.00617138403928,4.35453238448396
PRE,Pre-demographic dividend,2003,-0.568919674134492,6.00617138403928
PRE,Pre-demographic dividend,2004,12.0080953608262,-0.568919674134492
PRE,Pre-demographic dividend,2005,5.96991931741751,12.0080953608262
PRE,Pre-demographic dividend,2006,6.21676933701521,5.96991931741751
PRE,Pre-demographic dividend,2007,6.06805742634351,6.21676933701521
PRE,Pre-demographic dividend,2008,6.38744131574033,6.06805742634351
PRE,Pre-demographic dividend,2009,4.84336953611044,6.38744131574033
PRE,Pre-demographic dividend,2010,6.67265580684425,4.84336953611044
PRE,Pre-demographic dividend,2011,4.1553757689192,6.67265580684425
PRE,Pre-demographic dividend,2012,4.32626989714218,4.1553757689192
PRE,Pre-demographic dividend,2013,6.11185150793546,4.32626989714218
PRE,Pre-demographic dividend,2014,5.17291765109749,6.11185150793546
PRE,Pre-demographic dividend,2015,3.04225473776046,5.17291765109749
PRE,Pre-demographic dividend,2016,2.48790883634129,3.04225473776046
PRE,Pre-demographic dividend,2017,1.65401035196942,2.48790883634129
PRE,Pre-demographic dividend,2018,2.65801624793845,1.65401035196942
PRE,Pre-demographic dividend,2019,3.16086400453494,2.65801624793845
PRE,Pre-demographic dividend,2020,-4.15455315541389,3.16086400453494
PRE,Pre-demographic dividend,2021,2.29076410791771,-4.15455315541389
PRE,Pre-demographic dividend,2022,4.63522422118558,2.29076410791771
PRE,Pre-demographic dividend,2023,2.44455093685518,4.63522422118558
PRE,Pre-demographic dividend,2024,3.328621675752,2.44455093685518
PRE,Pre-demographic dividend,2025,3.57431469085844,3.328621675752
PRI,Puerto Rico (US),1962,8.32331253214566,7.04173847056543
PRI,Puerto Rico (US),1963,8.65104700867182,8.32331253214566
PRI,Puerto Rico (US),1964,7.06092372128818,8.65104700867182
PRI,Puerto Rico (US),1965,9.204842464826,7.06092372128818
PRI,Puerto Rico (US),1966,7.49914839628794,9.204842464826
PRI,Puerto Rico (US),1967,6.2232233534659,7.49914839628794
PRI,Puerto Rico (US),1968,5.18043459789826,6.2232233534659
PRI,Puerto Rico (US),1969,9.37523403803715,5.18043459789826
PRI,Puerto Rico (US),1970,8.39791794437848,9.37523403803715
PRI,Puerto Rico (US),1971,6.36544857550854,8.39791794437848
PRI,Puerto Rico (US),1972,7.17357497675278,6.36544857550854
PRI,Puerto Rico (US),1973,6.34489584805942,7.17357497675278
PRI,Puerto Rico (US),1974,2.91737849093647,6.34489584805942
PRI,Puerto Rico (US),1975,-0.654567385249976,2.91737849093647
PRI,Puerto Rico (US),1976,6.24308781212062,-0.654567385249976
PRI,Puerto Rico (US),1977,5.95068223635388,6.24308781212062
PRI,Puerto Rico (US),1978,6.93194622500064,5.95068223635388
PRI,Puerto Rico (US),1979,7.90682468770329,6.93194622500064
PRI,Puerto Rico (US),1980,4.24346530474689,7.90682468770329
PRI,Puerto Rico (US),1981,1.14794722620853,4.24346530474689
PRI,Puerto Rico (US),1982,-1.55664320893013,1.14794722620853
PRI,Puerto Rico (US),1983,-2.34197463251273,-1.55664320893013
PRI,Puerto Rico (US),1984,5.92868652808995,-2.34197463251273
PRI,Puerto Rico (US),1985,3.09744264466305,5.92868652808995
PRI,Puerto Rico (US),1986,4.9773674499896,3.09744264466305
PRI,Puerto Rico (US),1987,5.76899890364437,4.9773674499896
PRI,Puerto Rico (US),1988,5.88837273658802,5.76899890364437
PRI,Puerto Rico (US),1989,4.33495239845647,5.88837273658802
PRI,Puerto Rico (US),1990,-2.84054072711358,4.33495239845647
PRI,Puerto Rico (US),1991,2.30439118770069,-2.84054072711358
PRI,Puerto Rico (US),1992,4.56405181441349,2.30439118770069
PRI,Puerto Rico (US),1993,4.64452705678092,4.56405181441349
PRI,Puerto Rico (US),1994,4.18595858478139,4.64452705678092
PRI,Puerto Rico (US),1995,4.54898802663489,4.18595858478139
PRI,Puerto Rico (US),1996,2.31370752929453,4.54898802663489
PRI,Puerto Rico (US),1997,4.88008720859467,2.31370752929453
PRI,Puerto Rico (US),1998,5.53072563643605,4.88008720859467
PRI,Puerto Rico (US),1999,5.38969990123002,5.53072563643605
PRI,Puerto Rico (US),2000,3.27196451910478,5.38969990123002
PRI,Puerto Rico (US),2001,6.31347157694064,3.27196451910478
PRI,Puerto Rico (US),2002,0.916459423425337,6.31347157694064
PRI,Puerto Rico (US),2003,0.0534198017173964,0.916459423425337
PRI,Puerto Rico (US),2004,8.7486769008168,0.0534198017173964
PRI,Puerto Rico (US),2005,-1.98693871772703,8.7486769008168
PRI,Puerto Rico (US),2006,-1.40941405684823,-1.98693871772703
PRI,Puerto Rico (US),2007,-1.16280665573993,-1.40941405684823
PRI,Puerto Rico (US),2008,-1.84413421831884,-1.16280665573993
PRI,Puerto Rico (US),2009,-1.95242518381124,-1.84413421831884
PRI,Puerto Rico (US),2010,-0.413254119172365,-1.95242518381124
PRI,Puerto Rico (US),2011,-0.358510636850312,-0.413254119172365
PRI,Puerto Rico (US),2012,0.0292751500944064,-0.358510636850312
PRI,Puerto Rico (US),2013,-0.306826666941774,0.0292751500944064
PRI,Puerto Rico (US),2014,-1.19036347346942,-0.306826666941774
PRI,Puerto Rico (US),2015,-1.04929003238674,-1.19036347346942
PRI,Puerto Rico (US),2016,-1.26369434781117,-1.04929003238674
PRI,Puerto Rico (US),2017,-2.88521838398481,-1.26369434781117
PRI,Puerto Rico (US),2018,-4.36142703162535,-2.88521838398481
PRI,Puerto Rico (US),2019,1.67546379498209,-4.36142703162535
PRI,Puerto Rico (US),2020,-4.1808743093346,1.67546379498209
PRI,Puerto Rico (US),2021,0.385222719529239,-4.1808743093346
PRI,Puerto Rico (US),2022,2.95709565499587,0.385222719529239
PRI,Puerto Rico (US),2023,0.731492105366186,2.95709565499587
PRI,Puerto Rico (US),2024,3.17707554784896,0.731492105366186
PRI,Puerto Rico (US),2025,0.317670046196895,3.17707554784896
PRT,Portugal,1962,6.61444657322659,5.53490446482866
PRT,Portugal,1963,5.87370138713079,6.61444657322659
PRT,Portugal,1964,6.31074750083511,5.87370138713079
PRT,Portugal,1965,7.46898966740095,6.31074750083511
PRT,Portugal,1966,4.07790851389984,7.46898966740095
PRT,Portugal,1967,7.54448267869383,4.07790851389984
PRT,Portugal,1968,8.87550967399879,7.54448267869383
PRT,Portugal,1969,2.12074172405788,8.87550967399879
PRT,Portugal,1970,9.11384270152895,2.12074172405788
PRT,Portugal,1971,6.63165162093394,9.11384270152895
PRT,Portugal,1972,8.01569616394021,6.63165162093394
PRT,Portugal,1973,11.2006718999033,8.01569616394021
PRT,Portugal,1974,1.14285965477239,11.2006718999033
PRT,Portugal,1975,-4.34763043220784,1.14285965477239
PRT,Portugal,1976,6.90023019372026,-4.34763043220784
PRT,Portugal,1977,5.60259779264088,6.90023019372026
PRT,Portugal,1978,2.81596606697316,5.60259779264088
PRT,Portugal,1979,5.63893733004393,2.81596606697316
PRT,Portugal,1980,4.58934022380851,5.63893733004393
PRT,Portugal,1981,1.61810337594387,4.58934022380851
PRT,Portugal,1982,2.1353747657862,1.61810337594387
PRT,Portugal,1983,-0.173112539564684,2.1353747657862
PRT,Portugal,1984,-1.87997986277209,-0.173112539564684
PRT,Portugal,1985,2.80743961484895,-1.87997986277209
PRT,Portugal,1986,4.14095608461172,2.80743961484895
PRT,Portugal,1987,6.38139391332237,4.14095608461172
PRT,Portugal,1988,7.4891073628233,6.38139391332237
PRT,Portugal,1989,6.44063956353789,7.4891073628233
PRT,Portugal,1990,3.95052317228428,6.44063956353789
PRT,Portugal,1991,4.36820616663232,3.95052317228428
PRT,Portugal,1992,1.08947689832507,4.36820616663232
PRT,Portugal,1993,-2.04327729359404,1.08947689832507
PRT,Portugal,1994,0.964838285067799,-2.04327729359404
PRT,Portugal,1995,4.28278017236022,0.964838285067799
PRT,Portugal,1996,3.50424653058748,4.28278017236022
PRT,Portugal,1997,4.40086766458026,3.50424653058748
PRT,Portugal,1998,4.80796318953165,4.40086766458026
PRT,Portugal,1999,3.90657779623113,4.80796318953165
PRT,Portugal,2000,3.81617714108242,3.90657779623113
PRT,Portugal,2001,1.94367213427915,3.81617714108242
PRT,Portugal,2002,0.770924781247714,1.94367213427915
PRT,Portugal,2003,-0.930521045062918,0.770924781247714
PRT,Portugal,2004,1.78873552917291,-0.930521045062918
PRT,Portugal,2005,0.781847569123585,1.78873552917291
PRT,Portugal,2006,1.62503532956156,0.781847569123585
PRT,Portugal,2007,2.50657937751231,1.62503532956156
PRT,Portugal,2008,0.319247344434558,2.50657937751231
PRT,Portugal,2009,-3.12207827545093,0.319247344434558
PRT,Portugal,2010,1.73762453640036,-3.12207827545093
PRT,Portugal,2011,-1.71352745905065,1.73762453640036
PRT,Portugal,2012,-4.05090267621935,-1.71352745905065
PRT,Portugal,2013,-0.984106574148328,-4.05090267621935
PRT,Portugal,2014,0.741391420706506,-0.984106574148328
PRT,Portugal,2015,1.58979803702681,0.741391420706506
PRT,Portugal,2016,2.00414129666575,1.58979803702681
PRT,Portugal,2017,3.31472008175986,2.00414129666575
PRT,Portugal,2018,2.94628343449202,3.31472008175986
PRT,Portugal,2019,2.74568432648596,2.94628343449202
PRT,Portugal,2020,-8.20463159324387,2.74568432648596
PRT,Portugal,2021,5.55875672070374,-8.20463159324387
PRT,Portugal,2022,6.98584137580278,5.55875672070374
PRT,Portugal,2023,3.09998745904281,6.98584137580278
PRT,Portugal,2024,2.21459232301109,3.09998745904281
PRT,Portugal,2025,1.86448007464475,2.21459232301109
PRY,Paraguay,1962,3.30025851602093,6.90028551422945
PRY,Paraguay,1963,4.71029133985073,3.30025851602093
PRY,Paraguay,1964,4.21247735945683,4.71029133985073
PRY,Paraguay,1965,6.16797475642743,4.21247735945683
PRY,Paraguay,1966,1.99150333527275,6.16797475642743
PRY,Paraguay,1967,9.15036720414034,1.99150333527275
PRY,Paraguay,1968,4.52707384188076,9.15036720414034
PRY,Paraguay,1969,4.70115140770775,4.52707384188076
PRY,Paraguay,1970,5.55342573311894,4.70115140770775
PRY,Paraguay,1971,5.538151942856,5.55342573311894
PRY,Paraguay,1972,6.63129747573396,5.538151942856
PRY,Paraguay,1973,7.30281290740682,6.63129747573396
PRY,Paraguay,1974,8.38152543650033,7.30281290740682
PRY,Paraguay,1975,6.85244471412953,8.38152543650033
PRY,Paraguay,1976,7.52594953142729,6.85244471412953
PRY,Paraguay,1977,11.4940816019955,7.52594953142729
PRY,Paraguay,1978,12.0287299461216,11.4940816019955
PRY,Paraguay,1979,11.862146971295,12.0287299461216
PRY,Paraguay,1980,11.712145943448,11.862146971295
PRY,Paraguay,1981,9.17045884942912,11.712145943448
PRY,Paraguay,1982,-1.39761771803515,9.17045884942912
PRY,Paraguay,1983,-3.0426178847186,-1.39761771803515
PRY,Paraguay,1984,2.81659944601458,-3.0426178847186
PRY,Paraguay,1985,4.5231356783092,2.81659944601458
PRY,Paraguay,1986,4.96483566571362,4.5231356783092
PRY,Paraguay,1987,7.58230437604178,4.96483566571362
PRY,Paraguay,1988,5.91537206556045,7.58230437604178
PRY,Paraguay,1989,6.93520391103523,5.91537206556045
PRY,Paraguay,1990,4.12328287941739,6.93520391103523
PRY,Paraguay,1991,3.49365015491472,4.12328287941739
PRY,Paraguay,1992,1.69642801124701,3.49365015491472
PRY,Paraguay,1993,4.93635941475281,1.69642801124701
PRY,Paraguay,1994,5.31791766023942,4.93635941475281
PRY,Paraguay,1995,6.82281030358578,5.31791766023942
PRY,Paraguay,1996,1.57378513175006,6.82281030358578
PRY,Paraguay,1997,4.24251610269859,1.57378513175006
PRY,Paraguay,1998,0.0680377558080636,4.24251610269859
PRY,Paraguay,1999,-1.36607971240079,0.0680377558080636
PRY,Paraguay,2000,-2.31414056819045,-1.36607971240079
PRY,Paraguay,2001,-0.834054716746095,-2.31414056819045
PRY,Paraguay,2002,-0.0214043949985694,-0.834054716746095
PRY,Paraguay,2003,4.32074548551591,-0.0214043949985694
PRY,Paraguay,2004,4.05741836363771,4.32074548551591
PRY,Paraguay,2005,2.13349066459601,4.05741836363771
PRY,Paraguay,2006,4.80711719268376,2.13349066459601
PRY,Paraguay,2007,5.42162287218235,4.80711719268376
PRY,Paraguay,2008,6.4962921197091,5.42162287218235
PRY,Paraguay,2009,-0.261137328080281,6.4962921197091
PRY,Paraguay,2010,11.0952312685521,-0.261137328080281
PRY,Paraguay,2011,4.28637120702282,11.0952312685521
PRY,Paraguay,2012,-0.708043112316886,4.28637120702282
PRY,Paraguay,2013,8.29307648940471,-0.708043112316886
PRY,Paraguay,2014,5.30123864473624,8.29307648940471
PRY,Paraguay,2015,2.95715168367079,5.30123864473624
PRY,Paraguay,2016,4.26802583314583,2.95715168367079
PRY,Paraguay,2017,4.81007885554041,4.26802583314583
PRY,Paraguay,2018,3.20425034076639,4.81007885554041
PRY,Paraguay,2019,-0.40185510068001,3.20425034076639
PRY,Paraguay,2020,-0.819785390971916,-0.40185510068001
PRY,Paraguay,2021,3.99461510731535,-0.819785390971916
PRY,Paraguay,2022,-0.0280771723899278,3.99461510731535
PRY,Paraguay,2023,5.28584584975323,-0.0280771723899278
PRY,Paraguay,2024,4.66914577981763,5.28584584975323
PRY,Paraguay,2025,6.64262511156879,4.66914577981763
PSE,West Bank and Gaza,1996,1.21453753437805,7.11785989679103
PSE,West Bank and Gaza,1997,14.6676392814808,1.21453753437805
PSE,West Bank and Gaza,1998,14.3341073189351,14.6676392814808
PSE,West Bank and Gaza,1999,8.28059145094657,14.3341073189351
PSE,West Bank and Gaza,2000,-8.5555726838292,8.28059145094657
PSE,West Bank and Gaza,2001,-9.31108114182962,-8.5555726838292
PSE,West Bank and Gaza,2002,-12.4883821798129,-9.31108114182962
PSE,West Bank and Gaza,2003,14.0156476793996,-12.4883821798129
PSE,West Bank and Gaza,2004,21.9244861205987,14.0156476793996
PSE,West Bank and Gaza,2005,11.2906511829271,21.9244861205987
PSE,West Bank and Gaza,2006,-0.996556103477076,11.2906511829271
PSE,West Bank and Gaza,2007,3.78828152085981,-0.996556103477076
PSE,West Bank and Gaza,2008,7.42918225547835,3.78828152085981
PSE,West Bank and Gaza,2009,8.59349087893864,7.42918225547835
PSE,West Bank and Gaza,2010,5.77736205629419,8.59349087893864
PSE,West Bank and Gaza,2011,9.60080848913594,5.77736205629419
PSE,West Bank and Gaza,2012,6.09645656326154,9.60080848913594
PSE,West Bank and Gaza,2013,4.69856986552234,6.09645656326154
PSE,West Bank and Gaza,2014,-0.157866650855297,4.69856986552234
PSE,West Bank and Gaza,2015,3.72129967114788,-0.157866650855297
PSE,West Bank and Gaza,2016,8.86461881995935,3.72129967114788
PSE,West Bank and Gaza,2017,1.41936756294787,8.86461881995935
PSE,West Bank and Gaza,2018,1.22707737782703,1.41936756294787
PSE,West Bank and Gaza,2019,1.36268746558062,1.22707737782703
PSE,West Bank and Gaza,2020,-11.3184661065134,1.36268746558062
PSE,West Bank and Gaza,2021,7.01198227592003,-11.3184661065134
PSE,West Bank and Gaza,2022,4.08276027347105,7.01198227592003
PSE,West Bank and Gaza,2023,-0.97217780620403,4.08276027347105
PSE,West Bank and Gaza,2024,-22.8573273913324,-0.97217780620403
PSE,West Bank and Gaza,2025,4.34444072337577,-22.8573273913324
PSS,Pacific island small states,1972,5.43068759695294,6.32806586206792
PSS,Pacific island small states,1973,10.9590752577258,5.43068759695294
PSS,Pacific island small states,1974,3.07566245372131,10.9590752577258
PSS,Pacific island small states,1975,0.417047833326237,3.07566245372131
PSS,Pacific island small states,1976,1.00579893116543,0.417047833326237
PSS,Pacific island small states,1977,3.31279924030797,1.00579893116543
PSS,Pacific island small states,1978,2.10405443251045,3.31279924030797
PSS,Pacific island small states,1979,8.53586380296107,2.10405443251045
PSS,Pacific island small states,1980,-3.4509817532665,8.53586380296107
PSS,Pacific island small states,1981,3.0077451133359,-3.4509817532665
PSS,Pacific island small states,1982,-3.19078782067105,3.0077451133359
PSS,Pacific island small states,1983,-1.11789219880384,-3.19078782067105
PSS,Pacific island small states,1984,5.3382682252205,-1.11789219880384
PSS,Pacific island small states,1985,-1.68531671982379,5.3382682252205
PSS,Pacific island small states,1986,5.22928759504542,-1.68531671982379
PSS,Pacific island small states,1987,-2.03127355813419,5.22928759504542
PSS,Pacific island small states,1988,1.11810994999213,-2.03127355813419
PSS,Pacific island small states,1989,4.49601225050407,1.11810994999213
PSS,Pacific island small states,1990,3.72117537049812,4.49601225050407
PSS,Pacific island small states,1991,-0.499544846260534,3.72117537049812
PSS,Pacific island small states,1992,4.76994267534403,-0.499544846260534
PSS,Pacific island small states,1993,1.85707626107261,4.76994267534403
PSS,Pacific island small states,1994,4.80793993713611,1.85707626107261
PSS,Pacific island small states,1995,4.36230382981853,4.80793993713611
PSS,Pacific island small states,1996,2.96264298399427,4.36230382981853
PSS,Pacific island small states,1997,-1.22848909475444,2.96264298399427
PSS,Pacific island small states,1998,1.41844929495818,-1.22848909475444
PSS,Pacific island small states,1999,4.2025708419623,1.41844929495818
PSS,Pacific island small states,2000,-1.46386418136707,4.2025708419623
PSS,Pacific island small states,2001,0.851056119322408,-1.46386418136707
PSS,Pacific island small states,2002,1.92426910278931,0.851056119322408
PSS,Pacific island small states,2003,1.91734839547497,1.92426910278931
PSS,Pacific island small states,2004,3.9717982000513,1.91734839547497
PSS,Pacific island small states,2005,2.47160106548574,3.9717982000513
PSS,Pacific island small states,2006,2.39839602432967,2.47160106548574
PSS,Pacific island small states,2007,0.133715934680481,2.39839602432967
PSS,Pacific island small states,2008,1.98958878437561,0.133715934680481
PSS,Pacific island small states,2009,-0.499626121005079,1.98958878437561
PSS,Pacific island small states,2010,3.61551469762773,-0.499626121005079
PSS,Pacific island small states,2011,3.84498686299419,3.61551469762773
PSS,Pacific island small states,2012,1.04275828193174,3.84498686299419
PSS,Pacific island small states,2013,3.24964380089334,1.04275828193174
PSS,Pacific island small states,2014,3.57900775268514,3.24964380089334
PSS,Pacific island small states,2015,3.97583679136102,3.57900775268514
PSS,Pacific island small states,2016,3.74906305678715,3.97583679136102
PSS,Pacific island small states,2017,3.88507048124241,3.74906305678715
PSS,Pacific island small states,2018,2.72310809047187,3.88507048124241
PSS,Pacific island small states,2019,1.1632387186459,2.72310809047187
PSS,Pacific island small states,2020,-10.2465615365926,1.1632387186459
PSS,Pacific island small states,2021,-2.62004384629151,-10.2465615365926
PSS,Pacific island small states,2022,8.33511772575022,-2.62004384629151
PSS,Pacific island small states,2023,7.23510889764707,8.33511772575022
PSS,Pacific island small states,2024,3.66740238652645,7.23510889764707
PSS,Pacific island small states,2025,3.31927523064815,3.66740238652645
PST,Post-demographic dividend,1962,5.56996626436413,4.35029600967607
PST,Post-demographic dividend,1963,5.01897070593122,5.56996626436413
PST,Post-demographic dividend,1964,6.41394940500506,5.01897070593122
PST,Post-demographic dividend,1965,5.53266650137859,6.41394940500506
PST,Post-demographic dividend,1966,5.49746372238009,5.53266650137859
PST,Post-demographic dividend,1967,3.78268391943269,5.49746372238009
PST,Post-demographic dividend,1968,5.867539762707,3.78268391943269
PST,Post-demographic dividend,1969,5.5710691896264,5.867539762707
PST,Post-demographic dividend,1970,2.67798795980379,5.5710691896264
PST,Post-demographic dividend,1971,3.53417972312904,2.67798795980379
PST,Post-demographic dividend,1972,5.23912176839497,3.53417972312904
PST,Post-demographic dividend,1973,6.15345295470833,5.23912176839497
PST,Post-demographic dividend,1974,0.998629155650193,6.15345295470833
PST,Post-demographic dividend,1975,0.235343283513956,0.998629155650193
PST,Post-demographic dividend,1976,4.7839150033749,0.235343283513956
PST,Post-demographic dividend,1977,3.68598846020929,4.7839150033749
PST,Post-demographic dividend,1978,4.26347166145302,3.68598846020929
PST,Post-demographic dividend,1979,3.7811261638461,4.26347166145302
PST,Post-demographic dividend,1980,1.02238905726513,3.7811261638461
PST,Post-demographic dividend,1981,1.900020272178,1.02238905726513
PST,Post-demographic dividend,1982,0.259416895854784,1.900020272178
PST,Post-demographic dividend,1983,3.12309236959783,0.259416895854784
PST,Post-demographic dividend,1984,4.86550403932738,3.12309236959783
PST,Post-demographic dividend,1985,3.67215869407266,4.86550403932738
PST,Post-demographic dividend,1986,3.26562188955594,3.67215869407266
PST,Post-demographic dividend,1987,3.5231841471514,3.26562188955594
PST,Post-demographic dividend,1988,4.6345240284916,3.5231841471514
PST,Post-demographic dividend,1989,3.75591912859056,4.6345240284916
PST,Post-demographic dividend,1990,2.67596023506147,3.75591912859056
PST,Post-demographic dividend,1991,1.02530751228034,2.67596023506147
PST,Post-demographic dividend,1992,1.94121572623177,1.02530751228034
PST,Post-demographic dividend,1993,1.19224425343225,1.94121572623177
PST,Post-demographic dividend,1994,3.26235939315312,1.19224425343225
PST,Post-demographic dividend,1995,2.80115085257991,3.26235939315312
PST,Post-demographic dividend,1996,2.93350354027118,2.80115085257991
PST,Post-demographic dividend,1997,3.48067502216732,2.93350354027118
PST,Post-demographic dividend,1998,2.7442411997127,3.48067502216732
PST,Post-demographic dividend,1999,3.54182074768295,2.7442411997127
PST,Post-demographic dividend,2000,4.08593231425579,3.54182074768295
PST,Post-demographic dividend,2001,1.50646517887505,4.08593231425579
PST,Post-demographic dividend,2002,1.53655294052868,1.50646517887505
PST,Post-demographic dividend,2003,2.00971709302573,1.53655294052868
PST,Post-demographic dividend,2004,3.19457986158488,2.00971709302573
PST,Post-demographic dividend,2005,2.80227642192794,3.19457986158488
PST,Post-demographic dividend,2006,2.95414307023958,2.80227642192794
PST,Post-demographic dividend,2007,2.59763145430432,2.95414307023958
PST,Post-demographic dividend,2008,0.367939451129118,2.59763145430432
PST,Post-demographic dividend,2009,-3.3891508211187,0.367939451129118
PST,Post-demographic dividend,2010,2.90884187925629,-3.3891508211187
PST,Post-demographic dividend,2011,1.6356329351827,2.90884187925629
PST,Post-demographic dividend,2012,1.27044703966143,1.6356329351827
PST,Post-demographic dividend,2013,1.52350189398453,1.27044703966143
PST,Post-demographic dividend,2014,2.08004088630904,1.52350189398453
PST,Post-demographic dividend,2015,2.25737860257307,2.08004088630904
PST,Post-demographic dividend,2016,1.80639608099386,2.25737860257307
PST,Post-demographic dividend,2017,2.47944817538426,1.80639608099386
PST,Post-demographic dividend,2018,2.28758807836371,2.47944817538426
PST,Post-demographic dividend,2019,1.82164159324701,2.28758807836371
PST,Post-demographic dividend,2020,-4.03866257492757,1.82164159324701
PST,Post-demographic dividend,2021,5.82057405938134,-4.03866257492757
PST,Post-demographic dividend,2022,2.86042677787768,5.82057405938134
PST,Post-demographic dividend,2023,1.79595440239152,2.86042677787768
PST,Post-demographic dividend,2024,1.77944527022298,1.79595440239152
PST,Post-demographic dividend,2025,1.6533096131564,1.77944527022298
PYF,French Polynesia,1967,-4.73916661693772,9.57657823549394
PYF,French Polynesia,1968,14.9308021425117,-4.73916661693772
PYF,French Polynesia,1969,-2.6859410147583,14.9308021425117
PYF,French Polynesia,1970,1.62671133857395,-2.6859410147583
PYF,French Polynesia,1971,12.0024086478023,1.62671133857395
PYF,French Polynesia,1972,-4.69507873236614,12.0024086478023
PYF,French Polynesia,1973,7.80256111911721,-4.69507873236614
PYF,French Polynesia,1974,18.0010489103309,7.80256111911721
PYF,French Polynesia,1975,-4.9027023963948,18.0010489103309
PYF,French Polynesia,1976,8.20361632558698,-4.9027023963948
PYF,French Polynesia,1977,2.07899270297354,8.20361632558698
PYF,French Polynesia,1978,9.89255930015017,2.07899270297354
PYF,French Polynesia,1979,3.92592417751565,9.89255930015017
PYF,French Polynesia,1980,0.484901260469812,3.92592417751565
PYF,French Polynesia,1981,2.64602287726119,0.484901260469812
PYF,French Polynesia,1982,1.69858955690449,2.64602287726119
PYF,French Polynesia,1983,2.41965535795332,1.69858955690449
PYF,French Polynesia,1984,2.36029244995161,2.41965535795332
PYF,French Polynesia,1985,-1.17078821581741,2.36029244995161
PYF,French Polynesia,1986,13.547794530533,-1.17078821581741
PYF,French Polynesia,1987,1.26983032278699,13.547794530533
PYF,French Polynesia,1988,-3.59863214234593,1.26983032278699
PYF,French Polynesia,1989,2.15788092546244,-3.59863214234593
PYF,French Polynesia,1990,0.129883207294256,2.15788092546244
PYF,French Polynesia,1991,3.65552681908341,0.129883207294256
PYF,French Polynesia,1992,-1.45738829064787,3.65552681908341
PYF,French Polynesia,1993,-1.29768260234859,-1.45738829064787
PYF,French Polynesia,1994,-1.66632516413321,-1.29768260234859
PYF,French Polynesia,1995,-0.388969416903137,-1.66632516413321
PYF,French Polynesia,1996,-0.668536562658289,-0.388969416903137
PYF,French Polynesia,1997,-0.122814651501315,-0.668536562658289
PYF,French Polynesia,1998,1.73337439996173,-0.122814651501315
PYF,French Polynesia,1999,1.89053278745592,1.73337439996173
PYF,French Polynesia,2000,3.24541101308193,1.89053278745592
PYF,French Polynesia,2001,-0.341595578089056,3.24541101308193
PYF,French Polynesia,2002,0.846181482808589,-0.341595578089056
PYF,French Polynesia,2003,2.1269288487261,0.846181482808589
PYF,French Polynesia,2004,0.971259129987544,2.1269288487261
PYF,French Polynesia,2005,0.309973476180005,0.971259129987544
PYF,French Polynesia,2006,0.889584117597607,0.309973476180005
PYF,French Polynesia,2007,1.70497563803002,0.889584117597607
PYF,French Polynesia,2008,0.00676755066312751,1.70497563803002
PYF,French Polynesia,2009,-4.23139183069446,0.00676755066312751
PYF,French Polynesia,2010,-2.4660641898174,-4.23139183069446
PYF,French Polynesia,2011,-2.96195745427229,-2.4660641898174
PYF,French Polynesia,2012,-0.927537712532072,-2.96195745427229
PYF,French Polynesia,2013,0.398801414346934,-0.927537712532072
PYF,French Polynesia,2014,0.593554452942286,0.398801414346934
PYF,French Polynesia,2015,1.80334081452726,0.593554452942286
PYF,French Polynesia,2016,2.30219823670438,1.80334081452726
PYF,French Polynesia,2017,4.29263363103487,2.30219823670438
PYF,French Polynesia,2018,1.80687498305207,4.29263363103487
PYF,French Polynesia,2019,2.68946658143334,1.80687498305207
PYF,French Polynesia,2020,-10.5738138632489,2.68946658143334
PYF,French Polynesia,2021,3.36590242421546,-10.5738138632489
PYF,French Polynesia,2022,2.9373470716322,3.36590242421546
PYF,French Polynesia,2023,2.77284077155413,2.9373470716322
PYF,French Polynesia,2024,1.12638897730247,2.77284077155413
QAT,Qatar,1972,11.0793894825657,10.0078516626193
QAT,Qatar,1973,10.784895214101,11.0793894825657
QAT,Qatar,1974,5.9382528780129,10.784895214101
QAT,Qatar,1975,5.87913245017711,5.9382528780129
QAT,Qatar,1976,8.34891213463509,5.87913245017711
QAT,Qatar,1977,-7.30543318661847,8.34891213463509
QAT,Qatar,1978,8.86336633607512,-7.30543318661847
QAT,Qatar,1979,5.22773574019952,8.86336633607512
QAT,Qatar,1980,-1.01642177991283,5.22773574019952
QAT,Qatar,1981,0.900972101477819,-1.01642177991283
QAT,Qatar,1982,-6.87449413853426,0.900972101477819
QAT,Qatar,1983,-1.82516541437688,-6.87449413853426
QAT,Qatar,1984,4.65773767027437,-1.82516541437688
QAT,Qatar,1985,-2.12017026850029,4.65773767027437
QAT,Qatar,1986,5.33578656853717,-2.12017026850029
QAT,Qatar,1987,0.0449913987032176,5.33578656853717
QAT,Qatar,1988,5.90444950002646,0.0449913987032176
QAT,Qatar,1989,6.2222111205475,5.90444950002646
QAT,Qatar,1990,3.41446208112872,6.2222111205475
QAT,Qatar,1991,-1.66223257584981,3.41446208112872
QAT,Qatar,1992,11.3305277401187,-1.66223257584981
QAT,Qatar,1993,-1.32513607105912,11.3305277401187
QAT,Qatar,1994,1.41870838953481,-1.32513607105912
QAT,Qatar,1995,2.3992362961452,1.41870838953481
QAT,Qatar,1996,4.3739105695453,2.3992362961452
QAT,Qatar,1997,30.0120397093796,4.3739105695453
QAT,Qatar,1998,11.2186524616371,30.0120397093796
QAT,Qatar,1999,4.28406436325426,11.2186524616371
QAT,Qatar,2000,8.02812548837973,4.28406436325426
QAT,Qatar,2001,3.89814748805541,8.02812548837973
QAT,Qatar,2002,7.18252331136711,3.89814748805541
QAT,Qatar,2003,3.7199194981967,7.18252331136711
QAT,Qatar,2004,19.2185032411244,3.7199194981967
QAT,Qatar,2005,7.49272803754515,19.2185032411244
QAT,Qatar,2006,26.17039955781,7.49272803754515
QAT,Qatar,2007,17.9852165615129,26.17039955781
QAT,Qatar,2008,17.6630346842674,17.9852165615129
QAT,Qatar,2009,11.9575512911227,17.6630346842674
QAT,Qatar,2010,16.7315558489187,11.9575512911227
QAT,Qatar,2011,13.0214050496923,16.7315558489187
QAT,Qatar,2012,4.62623675511804,13.0214050496923
QAT,Qatar,2013,4.43070196521455,4.62623675511804
QAT,Qatar,2014,4.11911527912761,4.43070196521455
QAT,Qatar,2015,4.75334572438737,4.11911527912761
QAT,Qatar,2016,3.06419188430156,4.75334572438737
QAT,Qatar,2017,-1.49760470227838,3.06419188430156
QAT,Qatar,2018,1.23487220191065,-1.49760470227838
QAT,Qatar,2019,0.688240954592672,1.23487220191065
QAT,Qatar,2020,-3.5576039896784,0.688240954592672
QAT,Qatar,2021,1.62684671918775,-3.5576039896784
QAT,Qatar,2022,4.18500970982862,1.62684671918775
QAT,Qatar,2023,1.18715991623776,4.18500970982862
QAT,Qatar,2024,3.10963283242745,1.18715991623776
QAT,Qatar,2025,2.90166036660493,3.10963283242745
ROU,Romania,1992,-8.7672284522824,-12.9182107298211
ROU,Romania,1993,1.52883449664077,-8.7672284522824
ROU,Romania,1994,3.93194272962506,1.52883449664077
ROU,Romania,1995,6.23351148371351,3.93194272962506
ROU,Romania,1996,3.90770208816159,6.23351148371351
ROU,Romania,1997,-4.8490627379703,3.90770208816159
ROU,Romania,1998,-2.02981290571721,-4.8490627379703
ROU,Romania,1999,-0.376660705758994,-2.02981290571721
ROU,Romania,2000,2.4612634592269,-0.376660705758994
ROU,Romania,2001,5.21813625673708,2.4612634592269
ROU,Romania,2002,5.70299165043771,5.21813625673708
ROU,Romania,2003,2.34114732919521,5.70299165043771
ROU,Romania,2004,10.4281130180976,2.34114732919521
ROU,Romania,2005,4.6681480508487,10.4281130180976
ROU,Romania,2006,8.02881107599163,4.6681480508487
ROU,Romania,2007,7.23380774362805,8.02881107599163
ROU,Romania,2008,9.30746717077338,7.23380774362805
ROU,Romania,2009,-5.51670615843011,9.30746717077338
ROU,Romania,2010,-3.90581157302972,-5.51670615843011
ROU,Romania,2011,4.49558909946313,-3.90581157302972
ROU,Romania,2012,1.90361696799603,4.49558909946313
ROU,Romania,2013,0.278771877470234,1.90361696799603
ROU,Romania,2014,4.11600109267832,0.278771877470234
ROU,Romania,2015,3.1570360543854,4.11600109267832
ROU,Romania,2016,2.85993252302089,3.1570360543854
ROU,Romania,2017,8.19547826641261,2.85993252302089
ROU,Romania,2018,5.39452228185675,8.19547826641261
ROU,Romania,2019,3.96028958497598,5.39452228185675
ROU,Romania,2020,-3.59802546034757,3.96028958497598
ROU,Romania,2021,5.58735072538869,-3.59802546034757
ROU,Romania,2022,4.18771305104109,5.58735072538869
ROU,Romania,2023,2.25773416555121,4.18771305104109
ROU,Romania,2024,0.916003764382594,2.25773416555121
ROU,Romania,2025,0.677829835052762,0.916003764382594
RUS,Russian Federation,1991,-5.04693945142462,-2.99999564243126
RUS,Russian Federation,1992,-14.5310737729264,-5.04693945142462
RUS,Russian Federation,1993,-8.66854034260423,-14.5310737729264
RUS,Russian Federation,1994,-12.5697559802151,-8.66854034260423
RUS,Russian Federation,1995,-4.1435284052602,-12.5697559802151
RUS,Russian Federation,1996,-3.7550694383594,-4.1435284052602
RUS,Russian Federation,1997,1.3999158052963,-3.7550694383594
RUS,Russian Federation,1998,-5.2999616266239,1.3999158052963
RUS,Russian Federation,1999,6.39991469144101,-5.2999616266239
RUS,Russian Federation,2000,10.0000668136515,6.39991469144101
RUS,Russian Federation,2001,5.10005122572568,10.0000668136515
RUS,Russian Federation,2002,4.69999190914258,5.10005122572568
RUS,Russian Federation,2003,7.29995234528189,4.69999190914258
RUS,Russian Federation,2004,7.19994786954857,7.29995234528189
RUS,Russian Federation,2005,6.39996544799469,7.19994786954857
RUS,Russian Federation,2006,8.20006825456321,6.39996544799469
RUS,Russian Federation,2007,8.49997776916511,8.20006825456321
RUS,Russian Federation,2008,5.19996926404957,8.49997776916511
RUS,Russian Federation,2009,-7.79999391271275,5.19996926404957
RUS,Russian Federation,2010,4.49999999920672,-7.79999391271275
RUS,Russian Federation,2011,4.30002918604238,4.49999999920672
RUS,Russian Federation,2012,4.0240861571798,4.30002918604238
RUS,Russian Federation,2013,1.75542214916291,4.0240861571798
RUS,Russian Federation,2014,0.736267221403651,1.75542214916291
RUS,Russian Federation,2015,-1.9727192264298,0.736267221403651
RUS,Russian Federation,2016,0.193671130698817,-1.9727192264298
RUS,Russian Federation,2017,1.82670527549192,0.193671130698817
RUS,Russian Federation,2018,2.80634082046656,1.82670527549192
RUS,Russian Federation,2019,2.19807571381982,2.80634082046656
RUS,Russian Federation,2020,-2.65365449695453,2.19807571381982
RUS,Russian Federation,2021,5.866491772979,-2.65365449695453
RUS,Russian Federation,2022,-1.43537063467896,5.866491772979
RUS,Russian Federation,2023,4.06661395813023,-1.43537063467896
RUS,Russian Federation,2024,4.92167966203073,4.06661395813023
RUS,Russian Federation,2025,1.00117656925738,4.92167966203073
RWA,Rwanda,1962,11.3337983684303,-4.29752604722353
RWA,Rwanda,1963,-9.82044441324081,11.3337983684303
RWA,Rwanda,1964,-12.4649926826467,-9.82044441324081
RWA,Rwanda,1965,7.0095292549901,-12.4649926826467
RWA,Rwanda,1966,7.00891082281601,7.0095292549901
RWA,Rwanda,1967,6.91601750997985,7.00891082281601
RWA,Rwanda,1968,7.01378092757933,6.91601750997985
RWA,Rwanda,1969,11.0073701491938,7.01378092757933
RWA,Rwanda,1970,6.00142524647727,11.0073701491938
RWA,Rwanda,1971,1.20664070130931,6.00142524647727
RWA,Rwanda,1972,0.263068266748732,1.20664070130931
RWA,Rwanda,1973,3.43808814067405,0.263068266748732
RWA,Rwanda,1974,1.4098235737507,3.43808814067405
RWA,Rwanda,1975,-2.1138254244522,1.4098235737507
RWA,Rwanda,1976,19.5045771724678,-2.1138254244522
RWA,Rwanda,1977,1.99410948126528,19.5045771724678
RWA,Rwanda,1978,9.15084081575198,1.99410948126528
RWA,Rwanda,1979,11.8699080379506,9.15084081575198
RWA,Rwanda,1980,8.95161232959165,11.8699080379506
RWA,Rwanda,1981,5.43619947877283,8.95161232959165
RWA,Rwanda,1982,1.8108464472071,5.43619947877283
RWA,Rwanda,1983,5.98034993449889,1.8108464472071
RWA,Rwanda,1984,-4.24077327763511,5.98034993449889
RWA,Rwanda,1985,4.40274833269652,-4.24077327763511
RWA,Rwanda,1986,5.47213748768876,4.40274833269652
RWA,Rwanda,1987,-0.0240361088552561,5.47213748768876
RWA,Rwanda,1988,4.4988249932594,-0.0240361088552561
RWA,Rwanda,1989,-0.036534273188181,4.4988249932594
RWA,Rwanda,1990,-2.39929109760368,-0.036534273188181
RWA,Rwanda,1991,-2.51437965434005,-2.39929109760368
RWA,Rwanda,1992,5.87272524167311,-2.51437965434005
RWA,Rwanda,1993,-8.10869188180605,5.87272524167311
RWA,Rwanda,1994,-50.2480671035291,-8.10869188180605
RWA,Rwanda,1995,35.224078310176,-50.2480671035291
RWA,Rwanda,1996,12.7456957642204,35.224078310176
RWA,Rwanda,1997,13.8497524852284,12.7456957642204
RWA,Rwanda,1998,8.85866949472509,13.8497524852284
RWA,Rwanda,1999,4.35188831823314,8.85866949472509
RWA,Rwanda,2000,8.37089593573039,4.35188831823314
RWA,Rwanda,2001,8.48456034086699,8.37089593573039
RWA,Rwanda,2002,13.1920736288433,8.48456034086699
RWA,Rwanda,2003,2.2023875095978,13.1920736288433
RWA,Rwanda,2004,7.44766737037035,2.2023875095978
RWA,Rwanda,2005,9.37789916585375,7.44766737037035
RWA,Rwanda,2006,9.22707576994632,9.37789916585375
RWA,Rwanda,2007,7.63329819042882,9.22707576994632
RWA,Rwanda,2008,11.161247324054,7.63329819042882
RWA,Rwanda,2009,6.24825750704265,11.161247324054
RWA,Rwanda,2010,7.33465645016436,6.24825750704265
RWA,Rwanda,2011,7.95838869909085,7.33465645016436
RWA,Rwanda,2012,8.64150815708138,7.95838869909085
RWA,Rwanda,2013,4.71984856950924,8.64150815708138
RWA,Rwanda,2014,5.66845354233575,4.71984856950924
RWA,Rwanda,2015,8.87036752872743,5.66845354233575
RWA,Rwanda,2016,5.65874584202778,8.87036752872743
RWA,Rwanda,2017,4.70393439751061,5.65874584202778
RWA,Rwanda,2018,8.07084254621641,4.70393439751061
RWA,Rwanda,2019,9.28613387454543,8.07084254621641
RWA,Rwanda,2020,-2.77710485515125,9.28613387454543
RWA,Rwanda,2021,8.41140448646523,-2.77710485515125
RWA,Rwanda,2022,9.82497394651698,8.41140448646523
RWA,Rwanda,2023,8.55964292914153,9.82497394651698
RWA,Rwanda,2024,7.22717103344534,8.55964292914153
RWA,Rwanda,2025,9.37579834182446,7.22717103344534
SAS,South Asia,1962,3.28476313771668,4.00659385738822
SAS,South Asia,1963,4.89741133107454,3.28476313771668
SAS,South Asia,1964,7.78194010983692,4.89741133107454
SAS,South Asia,1965,-1.85576964093595,7.78194010983692
SAS,South Asia,1966,0.629214317590666,-1.85576964093595
SAS,South Asia,1967,6.20931184210744,0.629214317590666
SAS,South Asia,1968,4.23185397581373,6.20931184210744
SAS,South Asia,1969,5.81617760080313,4.23185397581373
SAS,South Asia,1970,5.12087082083555,5.81617760080313
SAS,South Asia,1971,0.642525246928713,5.12087082083555
SAS,South Asia,1972,-2.15028550274306,0.642525246928713
SAS,South Asia,1973,3.38171314196398,-2.15028550274306
SAS,South Asia,1974,2.3070877134364,3.38171314196398
SAS,South Asia,1975,7.31720705153045,2.3070877134364
SAS,South Asia,1976,2.19934107739567,7.31720705153045
SAS,South Asia,1977,6.59954228907363,2.19934107739567
SAS,South Asia,1978,5.83764199099477,6.59954228907363
SAS,South Asia,1979,-3.55419942546843,5.83764199099477
SAS,South Asia,1980,5.87205784803074,-3.55419942546843
SAS,South Asia,1981,6.17408394428251,5.87205784803074
SAS,South Asia,1982,3.35649803154769,6.17408394428251
SAS,South Asia,1983,6.64821859374392,3.35649803154769
SAS,South Asia,1984,4.09563426889127,6.64821859374392
SAS,South Asia,1985,5.06556320006719,4.09563426889127
SAS,South Asia,1986,4.70175961499007,5.06556320006719
SAS,South Asia,1987,3.83198936257934,4.70175961499007
SAS,South Asia,1988,8.52064264766254,3.83198936257934
SAS,South Asia,1989,5.46916302240537,8.52064264766254
SAS,South Asia,1990,5.58717150245801,5.46916302240537
SAS,South Asia,1991,1.51514935351003,5.58717150245801
SAS,South Asia,1992,5.41236767045154,1.51514935351003
SAS,South Asia,1993,4.82260448638672,5.41236767045154
SAS,South Asia,1994,6.36732623697335,4.82260448638672
SAS,South Asia,1995,7.19762953250951,6.36732623697335
SAS,South Asia,1996,7.0743060399513,7.19762953250951
SAS,South Asia,1997,4.21061775642937,7.0743060399513
SAS,South Asia,1998,5.98554453313913,4.21061775642937
SAS,South Asia,1999,8.20855528519759,5.98554453313913
SAS,South Asia,2000,4.08685651061379,8.20855528519759
SAS,South Asia,2001,4.57324198800495,4.08685651061379
SAS,South Asia,2002,3.77199800158957,4.57324198800495
SAS,South Asia,2003,7.46572456516969,3.77199800158957
SAS,South Asia,2004,7.54604881721275,7.46572456516969
SAS,South Asia,2005,7.64449221771777,7.54604881721275
SAS,South Asia,2006,7.89518423097518,7.64449221771777
SAS,South Asia,2007,7.53428172873167,7.89518423097518
SAS,South Asia,2008,3.48063577466947,7.53428172873167
SAS,South Asia,2009,7.38981184140867,3.48063577466947
SAS,South Asia,2010,8.19440351710111,7.38981184140867
SAS,South Asia,2011,5.45109403255725,8.19440351710111
SAS,South Asia,2012,5.64515915583837,5.45109403255725
SAS,South Asia,2013,6.23326513053635,5.64515915583837
SAS,South Asia,2014,7.24547986703887,6.23326513053635
SAS,South Asia,2015,7.68973935190233,7.24547986703887
SAS,South Asia,2016,7.96912333644603,7.68973935190233
SAS,South Asia,2017,6.78411966009934,7.96912333644603
SAS,South Asia,2018,6.39366632555758,6.78411966009934
SAS,South Asia,2019,4.09454306534288,6.39366632555758
SAS,South Asia,2020,-4.98750173652559,4.09454306534288
SAS,South Asia,2021,9.24659959756499,-4.98750173652559
SAS,South Asia,2022,7.10115392414392,9.24659959756499
SAS,South Asia,2023,6.7848640413625,7.10115392414392
SAS,South Asia,2024,6.75761201913679,6.7848640413625
SAS,South Asia,2025,7.12381420637792,6.75761201913679
SAU,Saudi Arabia,1962,11.922659566413,11.8768510783222
SAU,Saudi Arabia,1963,8.69610923594517,11.922659566413
SAU,Saudi Arabia,1964,8.77678436346099,8.69610923594517
SAU,Saudi Arabia,1965,12.136763975251,8.77678436346099
SAU,Saudi Arabia,1966,8.18114543360564,12.136763975251
SAU,Saudi Arabia,1967,8.9093833311003,8.18114543360564
SAU,Saudi Arabia,1968,7.66012652552845,8.9093833311003
SAU,Saudi Arabia,1969,6.03788654154391,7.66012652552845
SAU,Saudi Arabia,1970,52.5920942005017,6.03788654154391
SAU,Saudi Arabia,1971,15.2291070662534,52.5920942005017
SAU,Saudi Arabia,1972,18.7851174670799,15.2291070662534
SAU,Saudi Arabia,1973,22.495101661284,18.7851174670799
SAU,Saudi Arabia,1974,16.0996752666363,22.495101661284
SAU,Saudi Arabia,1975,-5.48816172961487,16.0996752666363
SAU,Saudi Arabia,1976,15.223556317013,-5.48816172961487
SAU,Saudi Arabia,1977,5.89138331583297,15.223556317013
SAU,Saudi Arabia,1978,0.172375715780035,5.89138331583297
SAU,Saudi Arabia,1979,10.963914559319,0.172375715780035
SAU,Saudi Arabia,1980,5.79761134177146,10.963914559319
SAU,Saudi Arabia,1981,2.9827447321309,5.79761134177146
SAU,Saudi Arabia,1982,-16.1090907190854,2.9827447321309
SAU,Saudi Arabia,1983,-10.9934407584828,-16.1090907190854
SAU,Saudi Arabia,1984,-4.00750444885617,-10.9934407584828
SAU,Saudi Arabia,1985,-7.2118044747188,-4.00750444885617
SAU,Saudi Arabia,1986,1.00815274394004,-7.2118044747188
SAU,Saudi Arabia,1987,-3.13303335653811,1.00815274394004
SAU,Saudi Arabia,1988,6.60034126267189,-3.13303335653811
SAU,Saudi Arabia,1989,0.415193428012302,6.60034126267189
SAU,Saudi Arabia,1990,9.4260985412794,0.415193428012302
SAU,Saudi Arabia,1991,8.22077074524385,9.4260985412794
SAU,Saudi Arabia,1992,4.58058206179402,8.22077074524385
SAU,Saudi Arabia,1993,0.379835927354492,4.58058206179402
SAU,Saudi Arabia,1994,0.952965973086691,0.379835927354492
SAU,Saudi Arabia,1995,0.311708028499027,0.952965973086691
SAU,Saudi Arabia,1996,3.30468254228352,0.311708028499027
SAU,Saudi Arabia,1997,2.64731939948642,3.30468254228352
SAU,Saudi Arabia,1998,2.80381183998992,2.64731939948642
SAU,Saudi Arabia,1999,-0.633393640920247,2.80381183998992
SAU,Saudi Arabia,2000,4.71813422138024,-0.633393640920247
SAU,Saudi Arabia,2001,0.344593196175438,4.71813422138024
SAU,Saudi Arabia,2002,-0.688390130317757,0.344593196175438
SAU,Saudi Arabia,2003,8.76873381743964,-0.688390130317757
SAU,Saudi Arabia,2004,8.63100545880309,8.76873381743964
SAU,Saudi Arabia,2005,5.94489623934835,8.63100545880309
SAU,Saudi Arabia,2006,3.31348473625901,5.94489623934835
SAU,Saudi Arabia,2007,2.21365396372528,3.31348473625901
SAU,Saudi Arabia,2008,6.2379875365458,2.21365396372528
SAU,Saudi Arabia,2009,-1.06671711240203,6.2379875365458
SAU,Saudi Arabia,2010,5.0395150823517,-1.06671711240203
SAU,Saudi Arabia,2011,11.758820686671,5.0395150823517
SAU,Saudi Arabia,2012,5.76157382270968,11.758820686671
SAU,Saudi Arabia,2013,2.94563789152025,5.76157382270968
SAU,Saudi Arabia,2014,4.02467158380668,2.94563789152025
SAU,Saudi Arabia,2015,4.65512316652699,4.02467158380668
SAU,Saudi Arabia,2016,1.70404739202878,4.65512316652699
SAU,Saudi Arabia,2017,1.18210705878283,1.70404739202878
SAU,Saudi Arabia,2018,3.2269508901591,1.18210705878283
SAU,Saudi Arabia,2019,1.65158925617395,3.2269508901591
SAU,Saudi Arabia,2020,-3.80478901996312,1.65158925617395
SAU,Saudi Arabia,2021,6.51959698325419,-3.80478901996312
SAU,Saudi Arabia,2022,12.0005874752929,6.51959698325419
SAU,Saudi Arabia,2023,0.542592439393161,12.0005874752929
SAU,Saudi Arabia,2024,2.64893068308965,0.542592439393161
SAU,Saudi Arabia,2025,4.50246560191663,2.64893068308965
SDN,Sudan,1962,6.91584216208018,0.0223913339764863
SDN,Sudan,1963,-2.84697169636277,6.91584216208018
SDN,Sudan,1964,-1.12044911557237,-2.84697169636277
SDN,Sudan,1965,6.7770740808087,-1.12044911557237
SDN,Sudan,1966,-3.57514749997277,6.7770740808087
SDN,Sudan,1967,1.42408130316814,-3.57514749997277
SDN,Sudan,1968,1.9632208185127,1.42408130316814
SDN,Sudan,1969,1.38935048833054,1.9632208185127
SDN,Sudan,1970,5.92507472251474,1.38935048833054
SDN,Sudan,1971,2.24731409476402,5.92507472251474
SDN,Sudan,1972,-5.07098648865602,2.24731409476402
SDN,Sudan,1973,0.632195249149476,-5.07098648865602
SDN,Sudan,1974,11.4452891594056,0.632195249149476
SDN,Sudan,1975,15.7134664487533,11.4452891594056
SDN,Sudan,1976,16.6652197282337,15.7134664487533
SDN,Sudan,1977,6.22385378102565,16.6652197282337
SDN,Sudan,1978,-5.93098672132243,6.22385378102565
SDN,Sudan,1979,-5.01859933123505,-5.93098672132243
SDN,Sudan,1980,1.52431014444207,-5.01859933123505
SDN,Sudan,1981,7.43756366745045,1.52431014444207
SDN,Sudan,1982,5.95866643249556,7.43756366745045
SDN,Sudan,1983,2.06250168867739,5.95866643249556
SDN,Sudan,1984,-5.00890676951549,2.06250168867739
SDN,Sudan,1985,-6.28104357777349,-5.00890676951549
SDN,Sudan,1986,5.41381101301441,-6.28104357777349
SDN,Sudan,1987,14.2208845898774,5.41381101301441
SDN,Sudan,1988,-0.331091817526797,14.2208845898774
SDN,Sudan,1989,8.93139368961116,-0.331091817526797
SDN,Sudan,1990,-5.47005377383857,8.93139368961116
SDN,Sudan,1991,7.51091035393294,-5.47005377383857
SDN,Sudan,1992,6.57786138499603,7.51091035393294
SDN,Sudan,1993,4.56874918954713,6.57786138499603
SDN,Sudan,1994,1.00622924788334,4.56874918954713
SDN,Sudan,1995,5.99709226051246,1.00622924788334
SDN,Sudan,1996,5.9191237633176,5.99709226051246
SDN,Sudan,1997,18.3126571850273,5.9191237633176
SDN,Sudan,1998,4.30850425525036,18.3126571850273
SDN,Sudan,1999,3.10409561549652,4.30850425525036
SDN,Sudan,2000,6.34586743997545,3.10409561549652
SDN,Sudan,2001,6.50036053396883,6.34586743997545
SDN,Sudan,2002,6.0064715363132,6.50036053396883
SDN,Sudan,2003,6.28880816146516,6.0064715363132
SDN,Sudan,2004,5.14088851762675,6.28880816146516
SDN,Sudan,2005,5.64351551343631,5.14088851762675
SDN,Sudan,2006,6.5314117467792,5.64351551343631
SDN,Sudan,2007,5.73527423664484,6.5314117467792
SDN,Sudan,2008,3.84674473121058,5.73527423664484
SDN,Sudan,2009,-2.76770436599138,3.84674473121058
SDN,Sudan,2010,3.85824195230107,-2.76770436599138
SDN,Sudan,2011,-3.21353209253371,3.85824195230107
SDN,Sudan,2012,-17.0046884048945,-3.21353209253371
SDN,Sudan,2013,1.95514463302422,-17.0046884048945
SDN,Sudan,2014,4.66137954229873,1.95514463302422
SDN,Sudan,2015,1.91017689052751,4.66137954229873
SDN,Sudan,2016,3.46764218409288,1.91017689052751
SDN,Sudan,2017,0.70925628476644,3.46764218409288
SDN,Sudan,2018,-2.6809305497999,0.70925628476644
SDN,Sudan,2019,-2.17825104530091,-2.6809305497999
SDN,Sudan,2020,-3.62980082410752,-2.17825104530091
SDN,Sudan,2021,-1.8685204827207,-3.62980082410752
SDN,Sudan,2022,-0.957816591119183,-1.8685204827207
SDN,Sudan,2023,-29.4332716274387,-0.957816591119183
SDN,Sudan,2024,-13.9643378424022,-29.4332716274387
SDN,Sudan,2025,3.06427942935869,-13.9643378424022
SEN,Senegal,1962,-0.136235360562637,2.99344825626973
SEN,Senegal,1963,1.86447856929158,-0.136235360562637
SEN,Senegal,1964,3.88392710164631,1.86447856929158
SEN,Senegal,1965,1.33218949146287,3.88392710164631
SEN,Senegal,1966,2.8767609752687,1.33218949146287
SEN,Senegal,1967,-1.21979286528493,2.8767609752687
SEN,Senegal,1968,6.2907735312989,-1.21979286528493
SEN,Senegal,1969,-6.55414292250094,6.2907735312989
SEN,Senegal,1970,8.56204551455826,-6.55414292250094
SEN,Senegal,1971,-0.140449439855544,8.56204551455826
SEN,Senegal,1972,6.38320891557467,-0.140449439855544
SEN,Senegal,1973,-5.58324010795549,6.38320891557467
SEN,Senegal,1974,4.20077552585172,-5.58324010795549
SEN,Senegal,1975,7.53566259858628,4.20077552585172
SEN,Senegal,1976,8.92050370390294,7.53566259858628
SEN,Senegal,1977,-2.68290530487465,8.92050370390294
SEN,Senegal,1978,-3.95393126013779,-2.68290530487465
SEN,Senegal,1979,7.00168561322543,-3.95393126013779
SEN,Senegal,1980,3.98776197168547,7.00168561322543
SEN,Senegal,1981,5.18022967002236,3.98776197168547
SEN,Senegal,1982,8.01038437134387,5.18022967002236
SEN,Senegal,1983,-5.64746028114288,8.01038437134387
SEN,Senegal,1984,3.93584244306339,-5.64746028114288
SEN,Senegal,1985,3.46308446515194,3.93584244306339
SEN,Senegal,1986,3.12698554897204,3.46308446515194
SEN,Senegal,1987,6.25586340662731,3.12698554897204
SEN,Senegal,1988,-0.816575488243529,6.25586340662731
SEN,Senegal,1989,3.97378331483225,-0.816575488243529
SEN,Senegal,1990,-0.746282224252312,3.97378331483225
SEN,Senegal,1991,2.65996265739379,-0.746282224252312
SEN,Senegal,1992,1.32023303661357,2.65996265739379
SEN,Senegal,1993,1.36021300651346,1.32023303661357
SEN,Senegal,1994,-0.0475209486617416,1.36021300651346
SEN,Senegal,1995,5.46858485819628,-0.0475209486617416
SEN,Senegal,1996,2.01997720854131,5.46858485819628
SEN,Senegal,1997,3.04560103485423,2.01997720854131
SEN,Senegal,1998,5.89847931769205,3.04560103485423
SEN,Senegal,1999,6.28330825030987,5.89847931769205
SEN,Senegal,2000,3.88721095816793,6.28330825030987
SEN,Senegal,2001,4.31085146618369,3.88721095816793
SEN,Senegal,2002,0.0686965747419066,4.31085146618369
SEN,Senegal,2003,5.59395094456143,0.0686965747419066
SEN,Senegal,2004,4.64329393683312,5.59395094456143
SEN,Senegal,2005,4.31023852639633,4.64329393683312
SEN,Senegal,2006,2.33077098330239,4.31023852639633
SEN,Senegal,2007,2.82711920133374,2.33077098330239
SEN,Senegal,2008,3.70316906391386,2.82711920133374
SEN,Senegal,2009,2.75210448455053,3.70316906391386
SEN,Senegal,2010,3.39088925336209,2.75210448455053
SEN,Senegal,2011,1.33409107961258,3.39088925336209
SEN,Senegal,2012,4.00299555090457,1.33409107961258
SEN,Senegal,2013,2.41238527605579,4.00299555090457
SEN,Senegal,2014,6.22407443790986,2.41238527605579
SEN,Senegal,2015,6.36704365066983,6.22407443790986
SEN,Senegal,2016,6.35606857208136,6.36704365066983
SEN,Senegal,2017,7.40748618589598,6.35606857208136
SEN,Senegal,2018,6.20924103388887,7.40748618589598
SEN,Senegal,2019,4.6136280976221,6.20924103388887
SEN,Senegal,2020,1.34207377285524,4.6136280976221
SEN,Senegal,2021,6.5440010991951,1.34207377285524
SEN,Senegal,2022,3.85043193752725,6.5440010991951
SEN,Senegal,2023,4.25743083300657,3.85043193752725
SEN,Senegal,2024,6.46220577412338,4.25743083300657
SEN,Senegal,2025,6.68227744849194,6.46220577412338
SGP,Singapore,1962,7.55344418052258,8.13752950817668
SGP,Singapore,1963,10.0401733131415,7.55344418052258
SGP,Singapore,1964,-3.10316815597076,10.0401733131415
SGP,Singapore,1965,7.83426046474929,-3.10316815597076
SGP,Singapore,1966,10.180095306912,7.83426046474929
SGP,Singapore,1967,12.508612746034,10.180095306912
SGP,Singapore,1968,13.5269942226387,12.508612746034
SGP,Singapore,1969,13.8338251160131,13.5269942226387
SGP,Singapore,1970,13.9420030031916,13.8338251160131
SGP,Singapore,1971,12.4134371586342,13.9420030031916
SGP,Singapore,1972,13.3155626083739,12.4134371586342
SGP,Singapore,1973,10.6030030171787,13.3155626083739
SGP,Singapore,1974,6.11740437109883,10.6030030171787
SGP,Singapore,1975,3.98873862550901,6.11740437109883
SGP,Singapore,1976,7.43716681814959,3.98873862550901
SGP,Singapore,1977,6.85244239382494,7.43716681814959
SGP,Singapore,1978,7.77718195422017,6.85244239382494
SGP,Singapore,1979,9.55444873972347,7.77718195422017
SGP,Singapore,1980,10.1133721068475,9.55444873972347
SGP,Singapore,1981,10.8159232986752,10.1133721068475
SGP,Singapore,1982,7.10214484891354,10.8159232986752
SGP,Singapore,1983,8.55448210614414,7.10214484891354
SGP,Singapore,1984,8.79228623912256,8.55448210614414
SGP,Singapore,1985,-0.622701650113157,8.79228623912256
SGP,Singapore,1986,1.34281041445436,-0.622701650113157
SGP,Singapore,1987,10.7979324702819,1.34281041445436
SGP,Singapore,1988,11.26359213382,10.7979324702819
SGP,Singapore,1989,10.1588286387889,11.26359213382
SGP,Singapore,1990,9.82089955731777,10.1588286387889
SGP,Singapore,1991,6.68839753958379,9.82089955731777
SGP,Singapore,1992,6.63980556949564,6.68839753958379
SGP,Singapore,1993,11.459650875246,6.63980556949564
SGP,Singapore,1994,11.0956893100227,11.459650875246
SGP,Singapore,1995,7.17540112091071,11.0956893100227
SGP,Singapore,1996,7.47139086002002,7.17540112091071
SGP,Singapore,1997,8.31620911124497,7.47139086002002
SGP,Singapore,1998,-2.19101500611274,8.31620911124497
SGP,Singapore,1999,5.71837175710837,-2.19101500611274
SGP,Singapore,2000,9.03831632555163,5.71837175710837
SGP,Singapore,2001,-1.07086275100448,9.03831632555163
SGP,Singapore,2002,3.92336076702013,-1.07086275100448
SGP,Singapore,2003,4.54825542643229,3.92336076702013
SGP,Singapore,2004,9.93998268434957,4.54825542643229
SGP,Singapore,2005,7.36632239250758,9.93998268434957
SGP,Singapore,2006,9.00676607871758,7.36632239250758
SGP,Singapore,2007,9.02151951268893,9.00676607871758
SGP,Singapore,2008,1.86348345462035,9.02151951268893
SGP,Singapore,2009,0.127953382778088,1.86348345462035
SGP,Singapore,2010,14.5197497108994,0.127953382778088
SGP,Singapore,2011,6.21493416858989,14.5197497108994
SGP,Singapore,2012,4.43549759378537,6.21493416858989
SGP,Singapore,2013,4.81763099120676,4.43549759378537
SGP,Singapore,2014,3.93554027709007,4.81763099120676
SGP,Singapore,2015,2.97679931634806,3.93554027709007
SGP,Singapore,2016,3.91095306322606,2.97679931634806
SGP,Singapore,2017,4.32679370770501,3.91095306322606
SGP,Singapore,2018,3.18660848474074,4.32679370770501
SGP,Singapore,2019,1.15877947300108,3.18660848474074
SGP,Singapore,2020,-3.61084281729929,1.15877947300108
SGP,Singapore,2021,10.1410845197192,-3.61084281729929
SGP,Singapore,2022,4.01027884472296,10.1410845197192
SGP,Singapore,2023,1.45026775889565,4.01027884472296
SGP,Singapore,2024,5.3435120192366,1.45026775889565
SGP,Singapore,2025,5.02588199508003,5.3435120192366
SLB,Solomon Islands,1982,-1.66956554612044,-1.79701939002045
SLB,Solomon Islands,1983,3.89059164106416,-1.66956554612044
SLB,Solomon Islands,1984,0.170200301592132,3.89059164106416
SLB,Solomon Islands,1985,-3.13232290871788,0.170200301592132
SLB,Solomon Islands,1986,-0.201430169017442,-3.13232290871788
SLB,Solomon Islands,1987,8.42131018975358,-0.201430169017442
SLB,Solomon Islands,1988,1.25019632877232,8.42131018975358
SLB,Solomon Islands,1989,4.26425671266092,1.25019632877232
SLB,Solomon Islands,1990,2.19999999881691,4.26425671266092
SLB,Solomon Islands,1991,6.00000238324935,2.19999999881691
SLB,Solomon Islands,1992,12.6999978113729,6.00000238324935
SLB,Solomon Islands,1993,3.99999961237647,12.6999978113729
SLB,Solomon Islands,1994,8.10000120573282,3.99999961237647
SLB,Solomon Islands,1995,10.08861564659,8.10000120573282
SLB,Solomon Islands,1996,1.60990760846707,10.08861564659
SLB,Solomon Islands,1997,-0.91407746990609,1.60990760846707
SLB,Solomon Islands,1998,1.29151109576075,-0.91407746990609
SLB,Solomon Islands,1999,-0.485730372778804,1.29151109576075
SLB,Solomon Islands,2000,-14.2769995149354,-0.485730372778804
SLB,Solomon Islands,2001,-7.95660550454917,-14.2769995149354
SLB,Solomon Islands,2002,-2.7999838935951,-7.95660550454917
SLB,Solomon Islands,2003,6.52346760921694,-2.7999838935951
SLB,Solomon Islands,2004,7.68364102152745,6.52346760921694
SLB,Solomon Islands,2005,7.35907917681935,7.68364102152745
SLB,Solomon Islands,2006,4.13726239664898,7.35907917681935
SLB,Solomon Islands,2007,3.63973499569106,4.13726239664898
SLB,Solomon Islands,2008,6.22590636247851,3.63973499569106
SLB,Solomon Islands,2009,2.86486309630651,6.22590636247851
SLB,Solomon Islands,2010,9.70817235491481,2.86486309630651
SLB,Solomon Islands,2011,7.43023752099302,9.70817235491481
SLB,Solomon Islands,2012,2.46591837712438,7.43023752099302
SLB,Solomon Islands,2013,5.23744704670068,2.46591837712438
SLB,Solomon Islands,2014,1.18945509547778,5.23744704670068
SLB,Solomon Islands,2015,1.67578612030815,1.18945509547778
SLB,Solomon Islands,2016,5.55494348257992,1.67578612030815
SLB,Solomon Islands,2017,3.07546176144591,5.55494348257992
SLB,Solomon Islands,2018,2.74585244829055,3.07546176144591
SLB,Solomon Islands,2019,1.74925244485951,2.74585244829055
SLB,Solomon Islands,2020,-3.38125925839405,1.74925244485951
SLB,Solomon Islands,2021,-0.227975292792024,-3.38125925839405
SLB,Solomon Islands,2022,-2.58448361755723,-0.227975292792024
SLB,Solomon Islands,2023,2.84111851154807,-2.58448361755723
SLB,Solomon Islands,2024,2.99755987604104,2.84111851154807
SLB,Solomon Islands,2025,3.61715088072386,2.99755987604104
SLE,Sierra Leone,1962,4.54096703629196,1.80904354589393
SLE,Sierra Leone,1963,1.69971521061807,4.54096703629196
SLE,Sierra Leone,1964,6.68523879170613,1.69971521061807
SLE,Sierra Leone,1965,7.18015579001271,6.68523879170613
SLE,Sierra Leone,1966,1.69999999385276,7.18015579001271
SLE,Sierra Leone,1967,0.0362815543045798,1.69999999385276
SLE,Sierra Leone,1968,2.01992381869762,0.0362815543045798
SLE,Sierra Leone,1969,8.5254467948847,2.01992381869762
SLE,Sierra Leone,1970,8.6204932371125,8.5254467948847
SLE,Sierra Leone,1971,3.46591649879089,8.6204932371125
SLE,Sierra Leone,1972,0.900234646639376,3.46591649879089
SLE,Sierra Leone,1973,2.25661826183767,0.900234646639376
SLE,Sierra Leone,1974,3.49982830211664,2.25661826183767
SLE,Sierra Leone,1975,1.66921654763301,3.49982830211664
SLE,Sierra Leone,1976,-0.449176346762428,1.66921654763301
SLE,Sierra Leone,1977,0.0466758030396051,-0.449176346762428
SLE,Sierra Leone,1978,2.40633216635982,0.0466758030396051
SLE,Sierra Leone,1979,4.51126559856982,2.40633216635982
SLE,Sierra Leone,1980,4.84350377144425,4.51126559856982
SLE,Sierra Leone,1981,2.88142855921659,4.84350377144425
SLE,Sierra Leone,1982,4.78175552357484,2.88142855921659
SLE,Sierra Leone,1983,-2.10280161544287,4.78175552357484
SLE,Sierra Leone,1984,4.09303426616118,-2.10280161544287
SLE,Sierra Leone,1985,-5.31134047950705,4.09303426616118
SLE,Sierra Leone,1986,1.23604689260759,-5.31134047950705
SLE,Sierra Leone,1987,7.23126874831432,1.23604689260759
SLE,Sierra Leone,1988,-7.08000000523833,7.23126874831432
SLE,Sierra Leone,1989,0.729999989315928,-7.08000000523833
SLE,Sierra Leone,1990,3.34999799346166,0.729999989315928
SLE,Sierra Leone,1991,2.35196132919053,3.34999799346166
SLE,Sierra Leone,1992,-19.012909778472,2.35196132919053
SLE,Sierra Leone,1993,1.37454997423123,-19.012909778472
SLE,Sierra Leone,1994,-1.9473850336049,1.37454997423123
SLE,Sierra Leone,1995,-7.99975272721831,-1.9473850336049
SLE,Sierra Leone,1996,1.75382062624389,-7.99975272721831
SLE,Sierra Leone,1997,-5.87708084575527,1.75382062624389
SLE,Sierra Leone,1998,1.78501237019348,-5.87708084575527
SLE,Sierra Leone,1999,-1.97928670052485,1.78501237019348
SLE,Sierra Leone,2000,6.65273028404766,-1.97928670052485
SLE,Sierra Leone,2001,-6.34545563328469,6.65273028404766
SLE,Sierra Leone,2002,26.5241350674409,-6.34545563328469
SLE,Sierra Leone,2003,9.48363126885343,26.5241350674409
SLE,Sierra Leone,2004,6.47884588417347,9.48363126885343
SLE,Sierra Leone,2005,4.3534998069981,6.47884588417347
SLE,Sierra Leone,2006,4.28311062264335,4.3534998069981
SLE,Sierra Leone,2007,3.74975804751641,4.28311062264335
SLE,Sierra Leone,2008,3.68605969932123,3.74975804751641
SLE,Sierra Leone,2009,1.53080323958716,3.68605969932123
SLE,Sierra Leone,2010,6.35566595800495,1.53080323958716
SLE,Sierra Leone,2011,8.10065518714917,6.35566595800495
SLE,Sierra Leone,2012,10.578331663387,8.10065518714917
SLE,Sierra Leone,2013,14.6633238075229,10.578331663387
SLE,Sierra Leone,2014,-7.81501512457241,14.6633238075229
SLE,Sierra Leone,2015,-4.36333262093788,-7.81501512457241
SLE,Sierra Leone,2016,6.43743652764257,-4.36333262093788
SLE,Sierra Leone,2017,3.20786087715987,6.43743652764257
SLE,Sierra Leone,2018,2.8938564123677,3.20786087715987
SLE,Sierra Leone,2019,5.50270937378153,2.8938564123677
SLE,Sierra Leone,2020,-1.2533490322766,5.50270937378153
SLE,Sierra Leone,2021,5.8968527047094,-1.2533490322766
SLE,Sierra Leone,2022,5.3135546141915,5.8968527047094
SLE,Sierra Leone,2023,5.7100218981806,5.3135546141915
SLE,Sierra Leone,2024,4.29322334404611,5.7100218981806
SLE,Sierra Leone,2025,4.60865077581276,4.29322334404611
SLV,El Salvador,1967,5.43684884780356,7.16113774212035
SLV,El Salvador,1968,3.23669238728887,5.43684884780356
SLV,El Salvador,1969,3.48541881377602,3.23669238728887
SLV,El Salvador,1970,2.97729509281315,3.48541881377602
SLV,El Salvador,1971,3.85825751349313,2.97729509281315
SLV,El Salvador,1972,6.11753368716674,3.85825751349313
SLV,El Salvador,1973,4.86167350408661,6.11753368716674
SLV,El Salvador,1974,5.33600110676542,4.86167350408661
SLV,El Salvador,1975,2.92353188852029,5.33600110676542
SLV,El Salvador,1976,5.04926017375946,2.92353188852029
SLV,El Salvador,1977,6.78006172824861,5.04926017375946
SLV,El Salvador,1978,5.32276583472789,6.78006172824861
SLV,El Salvador,1979,-4.18026543326904,5.32276583472789
SLV,El Salvador,1980,-15.8368642948659,-4.18026543326904
SLV,El Salvador,1981,-5.72099045152937,-15.8368642948659
SLV,El Salvador,1982,-6.30847137584757,-5.72099045152937
SLV,El Salvador,1983,1.53902528398682,-6.30847137584757
SLV,El Salvador,1984,1.3352580295922,1.53902528398682
SLV,El Salvador,1985,0.614316239316253,1.3352580295922
SLV,El Salvador,1986,0.19467303778427,0.614316239316253
SLV,El Salvador,1987,2.50816921310606,0.19467303778427
SLV,El Salvador,1988,1.878176962178,2.50816921310606
SLV,El Salvador,1989,0.964059196617328,1.878176962178
SLV,El Salvador,1990,4.83290057793786,0.964059196617328
SLV,El Salvador,1991,1.49408756791307,4.83290057793786
SLV,El Salvador,1992,7.02196331575217,1.49408756791307
SLV,El Salvador,1993,5.81831555719015,7.02196331575217
SLV,El Salvador,1994,4.6920617266787,5.81831555719015
SLV,El Salvador,1995,4.73408140229732,4.6920617266787
SLV,El Salvador,1996,0.811461899328009,4.73408140229732
SLV,El Salvador,1997,3.13797006665828,0.811461899328009
SLV,El Salvador,1998,2.65227730016461,3.13797006665828
SLV,El Salvador,1999,2.16203373722973,2.65227730016461
SLV,El Salvador,2000,1.12790697674419,2.16203373722973
SLV,El Salvador,2001,0.879613659882722,1.12790697674419
SLV,El Salvador,2002,1.57291844759789,0.879613659882722
SLV,El Salvador,2003,1.56539303147618,1.57291844759789
SLV,El Salvador,2004,0.889404485692197,1.56539303147618
SLV,El Salvador,2005,2.68083009363194,0.889404485692197
SLV,El Salvador,2006,4.3369986028604,2.68083009363194
SLV,El Salvador,2007,1.84760220587859,4.3369986028604
SLV,El Salvador,2008,2.15440298282768,1.84760220587859
SLV,El Salvador,2009,-2.10876837627522,2.15440298282768
SLV,El Salvador,2010,2.15419536693635,-2.10876837627522
SLV,El Salvador,2011,3.80688113429295,2.15419536693635
SLV,El Salvador,2012,2.82262371802327,3.80688113429295
SLV,El Salvador,2013,2.23562439198375,2.82262371802327
SLV,El Salvador,2014,1.70870628357073,2.23562439198375
SLV,El Salvador,2015,2.40000008852115,1.70870628357073
SLV,El Salvador,2016,2.53906241135864,2.40000008852115
SLV,El Salvador,2017,2.24761908134138,2.53906241135864
SLV,El Salvador,2018,2.4124442237792,2.24761908134138
SLV,El Salvador,2019,2.43747159065784,2.4124442237792
SLV,El Salvador,2020,-7.893101359867,2.43747159065784
SLV,El Salvador,2021,11.9047617015957,-7.893101359867
SLV,El Salvador,2022,2.9546041089332,11.9047617015957
SLV,El Salvador,2023,3.35508721646165,2.9546041089332
SLV,El Salvador,2024,2.5904637107794,3.35508721646165
SLV,El Salvador,2025,3.90594189242583,2.5904637107794
SMR,San Marino,1999,9.04936014625228,7.4656188605108
SMR,San Marino,2000,2.17937971500419,9.04936014625228
SMR,San Marino,2001,5.57834290401968,2.17937971500419
SMR,San Marino,2002,0.310800310800303,5.57834290401968
SMR,San Marino,2003,3.87296669248644,0.310800310800303
SMR,San Marino,2004,4.5488441461596,3.87296669248644
SMR,San Marino,2005,2.42510699001426,4.5488441461596
SMR,San Marino,2006,3.83008356545962,2.42510699001426
SMR,San Marino,2007,7.10932260228034,3.83008356545962
SMR,San Marino,2008,-0.500939261114581,7.10932260228034
SMR,San Marino,2009,-10.3209565764632,-0.500939261114581
SMR,San Marino,2010,-5.47368421052632,-10.3209565764632
SMR,San Marino,2011,-8.3147735708983,-5.47368421052632
SMR,San Marino,2012,-7.04453441295546,-8.3147735708983
SMR,San Marino,2013,-0.78397212543554,-7.04453441295546
SMR,San Marino,2014,-0.702370500438988,-0.78397212543554
SMR,San Marino,2015,2.29150309460655,-0.702370500438988
SMR,San Marino,2016,2.34441211810459,2.29150309460655
SMR,San Marino,2017,0.258259899709444,2.34441211810459
SMR,San Marino,2018,1.49390399796074,0.258259899709444
SMR,San Marino,2019,2.06569082920953,1.49390399796074
SMR,San Marino,2020,-6.64791226034481,2.06569082920953
SMR,San Marino,2021,13.8977857594089,-6.64791226034481
SMR,San Marino,2022,7.89844678230362,13.8977857594089
SMR,San Marino,2023,0.401932371532837,7.89844678230362
SOM,"Somalia, Fed. Rep.",1962,7.07665543416643,-3.2619812023401
SOM,"Somalia, Fed. Rep.",1963,2.80880257009377,7.07665543416643
SOM,"Somalia, Fed. Rep.",1964,-6.11062333034076,2.80880257009377
SOM,"Somalia, Fed. Rep.",1965,-5.94368149253897,-6.11062333034076
SOM,"Somalia, Fed. Rep.",1966,9.09865470772178,-5.94368149253897
SOM,"Somalia, Fed. Rep.",1967,5.94094361661143,9.09865470772178
SOM,"Somalia, Fed. Rep.",1968,2.02997732483756,5.94094361661143
SOM,"Somalia, Fed. Rep.",1969,-1.69956971733313,2.02997732483756
SOM,"Somalia, Fed. Rep.",1970,4.58140792145136,-1.69956971733313
SOM,"Somalia, Fed. Rep.",1971,2.13836477986746,4.58140792145136
SOM,"Somalia, Fed. Rep.",1972,14.8809523809569,2.13836477986746
SOM,"Somalia, Fed. Rep.",1973,-12.1493657316414,14.8809523809569
SOM,"Somalia, Fed. Rep.",1974,0.752491356521489,-12.1493657316414
SOM,"Somalia, Fed. Rep.",1975,14.6951958013713,0.752491356521489
SOM,"Somalia, Fed. Rep.",1976,-1.84794086589463,14.6951958013713
SOM,"Somalia, Fed. Rep.",1977,13.6453290299402,-1.84794086589463
SOM,"Somalia, Fed. Rep.",1978,5.79941860465809,13.6453290299402
SOM,"Somalia, Fed. Rep.",1979,-4.98694875669908,5.79941860465809
SOM,"Somalia, Fed. Rep.",1980,1.7929438982078,-4.98694875669908
SOM,"Somalia, Fed. Rep.",1981,6.26420454545237,1.7929438982078
SOM,"Somalia, Fed. Rep.",1982,2.76700975805294,6.26420454545237
SOM,"Somalia, Fed. Rep.",1983,-11.5764828303838,2.76700975805294
SOM,"Somalia, Fed. Rep.",1984,3.2656663724599,-11.5764828303838
SOM,"Somalia, Fed. Rep.",1985,9.52991452991402,3.2656663724599
SOM,"Somalia, Fed. Rep.",1986,-2.14592274677898,9.52991452991402
SOM,"Somalia, Fed. Rep.",1987,10.0877192982455,-2.14592274677898
SOM,"Somalia, Fed. Rep.",1988,3.41524772059694,10.0877192982455
SOM,"Somalia, Fed. Rep.",1989,3.80766467033011,3.41524772059694
SOM,"Somalia, Fed. Rep.",1990,2.32693048576063,3.80766467033011
SOM,"Somalia, Fed. Rep.",1991,2.95057084433306,2.32693048576063
SOM,"Somalia, Fed. Rep.",1992,-8.4883234813083,2.95057084433306
SOM,"Somalia, Fed. Rep.",1993,3.99059641901943,-8.4883234813083
SOM,"Somalia, Fed. Rep.",1994,-17.8469894884494,3.99059641901943
SOM,"Somalia, Fed. Rep.",1995,3.99059641877655,-17.8469894884494
SOM,"Somalia, Fed. Rep.",1996,8.04601505009022,3.99059641877655
SOM,"Somalia, Fed. Rep.",1997,1.18049184621003,8.04601505009022
SOM,"Somalia, Fed. Rep.",1998,6.58649325372474,1.18049184621003
SOM,"Somalia, Fed. Rep.",1999,7.31829550386784,6.58649325372474
SOM,"Somalia, Fed. Rep.",2000,7.11031431133236,7.31829550386784
SOM,"Somalia, Fed. Rep.",2001,7.1103143114324,7.11031431133236
SOM,"Somalia, Fed. Rep.",2002,7.63026729331047,7.1103143114324
SOM,"Somalia, Fed. Rep.",2003,7.63026729332455,7.63026729331047
SOM,"Somalia, Fed. Rep.",2004,7.11031431125608,7.63026729332455
SOM,"Somalia, Fed. Rep.",2005,7.1103143113146,7.11031431125608
SOM,"Somalia, Fed. Rep.",2006,6.48637073273908,7.1103143113146
SOM,"Somalia, Fed. Rep.",2007,6.69435192552552,6.48637073273908
SOM,"Somalia, Fed. Rep.",2008,6.69435192582009,6.69435192552552
SOM,"Somalia, Fed. Rep.",2009,6.69435192556188,6.69435192582009
SOM,"Somalia, Fed. Rep.",2010,6.69435192550543,6.69435192556188
SOM,"Somalia, Fed. Rep.",2011,6.69435192567755,6.69435192550543
SOM,"Somalia, Fed. Rep.",2012,6.69435192556698,6.69435192567755
SOM,"Somalia, Fed. Rep.",2013,10.9592986164311,6.69435192556698
SOM,"Somalia, Fed. Rep.",2014,8.97800590574617,10.9592986164311
SOM,"Somalia, Fed. Rep.",2015,10.4621881235147,8.97800590574617
SOM,"Somalia, Fed. Rep.",2016,7.03487260042162,10.4621881235147
SOM,"Somalia, Fed. Rep.",2017,14.7357956045195,7.03487260042162
SOM,"Somalia, Fed. Rep.",2018,2.05431507261069,14.7357956045195
SOM,"Somalia, Fed. Rep.",2019,2.80033312513012,2.05431507261069
SOM,"Somalia, Fed. Rep.",2020,-2.76455696202532,2.80033312513012
SOM,"Somalia, Fed. Rep.",2021,3.44719850031242,-2.76455696202532
SOM,"Somalia, Fed. Rep.",2022,2.71821202053759,3.44719850031242
SOM,"Somalia, Fed. Rep.",2023,4.17524257571303,2.71821202053759
SOM,"Somalia, Fed. Rep.",2024,4.11139335779471,4.17524257571303
SOM,"Somalia, Fed. Rep.",2025,2.99114404482197,4.11139335779471
SRB,Serbia,1997,8.93321347004755,6.16496253825672
SRB,Serbia,1998,5.34263970320437,8.93321347004755
SRB,Serbia,1999,-10.3255055897713,5.34263970320437
SRB,Serbia,2000,6.0550897288645,-10.3255055897713
SRB,Serbia,2001,6.77852279368084,6.0550897288645
SRB,Serbia,2002,6.54104600309256,6.77852279368084
SRB,Serbia,2003,4.55968997935088,6.54104600309256
SRB,Serbia,2004,6.68686836863701,4.55968997935088
SRB,Serbia,2005,5.90349622935489,6.68686836863701
SRB,Serbia,2006,3.90066644620993,5.90349622935489
SRB,Serbia,2007,7.83207023027602,3.90066644620993
SRB,Serbia,2008,5.16089327231823,7.83207023027602
SRB,Serbia,2009,-3.14261075416574,5.16089327231823
SRB,Serbia,2010,1.61097281449412,-3.14261075416574
SRB,Serbia,2011,0.0542724836581954,1.61097281449412
SRB,Serbia,2012,-0.443956070983248,0.0542724836581954
SRB,Serbia,2013,0.451578805330726,-0.443956070983248
SRB,Serbia,2014,-1.80427041681132,0.451578805330726
SRB,Serbia,2015,1.2957386351958,-1.80427041681132
SRB,Serbia,2016,2.97519807160826,1.2957386351958
SRB,Serbia,2017,2.3634031250553,2.97519807160826
SRB,Serbia,2018,4.64935035491007,2.3634031250553
SRB,Serbia,2019,4.75020793899014,4.64935035491007
SRB,Serbia,2020,-0.950023991851594,4.75020793899014
SRB,Serbia,2021,7.94905650472278,-0.950023991851594
SRB,Serbia,2022,2.70347705543654,7.94905650472278
SRB,Serbia,2023,3.74793303561771,2.70347705543654
SRB,Serbia,2024,3.94992622592932,3.74793303561771
SRB,Serbia,2025,2.03039196235113,3.94992622592932
SSA,Sub-Saharan Africa (excluding high income),1962,6.04486755417837,1.07886922894784
SSA,Sub-Saharan Africa (excluding high income),1963,6.2432335344275,6.04486755417837
SSA,Sub-Saharan Africa (excluding high income),1964,4.96586950362936,6.2432335344275
SSA,Sub-Saharan Africa (excluding high income),1965,4.68275615377377,4.96586950362936
SSA,Sub-Saharan Africa (excluding high income),1966,2.02036959796969,4.68275615377377
SSA,Sub-Saharan Africa (excluding high income),1967,-0.768819452182683,2.02036959796969
SSA,Sub-Saharan Africa (excluding high income),1968,3.12681623152287,-0.768819452182683
SSA,Sub-Saharan Africa (excluding high income),1969,9.00378609034182,3.12681623152287
SSA,Sub-Saharan Africa (excluding high income),1970,7.80793873980497,9.00378609034182
SSA,Sub-Saharan Africa (excluding high income),1971,7.70684477090732,7.80793873980497
SSA,Sub-Saharan Africa (excluding high income),1972,2.94890532896063,7.70684477090732
SSA,Sub-Saharan Africa (excluding high income),1973,4.29298875567599,2.94890532896063
SSA,Sub-Saharan Africa (excluding high income),1974,7.53505140919863,4.29298875567599
SSA,Sub-Saharan Africa (excluding high income),1975,-0.232030588864433,7.53505140919863
SSA,Sub-Saharan Africa (excluding high income),1976,5.16607229085085,-0.232030588864433
SSA,Sub-Saharan Africa (excluding high income),1977,2.77096985088288,5.16607229085085
SSA,Sub-Saharan Africa (excluding high income),1978,-0.189862081995912,2.77096985088288
SSA,Sub-Saharan Africa (excluding high income),1979,3.92631783034358,-0.189862081995912
SSA,Sub-Saharan Africa (excluding high income),1980,3.72431093140804,3.92631783034358
SSA,Sub-Saharan Africa (excluding high income),1981,-0.811673364318452,3.72431093140804
SSA,Sub-Saharan Africa (excluding high income),1982,-1.20239543565415,-0.811673364318452
SSA,Sub-Saharan Africa (excluding high income),1983,-2.54172903746786,-1.20239543565415
SSA,Sub-Saharan Africa (excluding high income),1984,2.25285161199118,-2.54172903746786
SSA,Sub-Saharan Africa (excluding high income),1985,2.00113711697385,2.25285161199118
SSA,Sub-Saharan Africa (excluding high income),1986,1.87013030045379,2.00113711697385
SSA,Sub-Saharan Africa (excluding high income),1987,2.93224550665852,1.87013030045379
SSA,Sub-Saharan Africa (excluding high income),1988,4.47161095332989,2.93224550665852
SSA,Sub-Saharan Africa (excluding high income),1989,2.28940450357453,4.47161095332989
SSA,Sub-Saharan Africa (excluding high income),1990,2.25621792433199,2.28940450357453
SSA,Sub-Saharan Africa (excluding high income),1991,0.385346461724751,2.25621792433199
SSA,Sub-Saharan Africa (excluding high income),1992,-0.500369691586116,0.385346461724751
SSA,Sub-Saharan Africa (excluding high income),1993,-1.05027336467786,-0.500369691586116
SSA,Sub-Saharan Africa (excluding high income),1994,1.03194943080678,-1.05027336467786
SSA,Sub-Saharan Africa (excluding high income),1995,3.33008209892374,1.03194943080678
SSA,Sub-Saharan Africa (excluding high income),1996,5.13900734550367,3.33008209892374
SSA,Sub-Saharan Africa (excluding high income),1997,4.06130618050753,5.13900734550367
SSA,Sub-Saharan Africa (excluding high income),1998,2.51808846895678,4.06130618050753
SSA,Sub-Saharan Africa (excluding high income),1999,2.17901438370254,2.51808846895678
SSA,Sub-Saharan Africa (excluding high income),2000,3.4358337996657,2.17901438370254
SSA,Sub-Saharan Africa (excluding high income),2001,4.22119839047403,3.4358337996657
SSA,Sub-Saharan Africa (excluding high income),2002,6.39924111968367,4.22119839047403
SSA,Sub-Saharan Africa (excluding high income),2003,4.1312972548824,6.39924111968367
SSA,Sub-Saharan Africa (excluding high income),2004,6.6935904451781,4.1312972548824
SSA,Sub-Saharan Africa (excluding high income),2005,6.00692540507985,6.6935904451781
SSA,Sub-Saharan Africa (excluding high income),2006,6.0464630905323,6.00692540507985
SSA,Sub-Saharan Africa (excluding high income),2007,6.15715285313649,6.0464630905323
SSA,Sub-Saharan Africa (excluding high income),2008,5.20765761067246,6.15715285313649
SSA,Sub-Saharan Africa (excluding high income),2009,3.15210965605388,5.20765761067246
SSA,Sub-Saharan Africa (excluding high income),2010,6.0677707928219,3.15210965605388
SSA,Sub-Saharan Africa (excluding high income),2011,4.28795897854658,6.0677707928219
SSA,Sub-Saharan Africa (excluding high income),2012,3.3284467382704,4.28795897854658
SSA,Sub-Saharan Africa (excluding high income),2013,5.27788752698235,3.3284467382704
SSA,Sub-Saharan Africa (excluding high income),2014,4.72767581662336,5.27788752698235
SSA,Sub-Saharan Africa (excluding high income),2015,2.92864568387523,4.72767581662336
SSA,Sub-Saharan Africa (excluding high income),2016,1.30783035327565,2.92864568387523
SSA,Sub-Saharan Africa (excluding high income),2017,2.50327515080239,1.30783035327565
SSA,Sub-Saharan Africa (excluding high income),2018,2.7922269325805,2.50327515080239
SSA,Sub-Saharan Africa (excluding high income),2019,2.54617045203717,2.7922269325805
SSA,Sub-Saharan Africa (excluding high income),2020,-3.28342298905326,2.54617045203717
SSA,Sub-Saharan Africa (excluding high income),2021,3.58478965187514,-3.28342298905326
SSA,Sub-Saharan Africa (excluding high income),2022,4.02837470360804,3.58478965187514
SSA,Sub-Saharan Africa (excluding high income),2023,2.71209038880693,4.02837470360804
SSA,Sub-Saharan Africa (excluding high income),2024,3.61639391196729,2.71209038880693
SSA,Sub-Saharan Africa (excluding high income),2025,4.13764837892776,3.61639391196729
SSF,Sub-Saharan Africa,1962,6.04610607563589,1.0754631236215
SSF,Sub-Saharan Africa,1963,6.24531846522662,6.04610607563589
SSF,Sub-Saharan Africa,1964,4.96639887465093,6.24531846522662
SSF,Sub-Saharan Africa,1965,4.67953817133558,4.96639887465093
SSF,Sub-Saharan Africa,1966,2.02665890712903,4.67953817133558
SSF,Sub-Saharan Africa,1967,-0.768067170663954,2.02665890712903
SSF,Sub-Saharan Africa,1968,3.1294376068284,-0.768067170663954
SSF,Sub-Saharan Africa,1969,8.99822522164762,3.1294376068284
SSF,Sub-Saharan Africa,1970,7.80854159298841,8.99822522164762
SSF,Sub-Saharan Africa,1971,7.71147119452174,7.80854159298841
SSF,Sub-Saharan Africa,1972,2.95095772317427,7.71147119452174
SSF,Sub-Saharan Africa,1973,4.29599242239347,2.95095772317427
SSF,Sub-Saharan Africa,1974,7.53094036861519,4.29599242239347
SSF,Sub-Saharan Africa,1975,-0.229911832692025,7.53094036861519
SSF,Sub-Saharan Africa,1976,5.17321327983227,-0.229911832692025
SSF,Sub-Saharan Africa,1977,2.76460277790991,5.17321327983227
SSF,Sub-Saharan Africa,1978,-0.176019904661672,2.76460277790991
SSF,Sub-Saharan Africa,1979,3.93566007705471,-0.176019904661672
SSF,Sub-Saharan Africa,1980,3.71657148608928,3.93566007705471
SSF,Sub-Saharan Africa,1981,-0.813990345004342,3.71657148608928
SSF,Sub-Saharan Africa,1982,-1.20303181134561,-0.813990345004342
SSF,Sub-Saharan Africa,1983,-2.54034324783321,-1.20303181134561
SSF,Sub-Saharan Africa,1984,2.25435817157762,-2.54034324783321
SSF,Sub-Saharan Africa,1985,2.00734527268828,2.25435817157762
SSF,Sub-Saharan Africa,1986,1.86923327902062,2.00734527268828
SSF,Sub-Saharan Africa,1987,2.93380062137025,1.86923327902062
SSF,Sub-Saharan Africa,1988,4.47230825534777,2.93380062137025
SSF,Sub-Saharan Africa,1989,2.29598076633089,4.47230825534777
SSF,Sub-Saharan Africa,1990,2.26082722814508,2.29598076633089
SSF,Sub-Saharan Africa,1991,0.387559290605026,2.26082722814508
SSF,Sub-Saharan Africa,1992,-0.49305149221405,0.387559290605026
SSF,Sub-Saharan Africa,1993,-1.04170776353544,-0.49305149221405
SSF,Sub-Saharan Africa,1994,1.02809298677241,-1.04170776353544
SSF,Sub-Saharan Africa,1995,3.32702733845693,1.02809298677241
SSF,Sub-Saharan Africa,1996,5.14408095260519,3.32702733845693
SSF,Sub-Saharan Africa,1997,4.07018981042435,5.14408095260519
SSF,Sub-Saharan Africa,1998,2.51802882377486,4.07018981042435
SSF,Sub-Saharan Africa,1999,2.17865301194801,2.51802882377486
SSF,Sub-Saharan Africa,2000,3.43679300853846,2.17865301194801
SSF,Sub-Saharan Africa,2001,4.2135192182343,3.43679300853846
SSF,Sub-Saharan Africa,2002,6.39348834856037,4.2135192182343
SSF,Sub-Saharan Africa,2003,4.12072590578165,6.39348834856037
SSF,Sub-Saharan Africa,2004,6.68448764056897,4.12072590578165
SSF,Sub-Saharan Africa,2005,6.00952996907236,6.68448764056897
SSF,Sub-Saharan Africa,2006,6.04946351604032,6.00952996907236
SSF,Sub-Saharan Africa,2007,6.15965789735048,6.04946351604032
SSF,Sub-Saharan Africa,2008,5.20016102666739,6.15965789735048
SSF,Sub-Saharan Africa,2009,3.14726802642645,5.20016102666739
SSF,Sub-Saharan Africa,2010,6.06650061092895,3.14726802642645
SSF,Sub-Saharan Africa,2011,4.29214102609687,6.06650061092895
SSF,Sub-Saharan Africa,2012,3.3282636069647,4.29214102609687
SSF,Sub-Saharan Africa,2013,5.27451055861322,3.3282636069647
SSF,Sub-Saharan Africa,2014,4.72713989905584,5.27451055861322
SSF,Sub-Saharan Africa,2015,2.93344601140815,4.72713989905584
SSF,Sub-Saharan Africa,2016,1.31700355850863,2.93344601140815
SSF,Sub-Saharan Africa,2017,2.5074548530006,1.31700355850863
SSF,Sub-Saharan Africa,2018,2.79433082130898,2.5074548530006
SSF,Sub-Saharan Africa,2019,2.54913933046186,2.79433082130898
SSF,Sub-Saharan Africa,2020,-3.29212615874913,2.54913933046186
SSF,Sub-Saharan Africa,2021,3.58194129290288,-3.29212615874913
SSF,Sub-Saharan Africa,2022,4.03371066956886,3.58194129290288
SSF,Sub-Saharan Africa,2023,2.71446691675897,4.03371066956886
SSF,Sub-Saharan Africa,2024,3.6161279249573,2.71446691675897
SSF,Sub-Saharan Africa,2025,4.13928145259649,3.6161279249573
SST,Small states,1976,10.5579103105561,-0.0902775604260313
SST,Small states,1977,8.2846391041723,10.5579103105561
SST,Small states,1978,7.10894310910047,8.2846391041723
SST,Small states,1979,11.3616774566386,7.10894310910047
SST,Small states,1980,0.429346270835325,11.3616774566386
SST,Small states,1981,-3.58196633390526,0.429346270835325
SST,Small states,1982,1.47551910809145,-3.58196633390526
SST,Small states,1983,-1.11257350743072,1.47551910809145
SST,Small states,1984,2.55914946069957,-1.11257350743072
SST,Small states,1985,1.36102597539723,2.55914946069957
SST,Small states,1986,1.98157837119564,1.36102597539723
SST,Small states,1987,3.08924228517429,1.98157837119564
SST,Small states,1988,2.42566067720898,3.08924228517429
SST,Small states,1989,3.11403331496791,2.42566067720898
SST,Small states,1990,2.92389205862469,3.11403331496791
SST,Small states,1991,-0.376060830446306,2.92389205862469
SST,Small states,1992,-1.01988992020556,-0.376060830446306
SST,Small states,1993,0.491041153807757,-1.01988992020556
SST,Small states,1994,3.12717248949615,0.491041153807757
SST,Small states,1995,3.92271580046742,3.12717248949615
SST,Small states,1996,3.7852080808342,3.92271580046742
SST,Small states,1997,5.23578746340209,3.7852080808342
SST,Small states,1998,3.78512625119176,5.23578746340209
SST,Small states,1999,3.47625456025375,3.78512625119176
SST,Small states,2000,5.96515098709465,3.47625456025375
SST,Small states,2001,2.71123227665191,5.96515098709465
SST,Small states,2002,3.57024132752943,2.71123227665191
SST,Small states,2003,4.74180180443319,3.57024132752943
SST,Small states,2004,4.49611380473492,4.74180180443319
SST,Small states,2005,4.43373124919084,4.49611380473492
SST,Small states,2006,6.55695530293785,4.43373124919084
SST,Small states,2007,4.68401800569625,6.55695530293785
SST,Small states,2008,1.21187674349743,4.68401800569625
SST,Small states,2009,-4.35396889421725,1.21187674349743
SST,Small states,2010,2.09524612741406,-4.35396889421725
SST,Small states,2011,2.53147178044759,2.09524612741406
SST,Small states,2012,2.145392566206,2.53147178044759
SST,Small states,2013,1.16517400770937,2.145392566206
SST,Small states,2014,2.33382759269183,1.16517400770937
SST,Small states,2015,2.25069098311559,2.33382759269183
SST,Small states,2016,1.764520691762,2.25069098311559
SST,Small states,2017,3.2130480541305,1.764520691762
SST,Small states,2018,3.38174135854818,3.2130480541305
SST,Small states,2019,3.11127439080343,3.38174135854818
SST,Small states,2020,-6.9752973416568,3.11127439080343
SST,Small states,2021,7.29421049896773,-6.9752973416568
SST,Small states,2022,7.42838535135735,7.29421049896773
SST,Small states,2023,5.02859646200615,7.42838535135735
SST,Small states,2024,6.06796967493719,5.02859646200615
SST,Small states,2025,4.39108110908893,6.06796967493719
STP,Sao Tome and Principe,1972,2.29103269566046,5.37532999484682
STP,Sao Tome and Principe,1973,1.59230103452408,2.29103269566046
STP,Sao Tome and Principe,1974,5.68377540167492,1.59230103452408
STP,Sao Tome and Principe,1975,5.37809647703489,5.68377540167492
STP,Sao Tome and Principe,1976,1.63934420591072,5.37809647703489
STP,Sao Tome and Principe,1977,23.4175289253147,1.63934420591072
STP,Sao Tome and Principe,1978,2.89729997671209,23.4175289253147
STP,Sao Tome and Principe,1979,16.3431584046761,2.89729997671209
STP,Sao Tome and Principe,1980,-1.08135941310979,16.3431584046761
STP,Sao Tome and Principe,1981,-10.3139022174618,-1.08135941310979
STP,Sao Tome and Principe,1982,3.09278360147638,-10.3139022174618
STP,Sao Tome and Principe,1983,-3.87397151622915,3.09278360147638
STP,Sao Tome and Principe,1984,-6.03046000123703,-3.87397151622915
STP,Sao Tome and Principe,1985,9.29988604655227,-6.03046000123703
STP,Sao Tome and Principe,1986,-5.83211886217245,9.29988604655227
STP,Sao Tome and Principe,1987,-2.93011348938296,-5.83211886217245
STP,Sao Tome and Principe,1988,1.99872995054187,-2.93011348938296
STP,Sao Tome and Principe,1989,3.13531564577619,1.99872995054187
STP,Sao Tome and Principe,1990,-2.1526457716534,3.13531564577619
STP,Sao Tome and Principe,1991,1.2010046399312,-2.1526457716534
STP,Sao Tome and Principe,1992,0.699996987364386,1.2010046399312
STP,Sao Tome and Principe,1993,1.09999859547847,0.699996987364386
STP,Sao Tome and Principe,1994,2.20000158236296,1.09999859547847
STP,Sao Tome and Principe,1995,2.00000170678776,2.20000158236296
STP,Sao Tome and Principe,1996,1.50000107570656,2.00000170678776
STP,Sao Tome and Principe,1997,0.996320930540918,1.50000107570656
STP,Sao Tome and Principe,1998,2.49998790327494,0.996320930540918
STP,Sao Tome and Principe,1999,2.50000625631461,2.49998790327494
STP,Sao Tome and Principe,2000,0.448368261692949,2.50000625631461
STP,Sao Tome and Principe,2001,3.06448295788719,0.448368261692949
STP,Sao Tome and Principe,2002,3.360188168222,3.06448295788719
STP,Sao Tome and Principe,2003,8.29151946119818,3.360188168222
STP,Sao Tome and Principe,2004,3.5379059435684,8.29151946119818
STP,Sao Tome and Principe,2005,6.61462475033599,3.5379059435684
STP,Sao Tome and Principe,2006,8.86610935944026,6.61462475033599
STP,Sao Tome and Principe,2007,3.64147185166024,8.86610935944026
STP,Sao Tome and Principe,2008,6.2287850696102,3.64147185166024
STP,Sao Tome and Principe,2009,3.30239966645061,6.2287850696102
STP,Sao Tome and Principe,2010,1.44845522890635,3.30239966645061
STP,Sao Tome and Principe,2011,1.99943210333259,1.44845522890635
STP,Sao Tome and Principe,2012,2.94294277416023,1.99943210333259
STP,Sao Tome and Principe,2013,5.11967735428513,2.94294277416023
STP,Sao Tome and Principe,2014,4.90621048664867,5.11967735428513
STP,Sao Tome and Principe,2015,1.5397042826735,4.90621048664867
STP,Sao Tome and Principe,2016,5.17682468684113,1.5397042826735
STP,Sao Tome and Principe,2017,4.11297966281954,5.17682468684113
STP,Sao Tome and Principe,2018,4.37812808264972,4.11297966281954
STP,Sao Tome and Principe,2019,2.01431672129407,4.37812808264972
STP,Sao Tome and Principe,2020,2.62485949543812,2.01431672129407
STP,Sao Tome and Principe,2021,1.89929891337832,2.62485949543812
STP,Sao Tome and Principe,2022,0.168698492216564,1.89929891337832
STP,Sao Tome and Principe,2023,0.372252775001456,0.168698492216564
STP,Sao Tome and Principe,2024,1.47888850952698,0.372252775001456
STP,Sao Tome and Principe,2025,1.02847453097097,1.47888850952698
SUR,Suriname,1962,3.90000000631146,4.79999998694005
SUR,Suriname,1963,5.60000000041359,3.90000000631146
SUR,Suriname,1964,6.50000000660916,5.60000000041359
SUR,Suriname,1965,12.0000000009194,6.50000000660916
SUR,Suriname,1966,19.1999999853885,12.0000000009194
SUR,Suriname,1967,12.1000000069554,19.1999999853885
SUR,Suriname,1968,7.60000000122862,12.1000000069554
SUR,Suriname,1969,4.49999999500439,7.60000000122862
SUR,Suriname,1970,2.70000000174831,4.49999999500439
SUR,Suriname,1971,3.89999999988031,2.70000000174831
SUR,Suriname,1972,-0.600000002867247,3.89999999988031
SUR,Suriname,1973,-1.7999999922735,-0.600000002867247
SUR,Suriname,1974,0.399999992289239,-1.7999999922735
SUR,Suriname,1975,2.79999999838039,0.399999992289239
SUR,Suriname,1976,8.80000000640359,2.79999999838039
SUR,Suriname,1977,10.1999999978279,8.80000000640359
SUR,Suriname,1978,6.59999999826209,10.1999999978279
SUR,Suriname,1979,-0.599999993319713,6.59999999826209
SUR,Suriname,1980,-8.80000000368032,-0.599999993319713
SUR,Suriname,1981,7.10000000052638,-8.80000000368032
SUR,Suriname,1982,-4.20000000002048,7.10000000052638
SUR,Suriname,1983,-3.90000000527979,-4.20000000002048
SUR,Suriname,1984,-1.89999999376079,-3.90000000527979
SUR,Suriname,1985,2.00000000362783,-1.89999999376079
SUR,Suriname,1986,0.799999993864688,2.00000000362783
SUR,Suriname,1987,-6.19999999331796,0.799999993864688
SUR,Suriname,1988,7.79999999163023,-6.19999999331796
SUR,Suriname,1989,4.19999999718658,7.79999999163023
SUR,Suriname,1990,-4.49999999759301,4.19999999718658
SUR,Suriname,1991,2.69999913539954,-4.49999999759301
SUR,Suriname,1992,0.400000008536168,2.69999913539954
SUR,Suriname,1993,-6.6999981497152,0.400000008536168
SUR,Suriname,1994,3.39999889736058,-6.6999981497152
SUR,Suriname,1995,0.0,3.39999889736058
SUR,Suriname,1996,1.00000122281456,0.0
SUR,Suriname,1997,5.6999976832949,1.00000122281456
SUR,Suriname,1998,2.30000165105389,5.6999976832949
SUR,Suriname,1999,-1.4000004700581,2.30000165105389
SUR,Suriname,2000,2.09999886750489,-1.4000004700581
SUR,Suriname,2001,4.20000042083539,2.09999886750489
SUR,Suriname,2002,2.80000068850687,4.20000042083539
SUR,Suriname,2003,6.29999943314137,2.80000068850687
SUR,Suriname,2004,8.50000018479413,6.29999943314137
SUR,Suriname,2005,4.50000021086888,8.50000018479413
SUR,Suriname,2006,5.79354358463304,4.50000021086888
SUR,Suriname,2007,5.11148777773458,5.79354358463304
SUR,Suriname,2008,4.14340681165626,5.11148777773458
SUR,Suriname,2009,3.01369898266211,4.14340681165626
SUR,Suriname,2010,5.16882515225814,3.01369898266211
SUR,Suriname,2011,5.84936767173009,5.16882515225814
SUR,Suriname,2012,2.69034974668847,5.84936767173009
SUR,Suriname,2013,2.9334416518612,2.69034974668847
SUR,Suriname,2014,0.255503031645475,2.9334416518612
SUR,Suriname,2015,-3.41304268067621,0.255503031645475
SUR,Suriname,2016,-4.91166050905851,-3.41304268067621
SUR,Suriname,2017,1.56603782534897,-4.91166050905851
SUR,Suriname,2018,4.94827108468886,1.56603782534897
SUR,Suriname,2019,1.16758977233877,4.94827108468886
SUR,Suriname,2020,-15.9751917148622,1.16758977233877
SUR,Suriname,2021,-2.43538583612838,-15.9751917148622
SUR,Suriname,2022,2.40622235601218,-2.43538583612838
SUR,Suriname,2023,2.41659215006946,2.40622235601218
SUR,Suriname,2024,1.72095749127065,2.41659215006946
SUR,Suriname,2025,1.79169153226913,1.72095749127065
SVK,Slovak Republic,1992,-6.72148858941303,-14.5738026728363
SVK,Slovak Republic,1993,1.90132875267943,-6.72148858941303
SVK,Slovak Republic,1994,6.20553051900119,1.90132875267943
SVK,Slovak Republic,1995,5.8434942995335,6.20553051900119
SVK,Slovak Republic,1996,6.11957878556568,5.8434942995335
SVK,Slovak Republic,1997,5.48584018546269,6.11957878556568
SVK,Slovak Republic,1998,3.82610773560614,5.48584018546269
SVK,Slovak Republic,1999,-0.473261209621114,3.82610773560614
SVK,Slovak Republic,2000,0.78922447792516,-0.473261209621114
SVK,Slovak Republic,2001,2.92516077248489,0.78922447792516
SVK,Slovak Republic,2002,4.41725348271514,2.92516077248489
SVK,Slovak Republic,2003,4.85669851591319,4.41725348271514
SVK,Slovak Republic,2004,5.38949856996771,4.85669851591319
SVK,Slovak Republic,2005,6.48493222274386,5.38949856996771
SVK,Slovak Republic,2006,8.92568704770216,6.48493222274386
SVK,Slovak Republic,2007,10.8186295074904,8.92568704770216
SVK,Slovak Republic,2008,5.36337721231949,10.8186295074904
SVK,Slovak Republic,2009,-5.50533790972226,5.36337721231949
SVK,Slovak Republic,2010,6.79058159142423,-5.50533790972226
SVK,Slovak Republic,2011,2.56242473215553,6.79058159142423
SVK,Slovak Republic,2012,1.56917104702706,2.56242473215553
SVK,Slovak Republic,2013,0.703323545247201,1.56917104702706
SVK,Slovak Republic,2014,2.70795151449488,0.703323545247201
SVK,Slovak Republic,2015,5.17687909722133,2.70795151449488
SVK,Slovak Republic,2016,1.94781841524558,5.17687909722133
SVK,Slovak Republic,2017,2.87473327453695,1.94781841524558
SVK,Slovak Republic,2018,4.06211981896483,2.87473327453695
SVK,Slovak Republic,2019,2.27589910019393,4.06211981896483
SVK,Slovak Republic,2020,-2.58551241733207,2.27589910019393
SVK,Slovak Republic,2021,5.6558588065555,-2.58551241733207
SVK,Slovak Republic,2022,0.544591632137454,5.6558588065555
SVK,Slovak Republic,2023,2.11263633214959,0.544591632137454
SVK,Slovak Republic,2024,1.93867445549446,2.11263633214959
SVK,Slovak Republic,2025,0.807418690144758,1.93867445549446
SVN,Slovenia,1992,-5.46369702570964,-8.90010739121053
SVN,Slovenia,1993,2.84342005538596,-5.46369702570964
SVN,Slovenia,1994,5.32748694375739,2.84342005538596
SVN,Slovenia,1995,4.1071588268846,5.32748694375739
SVN,Slovenia,1996,2.91361775262531,4.1071588268846
SVN,Slovenia,1997,5.17133827310541,2.91361775262531
SVN,Slovenia,1998,3.06382595802013,5.17133827310541
SVN,Slovenia,1999,5.26800700427259,3.06382595802013
SVN,Slovenia,2000,3.49791942086068,5.26800700427259
SVN,Slovenia,2001,2.82868479430465,3.49791942086068
SVN,Slovenia,2002,3.28258371393918,2.82868479430465
SVN,Slovenia,2003,3.19503117236037,3.28258371393918
SVN,Slovenia,2004,4.54602214352336,3.19503117236037
SVN,Slovenia,2005,3.8541277114569,4.54602214352336
SVN,Slovenia,2006,5.90878130011174,3.8541277114569
SVN,Slovenia,2007,7.1392312914716,5.90878130011174
SVN,Slovenia,2008,3.37223866114127,7.1392312914716
SVN,Slovenia,2009,-7.59058614046387,3.37223866114127
SVN,Slovenia,2010,1.11213719306735,-7.59058614046387
SVN,Slovenia,2011,0.655438128379743,1.11213719306735
SVN,Slovenia,2012,-2.91553782040462,0.655438128379743
SVN,Slovenia,2013,-0.823776417691676,-2.91553782040462
SVN,Slovenia,2014,2.76283327639742,-0.823776417691676
SVN,Slovenia,2015,2.39330621338168,2.76283327639742
SVN,Slovenia,2016,3.03441486663654,2.39330621338168
SVN,Slovenia,2017,5.17440215579958,3.03441486663654
SVN,Slovenia,2018,4.37908347331195,5.17440215579958
SVN,Slovenia,2019,3.50525332381912,4.37908347331195
SVN,Slovenia,2020,-4.08500094942896,3.50525332381912
SVN,Slovenia,2021,8.41686457725321,-4.08500094942896
SVN,Slovenia,2022,2.66850555542486,8.41686457725321
SVN,Slovenia,2023,2.3758326648385,2.66850555542486
SVN,Slovenia,2024,1.73139722479493,2.3758326648385
SVN,Slovenia,2025,1.05992996255246,1.73139722479493
SWE,Sweden,1962,4.25904719368346,5.68129282767997
SWE,Sweden,1963,5.32793383778119,4.25904719368346
SWE,Sweden,1964,6.82116446107321,5.32793383778119
SWE,Sweden,1965,3.821507586275,6.82116446107321
SWE,Sweden,1966,2.09084426689796,3.821507586275
SWE,Sweden,1967,3.36538864517098,2.09084426689796
SWE,Sweden,1968,3.638505638623,3.36538864517098
SWE,Sweden,1969,5.00907518225404,3.638505638623
SWE,Sweden,1970,6.47367396370416,5.00907518225404
SWE,Sweden,1971,0.944646218021433,6.47367396370416
SWE,Sweden,1972,2.28873878707626,0.944646218021433
SWE,Sweden,1973,3.96798115589563,2.28873878707626
SWE,Sweden,1974,3.19819561873223,3.96798115589563
SWE,Sweden,1975,2.55286265850103,3.19819561873223
SWE,Sweden,1976,1.05810489091265,2.55286265850103
SWE,Sweden,1977,-1.59625857600648,1.05810489091265
SWE,Sweden,1978,1.75154803918647,-1.59625857600648
SWE,Sweden,1979,3.84000348607525,1.75154803918647
SWE,Sweden,1980,1.69997145285421,3.84000348607525
SWE,Sweden,1981,0.454830427902976,1.69997145285421
SWE,Sweden,1982,1.24866467425022,0.454830427902976
SWE,Sweden,1983,1.90063868064665,1.24866467425022
SWE,Sweden,1984,4.22953525809793,1.90063868064665
SWE,Sweden,1985,2.16037374917175,4.22953525809793
SWE,Sweden,1986,2.69132318957357,2.16037374917175
SWE,Sweden,1987,3.35384296895474,2.69132318957357
SWE,Sweden,1988,2.55903868133913,3.35384296895474
SWE,Sweden,1989,2.65480690949124,2.55903868133913
SWE,Sweden,1990,0.754674765275468,2.65480690949124
SWE,Sweden,1991,-1.14597485051154,0.754674765275468
SWE,Sweden,1992,-1.15859275987265,-1.14597485051154
SWE,Sweden,1993,-2.06561636908388,-1.15859275987265
SWE,Sweden,1994,4.01576585901515,-2.06561636908388
SWE,Sweden,1995,4.09438992772475,4.01576585901515
SWE,Sweden,1996,1.70471985374236,4.09438992772475
SWE,Sweden,1997,3.06499186399252,1.70471985374236
SWE,Sweden,1998,4.24583179417877,3.06499186399252
SWE,Sweden,1999,4.20111929805536,4.24583179417877
SWE,Sweden,2000,4.63112136551369,4.20111929805536
SWE,Sweden,2001,1.36080642694121,4.63112136551369
SWE,Sweden,2002,2.27772867861897,1.36080642694121
SWE,Sweden,2003,1.88102769675844,2.27772867861897
SWE,Sweden,2004,4.17958419343711,1.88102769675844
SWE,Sweden,2005,2.79313782840156,4.17958419343711
SWE,Sweden,2006,4.67607488877992,2.79313782840156
SWE,Sweden,2007,3.22486814096095,4.67607488877992
SWE,Sweden,2008,-0.923113250067971,3.22486814096095
SWE,Sweden,2009,-4.25561384207619,-0.923113250067971
SWE,Sweden,2010,5.75076477579255,-4.25561384207619
SWE,Sweden,2011,3.16388567406926,5.75076477579255
SWE,Sweden,2012,-0.414397702454409,3.16388567406926
SWE,Sweden,2013,1.13766671801426,-0.414397702454409
SWE,Sweden,2014,2.29577238758284,1.13766671801426
SWE,Sweden,2015,4.38824673608589,2.29577238758284
SWE,Sweden,2016,2.13117914731151,4.38824673608589
SWE,Sweden,2017,1.88282184966646,2.13117914731151
SWE,Sweden,2018,1.7702553546772,1.88282184966646
SWE,Sweden,2019,2.60823012869524,1.7702553546772
SWE,Sweden,2020,-1.93379704032216,2.60823012869524
SWE,Sweden,2021,5.2258643028773,-1.93379704032216
SWE,Sweden,2022,1.25543620445816,5.2258643028773
SWE,Sweden,2023,-0.204061304891439,1.25543620445816
SWE,Sweden,2024,1.01779633304398,-0.204061304891439
SWE,Sweden,2025,1.54316373266217,1.01779633304398
SWZ,Eswatini,1972,5.42429428264373,13.7436337306559
SWZ,Eswatini,1973,9.01867373858821,5.42429428264373
SWZ,Eswatini,1974,5.74348690476276,9.01867373858821
SWZ,Eswatini,1975,13.9084441066064,5.74348690476276
SWZ,Eswatini,1976,-2.11943776564657,13.9084441066064
SWZ,Eswatini,1977,1.00959290787206,-2.11943776564657
SWZ,Eswatini,1978,1.32712872842085,1.00959290787206
SWZ,Eswatini,1979,3.10694505124196,1.32712872842085
SWZ,Eswatini,1980,12.4490521716711,3.10694505124196
SWZ,Eswatini,1981,14.6414410739109,12.4490521716711
SWZ,Eswatini,1982,1.1725678797539,14.6414410739109
SWZ,Eswatini,1983,1.20235489842577,1.1725678797539
SWZ,Eswatini,1984,6.16175508690877,1.20235489842577
SWZ,Eswatini,1985,3.79241569165134,6.16175508690877
SWZ,Eswatini,1986,12.2644780398838,3.79241569165134
SWZ,Eswatini,1987,14.6065902367825,12.2644780398838
SWZ,Eswatini,1988,6.56982157105428,14.6065902367825
SWZ,Eswatini,1989,12.9111040728151,6.56982157105428
SWZ,Eswatini,1990,21.0180005361393,12.9111040728151
SWZ,Eswatini,1991,1.76037682932704,21.0180005361393
SWZ,Eswatini,1992,3.22620638317446,1.76037682932704
SWZ,Eswatini,1993,3.10611397305176,3.22620638317446
SWZ,Eswatini,1994,2.40069167481312,3.10611397305176
SWZ,Eswatini,1995,4.82565106458388,2.40069167481312
SWZ,Eswatini,1996,3.84205383650107,4.82565106458388
SWZ,Eswatini,1997,3.10280518683581,3.84205383650107
SWZ,Eswatini,1998,2.60403956171793,3.10280518683581
SWZ,Eswatini,1999,2.95087537020716,2.60403956171793
SWZ,Eswatini,2000,1.76017328388222,2.95087537020716
SWZ,Eswatini,2001,1.41221393287066,1.76017328388222
SWZ,Eswatini,2002,4.0886479398829,1.41221393287066
SWZ,Eswatini,2003,4.53865525672528,4.0886479398829
SWZ,Eswatini,2004,3.61711931922247,4.53865525672528
SWZ,Eswatini,2005,5.99228289096037,3.61711931922247
SWZ,Eswatini,2006,6.72880946564094,5.99228289096037
SWZ,Eswatini,2007,4.31772144872362,6.72880946564094
SWZ,Eswatini,2008,1.44055358727118,4.31772144872362
SWZ,Eswatini,2009,1.43311134247756,1.44055358727118
SWZ,Eswatini,2010,3.82443487429767,1.43311134247756
SWZ,Eswatini,2011,1.83973625916165,3.82443487429767
SWZ,Eswatini,2012,4.09048190124592,1.83973625916165
SWZ,Eswatini,2013,4.09458522119226,4.09048190124592
SWZ,Eswatini,2014,2.05738179246586,4.09458522119226
SWZ,Eswatini,2015,1.70425806017289,2.05738179246586
SWZ,Eswatini,2016,2.94916821059911,1.70425806017289
SWZ,Eswatini,2017,3.52095345987983,2.94916821059911
SWZ,Eswatini,2018,0.0653956557843571,3.52095345987983
SWZ,Eswatini,2019,6.43186888691574,0.0653956557843571
SWZ,Eswatini,2020,-2.95183453409287,6.43186888691574
SWZ,Eswatini,2021,4.23621913615419,-2.95183453409287
SWZ,Eswatini,2022,0.386070835562705,4.23621913615419
SWZ,Eswatini,2023,3.53257662836211,0.386070835562705
SWZ,Eswatini,2024,3.03162462475916,3.53257662836211
SWZ,Eswatini,2025,4.1939175580556,3.03162462475916
SYC,Seychelles,1962,8.40858127584126,-4.88227635362706
SYC,Seychelles,1963,10.1356029493254,8.40858127584126
SYC,Seychelles,1964,5.91924643496992,10.1356029493254
SYC,Seychelles,1965,-1.06057106861537,5.91924643496992
SYC,Seychelles,1966,13.8965075360333,-1.06057106861537
SYC,Seychelles,1967,0.504739465799275,13.8965075360333
SYC,Seychelles,1968,7.55323565508952,0.504739465799275
SYC,Seychelles,1969,0.0,7.55323565508952
SYC,Seychelles,1970,8.87186986242048,0.0
SYC,Seychelles,1971,15.851775748595,8.87186986242048
SYC,Seychelles,1972,6.30830794999662,15.851775748595
SYC,Seychelles,1973,9.0541863202116,6.30830794999662
SYC,Seychelles,1974,1.3028496617177,9.0541863202116
SYC,Seychelles,1975,3.17740509236735,1.3028496617177
SYC,Seychelles,1976,16.2776477252918,3.17740509236735
SYC,Seychelles,1977,-6.19022681541391,16.2776477252918
SYC,Seychelles,1978,21.1516925236461,-6.19022681541391
SYC,Seychelles,1979,15.7943406095992,21.1516925236461
SYC,Seychelles,1980,-5.10067699600361,15.7943406095992
SYC,Seychelles,1981,-3.87678310732159,-5.10067699600361
SYC,Seychelles,1982,-2.07107442786574,-3.87678310732159
SYC,Seychelles,1983,-0.616235246916048,-2.07107442786574
SYC,Seychelles,1984,4.30562287993293,-0.616235246916048
SYC,Seychelles,1985,10.2937416502849,4.30562287993293
SYC,Seychelles,1986,0.761946624567258,10.2937416502849
SYC,Seychelles,1987,4.87455237857419,0.761946624567258
SYC,Seychelles,1988,5.3264103896111,4.87455237857419
SYC,Seychelles,1989,10.2856546063098,5.3264103896111
SYC,Seychelles,1990,7.45476632743625,10.2856546063098
SYC,Seychelles,1991,2.76042625999888,7.45476632743625
SYC,Seychelles,1992,7.17304395387974,2.76042625999888
SYC,Seychelles,1993,7.3033707678707,7.17304395387974
SYC,Seychelles,1994,-2.43656881060774,7.3033707678707
SYC,Seychelles,1995,0.485036699253456,-2.43656881060774
SYC,Seychelles,1996,9.99794595219808,0.485036699253456
SYC,Seychelles,1997,12.193641751411,9.99794595219808
SYC,Seychelles,1998,2.4674409352512,12.193641751411
SYC,Seychelles,1999,1.87200510893879,2.4674409352512
SYC,Seychelles,2000,4.25319834931828,1.87200510893879
SYC,Seychelles,2001,-2.27116288552982,4.25319834931828
SYC,Seychelles,2002,1.21283290259314,-2.27116288552982
SYC,Seychelles,2003,-5.88712848764477,1.21283290259314
SYC,Seychelles,2004,-2.8504539768538,-5.88712848764477
SYC,Seychelles,2005,9.0057617374238,-2.8504539768538
SYC,Seychelles,2006,9.40612855732827,9.0057617374238
SYC,Seychelles,2007,8.87606645570879,9.40612855732827
SYC,Seychelles,2008,-2.72594626154864,8.87606645570879
SYC,Seychelles,2009,-2.47937594726137,-2.72594626154864
SYC,Seychelles,2010,4.50513204312067,-2.47937594726137
SYC,Seychelles,2011,9.5097833517957,4.50513204312067
SYC,Seychelles,2012,3.1106784939243,9.5097833517957
SYC,Seychelles,2013,1.25373496242949,3.1106784939243
SYC,Seychelles,2014,4.0636918123521,1.25373496242949
SYC,Seychelles,2015,8.9140088750469,4.0636918123521
SYC,Seychelles,2016,12.1175272453913,8.9140088750469
SYC,Seychelles,2017,6.95416218794271,12.1175272453913
SYC,Seychelles,2018,4.93947272254312,6.95416218794271
SYC,Seychelles,2019,5.5142920737342,4.93947272254312
SYC,Seychelles,2020,-11.7398608281732,5.5142920737342
SYC,Seychelles,2021,0.552281631207279,-11.7398608281732
SYC,Seychelles,2022,9.88048366355446,0.552281631207279
SYC,Seychelles,2023,5.17980996672414,9.88048366355446
SYC,Seychelles,2024,3.34667429007052,5.17980996672414
SYC,Seychelles,2025,5.79795669973812,3.34667429007052
SYR,Syrian Arab Republic,1962,24.5212971717849,10.8330639000002
SYR,Syrian Arab Republic,1963,-8.6527466722076,24.5212971717849
SYR,Syrian Arab Republic,1964,9.2713638022407,-8.6527466722076
SYR,Syrian Arab Republic,1965,2.29937387537676,9.2713638022407
SYR,Syrian Arab Republic,1966,-7.65906551020211,2.29937387537676
SYR,Syrian Arab Republic,1967,8.25768264705083,-7.65906551020211
SYR,Syrian Arab Republic,1968,3.72908022105565,8.25768264705083
SYR,Syrian Arab Republic,1969,18.7679152118321,3.72908022105565
SYR,Syrian Arab Republic,1970,-1.79685287528201,18.7679152118321
SYR,Syrian Arab Republic,1971,8.95581456274421,-1.79685287528201
SYR,Syrian Arab Republic,1972,25.6607151992633,8.95581456274421
SYR,Syrian Arab Republic,1973,-10.4698549438381,25.6607151992633
SYR,Syrian Arab Republic,1974,25.7957728545964,-10.4698549438381
SYR,Syrian Arab Republic,1975,16.3515760555234,25.7957728545964
SYR,Syrian Arab Republic,1976,12.2544466019418,16.3515760555234
SYR,Syrian Arab Republic,1977,-1.79951787755418,12.2544466019418
SYR,Syrian Arab Republic,1978,9.94259012392304,-1.79951787755418
SYR,Syrian Arab Republic,1979,0.887988823235375,9.94259012392304
SYR,Syrian Arab Republic,1980,14.5081169532396,0.887988823235375
SYR,Syrian Arab Republic,1981,7.75534386462431,14.5081169532396
SYR,Syrian Arab Republic,1982,2.78908664825673,7.75534386462431
SYR,Syrian Arab Republic,1983,2.32033993721339,2.78908664825673
SYR,Syrian Arab Republic,1984,-7.61063021187196,2.32033993721339
SYR,Syrian Arab Republic,1985,9.3508073317891,-7.61063021187196
SYR,Syrian Arab Republic,1986,-7.95292895543678,9.3508073317891
SYR,Syrian Arab Republic,1987,1.68228234551005,-7.95292895543678
SYR,Syrian Arab Republic,1988,18.0111401002195,1.68228234551005
SYR,Syrian Arab Republic,1989,-13.6472821767151,18.0111401002195
SYR,Syrian Arab Republic,1990,3.73955590233751,-13.6472821767151
SYR,Syrian Arab Republic,1991,7.66646818712442,3.73955590233751
SYR,Syrian Arab Republic,1992,12.972790068566,7.66646818712442
SYR,Syrian Arab Republic,1993,6.15089557310075,12.972790068566
SYR,Syrian Arab Republic,1994,7.21302920527431,6.15089557310075
SYR,Syrian Arab Republic,1995,7.02658954303115,7.21302920527431
SYR,Syrian Arab Republic,1996,9.82556940470964,7.02658954303115
SYR,Syrian Arab Republic,1997,5.0238045081104,9.82556940470964
SYR,Syrian Arab Republic,1998,6.78530452433867,5.0238045081104
SYR,Syrian Arab Republic,1999,-3.55344987109004,6.78530452433867
SYR,Syrian Arab Republic,2000,0.675642589410501,-3.55344987109004
SYR,Syrian Arab Republic,2001,3.79340343988601,0.675642589410501
SYR,Syrian Arab Republic,2002,7.85855098148016,3.79340343988601
SYR,Syrian Arab Republic,2003,0.590781711933914,7.85855098148016
SYR,Syrian Arab Republic,2004,6.9025333036284,0.590781711933914
SYR,Syrian Arab Republic,2005,6.21550444795768,6.9025333036284
SYR,Syrian Arab Republic,2006,5.04600280095076,6.21550444795768
SYR,Syrian Arab Republic,2007,5.6747382107833,5.04600280095076
SYR,Syrian Arab Republic,2008,4.47662154277957,5.6747382107833
SYR,Syrian Arab Republic,2009,5.91229460524147,4.47662154277957
SYR,Syrian Arab Republic,2010,5.19150915015936,5.91229460524147
SYR,Syrian Arab Republic,2011,2.8502205980333,5.19150915015936
SYR,Syrian Arab Republic,2012,-26.338904668983,2.8502205980333
SYR,Syrian Arab Republic,2013,-26.3002577493205,-26.338904668983
SYR,Syrian Arab Republic,2014,-10.3103412087823,-26.3002577493205
SYR,Syrian Arab Republic,2015,-4.17969204561759,-10.3103412087823
SYR,Syrian Arab Republic,2016,-6.40568496867387,-4.17969204561759
SYR,Syrian Arab Republic,2017,-0.723346297115341,-6.40568496867387
SYR,Syrian Arab Republic,2018,1.39323324059961,-0.723346297115341
SYR,Syrian Arab Republic,2019,1.22072818348491,1.39323324059961
SYR,Syrian Arab Republic,2020,0.954914586675713,1.22072818348491
SYR,Syrian Arab Republic,2021,1.7896919997567,0.954914586675713
SYR,Syrian Arab Republic,2022,-0.20247264200475,1.7896919997567
TCD,Chad,1962,5.36011610893922,1.39774367077582
TCD,Chad,1963,-1.59945401520737,5.36011610893922
TCD,Chad,1964,-2.51093960346873,-1.59945401520737
TCD,Chad,1965,0.606227786326357,-2.51093960346873
TCD,Chad,1966,-1.80709239199822,0.606227786326357
TCD,Chad,1967,0.767201382289826,-1.80709239199822
TCD,Chad,1968,-0.457218866538199,0.767201382289826
TCD,Chad,1969,6.88131022379166,-0.457218866538199
TCD,Chad,1970,1.85965647855571,6.88131022379166
TCD,Chad,1971,-2.24762637244979,1.85965647855571
TCD,Chad,1972,1.14961609483252,-2.24762637244979
TCD,Chad,1973,-8.38088300800818,1.14961609483252
TCD,Chad,1974,4.96185258253874,-8.38088300800818
TCD,Chad,1975,9.01026730550424,4.96185258253874
TCD,Chad,1976,2.98076526952664,9.01026730550424
TCD,Chad,1977,2.23462484913821,2.98076526952664
TCD,Chad,1978,-0.469634188032288,2.23462484913821
TCD,Chad,1979,-21.4410876889116,-0.469634188032288
TCD,Chad,1980,-6.04767074733067,-21.4410876889116
TCD,Chad,1981,1.0429181025978,-6.04767074733067
TCD,Chad,1982,5.34660899936992,1.0429181025978
TCD,Chad,1983,15.6787177787333,5.34660899936992
TCD,Chad,1984,2.04889891081616,15.6787177787333
TCD,Chad,1985,21.7927735303921,2.04889891081616
TCD,Chad,1986,-4.08166751727347,21.7927735303921
TCD,Chad,1987,-2.38880849732436,-4.08166751727347
TCD,Chad,1988,15.4823590700135,-2.38880849732436
TCD,Chad,1989,4.88473510251002,15.4823590700135
TCD,Chad,1990,-4.17847237277633,4.88473510251002
TCD,Chad,1991,8.53513716635477,-4.17847237277633
TCD,Chad,1992,8.00144334899822,8.53513716635477
TCD,Chad,1993,-15.7098370447417,8.00144334899822
TCD,Chad,1994,10.1368876324308,-15.7098370447417
TCD,Chad,1995,1.23654931570509,10.1368876324308
TCD,Chad,1996,2.21447303497622,1.23654931570509
TCD,Chad,1997,5.65339232904813,2.21447303497622
TCD,Chad,1998,6.95157991370925,5.65339232904813
TCD,Chad,1999,-0.68285022143975,6.95157991370925
TCD,Chad,2000,-0.879681024156014,-0.68285022143975
TCD,Chad,2001,11.6581346550771,-0.879681024156014
TCD,Chad,2002,8.4912098197177,11.6581346550771
TCD,Chad,2003,14.7216670123589,8.4912098197177
TCD,Chad,2004,33.6293718498522,14.7216670123589
TCD,Chad,2005,17.3325337352162,33.6293718498522
TCD,Chad,2006,-0.54282957080251,17.3325337352162
TCD,Chad,2007,4.20017418353298,-0.54282957080251
TCD,Chad,2008,3.08119033854541,4.20017418353298
TCD,Chad,2009,-1.40828262637592,3.08119033854541
TCD,Chad,2010,13.6738272725339,-1.40828262637592
TCD,Chad,2011,4.49542967058827,13.6738272725339
TCD,Chad,2012,9.06180392253447,4.49542967058827
TCD,Chad,2013,2.83821524730293,9.06180392253447
TCD,Chad,2014,2.06283074361411,2.83821524730293
TCD,Chad,2015,3.30415979779805,2.06283074361411
TCD,Chad,2016,-4.12250332637034,3.30415979779805
TCD,Chad,2017,-1.61746922820204,-4.12250332637034
TCD,Chad,2018,5.74111580758154,-1.61746922820204
TCD,Chad,2019,5.38282202874814,5.74111580758154
TCD,Chad,2020,-0.393646582380399,5.38282202874814
TCD,Chad,2021,0.293442648033434,-0.393646582380399
TCD,Chad,2022,4.12969897668356,0.293442648033434
TCD,Chad,2023,3.99861309461539,4.12969897668356
TCD,Chad,2024,4.95210484607125,3.99861309461539
TCD,Chad,2025,5.58988021765651,4.95210484607125
TEA,East Asia & Pacific (IDA & IBRD countries),1962,-0.671882573266259,-13.4344045751135
TEA,East Asia & Pacific (IDA & IBRD countries),1963,6.46289022242695,-0.671882573266259
TEA,East Asia & Pacific (IDA & IBRD countries),1964,10.8314233341795,6.46289022242695
TEA,East Asia & Pacific (IDA & IBRD countries),1965,10.8232227844315,10.8314233341795
TEA,East Asia & Pacific (IDA & IBRD countries),1966,8.02103841560726,10.8232227844315
TEA,East Asia & Pacific (IDA & IBRD countries),1967,-1.45214525661203,8.02103841560726
TEA,East Asia & Pacific (IDA & IBRD countries),1968,1.73284297813564,-1.45214525661203
TEA,East Asia & Pacific (IDA & IBRD countries),1969,11.4208682798762,1.73284297813564
TEA,East Asia & Pacific (IDA & IBRD countries),1970,13.4819230456563,11.4208682798762
TEA,East Asia & Pacific (IDA & IBRD countries),1971,6.77130343460077,13.4819230456563
TEA,East Asia & Pacific (IDA & IBRD countries),1972,4.89305187770393,6.77130343460077
TEA,East Asia & Pacific (IDA & IBRD countries),1973,8.25728655472378,4.89305187770393
TEA,East Asia & Pacific (IDA & IBRD countries),1974,3.91888962391928,8.25728655472378
TEA,East Asia & Pacific (IDA & IBRD countries),1975,6.71817412294642,3.91888962391928
TEA,East Asia & Pacific (IDA & IBRD countries),1976,2.75254308225053,6.71817412294642
TEA,East Asia & Pacific (IDA & IBRD countries),1977,7.46459161658966,2.75254308225053
TEA,East Asia & Pacific (IDA & IBRD countries),1978,9.18072276187421,7.46459161658966
TEA,East Asia & Pacific (IDA & IBRD countries),1979,7.0132313365219,9.18072276187421
TEA,East Asia & Pacific (IDA & IBRD countries),1980,7.46495486486774,7.0132313365219
TEA,East Asia & Pacific (IDA & IBRD countries),1981,5.57103885627166,7.46495486486774
TEA,East Asia & Pacific (IDA & IBRD countries),1982,6.42192913763778,5.57103885627166
TEA,East Asia & Pacific (IDA & IBRD countries),1983,7.70098472165076,6.42192913763778
TEA,East Asia & Pacific (IDA & IBRD countries),1984,9.99516599613037,7.70098472165076
TEA,East Asia & Pacific (IDA & IBRD countries),1985,7.92499376951355,9.99516599613037
TEA,East Asia & Pacific (IDA & IBRD countries),1986,7.14736204331348,7.92499376951355
TEA,East Asia & Pacific (IDA & IBRD countries),1987,9.18952513988786,7.14736204331348
TEA,East Asia & Pacific (IDA & IBRD countries),1988,9.77275470718268,9.18952513988786
TEA,East Asia & Pacific (IDA & IBRD countries),1989,5.68575057736768,9.77275470718268
TEA,East Asia & Pacific (IDA & IBRD countries),1990,5.14141902525773,5.68575057736768
TEA,East Asia & Pacific (IDA & IBRD countries),1991,8.09982815056638,5.14141902525773
TEA,East Asia & Pacific (IDA & IBRD countries),1992,11.2452158300335,8.09982815056638
TEA,East Asia & Pacific (IDA & IBRD countries),1993,11.30819650594,11.2452158300335
TEA,East Asia & Pacific (IDA & IBRD countries),1994,10.954415475779,11.30819650594
TEA,East Asia & Pacific (IDA & IBRD countries),1995,9.9245586983822,10.954415475779
TEA,East Asia & Pacific (IDA & IBRD countries),1996,9.10361774788457,9.9245586983822
TEA,East Asia & Pacific (IDA & IBRD countries),1997,7.40209003031499,9.10361774788457
TEA,East Asia & Pacific (IDA & IBRD countries),1998,3.00501627010981,7.40209003031499
TEA,East Asia & Pacific (IDA & IBRD countries),1999,6.45307927178109,3.00501627010981
TEA,East Asia & Pacific (IDA & IBRD countries),2000,7.71852126042445,6.45307927178109
TEA,East Asia & Pacific (IDA & IBRD countries),2001,6.98845090936314,7.71852126042445
TEA,East Asia & Pacific (IDA & IBRD countries),2002,8.14910214520081,6.98845090936314
TEA,East Asia & Pacific (IDA & IBRD countries),2003,9.0198981787084,8.14910214520081
TEA,East Asia & Pacific (IDA & IBRD countries),2004,9.15538288762043,9.0198981787084
TEA,East Asia & Pacific (IDA & IBRD countries),2005,10.0453479369689,9.15538288762043
TEA,East Asia & Pacific (IDA & IBRD countries),2006,11.0701698073483,10.0453479369689
TEA,East Asia & Pacific (IDA & IBRD countries),2007,12.4514594274886,11.0701698073483
TEA,East Asia & Pacific (IDA & IBRD countries),2008,8.64714723897988,12.4514594274886
TEA,East Asia & Pacific (IDA & IBRD countries),2009,8.01813058739246,8.64714723897988
TEA,East Asia & Pacific (IDA & IBRD countries),2010,9.8937176385907,8.01813058739246
TEA,East Asia & Pacific (IDA & IBRD countries),2011,8.58526373940811,9.8937176385907
TEA,East Asia & Pacific (IDA & IBRD countries),2012,7.58039439959404,8.58526373940811
TEA,East Asia & Pacific (IDA & IBRD countries),2013,7.3170154101466,7.58039439959404
TEA,East Asia & Pacific (IDA & IBRD countries),2014,7.02222532623085,7.3170154101466
TEA,East Asia & Pacific (IDA & IBRD countries),2015,6.66374638813893,7.02222532623085
TEA,East Asia & Pacific (IDA & IBRD countries),2016,6.50841250220505,6.66374638813893
TEA,East Asia & Pacific (IDA & IBRD countries),2017,6.66638400332221,6.50841250220505
TEA,East Asia & Pacific (IDA & IBRD countries),2018,6.53783889633732,6.66638400332221
TEA,East Asia & Pacific (IDA & IBRD countries),2019,5.88481120447702,6.53783889633732
TEA,East Asia & Pacific (IDA & IBRD countries),2020,1.34329202401489,5.88481120447702
TEA,East Asia & Pacific (IDA & IBRD countries),2021,7.71993890573823,1.34329202401489
TEA,East Asia & Pacific (IDA & IBRD countries),2022,3.5491103392587,7.71993890573823
TEA,East Asia & Pacific (IDA & IBRD countries),2023,5.2600647393007,3.5491103392587
TEA,East Asia & Pacific (IDA & IBRD countries),2024,4.95413752144529,5.2600647393007
TEA,East Asia & Pacific (IDA & IBRD countries),2025,4.94449693162349,4.95413752144529
TEC,Europe & Central Asia (IDA & IBRD countries),1991,-5.88712008459063,-1.44144823651867
TEC,Europe & Central Asia (IDA & IBRD countries),1992,-9.53832955964424,-5.88712008459063
TEC,Europe & Central Asia (IDA & IBRD countries),1993,-4.63786536101067,-9.53832955964424
TEC,Europe & Central Asia (IDA & IBRD countries),1994,-8.41412929870859,-4.63786536101067
TEC,Europe & Central Asia (IDA & IBRD countries),1995,-0.0326937506938521,-8.41412929870859
TEC,Europe & Central Asia (IDA & IBRD countries),1996,0.986283325498619,-0.0326937506938521
TEC,Europe & Central Asia (IDA & IBRD countries),1997,2.91629375179041,0.986283325498619
TEC,Europe & Central Asia (IDA & IBRD countries),1998,-0.701270295875517,2.91629375179041
TEC,Europe & Central Asia (IDA & IBRD countries),1999,2.49400473409132,-0.701270295875517
TEC,Europe & Central Asia (IDA & IBRD countries),2000,7.37530383700147,2.49400473409132
TEC,Europe & Central Asia (IDA & IBRD countries),2001,2.65918222948618,7.37530383700147
TEC,Europe & Central Asia (IDA & IBRD countries),2002,4.99079319794743,2.65918222948618
TEC,Europe & Central Asia (IDA & IBRD countries),2003,6.18506307871878,4.99079319794743
TEC,Europe & Central Asia (IDA & IBRD countries),2004,7.87398994088686,6.18506307871878
TEC,Europe & Central Asia (IDA & IBRD countries),2005,6.63985652194599,7.87398994088686
TEC,Europe & Central Asia (IDA & IBRD countries),2006,7.86762732683354,6.63985652194599
TEC,Europe & Central Asia (IDA & IBRD countries),2007,7.62876967431964,7.86762732683354
TEC,Europe & Central Asia (IDA & IBRD countries),2008,4.49351299322045,7.62876967431964
TEC,Europe & Central Asia (IDA & IBRD countries),2009,-4.67925961129608,4.49351299322045
TEC,Europe & Central Asia (IDA & IBRD countries),2010,4.69523800480289,-4.67925961129608
TEC,Europe & Central Asia (IDA & IBRD countries),2011,5.88037781104649,4.69523800480289
TEC,Europe & Central Asia (IDA & IBRD countries),2012,3.46791933031466,5.88037781104649
TEC,Europe & Central Asia (IDA & IBRD countries),2013,3.37336805240554,3.46791933031466
TEC,Europe & Central Asia (IDA & IBRD countries),2014,2.30298411904455,3.37336805240554
TEC,Europe & Central Asia (IDA & IBRD countries),2015,1.46022367131448,2.30298411904455
TEC,Europe & Central Asia (IDA & IBRD countries),2016,1.89511334774663,1.46022367131448
TEC,Europe & Central Asia (IDA & IBRD countries),2017,4.37963852941809,1.89511334774663
TEC,Europe & Central Asia (IDA & IBRD countries),2018,3.81479272946348,4.37963852941809
TEC,Europe & Central Asia (IDA & IBRD countries),2019,2.83114768378128,3.81479272946348
TEC,Europe & Central Asia (IDA & IBRD countries),2020,-1.44509752100556,2.83114768378128
TEC,Europe & Central Asia (IDA & IBRD countries),2021,7.59725679517675,-1.44509752100556
TEC,Europe & Central Asia (IDA & IBRD countries),2022,1.97113681599863,7.59725679517675
TEC,Europe & Central Asia (IDA & IBRD countries),2023,3.8319198777364,1.97113681599863
TEC,Europe & Central Asia (IDA & IBRD countries),2024,4.03167528195137,3.8319198777364
TEC,Europe & Central Asia (IDA & IBRD countries),2025,2.84310557858637,4.03167528195137
TGO,Togo,1962,3.77365283189978,12.1693173716966
TGO,Togo,1963,4.99969427082227,3.77365283189978
TGO,Togo,1964,14.2860112631032,4.99969427082227
TGO,Togo,1965,15.4597127063262,14.2860112631032
TGO,Togo,1966,9.4087191007167,15.4597127063262
TGO,Togo,1967,5.50037155762124,9.4087191007167
TGO,Togo,1968,5.02369185243529,5.50037155762124
TGO,Togo,1969,10.8308683441436,5.02369185243529
TGO,Togo,1970,2.52430264526689,10.8308683441436
TGO,Togo,1971,0.0,2.52430264526689
TGO,Togo,1972,7.6251575468784,0.0
TGO,Togo,1973,3.83748400245855,7.6251575468784
TGO,Togo,1974,4.83284911849424,3.83748400245855
TGO,Togo,1975,2.44054118351914,4.83284911849424
TGO,Togo,1976,-2.05152258707815,2.44054118351914
TGO,Togo,1977,6.95908537296113,-2.05152258707815
TGO,Togo,1978,11.0454345072834,6.95908537296113
TGO,Togo,1979,-5.16774264547425,11.0454345072834
TGO,Togo,1980,14.5769561096296,-5.16774264547425
TGO,Togo,1981,-3.31518607757171,14.5769561096296
TGO,Togo,1982,-3.58240254629433,-3.31518607757171
TGO,Togo,1983,-5.41400778468125,-3.58240254629433
TGO,Togo,1984,5.55555504120959,-5.41400778468125
TGO,Togo,1985,5.55555216355627,5.55555504120959
TGO,Togo,1986,1.5865043145251,5.55555216355627
TGO,Togo,1987,0.510162180697307,1.5865043145251
TGO,Togo,1988,6.64236977029414,0.510162180697307
TGO,Togo,1989,4.06002168353761,6.64236977029414
TGO,Togo,1990,-0.243656134474705,4.06002168353761
TGO,Togo,1991,-0.699967495023117,-0.243656134474705
TGO,Togo,1992,-3.98068681380465,-0.699967495023117
TGO,Togo,1993,-15.0958274819575,-3.98068681380465
TGO,Togo,1994,14.9824143442687,-15.0958274819575
TGO,Togo,1995,7.84583232329818,14.9824143442687
TGO,Togo,1996,8.83621162979911,7.84583232329818
TGO,Togo,1997,14.3773775724317,8.83621162979911
TGO,Togo,1998,-2.29987657013699,14.3773775724317
TGO,Togo,1999,2.48175143834959,-2.29987657013699
TGO,Togo,2000,-0.783479610048047,2.48175143834959
TGO,Togo,2001,0.823438752111855,-0.783479610048047
TGO,Togo,2002,3.82662257675142,0.823438752111855
TGO,Togo,2003,6.72017142336034,3.82662257675142
TGO,Togo,2004,-0.978665332738743,6.72017142336034
TGO,Togo,2005,-4.66629938413338,-0.978665332738743
TGO,Togo,2006,2.65013209943473,-4.66629938413338
TGO,Togo,2007,-1.1751368996605,2.65013209943473
TGO,Togo,2008,4.03561315398862,-1.1751368996605
TGO,Togo,2009,5.45381096920332,4.03561315398862
TGO,Togo,2010,5.85433399076879,5.45381096920332
TGO,Togo,2011,5.82325622135289,5.85433399076879
TGO,Togo,2012,6.30271426865185,5.82325622135289
TGO,Togo,2013,5.82425069283059,6.30271426865185
TGO,Togo,2014,5.63323739145223,5.82425069283059
TGO,Togo,2015,5.4680413807304,5.63323739145223
TGO,Togo,2016,4.21490387414525,5.4680413807304
TGO,Togo,2017,4.00791259566937,4.21490387414525
TGO,Togo,2018,4.79518333086139,4.00791259566937
TGO,Togo,2019,4.91949260488683,4.79518333086139
TGO,Togo,2020,2.15900131150536,4.91949260488683
TGO,Togo,2021,5.13562929064506,2.15900131150536
TGO,Togo,2022,6.29443692019429,5.13562929064506
TGO,Togo,2023,6.19762969378132,6.29443692019429
TGO,Togo,2024,6.52651376797853,6.19762969378132
TGO,Togo,2025,6.31032671625633,6.52651376797853
THA,Thailand,1962,7.55425444784086,5.36214630168787
THA,Thailand,1963,7.99983078698784,7.55425444784086
THA,Thailand,1964,6.83099614370542,7.99983078698784
THA,Thailand,1965,8.18166153767717,6.83099614370542
THA,Thailand,1966,11.1225184946389,8.18166153767717
THA,Thailand,1967,8.61598233328198,11.1225184946389
THA,Thailand,1968,8.12227025554289,8.61598233328198
THA,Thailand,1969,6.55065988587748,8.12227025554289
THA,Thailand,1970,11.4079490662098,6.55065988587748
THA,Thailand,1971,4.89537376024299,11.4079490662098
THA,Thailand,1972,4.27850803861051,4.89537376024299
THA,Thailand,1973,10.2364330148798,4.27850803861051
THA,Thailand,1974,4.46625338575453,10.2364330148798
THA,Thailand,1975,4.97040522766497,4.46625338575453
THA,Thailand,1976,9.32681108178437,4.97040522766497
THA,Thailand,1977,9.84346323531113,9.32681108178437
THA,Thailand,1978,10.2957465349385,9.84346323531113
THA,Thailand,1979,5.37176651254237,10.2957465349385
THA,Thailand,1980,5.17354100571934,5.37176651254237
THA,Thailand,1981,5.90686776303639,5.17354100571934
THA,Thailand,1982,5.35234875066743,5.90686776303639
THA,Thailand,1983,5.58420246919084,5.35234875066743
THA,Thailand,1984,5.75243025148993,5.58420246919084
THA,Thailand,1985,4.64724035659331,5.75243025148993
THA,Thailand,1986,5.53382776724771,4.64724035659331
THA,Thailand,1987,9.5189460221079,5.53382776724771
THA,Thailand,1988,13.2881140717644,9.5189460221079
THA,Thailand,1989,12.1905059866109,13.2881140717644
THA,Thailand,1990,11.1671634446293,12.1905059866109
THA,Thailand,1991,8.5582603212423,11.1671634446293
THA,Thailand,1992,8.08338802345332,8.5582603212423
THA,Thailand,1993,8.25191591524627,8.08338802345332
THA,Thailand,1994,7.99702466720433,8.25191591524627
THA,Thailand,1995,8.12031534625378,7.99702466720433
THA,Thailand,1996,5.65194446499471,8.12031534625378
THA,Thailand,1997,-2.75357515314082,5.65194446499471
THA,Thailand,1998,-7.63403528600102,-2.75357515314082
THA,Thailand,1999,4.57230775115542,-7.63403528600102
THA,Thailand,2000,4.45524704335014,4.57230775115542
THA,Thailand,2001,3.44424900968372,4.45524704335014
THA,Thailand,2002,6.14903605210036,3.44424900968372
THA,Thailand,2003,7.18924330340971,6.14903605210036
THA,Thailand,2004,6.28934214285795,7.18924330340971
THA,Thailand,2005,4.18763842884337,6.28934214285795
THA,Thailand,2006,4.96781089246107,4.18763842884337
THA,Thailand,2007,5.43515169050809,4.96781089246107
THA,Thailand,2008,1.72569884866334,5.43515169050809
THA,Thailand,2009,-0.690618232300579,1.72569884866334
THA,Thailand,2010,7.51339053261624,-0.690618232300579
THA,Thailand,2011,0.840132083053334,7.51339053261624
THA,Thailand,2012,7.24279620249642,0.840132083053334
THA,Thailand,2013,2.68749556320556,7.24279620249642
THA,Thailand,2014,0.984468863619426,2.68749556320556
THA,Thailand,2015,3.13404724911635,0.984468863619426
THA,Thailand,2016,3.43515771692182,3.13404724911635
THA,Thailand,2017,4.1776810321001,3.43515771692182
THA,Thailand,2018,4.22287028746071,4.1776810321001
THA,Thailand,2019,2.11455779628278,4.22287028746071
THA,Thailand,2020,-6.09306312966953,2.11455779628278
THA,Thailand,2021,1.55858232076893,-6.09306312966953
THA,Thailand,2022,2.63784213566305,1.55858232076893
THA,Thailand,2023,2.24883437970568,2.63784213566305
THA,Thailand,2024,2.94859986593323,2.24883437970568
THA,Thailand,2025,2.44247444990198,2.94859986593323
TJK,Tajikistan,1987,-1.20000004458646,3.49999987309577
TJK,Tajikistan,1988,13.900001094354,-1.20000004458646
TJK,Tajikistan,1989,-6.50000066364703,13.900001094354
TJK,Tajikistan,1990,-0.59999963133663,-6.50000066364703
TJK,Tajikistan,1991,-7.09999909622525,-0.59999963133663
TJK,Tajikistan,1992,-29.0000010554471,-7.09999909622525
TJK,Tajikistan,1993,-16.3999998448822,-29.0000010554471
TJK,Tajikistan,1994,-21.2999980130949,-16.3999998448822
TJK,Tajikistan,1995,-12.416322231899,-21.2999980130949
TJK,Tajikistan,1996,-16.6999984353389,-12.416322231899
TJK,Tajikistan,1997,1.68067413588066,-16.6999984353389
TJK,Tajikistan,1998,5.31286765940042,1.68067413588066
TJK,Tajikistan,1999,3.69955071665851,5.31286765940042
TJK,Tajikistan,2000,8.32432449473859,3.69955071665851
TJK,Tajikistan,2001,9.58083617842951,8.32432449473859
TJK,Tajikistan,2002,10.8000037591665,9.58083617842951
TJK,Tajikistan,2003,10.9999990780572,10.8000037591665
TJK,Tajikistan,2004,10.2999989410117,10.9999990780572
TJK,Tajikistan,2005,6.69999851655409,10.2999989410117
TJK,Tajikistan,2006,7.00000321108996,6.69999851655409
TJK,Tajikistan,2007,7.80000011872161,7.00000321108996
TJK,Tajikistan,2008,7.89999827154939,7.80000011872161
TJK,Tajikistan,2009,3.90000114826496,7.89999827154939
TJK,Tajikistan,2010,6.49999908585235,3.90000114826496
TJK,Tajikistan,2011,7.40000059956711,6.49999908585235
TJK,Tajikistan,2012,7.49999946321525,7.40000059956711
TJK,Tajikistan,2013,7.39999974700379,7.49999946321525
TJK,Tajikistan,2014,6.70000069016253,7.39999974700379
TJK,Tajikistan,2015,6.01930331771186,6.70000069016253
TJK,Tajikistan,2016,6.89999999999999,6.01930331771186
TJK,Tajikistan,2017,7.10000041864309,6.89999999999999
TJK,Tajikistan,2018,7.5999988895536,7.10000041864309
TJK,Tajikistan,2019,7.40000016310556,7.5999988895536
TJK,Tajikistan,2020,4.40000111553493,7.40000016310556
TJK,Tajikistan,2021,9.39999955037523,4.40000111553493
TJK,Tajikistan,2022,8.00000033846364,9.39999955037523
TJK,Tajikistan,2023,8.29999921651935,8.00000033846364
TJK,Tajikistan,2024,8.39999980983981,8.29999921651935
TJK,Tajikistan,2025,8.40000053390075,8.39999980983981
TKM,Turkmenistan,1989,-4.25531950689688,11.0236221751372
TKM,Turkmenistan,1990,35.3845581084463,-4.25531950689688
TKM,Turkmenistan,1991,-4.60526320431288,35.3845581084463
TKM,Turkmenistan,1992,-14.9659866561153,-4.60526320431288
TKM,Turkmenistan,1993,1.50000032726246,-14.9659866561153
TKM,Turkmenistan,1994,-17.2998605116336,1.50000032726246
TKM,Turkmenistan,1995,-7.20004092656342,-17.2998605116336
TKM,Turkmenistan,1996,6.69999198681985,-7.20004092656342
TKM,Turkmenistan,1997,-11.4000001301061,6.69999198681985
TKM,Turkmenistan,1998,7.1000003383482,-11.4000001301061
TKM,Turkmenistan,1999,16.4999995329385,7.1000003383482
TKM,Turkmenistan,2000,5.46906425232281,16.4999995329385
TKM,Turkmenistan,2001,4.34384545203714,5.46906425232281
TKM,Turkmenistan,2002,0.257179997445405,4.34384545203714
TKM,Turkmenistan,2003,3.2688286670479,0.257179997445405
TKM,Turkmenistan,2004,5.00040735874585,3.2688286670479
TKM,Turkmenistan,2005,13.0340347988606,5.00040735874585
TKM,Turkmenistan,2006,10.9733082952862,13.0340347988606
TKM,Turkmenistan,2007,11.0592995865825,10.9733082952862
TKM,Turkmenistan,2008,14.7000000144534,11.0592995865825
TKM,Turkmenistan,2009,6.10000001746145,14.7000000144534
TKM,Turkmenistan,2010,9.20000007329543,6.10000001746145
TKM,Turkmenistan,2011,14.7183120474814,9.20000007329543
TKM,Turkmenistan,2012,11.0508311776258,14.7183120474814
TKM,Turkmenistan,2013,10.1628450365084,11.0508311776258
TKM,Turkmenistan,2014,10.3497353947965,10.1628450365084
TKM,Turkmenistan,2015,6.45254918531575,10.3497353947965
TKM,Turkmenistan,2016,6.22909997062793,6.45254918531575
TKM,Turkmenistan,2017,6.45138358820188,6.22909997062793
TKM,Turkmenistan,2018,6.20602363832646,6.45138358820188
TKM,Turkmenistan,2019,6.33169567608873,6.20602363832646
TKM,Turkmenistan,2020,5.87065623130427,6.33169567608873
TKM,Turkmenistan,2021,6.15115785574542,5.87065623130427
TKM,Turkmenistan,2022,6.23491365071671,6.15115785574542
TKM,Turkmenistan,2023,6.31879850268643,6.23491365071671
TKM,Turkmenistan,2024,6.28235647996578,6.31879850268643
TKM,Turkmenistan,2025,6.30000003697894,6.28235647996578
TLA,Latin America & the Caribbean (IDA & IBRD countries),1962,4.39430472409916,5.97964712665822
TLA,Latin America & the Caribbean (IDA & IBRD countries),1963,1.97290392859135,4.39430472409916
TLA,Latin America & the Caribbean (IDA & IBRD countries),1964,7.45700075943725,1.97290392859135
TLA,Latin America & the Caribbean (IDA & IBRD countries),1965,5.48170570820972,7.45700075943725
TLA,Latin America & the Caribbean (IDA & IBRD countries),1966,4.69547273475474,5.48170570820972
TLA,Latin America & the Caribbean (IDA & IBRD countries),1967,4.1984113145259,4.69547273475474
TLA,Latin America & the Caribbean (IDA & IBRD countries),1968,7.16779147337756,4.1984113145259
TLA,Latin America & the Caribbean (IDA & IBRD countries),1969,6.49235744178991,7.16779147337756
TLA,Latin America & the Caribbean (IDA & IBRD countries),1970,6.5942207083836,6.49235744178991
TLA,Latin America & the Caribbean (IDA & IBRD countries),1971,6.63598755124912,6.5942207083836
TLA,Latin America & the Caribbean (IDA & IBRD countries),1972,7.01521788100474,6.63598755124912
TLA,Latin America & the Caribbean (IDA & IBRD countries),1973,8.08460045132603,7.01521788100474
TLA,Latin America & the Caribbean (IDA & IBRD countries),1974,6.32130506233412,8.08460045132603
TLA,Latin America & the Caribbean (IDA & IBRD countries),1975,3.64183875158209,6.32130506233412
TLA,Latin America & the Caribbean (IDA & IBRD countries),1976,5.48897720850805,3.64183875158209
TLA,Latin America & the Caribbean (IDA & IBRD countries),1977,4.81395836914209,5.48897720850805
TLA,Latin America & the Caribbean (IDA & IBRD countries),1978,4.32295179994262,4.81395836914209
TLA,Latin America & the Caribbean (IDA & IBRD countries),1979,7.1990035803457,4.32295179994262
TLA,Latin America & the Caribbean (IDA & IBRD countries),1980,6.52097130258772,7.1990035803457
TLA,Latin America & the Caribbean (IDA & IBRD countries),1981,0.872199321526452,6.52097130258772
TLA,Latin America & the Caribbean (IDA & IBRD countries),1982,-0.250779066710976,0.872199321526452
TLA,Latin America & the Caribbean (IDA & IBRD countries),1983,-2.71044657820396,-0.250779066710976
TLA,Latin America & the Caribbean (IDA & IBRD countries),1984,3.74372422285821,-2.71044657820396
TLA,Latin America & the Caribbean (IDA & IBRD countries),1985,3.06532778038499,3.74372422285821
TLA,Latin America & the Caribbean (IDA & IBRD countries),1986,3.60782292933865,3.06532778038499
TLA,Latin America & the Caribbean (IDA & IBRD countries),1987,3.41351446989178,3.60782292933865
TLA,Latin America & the Caribbean (IDA & IBRD countries),1988,0.583254396630181,3.41351446989178
TLA,Latin America & the Caribbean (IDA & IBRD countries),1989,1.11355232167804,0.583254396630181
TLA,Latin America & the Caribbean (IDA & IBRD countries),1990,-0.0339148823903344,1.11355232167804
TLA,Latin America & the Caribbean (IDA & IBRD countries),1991,3.52735389843239,-0.0339148823903344
TLA,Latin America & the Caribbean (IDA & IBRD countries),1992,2.91198789374343,3.52735389843239
TLA,Latin America & the Caribbean (IDA & IBRD countries),1993,4.57763283422598,2.91198789374343
TLA,Latin America & the Caribbean (IDA & IBRD countries),1994,5.12380357276018,4.57763283422598
TLA,Latin America & the Caribbean (IDA & IBRD countries),1995,0.818894035643041,5.12380357276018
TLA,Latin America & the Caribbean (IDA & IBRD countries),1996,3.89135505209728,0.818894035643041
TLA,Latin America & the Caribbean (IDA & IBRD countries),1997,5.52674044871256,3.89135505209728
TLA,Latin America & the Caribbean (IDA & IBRD countries),1998,2.89065711346115,5.52674044871256
TLA,Latin America & the Caribbean (IDA & IBRD countries),1999,0.305620935709669,2.89065711346115
TLA,Latin America & the Caribbean (IDA & IBRD countries),2000,3.59812186214749,0.305620935709669
TLA,Latin America & the Caribbean (IDA & IBRD countries),2001,0.314501871853068,3.59812186214749
TLA,Latin America & the Caribbean (IDA & IBRD countries),2002,0.171881489199649,0.314501871853068
TLA,Latin America & the Caribbean (IDA & IBRD countries),2003,2.27451039953415,0.171881489199649
TLA,Latin America & the Caribbean (IDA & IBRD countries),2004,5.64708523651846,2.27451039953415
TLA,Latin America & the Caribbean (IDA & IBRD countries),2005,4.19398022317677,5.64708523651846
TLA,Latin America & the Caribbean (IDA & IBRD countries),2006,5.37481873645092,4.19398022317677
TLA,Latin America & the Caribbean (IDA & IBRD countries),2007,5.45666137062888,5.37481873645092
TLA,Latin America & the Caribbean (IDA & IBRD countries),2008,3.85426414207737,5.45666137062888
TLA,Latin America & the Caribbean (IDA & IBRD countries),2009,-2.34912629613164,3.85426414207737
TLA,Latin America & the Caribbean (IDA & IBRD countries),2010,6.42164085310479,-2.34912629613164
TLA,Latin America & the Caribbean (IDA & IBRD countries),2011,4.56412247168292,6.42164085310479
TLA,Latin America & the Caribbean (IDA & IBRD countries),2012,2.71792459208542,4.56412247168292
TLA,Latin America & the Caribbean (IDA & IBRD countries),2013,2.8059330343136,2.71792459208542
TLA,Latin America & the Caribbean (IDA & IBRD countries),2014,1.24870826294293,2.8059330343136
TLA,Latin America & the Caribbean (IDA & IBRD countries),2015,0.189496368114675,1.24870826294293
TLA,Latin America & the Caribbean (IDA & IBRD countries),2016,-0.748991632597836,0.189496368114675
TLA,Latin America & the Caribbean (IDA & IBRD countries),2017,1.62136105748272,-0.748991632597836
TLA,Latin America & the Caribbean (IDA & IBRD countries),2018,1.30772581346528,1.62136105748272
TLA,Latin America & the Caribbean (IDA & IBRD countries),2019,0.295159946142377,1.30772581346528
TLA,Latin America & the Caribbean (IDA & IBRD countries),2020,-6.78167389936947,0.295159946142377
TLA,Latin America & the Caribbean (IDA & IBRD countries),2021,7.27596087772766,-6.78167389936947
TLA,Latin America & the Caribbean (IDA & IBRD countries),2022,4.12386672781881,7.27596087772766
TLA,Latin America & the Caribbean (IDA & IBRD countries),2023,2.28058560829545,4.12386672781881
TLA,Latin America & the Caribbean (IDA & IBRD countries),2024,2.27782988064618,2.28058560829545
TLA,Latin America & the Caribbean (IDA & IBRD countries),2025,2.356382434447,2.27782988064618
TLS,Timor-Leste,1992,10.4595196012455,10.7142805140818
TLS,Timor-Leste,1993,10.2047655200409,10.4595196012455
TLS,Timor-Leste,1994,7.12283832241383,10.2047655200409
TLS,Timor-Leste,1995,6.68126470624202,7.12283832241383
TLS,Timor-Leste,1996,7.9821850008766,6.68126470624202
TLS,Timor-Leste,1997,3.99999400523568,7.9821850008766
TLS,Timor-Leste,1998,-1.99999615720213,3.99999400523568
TLS,Timor-Leste,1999,-35.4524312251332,-1.99999615720213
TLS,Timor-Leste,2000,58.0780959334582,-35.4524312251332
TLS,Timor-Leste,2001,16.3476940466477,58.0780959334582
TLS,Timor-Leste,2002,-6.70069541098115,16.3476940466477
TLS,Timor-Leste,2003,-2.18226413236545,-6.70069541098115
TLS,Timor-Leste,2004,0.400003981151968,-2.18226413236545
TLS,Timor-Leste,2005,2.98457963807486,0.400003981151968
TLS,Timor-Leste,2006,-4.11609268942114,2.98457963807486
TLS,Timor-Leste,2007,10.2653884542201,-4.11609268942114
TLS,Timor-Leste,2008,11.3948048266465,10.2653884542201
TLS,Timor-Leste,2009,10.1469544183475,11.3948048266465
TLS,Timor-Leste,2010,9.33149490201264,10.1469544183475
TLS,Timor-Leste,2011,5.95855605611087,9.33149490201264
TLS,Timor-Leste,2012,4.86062186827468,5.95855605611087
TLS,Timor-Leste,2013,3.10436683211147,4.86062186827468
TLS,Timor-Leste,2014,4.47249846569638,3.10436683211147
TLS,Timor-Leste,2015,2.48004040218397,4.47249846569638
TLS,Timor-Leste,2016,3.00993062553351,2.48004040218397
TLS,Timor-Leste,2017,-3.18241522489195,3.00993062553351
TLS,Timor-Leste,2018,-0.466502170658785,-3.18241522489195
TLS,Timor-Leste,2019,24.2128840085001,-0.466502170658785
TLS,Timor-Leste,2020,31.7257416721413,24.2128840085001
TLS,Timor-Leste,2021,5.36980119392668,31.7257416721413
TLS,Timor-Leste,2022,-20.5224802314812,5.36980119392668
TLS,Timor-Leste,2023,-18.1359049134472,-20.5224802314812
TLS,Timor-Leste,2024,-9.10069289810397,-18.1359049134472
TLS,Timor-Leste,2025,6.97538939119629,-9.10069289810397
TMN,"Middle East, North Africa, Afghanistan & Pakistan (IDA & IBRD)",1962,2.61927324111977,3.74843136140311
TMN,"Middle East, North Africa, Afghanistan & Pakistan (IDA & IBRD)",1963,11.2202599397029,2.61927324111977
TMN,"Middle East, North Africa, Afghanistan & Pakistan (IDA & IBRD)",1964,10.1733021027494,11.2202599397029
TMN,"Middle East, North Africa, Afghanistan & Pakistan (IDA & IBRD)",1965,12.2251523564594,10.1733021027494
TMN,"Middle East, North Africa, Afghanistan & Pakistan (IDA & IBRD)",1966,7.15539067220826,12.2251523564594
TMN,"Middle East, North Africa, Afghanistan & Pakistan (IDA & IBRD)",1967,7.5754905386928,7.15539067220826
TMN,"Middle East, North Africa, Afghanistan & Pakistan (IDA & IBRD)",1968,12.4297663395758,7.5754905386928
TMN,"Middle East, North Africa, Afghanistan & Pakistan (IDA & IBRD)",1969,11.0401456605983,12.4297663395758
TMN,"Middle East, North Africa, Afghanistan & Pakistan (IDA & IBRD)",1970,8.71170715809461,11.0401456605983
TMN,"Middle East, North Africa, Afghanistan & Pakistan (IDA & IBRD)",1971,5.55731035460268,8.71170715809461
TMN,"Middle East, North Africa, Afghanistan & Pakistan (IDA & IBRD)",1972,11.8859911986405,5.55731035460268
TMN,"Middle East, North Africa, Afghanistan & Pakistan (IDA & IBRD)",1973,5.45905335460554,11.8859911986405
TMN,"Middle East, North Africa, Afghanistan & Pakistan (IDA & IBRD)",1974,7.38155764870861,5.45905335460554
TMN,"Middle East, North Africa, Afghanistan & Pakistan (IDA & IBRD)",1975,3.11805146573603,7.38155764870861
TMN,"Middle East, North Africa, Afghanistan & Pakistan (IDA & IBRD)",1976,15.1656577711159,3.11805146573603
TMN,"Middle East, North Africa, Afghanistan & Pakistan (IDA & IBRD)",1977,1.68945814969155,15.1656577711159
TMN,"Middle East, North Africa, Afghanistan & Pakistan (IDA & IBRD)",1978,-1.8331859495468,1.68945814969155
TMN,"Middle East, North Africa, Afghanistan & Pakistan (IDA & IBRD)",1979,-0.504599495761383,-1.8331859495468
TMN,"Middle East, North Africa, Afghanistan & Pakistan (IDA & IBRD)",1980,-3.29704894968431,-0.504599495761383
TMN,"Middle East, North Africa, Afghanistan & Pakistan (IDA & IBRD)",1981,-1.40745681504647,-3.29704894968431
TMN,"Middle East, North Africa, Afghanistan & Pakistan (IDA & IBRD)",1982,10.9343722751267,-1.40745681504647
TMN,"Middle East, North Africa, Afghanistan & Pakistan (IDA & IBRD)",1983,4.73838743541826,10.9343722751267
TMN,"Middle East, North Africa, Afghanistan & Pakistan (IDA & IBRD)",1984,0.169808151922382,4.73838743541826
TMN,"Middle East, North Africa, Afghanistan & Pakistan (IDA & IBRD)",1985,4.34578436096069,0.169808151922382
TMN,"Middle East, North Africa, Afghanistan & Pakistan (IDA & IBRD)",1986,-1.7782232715598,4.34578436096069
TMN,"Middle East, North Africa, Afghanistan & Pakistan (IDA & IBRD)",1987,1.0286349263005,-1.7782232715598
TMN,"Middle East, North Africa, Afghanistan & Pakistan (IDA & IBRD)",1988,1.82439279293476,1.0286349263005
TMN,"Middle East, North Africa, Afghanistan & Pakistan (IDA & IBRD)",1989,2.82251484964358,1.82439279293476
TMN,"Middle East, North Africa, Afghanistan & Pakistan (IDA & IBRD)",1990,9.86332706526052,2.82251484964358
TMN,"Middle East, North Africa, Afghanistan & Pakistan (IDA & IBRD)",1991,1.21357127676971,9.86332706526052
TMN,"Middle East, North Africa, Afghanistan & Pakistan (IDA & IBRD)",1992,4.9785597764842,1.21357127676971
TMN,"Middle East, North Africa, Afghanistan & Pakistan (IDA & IBRD)",1993,1.54367232601378,4.9785597764842
TMN,"Middle East, North Africa, Afghanistan & Pakistan (IDA & IBRD)",1994,2.31445648664159,1.54367232601378
TMN,"Middle East, North Africa, Afghanistan & Pakistan (IDA & IBRD)",1995,2.93934105964388,2.31445648664159
TMN,"Middle East, North Africa, Afghanistan & Pakistan (IDA & IBRD)",1996,5.98439027778824,2.93934105964388
TMN,"Middle East, North Africa, Afghanistan & Pakistan (IDA & IBRD)",1997,3.39117576632543,5.98439027778824
TMN,"Middle East, North Africa, Afghanistan & Pakistan (IDA & IBRD)",1998,5.35435051228698,3.39117576632543
TMN,"Middle East, North Africa, Afghanistan & Pakistan (IDA & IBRD)",1999,4.18256182593831,5.35435051228698
TMN,"Middle East, North Africa, Afghanistan & Pakistan (IDA & IBRD)",2000,5.85778719812157,4.18256182593831
TMN,"Middle East, North Africa, Afghanistan & Pakistan (IDA & IBRD)",2001,2.9743449585953,5.85778719812157
TMN,"Middle East, North Africa, Afghanistan & Pakistan (IDA & IBRD)",2002,3.36398493325214,2.9743449585953
TMN,"Middle East, North Africa, Afghanistan & Pakistan (IDA & IBRD)",2003,2.61828464466458,3.36398493325214
TMN,"Middle East, North Africa, Afghanistan & Pakistan (IDA & IBRD)",2004,7.6240087305675,2.61828464466458
TMN,"Middle East, North Africa, Afghanistan & Pakistan (IDA & IBRD)",2005,4.91658992231594,7.6240087305675
TMN,"Middle East, North Africa, Afghanistan & Pakistan (IDA & IBRD)",2006,5.44754788079531,4.91658992231594
TMN,"Middle East, North Africa, Afghanistan & Pakistan (IDA & IBRD)",2007,5.83436106152658,5.44754788079531
TMN,"Middle East, North Africa, Afghanistan & Pakistan (IDA & IBRD)",2008,3.44592626794191,5.83436106152658
TMN,"Middle East, North Africa, Afghanistan & Pakistan (IDA & IBRD)",2009,2.80047655589699,3.44592626794191
TMN,"Middle East, North Africa, Afghanistan & Pakistan (IDA & IBRD)",2010,4.82653120984563,2.80047655589699
TMN,"Middle East, North Africa, Afghanistan & Pakistan (IDA & IBRD)",2011,-0.432970438519078,4.82653120984563
TMN,"Middle East, North Africa, Afghanistan & Pakistan (IDA & IBRD)",2012,3.53419338600358,-0.432970438519078
TMN,"Middle East, North Africa, Afghanistan & Pakistan (IDA & IBRD)",2013,1.09589599784469,3.53419338600358
TMN,"Middle East, North Africa, Afghanistan & Pakistan (IDA & IBRD)",2014,2.41712951869309,1.09589599784469
TMN,"Middle East, North Africa, Afghanistan & Pakistan (IDA & IBRD)",2015,1.09556855918702,2.41712951869309
TMN,"Middle East, North Africa, Afghanistan & Pakistan (IDA & IBRD)",2016,5.53604079765444,1.09556855918702
TMN,"Middle East, North Africa, Afghanistan & Pakistan (IDA & IBRD)",2017,3.41861623376329,5.53604079765444
TMN,"Middle East, North Africa, Afghanistan & Pakistan (IDA & IBRD)",2018,2.1052660162653,3.41861623376329
TMN,"Middle East, North Africa, Afghanistan & Pakistan (IDA & IBRD)",2019,1.39572055452479,2.1052660162653
TMN,"Middle East, North Africa, Afghanistan & Pakistan (IDA & IBRD)",2020,-2.55101546183431,1.39572055452479
TMN,"Middle East, North Africa, Afghanistan & Pakistan (IDA & IBRD)",2021,4.31282389000222,-2.55101546183431
TMN,"Middle East, North Africa, Afghanistan & Pakistan (IDA & IBRD)",2022,4.3223956322189,4.31282389000222
TMN,"Middle East, North Africa, Afghanistan & Pakistan (IDA & IBRD)",2023,2.92442456913298,4.3223956322189
TMN,"Middle East, North Africa, Afghanistan & Pakistan (IDA & IBRD)",2024,2.43947657943453,2.92442456913298
TMN,"Middle East, North Africa, Afghanistan & Pakistan (IDA & IBRD)",2025,1.9829526200861,2.43947657943453
TON,Tonga,1983,1.98240271299422,4.74126542034365
TON,Tonga,1984,1.73839202111998,1.98240271299422
TON,Tonga,1985,6.55846354534968,1.73839202111998
TON,Tonga,1986,2.11866086493171,6.55846354534968
TON,Tonga,1987,2.98563769172688,2.11866086493171
TON,Tonga,1988,-1.88187195516706,2.98563769172688
TON,Tonga,1989,0.389906802973172,-1.88187195516706
TON,Tonga,1990,-2.0440915137989,0.389906802973172
TON,Tonga,1991,6.4149535652702,-2.0440915137989
TON,Tonga,1992,0.251973395838817,6.4149535652702
TON,Tonga,1993,3.73805810585928,0.251973395838817
TON,Tonga,1994,4.95252124359504,3.73805810585928
TON,Tonga,1995,6.22816022763234,4.95252124359504
TON,Tonga,1996,0.0929181768768501,6.22816022763234
TON,Tonga,1997,-0.600537843483892,0.0929181768768501
TON,Tonga,1998,2.2925765040134,-0.600537843483892
TON,Tonga,1999,2.30246259770198,2.2925765040134
TON,Tonga,2000,3.75409745006452,2.30246259770198
TON,Tonga,2001,1.49248125545273,3.75409745006452
TON,Tonga,2002,4.4292235994526,1.49248125545273
TON,Tonga,2003,0.0518054450729011,4.4292235994526
TON,Tonga,2004,-1.96794740326561,0.0518054450729011
TON,Tonga,2005,-0.657650703495165,-1.96794740326561
TON,Tonga,2006,-2.16566342680382,-0.657650703495165
TON,Tonga,2007,-2.46430779100223,-2.16566342680382
TON,Tonga,2008,4.86284132376997,-2.46430779100223
TON,Tonga,2009,-5.12917819150532,4.86284132376997
TON,Tonga,2010,0.824396914081831,-5.12917819150532
TON,Tonga,2011,6.70369746238768,0.824396914081831
TON,Tonga,2012,0.919761024923076,6.70369746238768
TON,Tonga,2013,0.393922530137331,0.919761024923076
TON,Tonga,2014,1.99053769890816,0.393922530137331
TON,Tonga,2015,1.11374402398066,1.99053769890816
TON,Tonga,2016,6.59869879417958,1.11374402398066
TON,Tonga,2017,3.20231976224244,6.59869879417958
TON,Tonga,2018,0.527828083180253,3.20231976224244
TON,Tonga,2019,-0.285210784299821,0.527828083180253
TON,Tonga,2020,1.80618715298932,-0.285210784299821
TON,Tonga,2021,-0.934919892094683,1.80618715298932
TON,Tonga,2022,-2.12854876486114,-0.934919892094683
TON,Tonga,2023,2.79014715494606,-2.12854876486114
TON,Tonga,2024,1.71653807667747,2.79014715494606
TON,Tonga,2025,2.79999999999998,1.71653807667747
TSA,South Asia (IDA & IBRD),1962,3.28476313771668,4.00659385738822
TSA,South Asia (IDA & IBRD),1963,4.89741133107454,3.28476313771668
TSA,South Asia (IDA & IBRD),1964,7.78194010983692,4.89741133107454
TSA,South Asia (IDA & IBRD),1965,-1.85576964093595,7.78194010983692
TSA,South Asia (IDA & IBRD),1966,0.629214317590666,-1.85576964093595
TSA,South Asia (IDA & IBRD),1967,6.20931184210744,0.629214317590666
TSA,South Asia (IDA & IBRD),1968,4.23185397581373,6.20931184210744
TSA,South Asia (IDA & IBRD),1969,5.81617760080313,4.23185397581373
TSA,South Asia (IDA & IBRD),1970,5.12087082083555,5.81617760080313
TSA,South Asia (IDA & IBRD),1971,0.642525246928713,5.12087082083555
TSA,South Asia (IDA & IBRD),1972,-2.15028550274306,0.642525246928713
TSA,South Asia (IDA & IBRD),1973,3.38171314196398,-2.15028550274306
TSA,South Asia (IDA & IBRD),1974,2.3070877134364,3.38171314196398
TSA,South Asia (IDA & IBRD),1975,7.31720705153045,2.3070877134364
TSA,South Asia (IDA & IBRD),1976,2.19934107739567,7.31720705153045
TSA,South Asia (IDA & IBRD),1977,6.59954228907363,2.19934107739567
TSA,South Asia (IDA & IBRD),1978,5.83764199099477,6.59954228907363
TSA,South Asia (IDA & IBRD),1979,-3.55419942546843,5.83764199099477
TSA,South Asia (IDA & IBRD),1980,5.87205784803074,-3.55419942546843
TSA,South Asia (IDA & IBRD),1981,6.17408394428251,5.87205784803074
TSA,South Asia (IDA & IBRD),1982,3.35649803154769,6.17408394428251
TSA,South Asia (IDA & IBRD),1983,6.64821859374392,3.35649803154769
TSA,South Asia (IDA & IBRD),1984,4.09563426889127,6.64821859374392
TSA,South Asia (IDA & IBRD),1985,5.06556320006719,4.09563426889127
TSA,South Asia (IDA & IBRD),1986,4.70175961499007,5.06556320006719
TSA,South Asia (IDA & IBRD),1987,3.83198936257934,4.70175961499007
TSA,South Asia (IDA & IBRD),1988,8.52064264766254,3.83198936257934
TSA,South Asia (IDA & IBRD),1989,5.46916302240537,8.52064264766254
TSA,South Asia (IDA & IBRD),1990,5.58717150245801,5.46916302240537
TSA,South Asia (IDA & IBRD),1991,1.51514935351003,5.58717150245801
TSA,South Asia (IDA & IBRD),1992,5.41236767045154,1.51514935351003
TSA,South Asia (IDA & IBRD),1993,4.82260448638672,5.41236767045154
TSA,South Asia (IDA & IBRD),1994,6.36732623697335,4.82260448638672
TSA,South Asia (IDA & IBRD),1995,7.19762953250951,6.36732623697335
TSA,South Asia (IDA & IBRD),1996,7.0743060399513,7.19762953250951
TSA,South Asia (IDA & IBRD),1997,4.21061775642937,7.0743060399513
TSA,South Asia (IDA & IBRD),1998,5.98554453313913,4.21061775642937
TSA,South Asia (IDA & IBRD),1999,8.20855528519759,5.98554453313913
TSA,South Asia (IDA & IBRD),2000,4.08685651061379,8.20855528519759
TSA,South Asia (IDA & IBRD),2001,4.57324198800495,4.08685651061379
TSA,South Asia (IDA & IBRD),2002,3.77199800158957,4.57324198800495
TSA,South Asia (IDA & IBRD),2003,7.46572456516969,3.77199800158957
TSA,South Asia (IDA & IBRD),2004,7.54604881721275,7.46572456516969
TSA,South Asia (IDA & IBRD),2005,7.64449221771777,7.54604881721275
TSA,South Asia (IDA & IBRD),2006,7.89518423097518,7.64449221771777
TSA,South Asia (IDA & IBRD),2007,7.53428172873167,7.89518423097518
TSA,South Asia (IDA & IBRD),2008,3.48063577466947,7.53428172873167
TSA,South Asia (IDA & IBRD),2009,7.38981184140867,3.48063577466947
TSA,South Asia (IDA & IBRD),2010,8.19440351710111,7.38981184140867
TSA,South Asia (IDA & IBRD),2011,5.45109403255725,8.19440351710111
TSA,South Asia (IDA & IBRD),2012,5.64515915583837,5.45109403255725
TSA,South Asia (IDA & IBRD),2013,6.23326513053635,5.64515915583837
TSA,South Asia (IDA & IBRD),2014,7.24547986703887,6.23326513053635
TSA,South Asia (IDA & IBRD),2015,7.68973935190233,7.24547986703887
TSA,South Asia (IDA & IBRD),2016,7.96912333644603,7.68973935190233
TSA,South Asia (IDA & IBRD),2017,6.78411966009934,7.96912333644603
TSA,South Asia (IDA & IBRD),2018,6.39366632555758,6.78411966009934
TSA,South Asia (IDA & IBRD),2019,4.09454306534288,6.39366632555758
TSA,South Asia (IDA & IBRD),2020,-4.98750173652559,4.09454306534288
TSA,South Asia (IDA & IBRD),2021,9.24659959756499,-4.98750173652559
TSA,South Asia (IDA & IBRD),2022,7.10115392414392,9.24659959756499
TSA,South Asia (IDA & IBRD),2023,6.7848640413625,7.10115392414392
TSA,South Asia (IDA & IBRD),2024,6.75761201913679,6.7848640413625
TSA,South Asia (IDA & IBRD),2025,7.12381420637792,6.75761201913679
TSS,Sub-Saharan Africa (IDA & IBRD countries),1962,6.04610607563592,1.0754631236215
TSS,Sub-Saharan Africa (IDA & IBRD countries),1963,6.24531846522665,6.04610607563592
TSS,Sub-Saharan Africa (IDA & IBRD countries),1964,4.96639887465098,6.24531846522665
TSS,Sub-Saharan Africa (IDA & IBRD countries),1965,4.67953817133558,4.96639887465098
TSS,Sub-Saharan Africa (IDA & IBRD countries),1966,2.02665890712899,4.67953817133558
TSS,Sub-Saharan Africa (IDA & IBRD countries),1967,-0.76806717066394,2.02665890712899
TSS,Sub-Saharan Africa (IDA & IBRD countries),1968,3.12943760682845,-0.76806717066394
TSS,Sub-Saharan Africa (IDA & IBRD countries),1969,8.99822522164762,3.12943760682845
TSS,Sub-Saharan Africa (IDA & IBRD countries),1970,7.80854159298836,8.99822522164762
TSS,Sub-Saharan Africa (IDA & IBRD countries),1971,7.71147119452176,7.80854159298836
TSS,Sub-Saharan Africa (IDA & IBRD countries),1972,2.95095772317428,7.71147119452176
TSS,Sub-Saharan Africa (IDA & IBRD countries),1973,4.29599242239345,2.95095772317428
TSS,Sub-Saharan Africa (IDA & IBRD countries),1974,7.53094036861516,4.29599242239345
TSS,Sub-Saharan Africa (IDA & IBRD countries),1975,-0.229911832692025,7.53094036861516
TSS,Sub-Saharan Africa (IDA & IBRD countries),1976,5.17321327983231,-0.229911832692025
TSS,Sub-Saharan Africa (IDA & IBRD countries),1977,2.76460277790993,5.17321327983231
TSS,Sub-Saharan Africa (IDA & IBRD countries),1978,-0.176019904661672,2.76460277790993
TSS,Sub-Saharan Africa (IDA & IBRD countries),1979,3.93566007705468,-0.176019904661672
TSS,Sub-Saharan Africa (IDA & IBRD countries),1980,3.71657148608926,3.93566007705468
TSS,Sub-Saharan Africa (IDA & IBRD countries),1981,-0.81399034500437,3.71657148608926
TSS,Sub-Saharan Africa (IDA & IBRD countries),1982,-1.20303181134553,-0.81399034500437
TSS,Sub-Saharan Africa (IDA & IBRD countries),1983,-2.54034324783322,-1.20303181134553
TSS,Sub-Saharan Africa (IDA & IBRD countries),1984,2.25435817157758,-2.54034324783322
TSS,Sub-Saharan Africa (IDA & IBRD countries),1985,2.00734527268828,2.25435817157758
TSS,Sub-Saharan Africa (IDA & IBRD countries),1986,1.86923327902069,2.00734527268828
TSS,Sub-Saharan Africa (IDA & IBRD countries),1987,2.93380062137018,1.86923327902069
TSS,Sub-Saharan Africa (IDA & IBRD countries),1988,4.47230825534781,2.93380062137018
TSS,Sub-Saharan Africa (IDA & IBRD countries),1989,2.29598076633089,4.47230825534781
TSS,Sub-Saharan Africa (IDA & IBRD countries),1990,2.26082722814505,2.29598076633089
TSS,Sub-Saharan Africa (IDA & IBRD countries),1991,0.387559290605012,2.26082722814505
TSS,Sub-Saharan Africa (IDA & IBRD countries),1992,-0.493051492213951,0.387559290605012
TSS,Sub-Saharan Africa (IDA & IBRD countries),1993,-1.04170776353548,-0.493051492213951
TSS,Sub-Saharan Africa (IDA & IBRD countries),1994,1.02809298677242,-1.04170776353548
TSS,Sub-Saharan Africa (IDA & IBRD countries),1995,3.32702733845689,1.02809298677242
TSS,Sub-Saharan Africa (IDA & IBRD countries),1996,5.14408095260521,3.32702733845689
TSS,Sub-Saharan Africa (IDA & IBRD countries),1997,4.07018981042431,5.14408095260521
TSS,Sub-Saharan Africa (IDA & IBRD countries),1998,2.5180288237749,4.07018981042431
TSS,Sub-Saharan Africa (IDA & IBRD countries),1999,2.17865301194801,2.5180288237749
TSS,Sub-Saharan Africa (IDA & IBRD countries),2000,3.4367930085385,2.17865301194801
TSS,Sub-Saharan Africa (IDA & IBRD countries),2001,4.21351921823427,3.4367930085385
TSS,Sub-Saharan Africa (IDA & IBRD countries),2002,6.39348834856033,4.21351921823427
TSS,Sub-Saharan Africa (IDA & IBRD countries),2003,4.1207259057817,6.39348834856033
TSS,Sub-Saharan Africa (IDA & IBRD countries),2004,6.68448764056895,4.1207259057817
TSS,Sub-Saharan Africa (IDA & IBRD countries),2005,6.00952996907237,6.68448764056895
TSS,Sub-Saharan Africa (IDA & IBRD countries),2006,6.0494635160403,6.00952996907237
TSS,Sub-Saharan Africa (IDA & IBRD countries),2007,6.15965789735047,6.0494635160403
TSS,Sub-Saharan Africa (IDA & IBRD countries),2008,5.20016102666743,6.15965789735047
TSS,Sub-Saharan Africa (IDA & IBRD countries),2009,3.14726802642649,5.20016102666743
TSS,Sub-Saharan Africa (IDA & IBRD countries),2010,6.06650061092893,3.14726802642649
TSS,Sub-Saharan Africa (IDA & IBRD countries),2011,4.2921410260969,6.06650061092893
TSS,Sub-Saharan Africa (IDA & IBRD countries),2012,3.32826360696474,4.2921410260969
TSS,Sub-Saharan Africa (IDA & IBRD countries),2013,5.27451055861317,3.32826360696474
TSS,Sub-Saharan Africa (IDA & IBRD countries),2014,4.72713989905583,5.27451055861317
TSS,Sub-Saharan Africa (IDA & IBRD countries),2015,2.93344601140815,4.72713989905583
TSS,Sub-Saharan Africa (IDA & IBRD countries),2016,1.31700355850862,2.93344601140815
TSS,Sub-Saharan Africa (IDA & IBRD countries),2017,2.50745485300064,1.31700355850862
TSS,Sub-Saharan Africa (IDA & IBRD countries),2018,2.7943308213089,2.50745485300064
TSS,Sub-Saharan Africa (IDA & IBRD countries),2019,2.5491393304619,2.7943308213089
TSS,Sub-Saharan Africa (IDA & IBRD countries),2020,-3.29212615874916,2.5491393304619
TSS,Sub-Saharan Africa (IDA & IBRD countries),2021,3.58194129290288,-3.29212615874916
TSS,Sub-Saharan Africa (IDA & IBRD countries),2022,4.03371066956888,3.58194129290288
TSS,Sub-Saharan Africa (IDA & IBRD countries),2023,2.71446691675898,4.03371066956888
TSS,Sub-Saharan Africa (IDA & IBRD countries),2024,3.61612792495724,2.71446691675898
TSS,Sub-Saharan Africa (IDA & IBRD countries),2025,4.13928145259648,3.61612792495724
TTO,Trinidad and Tobago,1962,2.74246314643362,14.037070864503
TTO,Trinidad and Tobago,1963,5.60459724643465,2.74246314643362
TTO,Trinidad and Tobago,1964,7.63049977210248,5.60459724643465
TTO,Trinidad and Tobago,1965,0.693850281194557,7.63049977210248
TTO,Trinidad and Tobago,1966,4.05682156067668,0.693850281194557
TTO,Trinidad and Tobago,1967,2.04251771480521,4.05682156067668
TTO,Trinidad and Tobago,1968,5.21514161490035,2.04251771480521
TTO,Trinidad and Tobago,1969,2.73068461003507,5.21514161490035
TTO,Trinidad and Tobago,1970,3.53363567797224,2.73068461003507
TTO,Trinidad and Tobago,1971,1.04033582781962,3.53363567797224
TTO,Trinidad and Tobago,1972,5.78034681913935,1.04033582781962
TTO,Trinidad and Tobago,1973,1.65642076642045,5.78034681913935
TTO,Trinidad and Tobago,1974,3.80760400856937,1.65642076642045
TTO,Trinidad and Tobago,1975,1.47796537123553,3.80760400856937
TTO,Trinidad and Tobago,1976,6.40514537866505,1.47796537123553
TTO,Trinidad and Tobago,1977,9.12179038765797,6.40514537866505
TTO,Trinidad and Tobago,1978,10.0164804979013,9.12179038765797
TTO,Trinidad and Tobago,1979,3.59936750975606,10.0164804979013
TTO,Trinidad and Tobago,1980,10.390810137283,3.59936750975606
TTO,Trinidad and Tobago,1981,4.57720855842996,10.390810137283
TTO,Trinidad and Tobago,1982,3.79931807144484,4.57720855842996
TTO,Trinidad and Tobago,1983,-10.3003284842942,3.79931807144484
TTO,Trinidad and Tobago,1984,-5.75090617005851,-10.3003284842942
TTO,Trinidad and Tobago,1985,-4.1194195543724,-5.75090617005851
TTO,Trinidad and Tobago,1986,-3.27916304799267,-4.1194195543724
TTO,Trinidad and Tobago,1987,-4.56177853811394,-3.27916304799267
TTO,Trinidad and Tobago,1988,-3.91972405050394,-4.56177853811394
TTO,Trinidad and Tobago,1989,-0.829914212231699,-3.91972405050394
TTO,Trinidad and Tobago,1990,1.50916784295177,-0.829914212231699
TTO,Trinidad and Tobago,1991,3.11240786575588,1.50916784295177
TTO,Trinidad and Tobago,1992,10.092979512969,3.11240786575588
TTO,Trinidad and Tobago,1993,-0.66911476645933,10.092979512969
TTO,Trinidad and Tobago,1994,3.56718060581952,-0.66911476645933
TTO,Trinidad and Tobago,1995,3.80991314364765,3.56718060581952
TTO,Trinidad and Tobago,1996,7.13447746480871,3.80991314364765
TTO,Trinidad and Tobago,1997,7.52285462627518,7.13447746480871
TTO,Trinidad and Tobago,1998,8.1245639965458,7.52285462627518
TTO,Trinidad and Tobago,1999,8.02481764350063,8.1245639965458
TTO,Trinidad and Tobago,2000,6.90135959072803,8.02481764350063
TTO,Trinidad and Tobago,2001,4.16852398185424,6.90135959072803
TTO,Trinidad and Tobago,2002,7.93670968715332,4.16852398185424
TTO,Trinidad and Tobago,2003,14.4409895389734,7.93670968715332
TTO,Trinidad and Tobago,2004,7.95005151069972,14.4409895389734
TTO,Trinidad and Tobago,2005,6.20893787954175,7.95005151069972
TTO,Trinidad and Tobago,2006,13.2080586051735,6.20893787954175
TTO,Trinidad and Tobago,2007,4.75420970092722,13.2080586051735
TTO,Trinidad and Tobago,2008,3.39173707807387,4.75420970092722
TTO,Trinidad and Tobago,2009,-4.3917292474614,3.39173707807387
TTO,Trinidad and Tobago,2010,3.32322471027371,-4.3917292474614
TTO,Trinidad and Tobago,2011,-0.294354409043763,3.32322471027371
TTO,Trinidad and Tobago,2012,6.71074625448722,-0.294354409043763
TTO,Trinidad and Tobago,2013,3.36819291689019,6.71074625448722
TTO,Trinidad and Tobago,2014,3.67086851032413,3.36819291689019
TTO,Trinidad and Tobago,2015,-0.406283288730492,3.67086851032413
TTO,Trinidad and Tobago,2016,-7.53636305379372,-0.406283288730492
TTO,Trinidad and Tobago,2017,-4.87274946918724,-7.53636305379372
TTO,Trinidad and Tobago,2018,-0.945449700943314,-4.87274946918724
TTO,Trinidad and Tobago,2019,0.467734528855885,-0.945449700943314
TTO,Trinidad and Tobago,2020,-8.78879817831519,0.467734528855885
TTO,Trinidad and Tobago,2021,-0.716740625909793,-8.78879817831519
TTO,Trinidad and Tobago,2022,0.86126082651883,-0.716740625909793
TTO,Trinidad and Tobago,2023,1.46645947294053,0.86126082651883
TTO,Trinidad and Tobago,2024,2.50920813979569,1.46645947294053
TTO,Trinidad and Tobago,2025,-0.787768572727643,2.50920813979569
TUN,Tunisia,1963,-10.7339947141916,-4.59008450551823
TUN,Tunisia,1964,-4.6759498576432,-10.7339947141916
TUN,Tunisia,1965,-2.5366922286227,-4.6759498576432
TUN,Tunisia,1966,3.45486789269532,-2.5366922286227
TUN,Tunisia,1967,0.161952470326938,3.45486789269532
TUN,Tunisia,1968,10.4097285884098,0.161952470326938
TUN,Tunisia,1969,4.74781540363225,10.4097285884098
TUN,Tunisia,1970,4.6696317726705,4.74781540363225
TUN,Tunisia,1971,10.5601974806863,4.6696317726705
TUN,Tunisia,1972,17.7427182610332,10.5601974806863
TUN,Tunisia,1973,-0.65464350226631,17.7427182610332
TUN,Tunisia,1974,8.0747823343126,-0.65464350226631
TUN,Tunisia,1975,7.15609990912363,8.0747823343126
TUN,Tunisia,1976,7.87685265272428,7.15609990912363
TUN,Tunisia,1977,3.41109584954947,7.87685265272428
TUN,Tunisia,1978,6.44047353293125,3.41109584954947
TUN,Tunisia,1979,6.56752117644017,6.44047353293125
TUN,Tunisia,1980,7.41873959497985,6.56752117644017
TUN,Tunisia,1981,5.51407282903942,7.41873959497985
TUN,Tunisia,1982,-0.493737604022272,5.51407282903942
TUN,Tunisia,1983,4.68191738527311,-0.493737604022272
TUN,Tunisia,1984,5.74884326252969,4.68191738527311
TUN,Tunisia,1985,5.6485732365982,5.74884326252969
TUN,Tunisia,1986,-1.44698841417973,5.6485732365982
TUN,Tunisia,1987,6.70137109577689,-1.44698841417973
TUN,Tunisia,1988,0.0721590773964209,6.70137109577689
TUN,Tunisia,1989,1.74669912824352,0.0721590773964209
TUN,Tunisia,1990,7.94981943665461,1.74669912824352
TUN,Tunisia,1991,3.90454530313198,7.94981943665461
TUN,Tunisia,1992,7.80572887722397,3.90454530313198
TUN,Tunisia,1993,2.18982886145824,7.80572887722397
TUN,Tunisia,1994,3.17841132209441,2.18982886145824
TUN,Tunisia,1995,2.35166985086541,3.17841132209441
TUN,Tunisia,1996,7.14608096782061,2.35166985086541
TUN,Tunisia,1997,5.44094350107467,7.14608096782061
TUN,Tunisia,1998,4.78376247825665,5.44094350107467
TUN,Tunisia,1999,6.05463447898158,4.78376247825665
TUN,Tunisia,2000,4.7099729138049,6.05463447898158
TUN,Tunisia,2001,3.79627166202512,4.7099729138049
TUN,Tunisia,2002,1.32255714828946,3.79627166202512
TUN,Tunisia,2003,4.70239953285241,1.32255714828946
TUN,Tunisia,2004,6.23579072222647,4.70239953285241
TUN,Tunisia,2005,3.4865455430439,6.23579072222647
TUN,Tunisia,2006,5.24409983246916,3.4865455430439
TUN,Tunisia,2007,6.70952097453554,5.24409983246916
TUN,Tunisia,2008,4.23778147502819,6.70952097453554
TUN,Tunisia,2009,3.04345012371552,4.23778147502819
TUN,Tunisia,2010,2.97113275066512,3.04345012371552
TUN,Tunisia,2011,-2.04663389535644,2.97113275066512
TUN,Tunisia,2012,4.21667711535632,-2.04663389535644
TUN,Tunisia,2013,2.42993096446429,4.21667711535632
TUN,Tunisia,2014,3.09032803070775,2.42993096446429
TUN,Tunisia,2015,0.967834205635981,3.09032803070775
TUN,Tunisia,2016,1.117231963992,0.967834205635981
TUN,Tunisia,2017,2.25261437620587,1.117231963992
TUN,Tunisia,2018,2.60696965356362,2.25261437620587
TUN,Tunisia,2019,1.55009304966742,2.60696965356362
TUN,Tunisia,2020,-8.97512622934723,1.55009304966742
TUN,Tunisia,2021,4.73603648206102,-8.97512622934723
TUN,Tunisia,2022,2.75228761004381,4.73603648206102
TUN,Tunisia,2023,0.184015548469745,2.75228761004381
TUN,Tunisia,2024,1.61444564976986,0.184015548469745
TUN,Tunisia,2025,2.49311010666248,1.61444564976986
TUR,Turkiye,1962,5.57142858180481,1.15606938539699
TUR,Turkiye,1963,9.06630555240935,5.57142858180481
TUR,Turkiye,1964,5.45905679838043,9.06630555240935
TUR,Turkiye,1965,2.82352954343872,5.45905679838043
TUR,Turkiye,1966,11.2128150353513,2.82352954343872
TUR,Turkiye,1967,4.73251024393737,11.2128150353513
TUR,Turkiye,1968,6.77799601038105,4.73251024393737
TUR,Turkiye,1969,4.08114562089492,6.77799601038105
TUR,Turkiye,1970,3.23350897293227,4.08114562089492
TUR,Turkiye,1971,5.56669450058796,3.23350897293227
TUR,Turkiye,1972,7.42578832564243,5.56669450058796
TUR,Turkiye,1973,3.26233451840494,7.42578832564243
TUR,Turkiye,1974,5.59447440269354,3.26233451840494
TUR,Turkiye,1975,7.17411268977115,5.59447440269354
TUR,Turkiye,1976,10.4611795563238,7.17411268977115
TUR,Turkiye,1977,3.40666980449136,10.4611795563238
TUR,Turkiye,1978,1.50293301122338,3.40666980449136
TUR,Turkiye,1979,-0.62411357022269,1.50293301122338
TUR,Turkiye,1980,-2.44735042580159,-0.62411357022269
TUR,Turkiye,1981,4.85664876652028,-2.44735042580159
TUR,Turkiye,1982,3.56322781218334,4.85664876652028
TUR,Turkiye,1983,4.97108077727097,3.56322781218334
TUR,Turkiye,1984,6.71201571206028,4.97108077727097
TUR,Turkiye,1985,4.24133571639942,6.71201571206028
TUR,Turkiye,1986,7.01203111054394,4.24133571639942
TUR,Turkiye,1987,9.48553884246728,7.01203111054394
TUR,Turkiye,1988,2.32073679394847,9.48553884246728
TUR,Turkiye,1989,0.2902440687796,2.32073679394847
TUR,Turkiye,1990,9.26614667149315,0.2902440687796
TUR,Turkiye,1991,0.720279039109613,9.26614667149315
TUR,Turkiye,1992,5.03563493261181,0.720279039109613
TUR,Turkiye,1993,7.65126520761324,5.03563493261181
TUR,Turkiye,1994,-4.66814736735584,7.65126520761324
TUR,Turkiye,1995,7.878266878218,-4.66814736735584
TUR,Turkiye,1996,7.15779847930847,7.878266878218
TUR,Turkiye,1997,7.3578623747848,7.15779847930847
TUR,Turkiye,1998,1.90857064345151,7.3578623747848
TUR,Turkiye,1999,-3.05277055759434,1.90857064345151
TUR,Turkiye,2000,6.98528697817062,-3.05277055759434
TUR,Turkiye,2001,-5.45940838563062,6.98528697817062
TUR,Turkiye,2002,6.43550883793114,-5.45940838563062
TUR,Turkiye,2003,5.79909321038525,6.43550883793114
TUR,Turkiye,2004,9.92540551918624,5.79909321038525
TUR,Turkiye,2005,9.11157745861635,9.92540551918624
TUR,Turkiye,2006,7.06762607623939,9.11157745861635
TUR,Turkiye,2007,5.10818513903604,7.06762607623939
TUR,Turkiye,2008,0.920118221365883,5.10818513903604
TUR,Turkiye,2009,-4.88269401706633,0.920118221365883
TUR,Turkiye,2010,8.54219848467686,-4.88269401706633
TUR,Turkiye,2011,10.9799625273598,8.54219848467686
TUR,Turkiye,2012,4.80762696633448,10.9799625273598
TUR,Turkiye,2013,8.48825689298511,4.80762696633448
TUR,Turkiye,2014,4.60079447270559,8.48825689298511
TUR,Turkiye,2015,5.80557386628684,4.60079447270559
TUR,Turkiye,2016,3.32366508200445,5.80557386628684
TUR,Turkiye,2017,7.82585730002594,3.32366508200445
TUR,Turkiye,2018,3.46815306092219,7.82585730002594
TUR,Turkiye,2019,1.30162365464503,3.46815306092219
TUR,Turkiye,2020,1.80306247087255,1.30162365464503
TUR,Turkiye,2021,11.811094450607,1.80306247087255
TUR,Turkiye,2022,5.44122511322401,11.811094450607
TUR,Turkiye,2023,5.04512369812289,5.44122511322401
TUR,Turkiye,2024,3.3276230893799,5.04512369812289
TUR,Turkiye,2025,3.60462514082589,3.3276230893799
TUV,Tuvalu,1972,-1.95000206496455,-1.58369851087343
TUV,Tuvalu,1973,-1.93049822250359,-1.95000206496455
TUV,Tuvalu,1974,-1.67810202592081,-1.93049822250359
TUV,Tuvalu,1975,-1.50650016236264,-1.67810202592081
TUV,Tuvalu,1976,-0.84509774664599,-1.50650016236264
TUV,Tuvalu,1977,-3.74149906831246,-0.84509774664599
TUV,Tuvalu,1978,-1.83250348132475,-3.74149906831246
TUV,Tuvalu,1979,-0.396798536334316,-1.83250348132475
TUV,Tuvalu,1980,-0.639500977942888,-0.396798536334316
TUV,Tuvalu,1981,2.60030265890705,-0.639500977942888
TUV,Tuvalu,1982,-16.0090979281961,2.60030265890705
TUV,Tuvalu,1983,8.97359996280562,-16.0090979281961
TUV,Tuvalu,1984,7.46099579578473,8.97359996280562
TUV,Tuvalu,1985,-1.83509617843983,7.46099579578473
TUV,Tuvalu,1986,22.5854957557251,-1.83509617843983
TUV,Tuvalu,1987,12.2569003512715,22.5854957557251
TUV,Tuvalu,1988,19.3069982331791,12.2569003512715
TUV,Tuvalu,1989,-1.94779662207777,19.3069982331791
TUV,Tuvalu,1990,15.3759984812797,-1.94779662207777
TUV,Tuvalu,1991,3.60918285728256,15.3759984812797
TUV,Tuvalu,1992,2.7887888821527,3.60918285728256
TUV,Tuvalu,1993,4.11082376782662,2.7887888821527
TUV,Tuvalu,1994,10.2833768150468,4.11082376782662
TUV,Tuvalu,1995,-5.00445203133808,10.2833768150468
TUV,Tuvalu,1996,-5.96137047461905,-5.00445203133808
TUV,Tuvalu,1997,10.0033027825943,-5.96137047461905
TUV,Tuvalu,1998,15.5011661260488,10.0033027825943
TUV,Tuvalu,1999,-1.56387082399142,15.5011661260488
TUV,Tuvalu,2000,-0.924982787727885,-1.56387082399142
TUV,Tuvalu,2001,0.695632721154311,-0.924982787727885
TUV,Tuvalu,2002,8.31734087106138,0.695632721154311
TUV,Tuvalu,2003,-4.35078593434982,8.31734087106138
TUV,Tuvalu,2004,-1.88813964522959,-4.35078593434982
TUV,Tuvalu,2005,-3.74664896498648,-1.88813964522959
TUV,Tuvalu,2006,1.30103846348952,-3.74664896498648
TUV,Tuvalu,2007,6.90547330117343,1.30103846348952
TUV,Tuvalu,2008,6.57919977159274,6.90547330117343
TUV,Tuvalu,2009,-5.61992222980298,6.57919977159274
TUV,Tuvalu,2010,-2.46826250374198,-5.61992222980298
TUV,Tuvalu,2011,7.52010985962886,-2.46826250374198
TUV,Tuvalu,2012,-2.8527626821171,7.52010985962886
TUV,Tuvalu,2013,3.80502330116951,-2.8527626821171
TUV,Tuvalu,2014,1.66722583350807,3.80502330116951
TUV,Tuvalu,2015,9.37896384662504,1.66722583350807
TUV,Tuvalu,2016,4.77650497336539,9.37896384662504
TUV,Tuvalu,2017,3.26802914033142,4.77650497336539
TUV,Tuvalu,2018,1.38668386152332,3.26802914033142
TUV,Tuvalu,2019,13.4465048163198,1.38668386152332
TUV,Tuvalu,2020,-3.03030303030303,13.4465048163198
TUV,Tuvalu,2021,0.0,-3.03030303030303
TUV,Tuvalu,2022,-10.9375,0.0
TUV,Tuvalu,2023,3.50877192982458,-10.9375
TUV,Tuvalu,2024,3.38983050847457,3.50877192982458
TUV,Tuvalu,2025,1.63934426229508,3.38983050847457
TZA,Tanzania,1962,9.09674738431541,1.13829635143543
TZA,Tanzania,1963,6.26000305958226,9.09674738431541
TZA,Tanzania,1964,5.51115870033439,6.26000305958226
TZA,Tanzania,1965,4.3647206714603,5.51115870033439
TZA,Tanzania,1966,11.6436755317812,4.3647206714603
TZA,Tanzania,1967,5.52325857922256,11.6436755317812
TZA,Tanzania,1968,6.28556212963629,5.52325857922256
TZA,Tanzania,1969,3.26163984438857,6.28556212963629
TZA,Tanzania,1970,-46.4330351414871,3.26163984438857
TZA,Tanzania,1971,3.90146077101619,-46.4330351414871
TZA,Tanzania,1972,7.11531519183237,3.90146077101619
TZA,Tanzania,1973,6.19196242050393,7.11531519183237
TZA,Tanzania,1974,2.11339071824315,6.19196242050393
TZA,Tanzania,1975,3.98942559802084,2.11339071824315
TZA,Tanzania,1976,3.30601216563538,3.98942559802084
TZA,Tanzania,1977,0.0495928503172962,3.30601216563538
TZA,Tanzania,1978,2.08400760208103,0.0495928503172962
TZA,Tanzania,1979,2.50017391682478,2.08400760208103
TZA,Tanzania,1980,2.73797995142824,2.50017391682478
TZA,Tanzania,1981,-0.978820953022364,2.73797995142824
TZA,Tanzania,1982,-0.367659678144776,-0.978820953022364
TZA,Tanzania,1983,-0.391629233338236,-0.367659678144776
TZA,Tanzania,1984,4.6729720643193,-0.391629233338236
TZA,Tanzania,1985,1.24490401004924,4.6729720643193
TZA,Tanzania,1986,5.49571344557758,1.24490401004924
TZA,Tanzania,1987,4.7965198054257,5.49571344557758
TZA,Tanzania,1988,7.25543546092405,4.7965198054257
TZA,Tanzania,1989,3.76444340906087,7.25543546092405
TZA,Tanzania,1990,7.04507164205259,3.76444340906087
TZA,Tanzania,1991,2.07198821361914,7.04507164205259
TZA,Tanzania,1992,0.584322131924068,2.07198821361914
TZA,Tanzania,1993,1.20580080875436,0.584322131924068
TZA,Tanzania,1994,1.56766176421846,1.20580080875436
TZA,Tanzania,1995,3.56991186849247,1.56766176421846
TZA,Tanzania,1996,4.54436680394173,3.56991186849247
TZA,Tanzania,1997,3.52527818941036,4.54436680394173
TZA,Tanzania,1998,3.70851159859504,3.52527818941036
TZA,Tanzania,1999,4.86386375362282,3.70851159859504
TZA,Tanzania,2000,4.52078463603256,4.86386375362282
TZA,Tanzania,2001,6.07080828734129,4.52078463603256
TZA,Tanzania,2002,7.09319498355502,6.07080828734129
TZA,Tanzania,2003,6.67278983053497,7.09319498355502
TZA,Tanzania,2004,7.50381465859829,6.67278983053497
TZA,Tanzania,2005,7.47631925974784,7.50381465859829
TZA,Tanzania,2006,6.53222138847813,7.47631925974784
TZA,Tanzania,2007,6.76853520293716,6.53222138847813
TZA,Tanzania,2008,5.68641685905224,6.76853520293716
TZA,Tanzania,2009,5.26910524873463,5.68641685905224
TZA,Tanzania,2010,6.33652342666889,5.26910524873463
TZA,Tanzania,2011,7.67215543486064,6.33652342666889
TZA,Tanzania,2012,4.50015356010131,7.67215543486064
TZA,Tanzania,2013,6.78158560065316,4.50015356010131
TZA,Tanzania,2014,6.73246186832483,6.78158560065316
TZA,Tanzania,2015,6.16062877406682,6.73246186832483
TZA,Tanzania,2016,6.86711619644551,6.16062877406682
TZA,Tanzania,2017,6.72726996832438,6.86711619644551
TZA,Tanzania,2018,5.50267599384966,6.72726996832438
TZA,Tanzania,2019,5.79999999996723,5.50267599384966
TZA,Tanzania,2020,1.99196460647855,5.79999999996723
TZA,Tanzania,2021,4.32138429480482,1.99196460647855
TZA,Tanzania,2022,4.56600576430955,4.32138429480482
TZA,Tanzania,2023,5.06952353203394,4.56600576430955
TZA,Tanzania,2024,5.5263138305945,5.06952353203394
TZA,Tanzania,2025,5.85286828692739,5.5263138305945
UGA,Uganda,1984,-0.344676680158472,5.74455771307937
UGA,Uganda,1985,-3.30638000677493,-0.344676680158472
UGA,Uganda,1986,0.390086943062727,-3.30638000677493
UGA,Uganda,1987,3.96190278946132,0.390086943062727
UGA,Uganda,1988,8.26707354577805,3.96190278946132
UGA,Uganda,1989,6.36194124395438,8.26707354577805
UGA,Uganda,1990,6.47414015255596,6.36194124395438
UGA,Uganda,1991,5.55409549507921,6.47414015255596
UGA,Uganda,1992,3.41835689468401,5.55409549507921
UGA,Uganda,1993,8.32629251939072,3.41835689468401
UGA,Uganda,1994,6.40363574007452,8.32629251939072
UGA,Uganda,1995,11.5232438119529,6.40363574007452
UGA,Uganda,1996,9.07211457909349,11.5232438119529
UGA,Uganda,1997,5.10000186476283,9.07211457909349
UGA,Uganda,1998,4.90526548451564,5.10000186476283
UGA,Uganda,1999,8.05394837724197,4.90526548451564
UGA,Uganda,2000,3.141907338187,8.05394837724197
UGA,Uganda,2001,5.18366112490236,3.141907338187
UGA,Uganda,2002,8.73268576440127,5.18366112490236
UGA,Uganda,2003,6.47325867166543,8.73268576440127
UGA,Uganda,2004,6.80723334361883,6.47325867166543
UGA,Uganda,2005,6.33256511623156,6.80723334361883
UGA,Uganda,2006,10.7847443857453,6.33256511623156
UGA,Uganda,2007,8.41242596551071,10.7847443857453
UGA,Uganda,2008,8.70875190154499,8.41242596551071
UGA,Uganda,2009,6.80151734860395,8.70875190154499
UGA,Uganda,2010,5.63761163749757,6.80151734860395
UGA,Uganda,2011,9.3916554927176,5.63761163749757
UGA,Uganda,2012,3.83745560605229,9.3916554927176
UGA,Uganda,2013,3.58690582623025,3.83745560605229
UGA,Uganda,2014,5.10630732539796,3.58690582623025
UGA,Uganda,2015,5.18785986002466,5.10630732539796
UGA,Uganda,2016,4.78100029254482,5.18785986002466
UGA,Uganda,2017,3.13140551723596,4.78100029254482
UGA,Uganda,2018,6.30392378262997,3.13140551723596
UGA,Uganda,2019,6.43874503276439,6.30392378262997
UGA,Uganda,2020,2.95130642218098,6.43874503276439
UGA,Uganda,2021,3.53658034070898,2.95130642218098
UGA,Uganda,2022,4.58802192181773,3.53658034070898
UGA,Uganda,2023,5.33697295511469,4.58802192181773
UGA,Uganda,2024,6.05558075875589,5.33697295511469
UGA,Uganda,2025,6.33181157677313,6.05558075875589
UKR,Ukraine,1989,3.87310321162344,2.56646326960379
UKR,Ukraine,1990,-6.34523512831163,3.87310321162344
UKR,Ukraine,1991,-8.6999999997216,-6.34523512831163
UKR,Ukraine,1992,-9.90000000204168,-8.6999999997216
UKR,Ukraine,1993,-14.1999999993643,-9.90000000204168
UKR,Ukraine,1994,-22.8999999992283,-14.1999999993643
UKR,Ukraine,1995,-12.2000000007385,-22.8999999992283
UKR,Ukraine,1996,-10.0,-12.2000000007385
UKR,Ukraine,1997,-2.99999999842365,-10.0
UKR,Ukraine,1998,-1.90000000214164,-2.99999999842365
UKR,Ukraine,1999,-0.200000000106499,-1.90000000214164
UKR,Ukraine,2000,5.90000000024899,-0.200000000106499
UKR,Ukraine,2001,8.80000000367222,5.90000000024899
UKR,Ukraine,2002,5.33964720719075,8.80000000367222
UKR,Ukraine,2003,9.51660986436364,5.33964720719075
UKR,Ukraine,2004,11.7953525281136,9.51660986436364
UKR,Ukraine,2005,3.07123039245209,11.7953525281136
UKR,Ukraine,2006,7.57142076322967,3.07123039245209
UKR,Ukraine,2007,8.21584445165715,7.57142076322967
UKR,Ukraine,2008,2.24349159628288,8.21584445165715
UKR,Ukraine,2009,-15.1364679101502,2.24349159628288
UKR,Ukraine,2010,4.09200436668087,-15.1364679101502
UKR,Ukraine,2011,5.44528081048476,4.09200436668087
UKR,Ukraine,2012,0.152314967200653,5.44528081048476
UKR,Ukraine,2013,0.045439094492707,0.152314967200653
UKR,Ukraine,2014,-10.0788949840953,0.045439094492707
UKR,Ukraine,2015,-9.7729872128676,-10.0788949840953
UKR,Ukraine,2016,2.44098194492067,-9.7729872128676
UKR,Ukraine,2017,2.35997228099491,2.44098194492067
UKR,Ukraine,2018,3.48836234022659,2.35997228099491
UKR,Ukraine,2019,3.19950386354134,3.48836234022659
UKR,Ukraine,2020,-3.75281793983162,3.19950386354134
UKR,Ukraine,2021,3.44562065945944,-3.75281793983162
UKR,Ukraine,2022,-28.7585842155085,3.44562065945944
UKR,Ukraine,2023,5.53473354963334,-28.7585842155085
UKR,Ukraine,2024,3.24811808426423,5.53473354963334
UKR,Ukraine,2025,1.82152376756284,3.24811808426423
URY,Uruguay,1962,-1.57454885002421,2.49303791805684
URY,Uruguay,1963,0.170458855734793,-1.57454885002421
URY,Uruguay,1964,2.44052077893583,0.170458855734793
URY,Uruguay,1965,1.04560405431261,2.44052077893583
URY,Uruguay,1966,3.06285593493642,1.04560405431261
URY,Uruguay,1967,-3.65683411281653,3.06285593493642
URY,Uruguay,1968,1.88891174472745,-3.65683411281653
URY,Uruguay,1969,5.8647406331108,1.88891174472745
URY,Uruguay,1970,2.33321338074524,5.8647406331108
URY,Uruguay,1971,-0.251711531030196,2.33321338074524
URY,Uruguay,1972,-1.31956986163931,-0.251711531030196
URY,Uruguay,1973,0.275199617416817,-1.31956986163931
URY,Uruguay,1974,2.89534459834873,0.275199617416817
URY,Uruguay,1975,6.09691431298931,2.89534459834873
URY,Uruguay,1976,3.93547017536275,6.09691431298931
URY,Uruguay,1977,1.45546117847255,3.93547017536275
URY,Uruguay,1978,5.37398534767648,1.45546117847255
URY,Uruguay,1979,6.1991167323612,5.37398534767648
URY,Uruguay,1980,5.84340090113461,6.1991167323612
URY,Uruguay,1981,1.55955982937495,5.84340090113461
URY,Uruguay,1982,-9.75787146088504,1.55955982937495
URY,Uruguay,1983,-10.274399195032,-9.75787146088504
URY,Uruguay,1984,-1.142617449752,-10.274399195032
URY,Uruguay,1985,1.46653602887281,-1.142617449752
URY,Uruguay,1986,8.80980829469384,1.46653602887281
URY,Uruguay,1987,7.99313720510438,8.80980829469384
URY,Uruguay,1988,1.48093746177193,7.99313720510438
URY,Uruguay,1989,1.1039010238153,1.48093746177193
URY,Uruguay,1990,0.297348378681562,1.1039010238153
URY,Uruguay,1991,3.53880850451309,0.297348378681562
URY,Uruguay,1992,7.93158841395443,3.53880850451309
URY,Uruguay,1993,2.65754610698545,7.93158841395443
URY,Uruguay,1994,7.28134264410127,2.65754610698545
URY,Uruguay,1995,-1.44759896894408,7.28134264410127
URY,Uruguay,1996,5.57795776385868,-1.44759896894408
URY,Uruguay,1997,8.54768320111596,5.57795776385868
URY,Uruguay,1998,4.51889009679091,8.54768320111596
URY,Uruguay,1999,-1.52094591992036,4.51889009679091
URY,Uruguay,2000,-1.92993063549235,-1.52094591992036
URY,Uruguay,2001,-3.84412995940374,-1.92993063549235
URY,Uruguay,2002,-7.73200721540044,-3.84412995940374
URY,Uruguay,2003,0.805283915893824,-7.73200721540044
URY,Uruguay,2004,5.00416035564457,0.805283915893824
URY,Uruguay,2005,7.4601321302473,5.00416035564457
URY,Uruguay,2006,4.09857735445401,7.4601321302473
URY,Uruguay,2007,6.54151084504817,4.09857735445401
URY,Uruguay,2008,7.17614466455107,6.54151084504817
URY,Uruguay,2009,4.24349419462426,7.17614466455107
URY,Uruguay,2010,7.8034096507169,4.24349419462426
URY,Uruguay,2011,5.16213302463606,7.8034096507169
URY,Uruguay,2012,3.53817872056869,5.16213302463606
URY,Uruguay,2013,4.63753862902416,3.53817872056869
URY,Uruguay,2014,3.23879122952364,4.63753862902416
URY,Uruguay,2015,0.370741257681345,3.23879122952364
URY,Uruguay,2016,1.68979822971775,0.370741257681345
URY,Uruguay,2017,1.74037649141989,1.68979822971775
URY,Uruguay,2018,0.164777608846705,1.74037649141989
URY,Uruguay,2019,0.928351027546341,0.164777608846705
URY,Uruguay,2020,-7.35732706897301,0.928351027546341
URY,Uruguay,2021,5.84427325018082,-7.35732706897301
URY,Uruguay,2022,4.60623000920732,5.84427325018082
URY,Uruguay,2023,0.761749241321681,4.60623000920732
URY,Uruguay,2024,3.32575905957381,0.761749241321681
URY,Uruguay,2025,1.78471117082752,3.32575905957381
USA,United States,1962,6.100000008077,2.29999999989235
USA,United States,1963,4.40000000466181,6.100000008077
USA,United States,1964,5.8000000040378,4.40000000466181
USA,United States,1965,6.40000000107759,5.8000000040378
USA,United States,1966,6.50000000865072,6.40000000107759
USA,United States,1967,2.49999999306594,6.50000000865072
USA,United States,1968,4.80000000278329,2.49999999306594
USA,United States,1969,3.09999999656958,4.80000000278329
USA,United States,1970,0.216606498143278,3.09999999656958
USA,United States,1971,3.29272243899894,0.216606498143278
USA,United States,1972,5.25550197771585,3.29272243899894
USA,United States,1973,5.64567975951033,5.25550197771585
USA,United States,1974,-0.540550190362552,5.64567975951033
USA,United States,1975,-0.205619191208058,-0.540550190362552
USA,United States,1976,5.38803390614694,-0.205619191208058
USA,United States,1977,4.62418650079432,5.38803390614694
USA,United States,1978,5.53520648057204,4.62418650079432
USA,United States,1979,3.16598822512103,5.53520648057204
USA,United States,1980,-0.256775739391401,3.16598822512103
USA,United States,1981,2.53770127042986,-0.256775739391401
USA,United States,1982,-1.80301377321203,2.53770127042986
USA,United States,1983,4.58379096944093,-1.80301377321203
USA,United States,1984,7.2364531665454,4.58379096944093
USA,United States,1985,4.16957535422245,7.2364531665454
USA,United States,1986,3.46265504522061,4.16957535422245
USA,United States,1987,3.45462966441372,3.46265504522061
USA,United States,1988,4.17698239478443,3.45462966441372
USA,United States,1989,3.67223784138015,4.17698239478443
USA,United States,1990,1.88596557755378,3.67223784138015
USA,United States,1991,-0.108312873733027,1.88596557755378
USA,United States,1992,3.52249717254271,-0.108312873733027
USA,United States,1993,2.75179586314481,3.52249717254271
USA,United States,1994,4.02902272637739,2.75179586314481
USA,United States,1995,2.68443073970295,4.02902272637739
USA,United States,1996,3.77277269047364,2.68443073970295
USA,United States,1997,4.44712793442667,3.77277269047364
USA,United States,1998,4.48313335499124,4.44712793442667
USA,United States,1999,4.78842504836746,4.48313335499124
USA,United States,2000,4.07758575997799,4.78842504836746
USA,United States,2001,0.955538337599847,4.07758575997799
USA,United States,2002,1.70044733078285,0.955538337599847
USA,United States,2003,2.79560596378604,1.70044733078285
USA,United States,2004,3.84777169267127,2.79560596378604
USA,United States,2005,3.48354993710312,3.84777169267127
USA,United States,2006,2.78453963674239,3.48354993710312
USA,United States,2007,2.0038583039496,2.78453963674239
USA,United States,2008,0.113587247501258,2.0038583039496
USA,United States,2009,-2.5765002366652,0.113587247501258
USA,United States,2010,2.69519258673525,-2.5765002366652
USA,United States,2011,1.56440685205419,2.69519258673525
USA,United States,2012,2.28911339009767,1.56440685205419
USA,United States,2013,2.11783009443471,2.28911339009767
USA,United States,2014,2.52381981757846,2.11783009443471
USA,United States,2015,2.94555045227337,2.52381981757846
USA,United States,2016,1.81945147909089,2.94555045227337
USA,United States,2017,2.45762230126449,1.81945147909089
USA,United States,2018,2.96650506701943,2.45762230126449
USA,United States,2019,2.58382533052225,2.96650506701943
USA,United States,2020,-2.081375977796,2.58382533052225
USA,United States,2021,6.15202247867526,-2.081375977796
USA,United States,2022,2.52421385073222,6.15202247867526
USA,United States,2023,2.93436322440155,2.52421385073222
USA,United States,2024,2.79318715363841,2.93436322440155
USA,United States,2025,2.16138195623856,2.79318715363841
UZB,Uzbekistan,1989,3.09129397309782,9.13858227515796
UZB,Uzbekistan,1990,1.60000000583709,3.09129397309782
UZB,Uzbekistan,1991,-0.492000005163135,1.60000000583709
UZB,Uzbekistan,1992,-11.1999999973161,-0.492000005163135
UZB,Uzbekistan,1993,-2.30000000438953,-11.1999999973161
UZB,Uzbekistan,1994,-5.19999999306724,-2.30000000438953
UZB,Uzbekistan,1995,-0.90000000546128,-5.19999999306724
UZB,Uzbekistan,1996,1.700000003062,-0.90000000546128
UZB,Uzbekistan,1997,5.19999999656406,1.700000003062
UZB,Uzbekistan,1998,4.30000000106274,5.19999999656406
UZB,Uzbekistan,1999,4.30000000179402,4.30000000106274
UZB,Uzbekistan,2000,3.83500000014025,4.30000000179402
UZB,Uzbekistan,2001,4.16383824998903,3.83500000014025
UZB,Uzbekistan,2002,3.97348819235708,4.16383824998903
UZB,Uzbekistan,2003,4.23262738154382,3.97348819235708
UZB,Uzbekistan,2004,7.4490006055965,4.23262738154382
UZB,Uzbekistan,2005,6.95000719569107,7.4490006055965
UZB,Uzbekistan,2006,7.45141847621767,6.95000719569107
UZB,Uzbekistan,2007,9.47300530544537,7.45141847621767
UZB,Uzbekistan,2008,9.02916101784781,9.47300530544537
UZB,Uzbekistan,2009,8.05093332733964,9.02916101784781
UZB,Uzbekistan,2010,7.5971679610016,8.05093332733964
UZB,Uzbekistan,2011,8.12793681625645,7.5971679610016
UZB,Uzbekistan,2012,7.35682138899483,8.12793681625645
UZB,Uzbekistan,2013,7.9217749261021,7.35682138899483
UZB,Uzbekistan,2014,7.71373911707978,7.9217749261021
UZB,Uzbekistan,2015,7.94477659311639,7.71373911707978
UZB,Uzbekistan,2016,6.71108022628,7.94477659311639
UZB,Uzbekistan,2017,4.70027401956061,6.71108022628
UZB,Uzbekistan,2018,5.72368380757618,4.70027401956061
UZB,Uzbekistan,2019,6.79331098484522,5.72368380757618
UZB,Uzbekistan,2020,1.62162281640448,6.79331098484522
UZB,Uzbekistan,2021,8.20448512353877,1.62162281640448
UZB,Uzbekistan,2022,6.08592335737373,8.20448512353877
UZB,Uzbekistan,2023,6.31603004201926,6.08592335737373
UZB,Uzbekistan,2024,6.67618796188361,6.31603004201926
UZB,Uzbekistan,2025,7.69962477932913,6.67618796188361
VCT,St. Vincent and the Grenadines,1962,3.69426175616188,4.52728343656233
VCT,St. Vincent and the Grenadines,1963,-6.26533863461877,3.69426175616188
VCT,St. Vincent and the Grenadines,1964,3.66972562214288,-6.26533863461877
VCT,St. Vincent and the Grenadines,1965,0.884935067524722,3.66972562214288
VCT,St. Vincent and the Grenadines,1966,0.0,0.884935067524722
VCT,St. Vincent and the Grenadines,1967,-9.5238134868062,0.0
VCT,St. Vincent and the Grenadines,1968,6.50970596033511,-9.5238134868062
VCT,St. Vincent and the Grenadines,1969,2.86084490854772,6.50970596033511
VCT,St. Vincent and the Grenadines,1970,10.7458896213528,2.86084490854772
VCT,St. Vincent and the Grenadines,1971,2.96805060811765,10.7458896213528
VCT,St. Vincent and the Grenadines,1972,25.8314887749849,2.96805060811765
VCT,St. Vincent and the Grenadines,1973,-11.1013349323496,25.8314887749849
VCT,St. Vincent and the Grenadines,1974,-8.82059161778473,-11.1013349323496
VCT,St. Vincent and the Grenadines,1975,-7.60870937535856,-8.82059161778473
VCT,St. Vincent and the Grenadines,1976,10.3768202054377,-7.60870937535856
VCT,St. Vincent and the Grenadines,1977,13.2294111793488,10.3768202054377
VCT,St. Vincent and the Grenadines,1978,9.77747389000672,13.2294111793488
VCT,St. Vincent and the Grenadines,1979,3.38221687351745,9.77747389000672
VCT,St. Vincent and the Grenadines,1980,2.44272030705477,3.38221687351745
VCT,St. Vincent and the Grenadines,1981,4.61390411174469,2.44272030705477
VCT,St. Vincent and the Grenadines,1982,4.4768491414777,4.61390411174469
VCT,St. Vincent and the Grenadines,1983,2.16859610337228,4.4768491414777
VCT,St. Vincent and the Grenadines,1984,6.5863390070146,2.16859610337228
VCT,St. Vincent and the Grenadines,1985,6.17934619533374,6.5863390070146
VCT,St. Vincent and the Grenadines,1986,5.59974051938687,6.17934619533374
VCT,St. Vincent and the Grenadines,1987,0.438004972316747,5.59974051938687
VCT,St. Vincent and the Grenadines,1988,14.07469453936,0.438004972316747
VCT,St. Vincent and the Grenadines,1989,1.40561082593132,14.07469453936
VCT,St. Vincent and the Grenadines,1990,4.14918678513905,1.40561082593132
VCT,St. Vincent and the Grenadines,1991,1.13557520041245,4.14918678513905
VCT,St. Vincent and the Grenadines,1992,6.37794062708292,1.13557520041245
VCT,St. Vincent and the Grenadines,1993,4.25073077397103,6.37794062708292
VCT,St. Vincent and the Grenadines,1994,-1.24762336447148,4.25073077397103
VCT,St. Vincent and the Grenadines,1995,7.76665024455248,-1.24762336447148
VCT,St. Vincent and the Grenadines,1996,1.28791200314089,7.76665024455248
VCT,St. Vincent and the Grenadines,1997,3.50515087270627,1.28791200314089
VCT,St. Vincent and the Grenadines,1998,4.0901949332585,3.50515087270627
VCT,St. Vincent and the Grenadines,1999,2.71031071289156,4.0901949332585
VCT,St. Vincent and the Grenadines,2000,1.63903190394467,2.71031071289156
VCT,St. Vincent and the Grenadines,2001,1.74823102028898,1.63903190394467
VCT,St. Vincent and the Grenadines,2002,5.34212707436718,1.74823102028898
VCT,St. Vincent and the Grenadines,2003,6.69133665352797,5.34212707436718
VCT,St. Vincent and the Grenadines,2004,4.11469880444737,6.69133665352797
VCT,St. Vincent and the Grenadines,2005,2.48855733938132,4.11469880444737
VCT,St. Vincent and the Grenadines,2006,6.99692626758825,2.48855733938132
VCT,St. Vincent and the Grenadines,2007,3.3229685982929,6.99692626758825
VCT,St. Vincent and the Grenadines,2008,0.404640808638888,3.3229685982929
VCT,St. Vincent and the Grenadines,2009,-1.3781936056056,0.404640808638888
VCT,St. Vincent and the Grenadines,2010,-4.47046793507802,-1.3781936056056
VCT,St. Vincent and the Grenadines,2011,-0.60627665148327,-4.47046793507802
VCT,St. Vincent and the Grenadines,2012,1.16911218376478,-0.60627665148327
VCT,St. Vincent and the Grenadines,2013,2.4624841721544,1.16911218376478
VCT,St. Vincent and the Grenadines,2014,1.1457271877622,2.4624841721544
VCT,St. Vincent and the Grenadines,2015,2.78509791763551,1.1457271877622
VCT,St. Vincent and the Grenadines,2016,4.1496810046981,2.78509791763551
VCT,St. Vincent and the Grenadines,2017,1.54810173239956,4.1496810046981
VCT,St. Vincent and the Grenadines,2018,3.1756114423991,1.54810173239956
VCT,St. Vincent and the Grenadines,2019,0.668428481084234,3.1756114423991
VCT,St. Vincent and the Grenadines,2020,-4.26892434422649,0.668428481084234
VCT,St. Vincent and the Grenadines,2021,2.09340124465459,-4.26892434422649
VCT,St. Vincent and the Grenadines,2022,3.1108330034352,2.09340124465459
VCT,St. Vincent and the Grenadines,2023,5.32636472098717,3.1108330034352
VCT,St. Vincent and the Grenadines,2024,4.06183490050209,5.32636472098717
VCT,St. Vincent and the Grenadines,2025,3.3921670546227,4.06183490050209
VEN,"Venezuela, RB",1962,8.53293376290674,3.19251943889398
VEN,"Venezuela, RB",1963,3.90095116381792,8.53293376290674
VEN,"Venezuela, RB",1964,11.1293452932632,3.90095116381792
VEN,"Venezuela, RB",1965,4.16286666476357,11.1293452932632
VEN,"Venezuela, RB",1966,1.51025011101906,4.16286666476357
VEN,"Venezuela, RB",1967,2.83386903098911,1.51025011101906
VEN,"Venezuela, RB",1968,7.33723265821649,2.83386903098911
VEN,"Venezuela, RB",1969,0.706036796155843,7.33723265821649
VEN,"Venezuela, RB",1970,7.71191438124403,0.706036796155843
VEN,"Venezuela, RB",1971,1.47929120998975,7.71191438124403
VEN,"Venezuela, RB",1972,1.28280503619405,1.47929120998975
VEN,"Venezuela, RB",1973,7.10995789495574,1.28280503619405
VEN,"Venezuela, RB",1974,2.0693332016931,7.10995789495574
VEN,"Venezuela, RB",1975,2.89625778007141,2.0693332016931
VEN,"Venezuela, RB",1976,7.72773984679841,2.89625778007141
VEN,"Venezuela, RB",1977,6.27078351298832,7.72773984679841
VEN,"Venezuela, RB",1978,2.34689637191228,6.27078351298832
VEN,"Venezuela, RB",1979,0.764355145425611,2.34689637191228
VEN,"Venezuela, RB",1980,-4.42132236441761,0.764355145425611
VEN,"Venezuela, RB",1981,-1.26182965299685,-4.42132236441761
VEN,"Venezuela, RB",1982,2.55591054313101,-1.26182965299685
VEN,"Venezuela, RB",1983,-9.65732087227414,2.55591054313101
VEN,"Venezuela, RB",1984,5.17241379310344,-9.65732087227414
VEN,"Venezuela, RB",1985,0.655737704918025,5.17241379310344
VEN,"Venezuela, RB",1986,6.18892508143323,0.655737704918025
VEN,"Venezuela, RB",1987,4.9079754601227,6.18892508143323
VEN,"Venezuela, RB",1988,6.43274853801171,4.9079754601227
VEN,"Venezuela, RB",1989,-14.010989010989,6.43274853801171
VEN,"Venezuela, RB",1990,6.70926517571885,-14.010989010989
VEN,"Venezuela, RB",1991,9.5808383233533,6.70926517571885
VEN,"Venezuela, RB",1992,6.01092896174865,9.5808383233533
VEN,"Venezuela, RB",1993,0.257731958762889,6.01092896174865
VEN,"Venezuela, RB",1994,-2.31362467866325,0.257731958762889
VEN,"Venezuela, RB",1995,3.94736842105263,-2.31362467866325
VEN,"Venezuela, RB",1996,-0.25316455696202,3.94736842105263
VEN,"Venezuela, RB",1997,6.34517766497463,-0.25316455696202
VEN,"Venezuela, RB",1998,0.477326968973756,6.34517766497463
VEN,"Venezuela, RB",1999,-5.93824228028504,0.477326968973756
VEN,"Venezuela, RB",2000,3.53535353535352,-5.93824228028504
VEN,"Venezuela, RB",2001,3.41463414634147,3.53535353535352
VEN,"Venezuela, RB",2002,-8.72641509433961,3.41463414634147
VEN,"Venezuela, RB",2003,-7.75193798449614,-8.72641509433961
VEN,"Venezuela, RB",2004,18.2072829131653,-7.75193798449614
VEN,"Venezuela, RB",2005,10.1895734597156,18.2072829131653
VEN,"Venezuela, RB",2006,9.89247311827957,10.1895734597156
VEN,"Venezuela, RB",2007,8.80626223091976,9.89247311827957
VEN,"Venezuela, RB",2008,5.21582733812949,8.80626223091976
VEN,"Venezuela, RB",2009,-3.07692307692308,5.21582733812949
VEN,"Venezuela, RB",2010,-1.5873015873016,-3.07692307692308
VEN,"Venezuela, RB",2011,4.12186379928315,-1.5873015873016
VEN,"Venezuela, RB",2012,5.67986230636832,4.12186379928315
VEN,"Venezuela, RB",2013,1.30293159609121,5.67986230636832
VEN,"Venezuela, RB",2014,-3.85852090032154,1.30293159609121
VEN,"Venezuela, RB",2015,-6.18729096989966,-3.85852090032154
VEN,"Venezuela, RB",2016,-17.1122994652406,-6.18729096989966
VEN,"Venezuela, RB",2017,-15.6989247311828,-17.1122994652406
VEN,"Venezuela, RB",2018,-19.6428571428571,-15.6989247311828
VEN,"Venezuela, RB",2019,-27.6190476190476,-19.6428571428571
VEN,"Venezuela, RB",2020,-29.8245614035088,-27.6190476190476
VEN,"Venezuela, RB",2021,0.625000000000014,-29.8245614035088
VEN,"Venezuela, RB",2022,8.07453416149069,0.625000000000014
VEN,"Venezuela, RB",2023,4.02298850574712,8.07453416149069
VEN,"Venezuela, RB",2024,5.52486187845305,4.02298850574712
VEN,"Venezuela, RB",2025,1.57068062827224,5.52486187845305
VNM,Viet Nam,1986,2.78929157479443,3.80585566810947
VNM,Viet Nam,1987,3.5834696313072,2.78929157479443
VNM,Viet Nam,1988,5.13501167157808,3.5834696313072
VNM,Viet Nam,1989,7.36451289395819,5.13501167157808
VNM,Viet Nam,1990,5.10091813908369,7.36451289395819
VNM,Viet Nam,1991,5.96084393218912,5.10091813908369
VNM,Viet Nam,1992,8.64604745934572,5.96084393218912
VNM,Viet Nam,1993,8.07273065739605,8.64604745934572
VNM,Viet Nam,1994,8.83898095245374,8.07273065739605
VNM,Viet Nam,1995,9.54048017491264,8.83898095245374
VNM,Viet Nam,1996,9.34001749939179,9.54048017491264
VNM,Viet Nam,1997,8.1520841433542,9.34001749939179
VNM,Viet Nam,1998,5.76445545848843,8.1520841433542
VNM,Viet Nam,1999,4.77358688344989,5.76445545848843
VNM,Viet Nam,2000,6.78731640463151,4.77358688344989
VNM,Viet Nam,2001,6.19289331233377,6.78731640463151
VNM,Viet Nam,2002,6.32082099160833,6.19289331233377
VNM,Viet Nam,2003,6.89906349055258,6.32082099160833
VNM,Viet Nam,2004,7.53641060890386,6.89906349055258
VNM,Viet Nam,2005,7.54724772895918,7.53641060890386
VNM,Viet Nam,2006,6.97795481056711,7.54724772895918
VNM,Viet Nam,2007,7.12950448605439,6.97795481056711
VNM,Viet Nam,2008,5.66177120891362,7.12950448605439
VNM,Viet Nam,2009,5.39789754014181,5.66177120891362
VNM,Viet Nam,2010,6.42324482239482,5.39789754014181
VNM,Viet Nam,2011,6.41316889681683,6.42324482239482
VNM,Viet Nam,2012,5.5045447041189,6.41316889681683
VNM,Viet Nam,2013,5.55351081026072,5.5045447041189
VNM,Viet Nam,2014,6.42224312118567,5.55351081026072
VNM,Viet Nam,2015,6.98715430598611,6.42224312118567
VNM,Viet Nam,2016,6.69000892660424,6.98715430598611
VNM,Viet Nam,2017,6.94019037359206,6.69000892660424
VNM,Viet Nam,2018,7.46500685572751,6.94019037359206
VNM,Viet Nam,2019,7.35926270105006,7.46500685572751
VNM,Viet Nam,2020,2.86541320912272,7.35926270105006
VNM,Viet Nam,2021,2.55372852648131,2.86541320912272
VNM,Viet Nam,2022,8.53750041218142,2.55372852648131
VNM,Viet Nam,2023,4.97865959483225,8.53750041218142
VNM,Viet Nam,2024,7.03955197123018,4.97865959483225
VNM,Viet Nam,2025,8.01882998978245,7.03955197123018
VUT,Vanuatu,1981,4.37795667690261,-11.3998067077696
VUT,Vanuatu,1982,1.97988311533418,4.37795667690261
VUT,Vanuatu,1983,3.00962925422006,1.97988311533418
VUT,Vanuatu,1984,9.57499148469142,3.00962925422006
VUT,Vanuatu,1985,1.00162332055409,9.57499148469142
VUT,Vanuatu,1986,-0.15046335875266,1.00162332055409
VUT,Vanuatu,1987,-2.89393472379176,-0.15046335875266
VUT,Vanuatu,1988,-1.69288283840025,-2.89393472379176
VUT,Vanuatu,1989,1.53189352084378,-1.69288283840025
VUT,Vanuatu,1990,11.6956997985937,1.53189352084378
VUT,Vanuatu,1991,3.1476384802759,11.6956997985937
VUT,Vanuatu,1992,2.58541372753479,3.1476384802759
VUT,Vanuatu,1993,0.735447995455729,2.58541372753479
VUT,Vanuatu,1994,9.08146609289209,0.735447995455729
VUT,Vanuatu,1995,1.00394504149104,9.08146609289209
VUT,Vanuatu,1996,2.32733541644214,1.00394504149104
VUT,Vanuatu,1997,4.90681267768771,2.32733541644214
VUT,Vanuatu,1998,1.17685436113624,4.90681267768771
VUT,Vanuatu,1999,0.337293221894271,1.17685436113624
VUT,Vanuatu,2000,5.92480905652918,0.337293221894271
VUT,Vanuatu,2001,-3.39758248938266,5.92480905652918
VUT,Vanuatu,2002,-5.19831875936025,-3.39758248938266
VUT,Vanuatu,2003,4.28833511695457,-5.19831875936025
VUT,Vanuatu,2004,3.98739280216959,4.28833511695457
VUT,Vanuatu,2005,5.30532647259227,3.98739280216959
VUT,Vanuatu,2006,8.46069747205426,5.30532647259227
VUT,Vanuatu,2007,2.87589228775376,8.46069747205426
VUT,Vanuatu,2008,5.60099182147225,2.87589228775376
VUT,Vanuatu,2009,3.03730354099639,5.60099182147225
VUT,Vanuatu,2010,1.25886720329254,3.03730354099639
VUT,Vanuatu,2011,3.13980290023437,1.25886720329254
VUT,Vanuatu,2012,1.01004768692017,3.13980290023437
VUT,Vanuatu,2013,0.463390415135436,1.01004768692017
VUT,Vanuatu,2014,3.10512947273315,0.463390415135436
VUT,Vanuatu,2015,3.50101268962098,3.10512947273315
VUT,Vanuatu,2016,3.61980830670927,3.50101268962098
VUT,Vanuatu,2017,4.22332192519966,3.61980830670927
VUT,Vanuatu,2018,2.51532789491979,4.22332192519966
VUT,Vanuatu,2019,3.27677257380314,2.51532789491979
VUT,Vanuatu,2020,-5.72530282073851,3.27677257380314
VUT,Vanuatu,2021,-1.16332488626091,-5.72530282073851
VUT,Vanuatu,2022,5.59195729750803,-1.16332488626091
VUT,Vanuatu,2023,5.82973013269719,5.59195729750803
VUT,Vanuatu,2024,3.76564827114278,5.82973013269719
VUT,Vanuatu,2025,3.05357824026483,3.76564827114278
WLD,World,1962,5.32119155001325,3.91381807548518
WLD,World,1963,5.01948574251753,5.32119155001325
WLD,World,1964,6.62973289506179,5.01948574251753
WLD,World,1965,5.63094784595984,6.62973289506179
WLD,World,1966,5.41888566542343,5.63094784595984
WLD,World,1967,3.73806601134913,5.41888566542343
WLD,World,1968,5.94722298911074,3.73806601134913
WLD,World,1969,5.96131448055353,5.94722298911074
WLD,World,1970,3.76536422839344,5.96131448055353
WLD,World,1971,4.1089784450586,3.76536422839344
WLD,World,1972,5.53776177849556,4.1089784450586
WLD,World,1973,6.45772701682566,5.53776177849556
WLD,World,1974,1.99190710306105,6.45772701682566
WLD,World,1975,0.81448328160532,1.99190710306105
WLD,World,1976,5.22120338591516,0.81448328160532
WLD,World,1977,3.94144875757631,5.22120338591516
WLD,World,1978,4.13711682010359,3.94144875757631
WLD,World,1979,4.14087732068609,4.13711682010359
WLD,World,1980,1.81532833044595,4.14087732068609
WLD,World,1981,1.88817492087733,1.81532833044595
WLD,World,1982,0.411099684969287,1.88817492087733
WLD,World,1983,2.57687545199074,0.411099684969287
WLD,World,1984,4.72811948188732,2.57687545199074
WLD,World,1985,3.65992562860681,4.72811948188732
WLD,World,1986,3.30504727863539,3.65992562860681
WLD,World,1987,3.75140720504533,3.30504727863539
WLD,World,1988,4.52917512483202,3.75140720504533
WLD,World,1989,3.63824326258279,4.52917512483202
WLD,World,1990,2.70835661034906,3.63824326258279
WLD,World,1991,1.22518126757618,2.70835661034906
WLD,World,1992,2.06322489260802,1.22518126757618
WLD,World,1993,1.85802699127092,2.06322489260802
WLD,World,1994,3.41622758531712,1.85802699127092
WLD,World,1995,3.17807321635462,3.41622758531712
WLD,World,1996,3.58623401800118,3.17807321635462
WLD,World,1997,3.99678915639295,3.58623401800118
WLD,World,1998,2.78125282205437,3.99678915639295
WLD,World,1999,3.57856819120765,2.78125282205437
WLD,World,2000,4.56720186018067,3.57856819120765
WLD,World,2001,2.02994447591411,4.56720186018067
WLD,World,2002,2.31891535273219,2.02994447591411
WLD,World,2003,3.07416318395302,2.31891535273219
WLD,World,2004,4.49537859755031,3.07416318395302
WLD,World,2005,4.0591513939051,4.49537859755031
WLD,World,2006,4.48913510541222,4.0591513939051
WLD,World,2007,4.43123376835285,4.48913510541222
WLD,World,2008,2.0916044806491,4.43123376835285
WLD,World,2009,-1.33303814192499,2.0916044806491
WLD,World,2010,4.52085213873784,-1.33303814192499
WLD,World,2011,3.31431839310667,4.52085213873784
WLD,World,2012,2.74743359443485,3.31431839310667
WLD,World,2013,2.88974765617324,2.74743359443485
WLD,World,2014,3.16849193058366,2.88974765617324
WLD,World,2015,3.12721325699906,3.16849193058366
WLD,World,2016,2.78974074234593,3.12721325699906
WLD,World,2017,3.44658623167955,2.78974074234593
WLD,World,2018,3.28663086462807,3.44658623167955
WLD,World,2019,2.680308747553,3.28663086462807
WLD,World,2020,-2.88621185457086,2.680308747553
WLD,World,2021,6.48508887596752,-2.88621185457086
WLD,World,2022,3.44001097265647,6.48508887596752
WLD,World,2023,2.85938493335973,3.44001097265647
WLD,World,2024,2.90001340156714,2.85938493335973
WLD,World,2025,2.92127318539153,2.90001340156714
WSM,Samoa,1972,1.58730157852472,13.5135136424393
WSM,Samoa,1973,7.29166655440407,1.58730157852472
WSM,Samoa,1974,-10.6796115697096,7.29166655440407
WSM,Samoa,1975,-3.80434788164912,-10.6796115697096
WSM,Samoa,1976,9.32203391331603,-3.80434788164912
WSM,Samoa,1977,-0.775193740673188,9.32203391331603
WSM,Samoa,1978,6.24999996598103,-0.775193740673188
WSM,Samoa,1979,10.9090919597421,6.24999996598103
WSM,Samoa,1980,-6.19307884148303,10.9090919597421
WSM,Samoa,1981,-9.02912233689747,-6.19307884148303
WSM,Samoa,1982,-0.960514107149763,-9.02912233689747
WSM,Samoa,1983,0.431035957397555,-0.960514107149763
WSM,Samoa,1984,1.28755814292656,0.431035957397555
WSM,Samoa,1985,3.91949640266225,1.28755814292656
WSM,Samoa,1986,5.50457826286599,3.91949640266225
WSM,Samoa,1987,0.483096051256624,5.50457826286599
WSM,Samoa,1988,-1.44229968442642,0.483096051256624
WSM,Samoa,1989,3.70731363153662,-1.44229968442642
WSM,Samoa,1990,-4.42145088411849,3.70731363153662
WSM,Samoa,1991,-2.30001238645001,-4.42145088411849
WSM,Samoa,1992,-0.199987145070338,-2.30001238645001
WSM,Samoa,1993,4.09999101013889,-0.199987145070338
WSM,Samoa,1994,-2.54210048090948,4.09999101013889
WSM,Samoa,1995,6.6736431464967,-2.54210048090948
WSM,Samoa,1996,7.17896881783187,6.6736431464967
WSM,Samoa,1997,0.643425004323134,7.17896881783187
WSM,Samoa,1998,2.19488971786478,0.643425004323134
WSM,Samoa,1999,2.18543437397388,2.19488971786478
WSM,Samoa,2000,5.09304469244418,2.18543437397388
WSM,Samoa,2001,7.39012906172989,5.09304469244418
WSM,Samoa,2002,5.65195919890348,7.39012906172989
WSM,Samoa,2003,5.21262892634149,5.65195919890348
WSM,Samoa,2004,3.0872602379675,5.21262892634149
WSM,Samoa,2005,6.63920361300734,3.0872602379675
WSM,Samoa,2006,2.13212714677351,6.63920361300734
WSM,Samoa,2007,0.485982550017255,2.13212714677351
WSM,Samoa,2008,3.55610467395,0.485982550017255
WSM,Samoa,2009,-0.541677601834593,3.55610467395
WSM,Samoa,2010,6.1247199226125,-0.541677601834593
WSM,Samoa,2011,3.84907794660396,6.1247199226125
WSM,Samoa,2012,-3.73213020890266,3.84907794660396
WSM,Samoa,2013,0.107293276488932,-3.73213020890266
WSM,Samoa,2014,0.659923768782861,0.107293276488932
WSM,Samoa,2015,3.8503618166494,0.659923768782861
WSM,Samoa,2016,7.9838628784713,3.8503618166494
WSM,Samoa,2017,1.40628239971301,7.9838628784713
WSM,Samoa,2018,-0.609647103380141,1.40628239971301
WSM,Samoa,2019,4.45185891688691,-0.609647103380141
WSM,Samoa,2020,-3.10864485863991,4.45185891688691
WSM,Samoa,2021,-5.04350589708287,-3.10864485863991
WSM,Samoa,2022,2.26705310780669,-5.04350589708287
WSM,Samoa,2023,15.233606465518,2.26705310780669
WSM,Samoa,2024,4.7483863916535,15.233606465518
WSM,Samoa,2025,4.20440659006225,4.7483863916535
YEM,"Yemen, Rep.",1992,8.20759813722687,6.29349385992927
YEM,"Yemen, Rep.",1993,4.00196638126631,8.20759813722687
YEM,"Yemen, Rep.",1994,6.72194912231696,4.00196638126631
YEM,"Yemen, Rep.",1995,5.66937132228433,6.72194912231696
YEM,"Yemen, Rep.",1996,4.63496731668951,5.66937132228433
YEM,"Yemen, Rep.",1997,5.23111204040379,4.63496731668951
YEM,"Yemen, Rep.",1998,6.00669459871877,5.23111204040379
YEM,"Yemen, Rep.",1999,3.77553049612634,6.00669459871877
YEM,"Yemen, Rep.",2000,6.1819155928913,3.77553049612634
YEM,"Yemen, Rep.",2001,3.80364587188127,6.1819155928913
YEM,"Yemen, Rep.",2002,3.9352315052778,3.80364587188127
YEM,"Yemen, Rep.",2003,3.74739818489111,3.9352315052778
YEM,"Yemen, Rep.",2004,3.972696401183,3.74739818489111
YEM,"Yemen, Rep.",2005,5.59174807563268,3.972696401183
YEM,"Yemen, Rep.",2006,3.17040935922364,5.59174807563268
YEM,"Yemen, Rep.",2007,3.33842795605096,3.17040935922364
YEM,"Yemen, Rep.",2008,3.64756947012633,3.33842795605096
YEM,"Yemen, Rep.",2009,3.86622951587742,3.64756947012633
YEM,"Yemen, Rep.",2010,7.70128607527964,3.86622951587742
YEM,"Yemen, Rep.",2011,-12.7148969035133,7.70128607527964
YEM,"Yemen, Rep.",2012,2.39299021364694,-12.7148969035133
YEM,"Yemen, Rep.",2013,4.82351908493912,2.39299021364694
YEM,"Yemen, Rep.",2014,-0.188690241954504,4.82351908493912
YEM,"Yemen, Rep.",2015,-27.9945462502541,-0.188690241954504
YEM,"Yemen, Rep.",2016,-9.37512379736752,-27.9945462502541
YEM,"Yemen, Rep.",2017,-5.07179568062152,-9.37512379736752
YEM,"Yemen, Rep.",2018,0.752447592962554,-5.07179568062152
ZAF,South Africa,1962,6.17793085042746,3.84473414174089
ZAF,South Africa,1963,7.37370924877223,6.17793085042746
ZAF,South Africa,1964,7.93960864480677,7.37370924877223
ZAF,South Africa,1965,6.12279809601442,7.93960864480677
ZAF,South Africa,1966,4.43838608946889,6.12279809601442
ZAF,South Africa,1967,7.19652306514106,4.43838608946889
ZAF,South Africa,1968,4.15337298293346,7.19652306514106
ZAF,South Africa,1969,4.71590286722241,4.15337298293346
ZAF,South Africa,1970,5.24866143118292,4.71590286722241
ZAF,South Africa,1971,4.27893440296982,5.24866143118292
ZAF,South Africa,1972,1.65482970884699,4.27893440296982
ZAF,South Africa,1973,4.57194474637271,1.65482970884699
ZAF,South Africa,1974,6.11112210372188,4.57194474637271
ZAF,South Africa,1975,1.69543377931099,6.11112210372188
ZAF,South Africa,1976,2.24986032919334,1.69543377931099
ZAF,South Africa,1977,-0.0939791161255812,2.24986032919334
ZAF,South Africa,1978,3.01447977912923,-0.0939791161255812
ZAF,South Africa,1979,3.79051926405782,3.01447977912923
ZAF,South Africa,1980,6.62058342724157,3.79051926405782
ZAF,South Africa,1981,5.36079105964045,6.62058342724157
ZAF,South Africa,1982,-0.383419108375435,5.36079105964045
ZAF,South Africa,1983,-1.84655774595063,-0.383419108375435
ZAF,South Africa,1984,5.09915163001477,-1.84655774595063
ZAF,South Africa,1985,-1.21154088240387,5.09915163001477
ZAF,South Africa,1986,0.0178492401652193,-1.21154088240387
ZAF,South Africa,1987,2.10072902053675,0.0178492401652193
ZAF,South Africa,1988,4.20010964838187,2.10072902053675
ZAF,South Africa,1989,2.39479511538406,4.20010964838187
ZAF,South Africa,1990,-0.317760426540374,2.39479511538406
ZAF,South Africa,1991,-1.0182449675445,-0.317760426540374
ZAF,South Africa,1992,-2.13703284500521,-1.0182449675445
ZAF,South Africa,1993,1.23355793864741,-2.13703284500521
ZAF,South Africa,1994,3.20000000297172,1.23355793864741
ZAF,South Africa,1995,3.10000000054411,3.20000000297172
ZAF,South Africa,1996,4.29999999726792,3.10000000054411
ZAF,South Africa,1997,2.60000000146347,4.29999999726792
ZAF,South Africa,1998,0.50000000034143,2.60000000146347
ZAF,South Africa,1999,2.39999999746338,0.50000000034143
ZAF,South Africa,2000,4.20000000067826,2.39999999746338
ZAF,South Africa,2001,2.70000000019104,4.20000000067826
ZAF,South Africa,2002,3.70037440406668,2.70000000019104
ZAF,South Africa,2003,2.94907546754213,3.70037440406668
ZAF,South Africa,2004,4.55455990721774,2.94907546754213
ZAF,South Africa,2005,5.27705197295467,4.55455990721774
ZAF,South Africa,2006,5.60380645895889,5.27705197295467
ZAF,South Africa,2007,5.36047405394162,5.60380645895889
ZAF,South Africa,2008,3.1910438863288,5.36047405394162
ZAF,South Africa,2009,-1.53808913525583,3.1910438863288
ZAF,South Africa,2010,3.03973288127956,-1.53808913525583
ZAF,South Africa,2011,3.16855627858818,3.03973288127956
ZAF,South Africa,2012,2.39623238465745,3.16855627858818
ZAF,South Africa,2013,2.48546800826588,2.39623238465745
ZAF,South Africa,2014,1.41382645223793,2.48546800826588
ZAF,South Africa,2015,1.32186223678229,1.41382645223793
ZAF,South Africa,2016,0.664552307858116,1.32186223678229
ZAF,South Africa,2017,1.15794695181735,0.664552307858116
ZAF,South Africa,2018,1.55678384721676,1.15794695181735
ZAF,South Africa,2019,0.25993557687633,1.55678384721676
ZAF,South Africa,2020,-6.1689177146757,0.25993557687633
ZAF,South Africa,2021,4.85864865060148,-6.1689177146757
ZAF,South Africa,2022,2.05813661692193,4.85864865060148
ZAF,South Africa,2023,0.80610455095804,2.05813661692193
ZAF,South Africa,2024,0.534843531905139,0.80610455095804
ZAF,South Africa,2025,1.11462608103956,0.534843531905139
ZMB,Zambia,1962,-2.49083947454871,1.36138199147489
ZMB,Zambia,1963,3.27239289272524,-2.49083947454871
ZMB,Zambia,1964,12.2140480179323,3.27239289272524
ZMB,Zambia,1965,16.6474559632126,12.2140480179323
ZMB,Zambia,1966,-5.57030980860466,16.6474559632126
ZMB,Zambia,1967,7.91969651199875,-5.57030980860466
ZMB,Zambia,1968,1.24832998222797,7.91969651199875
ZMB,Zambia,1969,-0.436915823088214,1.24832998222797
ZMB,Zambia,1970,4.79711290318896,-0.436915823088214
ZMB,Zambia,1971,-0.0860395508674401,4.79711290318896
ZMB,Zambia,1972,9.20886514231279,-0.0860395508674401
ZMB,Zambia,1973,-0.962048756426327,9.20886514231279
ZMB,Zambia,1974,6.42815854892096,-0.962048756426327
ZMB,Zambia,1975,-2.26932892418952,6.42815854892096
ZMB,Zambia,1976,6.22097526707175,-2.26932892418952
ZMB,Zambia,1977,-4.5642361743654,6.22097526707175
ZMB,Zambia,1978,0.553763844248408,-4.5642361743654
ZMB,Zambia,1979,-3.02393103121803,0.553763844248408
ZMB,Zambia,1980,3.03562235066106,-3.02393103121803
ZMB,Zambia,1981,6.16795740650589,3.03562235066106
ZMB,Zambia,1982,-2.81278262868891,6.16795740650589
ZMB,Zambia,1983,-1.96668929762134,-2.81278262868891
ZMB,Zambia,1984,-0.336834899256019,-1.96668929762134
ZMB,Zambia,1985,1.61531036759311,-0.336834899256019
ZMB,Zambia,1986,0.723893955923913,1.61531036759311
ZMB,Zambia,1987,2.67566171341133,0.723893955923913
ZMB,Zambia,1988,6.28074900897693,2.67566171341133
ZMB,Zambia,1989,-1.02350178869868,6.28074900897693
ZMB,Zambia,1990,-0.481072027781664,-1.02350178869868
ZMB,Zambia,1991,-0.0361333838823299,-0.481072027781664
ZMB,Zambia,1992,-1.73092217352566,-0.0361333838823299
ZMB,Zambia,1993,6.79727404907118,-1.73092217352566
ZMB,Zambia,1994,-8.62544195231277,6.79727404907118
ZMB,Zambia,1995,2.89766889341698,-8.62544195231277
ZMB,Zambia,1996,6.21854648894293,2.89766889341698
ZMB,Zambia,1997,3.81400749718355,6.21854648894293
ZMB,Zambia,1998,-0.38574614579035,3.81400749718355
ZMB,Zambia,1999,4.6501897463741,-0.38574614579035
ZMB,Zambia,2000,3.89732294341896,4.6501897463741
ZMB,Zambia,2001,5.31686827418419,3.89732294341896
ZMB,Zambia,2002,4.50601428032604,5.31686827418419
ZMB,Zambia,2003,6.94497398221223,4.50601428032604
ZMB,Zambia,2004,7.03239511515218,6.94497398221223
ZMB,Zambia,2005,7.23559900655543,7.03239511515218
ZMB,Zambia,2006,7.90369444480079,7.23559900655543
ZMB,Zambia,2007,8.35243624447406,7.90369444480079
ZMB,Zambia,2008,7.77389581542363,8.35243624447406
ZMB,Zambia,2009,9.2203484058663,7.77389581542363
ZMB,Zambia,2010,10.2982233241213,9.2203484058663
ZMB,Zambia,2011,5.56925219263019,10.2982233241213
ZMB,Zambia,2012,7.59738104901994,5.56925219263019
ZMB,Zambia,2013,5.05753695047252,7.59738104901994
ZMB,Zambia,2014,4.69328316376705,5.05753695047252
ZMB,Zambia,2015,2.92037511217961,4.69328316376705
ZMB,Zambia,2016,3.75510031678988,2.92037511217961
ZMB,Zambia,2017,3.52586277149926,3.75510031678988
ZMB,Zambia,2018,4.03449389667165,3.52586277149926
ZMB,Zambia,2019,1.44130602603785,4.03449389667165
ZMB,Zambia,2020,-2.78505506545167,1.44130602603785
ZMB,Zambia,2021,6.23492204726448,-2.78505506545167
ZMB,Zambia,2022,5.21122360356247,6.23492204726448
ZMB,Zambia,2023,5.36794285493059,5.21122360356247
ZMB,Zambia,2024,3.82004825518591,5.36794285493059
ZMB,Zambia,2025,3.75772836763902,3.82004825518591
ZWE,Zimbabwe,1962,1.4344708894259,6.3161572666004
ZWE,Zimbabwe,1963,6.24434450629604,1.4344708894259
ZWE,Zimbabwe,1964,-1.10617185953048,6.24434450629604
ZWE,Zimbabwe,1965,4.91057058739648,-1.10617185953048
ZWE,Zimbabwe,1966,1.52313002769391,4.91057058739648
ZWE,Zimbabwe,1967,8.36700892929179,1.52313002769391
ZWE,Zimbabwe,1968,1.97013496821758,8.36700892929179
ZWE,Zimbabwe,1969,12.4282358363658,1.97013496821758
ZWE,Zimbabwe,1970,22.5651508392827,12.4282358363658
ZWE,Zimbabwe,1971,8.91758664245974,22.5651508392827
ZWE,Zimbabwe,1972,8.32977472632579,8.91758664245974
ZWE,Zimbabwe,1973,2.60471469721666,8.32977472632579
ZWE,Zimbabwe,1974,6.62515361824849,2.60471469721666
ZWE,Zimbabwe,1975,-1.93122323911253,6.62515361824849
ZWE,Zimbabwe,1976,0.464838905905296,-1.93122323911253
ZWE,Zimbabwe,1977,-6.86070319418188,0.464838905905296
ZWE,Zimbabwe,1978,-2.70692248428711,-6.86070319418188
ZWE,Zimbabwe,1979,3.29703539947116,-2.70692248428711
ZWE,Zimbabwe,1980,14.420683908318,3.29703539947116
ZWE,Zimbabwe,1981,12.5254248524607,14.420683908318
ZWE,Zimbabwe,1982,2.6342971465491,12.5254248524607
ZWE,Zimbabwe,1983,1.5853054617689,2.6342971465491
ZWE,Zimbabwe,1984,-1.9073601101602,1.5853054617689
ZWE,Zimbabwe,1985,6.94438776760782,-1.9073601101602
ZWE,Zimbabwe,1986,2.09902912557894,6.94438776760782
ZWE,Zimbabwe,1987,1.1507372027161,2.09902912557894
ZWE,Zimbabwe,1988,7.55237451045024,1.1507372027161
ZWE,Zimbabwe,1989,5.199766444125,7.55237451045024
ZWE,Zimbabwe,1990,6.98855293279334,5.199766444125
ZWE,Zimbabwe,1991,5.53179037448064,6.98855293279334
ZWE,Zimbabwe,1992,-9.01556538665926,5.53179037448064
ZWE,Zimbabwe,1993,1.05137020092701,-9.01556538665926
ZWE,Zimbabwe,1994,9.23523568054674,1.05137020092701
ZWE,Zimbabwe,1995,0.158034828064515,9.23523568054674
ZWE,Zimbabwe,1996,10.3607384594087,0.158034828064515
ZWE,Zimbabwe,1997,2.68054632259202,10.3607384594087
ZWE,Zimbabwe,1998,2.88529516415583,2.68054632259202
ZWE,Zimbabwe,1999,-0.817895267295725,2.88529516415583
ZWE,Zimbabwe,2000,-3.05911780575599,-0.817895267295725
ZWE,Zimbabwe,2001,1.43951727721958,-3.05911780575599
ZWE,Zimbabwe,2002,-8.89401285792752,1.43951727721958
ZWE,Zimbabwe,2003,-16.9950733355763,-8.89401285792752
ZWE,Zimbabwe,2004,-5.80753964196205,-16.9950733355763
ZWE,Zimbabwe,2005,-5.71112541241364,-5.80753964196205
ZWE,Zimbabwe,2006,-3.46140290336963,-5.71112541241364
ZWE,Zimbabwe,2007,-3.653250914872,-3.46140290336963
ZWE,Zimbabwe,2008,-17.6689987958491,-3.653250914872
ZWE,Zimbabwe,2009,13.2720546167979,-17.6689987958491
ZWE,Zimbabwe,2010,19.6754077019323,13.2720546167979
ZWE,Zimbabwe,2011,14.1939156801139,19.6754077019323
ZWE,Zimbabwe,2012,16.6654290410337,14.1939156801139
ZWE,Zimbabwe,2013,1.98948554025198,16.6654290410337
ZWE,Zimbabwe,2014,2.37698561663417,1.98948554025198
ZWE,Zimbabwe,2015,1.77985356392176,2.37698561663417
ZWE,Zimbabwe,2016,0.75579405855224,1.77985356392176
ZWE,Zimbabwe,2017,4.73441117758482,0.75579405855224
ZWE,Zimbabwe,2018,5.00992154297603,4.73441117758482
ZWE,Zimbabwe,2019,-6.33244976028571,5.00992154297603
ZWE,Zimbabwe,2020,-7.81695060188729,-6.33244976028571
ZWE,Zimbabwe,2021,8.46801676808001,-7.81695060188729
ZWE,Zimbabwe,2022,6.13926327570213,8.46801676808001
ZWE,Zimbabwe,2023,5.3508687909833,6.13926327570213
ZWE,Zimbabwe,2024,1.67649454921512,5.3508687909833
ZWE,Zimbabwe,2025,8.10671343048909,1.67649454921512
