unit_id,country,time,gdp_per_capita,emp_per_capita,target
ABW,Aruba,1970,9007.104512894928,,9007.104512894928
ABW,Aruba,1971,9839.638472678247,,9839.638472678247
ABW,Aruba,1972,10711.146052760743,,10711.146052760743
ABW,Aruba,1973,11556.386317839337,,11556.386317839337
ABW,Aruba,1974,12434.914648158127,,12434.914648158127
ABW,Aruba,1975,13418.41144131138,,13418.41144131138
ABW,Aruba,1976,14526.074319162002,,14526.074319162002
ABW,Aruba,1977,15816.412703685617,,15816.412703685617
ABW,Aruba,1978,17164.327229940372,,17164.327229940372
ABW,Aruba,1979,18631.565211832105,,18631.565211832105
ABW,Aruba,1980,20268.236795856315,,20268.236795856315
ABW,Aruba,1981,22040.69026623181,,22040.69026623181
ABW,Aruba,1982,23903.49170816574,,23903.49170816574
ABW,Aruba,1983,25888.552544188697,,25888.552544188697
ABW,Aruba,1984,28084.59787886118,,28084.59787886118
ABW,Aruba,1985,30466.211989827054,,30466.211989827054
ABW,Aruba,1986,33291.834684351554,,33291.834684351554
ABW,Aruba,1987,38737.67607325779,,38737.67607325779
ABW,Aruba,1988,46101.86033742465,,46101.86033742465
ABW,Aruba,1989,47949.623147627855,,47949.623147627855
ABW,Aruba,1990,53553.13065024909,,53553.13065024909
ABW,Aruba,1991,54609.55389630584,0.43909952465256746,54609.55389630584
ABW,Aruba,1992,55940.6233438961,0.4427836702240148,55940.6233438961
ABW,Aruba,1993,59519.44528963586,0.446467854934655,59519.44528963586
ABW,Aruba,1994,65090.75285792562,0.45015202412406274,65090.75285792562
ABW,Aruba,1995,63034.14565098198,0.45383617228133116,63034.14565098198
ABW,Aruba,1996,57775.719322981706,0.4575203019378597,57775.719322981706
ABW,Aruba,1997,60604.92861001344,0.4612044978194104,60604.92861001344
ABW,Aruba,1998,63486.657193352585,0.4648886331875622,63486.657193352585
ABW,Aruba,1999,64041.54849257564,0.46857277968620487,64041.54849257564
ABW,Aruba,2000,51164.75770432678,0.47225694104061583,51164.75770432678
ABW,Aruba,2001,56021.05040730026,0.47150224382896744,56021.05040730026
ABW,Aruba,2002,43612.16296790017,0.4707475994669585,43612.16296790017
ABW,Aruba,2003,44953.8505189714,0.469992931053654,44953.8505189714
ABW,Aruba,2004,50533.937561016166,0.46923822622186706,50533.937561016166
ABW,Aruba,2005,54147.18308924971,0.46848354161981215,54147.18308924971
ABW,Aruba,2006,56725.308464022135,0.4677288406064586,56725.308464022135
ABW,Aruba,2007,55559.96775413617,0.46697414676573445,55559.96775413617
ABW,Aruba,2008,56905.366745373445,0.4662195190404141,56905.366745373445
ABW,Aruba,2009,48209.41681393587,0.46546487488008687,48209.41681393587
ABW,Aruba,2010,44405.07645502877,0.46471022457187405,44405.07645502877
ABW,Aruba,2011,44909.35620778909,0.450518084248113,44909.35620778909
ABW,Aruba,2012,43246.125495022745,0.45051807724098636,43246.125495022745
ABW,Aruba,2013,52270.25119322725,0.45051806469938477,52270.25119322725
ABW,Aruba,2014,45313.0176944173,0.45051809918573316,45313.0176944173
ABW,Aruba,2015,43540.59546991381,0.45051805232789205,43540.59546991381
ABW,Aruba,2016,36492.005763762536,0.45051807113874653,36492.005763762536
ABW,Aruba,2017,33247.673950432036,0.4505180708571507,33247.673950432036
ABW,Aruba,2018,38529.465446540984,0.45051805504782017,38529.465446540984
ABW,Aruba,2019,36305.74658274263,0.4505180497391983,36305.74658274263
ABW,Aruba,2020,27888.688241969274,0.45051808630287987,27888.688241969274
ABW,Aruba,2021,37434.245142736945,0.4505180955015183,37434.245142736945
ABW,Aruba,2022,42457.713218290155,0.4505180800583335,42457.713218290155
ABW,Aruba,2023,45325.64942641214,0.45051805247828774,45325.64942641214
AGO,Angola,1970,5509.161630000095,0.5462472189477595,5509.161630000095
AGO,Angola,1971,5743.293997706933,0.543727055880182,5743.293997706933
AGO,Angola,1972,5515.539625424059,0.54120883307853,5515.539625424059
AGO,Angola,1973,5752.1668381589625,0.5386900222932371,5752.1668381589625
AGO,Angola,1974,5583.61750054851,0.5361695907927791,5583.61750054851
AGO,Angola,1975,5042.676148887314,0.5336506934830593,5042.676148887314
AGO,Angola,1976,4745.224804139108,0.5311307979649196,4745.224804139108
AGO,Angola,1977,4847.739101480781,0.5286118193229276,4847.739101480781
AGO,Angola,1978,4188.361318923827,0.5260927611934998,4188.361318923827
AGO,Angola,1979,4134.336974528007,0.5235728942576461,4134.336974528007
AGO,Angola,1980,4018.654904991743,0.5210541535343794,4018.654904991743
AGO,Angola,1981,3837.0905022009683,0.5183347202744201,3837.0905022009683
AGO,Angola,1982,3745.396367061381,0.5156136640421336,3745.396367061381
AGO,Angola,1983,3627.497276362842,0.5128941050076247,3627.497276362842
AGO,Angola,1984,3828.463304286469,0.5101747734828368,3828.463304286469
AGO,Angola,1985,3830.500277632343,0.5074551015408922,3830.500277632343
AGO,Angola,1986,3300.9317874736794,0.5047356672812618,3300.9317874736794
AGO,Angola,1987,3570.944990635232,0.5020156635263213,3570.944990635232
AGO,Angola,1988,3260.175502502419,0.4992964602818054,3260.175502502419
AGO,Angola,1989,3359.7784240546075,0.4965770936017998,3359.7784240546075
AGO,Angola,1990,3526.322001254047,0.49385712559592254,3526.322001254047
AGO,Angola,1991,3146.526411879574,0.4935961979149923,3146.526411879574
AGO,Angola,1992,3552.1146352032306,0.4908434613751912,3552.1146352032306
AGO,Angola,1993,2959.1434120908525,0.48719144525632185,2959.1434120908525
AGO,Angola,1994,3059.6264299499976,0.4872357043331187,3059.6264299499976
AGO,Angola,1995,2642.7295824611174,0.48953682532468407,2642.7295824611174
AGO,Angola,1996,3234.2251437145496,0.4951609505096898,3234.2251437145496
AGO,Angola,1997,3224.3472075957206,0.4986338570323162,3224.3472075957206
AGO,Angola,1998,3276.6102850085463,0.5010975713464887,3276.6102850085463
AGO,Angola,1999,3088.4580244216672,0.5032872080704879,3088.4580244216672
AGO,Angola,2000,2550.1916397872683,0.5069638233887245,2550.1916397872683
AGO,Angola,2001,2670.1353742068527,0.511390695131822,2670.1353742068527
AGO,Angola,2002,2896.4413603041007,0.5120659039041007,2896.4413603041007
AGO,Angola,2003,3061.7332341825368,0.5062617038498082,3061.7332341825368
AGO,Angola,2004,3570.1405822867578,0.5008046790739539,3570.1405822867578
AGO,Angola,2005,4690.1653236422635,0.4963707080918251,4690.1653236422635
AGO,Angola,2006,6020.389785723197,0.49403257412566576,6020.389785723197
AGO,Angola,2007,6602.560356561747,0.4911822072698682,6602.560356561747
AGO,Angola,2008,7863.778610158974,0.48764844632502347,7863.778610158974
AGO,Angola,2009,5808.46837039126,0.4832989149189778,5808.46837039126
AGO,Angola,2010,7717.85149705997,0.4794548388522901,7717.85149705997
AGO,Angola,2011,9375.316005193086,0.47666231914038165,9375.316005193086
AGO,Angola,2012,10252.763848395112,0.4735509214963868,10252.763848395112
AGO,Angola,2013,10288.721660331381,0.46946041704734687,10288.721660331381
AGO,Angola,2014,10434.392524011379,0.4648193937543153,10434.392524011379
AGO,Angola,2015,8835.554186445972,0.46027146111821315,8835.554186445972
AGO,Angola,2016,8158.740452940695,0.45784240872132714,8158.740452940695
AGO,Angola,2017,8148.68993100972,0.4559840679583774,8148.68993100972
AGO,Angola,2018,7914.887750979282,0.45448677454098624,7914.887750979282
AGO,Angola,2019,7605.2400498313045,0.4538018146506916,7605.2400498313045
AGO,Angola,2020,6743.822600682093,0.4512210499834445,6743.822600682093
AGO,Angola,2021,6238.277504313409,0.46608090769611077,6238.277504313409
AGO,Angola,2022,6163.293005879131,0.4682339309689435,6163.293005879131
AGO,Angola,2023,6181.4069674082975,0.4696830774125572,6181.4069674082975
AIA,Anguilla,1970,13070.413898990124,,13070.413898990124
AIA,Anguilla,1971,12632.450130771786,,12632.450130771786
AIA,Anguilla,1972,13996.466833707715,,13996.466833707715
AIA,Anguilla,1973,14486.847468193177,,14486.847468193177
AIA,Anguilla,1974,14358.861999464625,0.18212687469090907,14358.861999464625
AIA,Anguilla,1975,14797.369761363534,0.19418708002760734,14797.369761363534
AIA,Anguilla,1976,14983.04746429204,0.20624733612962737,14983.04746429204
AIA,Anguilla,1977,14990.335353995324,0.21830755202650465,14990.335353995324
AIA,Anguilla,1978,16051.856542284102,0.23036777026096172,16051.856542284102
AIA,Anguilla,1979,17490.012859235972,0.24242799571079973,17490.012859235972
AIA,Anguilla,1980,18160.934077658316,0.25448824053389346,18160.934077658316
AIA,Anguilla,1981,18948.394987960026,0.26654848010408394,18948.394987960026
AIA,Anguilla,1982,18911.3743562761,0.27860870318432257,18911.3743562761
AIA,Anguilla,1983,18560.55962011765,0.29066893505668123,18560.55962011765
AIA,Anguilla,1984,19011.625087922428,0.30272915181368143,19011.625087922428
AIA,Anguilla,1985,20233.955081635228,0.3222388494558936,20233.955081635228
AIA,Anguilla,1986,23765.24585322801,0.34174852203234657,23765.24585322801
AIA,Anguilla,1987,24630.13672526471,0.3612581938703989,24630.13672526471
AIA,Anguilla,1988,25894.38660718941,0.3807678298349242,25894.38660718941
AIA,Anguilla,1989,28753.639475818913,0.40027749240030036,28753.639475818913
AIA,Anguilla,1990,35668.16702160412,0.41978716373919034,35668.16702160412
AIA,Anguilla,1991,26577.05502278306,0.4392968486225301,26577.05502278306
AIA,Anguilla,1992,33866.47630656279,0.45880649601316964,33866.47630656279
AIA,Anguilla,1993,34389.471046636216,0.4624924894969701,34389.471046636216
AIA,Anguilla,1994,34276.220656705504,0.4661784482641936,34276.220656705504
AIA,Anguilla,1995,33707.114288977245,0.4698644628618293,33707.114288977245
AIA,Anguilla,1996,32121.609193332166,0.47355045857488726,32121.609193332166
AIA,Anguilla,1997,31287.148469880638,0.47723638078716313,31287.148469880638
AIA,Anguilla,1998,34746.64774092189,0.48092240021318594,34746.64774092189
AIA,Anguilla,1999,37117.5075784709,0.4846083883258998,37117.5075784709
AIA,Anguilla,2000,34546.851343893984,0.48829445899882085,34546.851343893984
AIA,Anguilla,2001,32518.75128539871,0.491980485997398,32518.75128539871
AIA,Anguilla,2002,28151.036165651494,0.45953557224211267,28151.036165651494
AIA,Anguilla,2003,32586.14767394888,,32586.14767394888
AIA,Anguilla,2004,36615.55820322207,,36615.55820322207
AIA,Anguilla,2005,42640.452805927525,,42640.452805927525
AIA,Anguilla,2006,43529.3875222409,,43529.3875222409
AIA,Anguilla,2007,49947.76091691488,,49947.76091691488
AIA,Anguilla,2008,49509.52640885617,,49509.52640885617
AIA,Anguilla,2009,35700.563143098516,,35700.563143098516
AIA,Anguilla,2010,33959.101094159836,,33959.101094159836
AIA,Anguilla,2011,33163.73485604827,,33163.73485604827
AIA,Anguilla,2012,31042.932564122206,,31042.932564122206
AIA,Anguilla,2013,25626.544393947628,,25626.544393947628
AIA,Anguilla,2014,23170.81073252786,,23170.81073252786
AIA,Anguilla,2015,17341.30343947924,,17341.30343947924
AIA,Anguilla,2016,14428.550038257821,,14428.550038257821
AIA,Anguilla,2017,11607.429068051368,,11607.429068051368
AIA,Anguilla,2018,10244.983781672441,,10244.983781672441
AIA,Anguilla,2019,22124.587383732243,,22124.587383732243
AIA,Anguilla,2020,15585.238533762784,,15585.238533762784
AIA,Anguilla,2021,18558.40653335496,,18558.40653335496
AIA,Anguilla,2022,23279.073308990406,,23279.073308990406
AIA,Anguilla,2023,22720.57834389639,,22720.57834389639
ALB,Albania,1970,3278.184861138491,0.33527157703470717,3278.184861138491
ALB,Albania,1971,3323.8430810099094,0.3376344790803421,3323.8430810099094
ALB,Albania,1972,3379.1398470824697,0.33999690812101657,3379.1398470824697
ALB,Albania,1973,3432.5638309983983,0.3423632790768268,3432.5638309983983
ALB,Albania,1974,3494.8077926532496,0.34472637737263134,3494.8077926532496
ALB,Albania,1975,3550.289430446922,0.34708945354127146,3550.289430446922
ALB,Albania,1976,3597.7901676355664,0.34945126465064724,3597.7901676355664
ALB,Albania,1977,3666.538170990092,0.3518144279387851,3666.538170990092
ALB,Albania,1978,3745.8860726939242,0.35417690860309353,3745.8860726939242
ALB,Albania,1979,3766.953764682244,0.35654093472991866,3766.953764682244
ALB,Albania,1980,3880.770057575338,0.35890783354205397,3880.770057575338
ALB,Albania,1981,3967.8339757636236,0.3641746513605692,3967.8339757636236
ALB,Albania,1982,3910.8870225212836,0.3737671228256807,3910.8870225212836
ALB,Albania,1983,3949.680379513997,0.3770741166221649,3949.680379513997
ALB,Albania,1984,3898.4258614498076,0.3773998838695961,3898.4258614498076
ALB,Albania,1985,3860.1296669061826,0.3751412121553597,3860.1296669061826
ALB,Albania,1986,3972.7440695632154,0.3800208538615978,3972.7440695632154
ALB,Albania,1987,3960.274455310975,0.38373566761478684,3960.274455310975
ALB,Albania,1988,3806.547233119634,0.38274823297402144,3806.547233119634
ALB,Albania,1989,4070.727991060228,0.3826396790553446,4070.727991060228
ALB,Albania,1990,3910.844777199489,0.37774320842835163,3910.844777199489
ALB,Albania,1991,3413.8725211356723,0.37650741866008125,3413.8725211356723
ALB,Albania,1992,3082.5577885391353,0.30398857112192473,3082.5577885391353
ALB,Albania,1993,3572.3023150831727,0.29095549582453123,3572.3023150831727
ALB,Albania,1994,4055.458938405553,0.3184643057366558,4055.458938405553
ALB,Albania,1995,4405.575604629274,0.30731863181793717,4405.575604629274
ALB,Albania,1996,5029.394450674096,0.3032418472632264,5029.394450674096
ALB,Albania,1997,4123.551680943196,0.30294254580996455,4123.551680943196
ALB,Albania,1998,3868.1029726805714,0.2986488981761167,3868.1029726805714
ALB,Albania,1999,4403.714522971716,0.2950126107183989,4403.714522971716
ALB,Albania,2000,4967.258383155967,0.2978373398745273,4967.258383155967
ALB,Albania,2001,5452.677128167505,0.30230124105555595,5452.677128167505
ALB,Albania,2002,5832.088139483461,0.30287966168431624,5832.088139483461
ALB,Albania,2003,6345.009145027337,0.3059973279942086,6345.009145027337
ALB,Albania,2004,6778.489161796546,0.3089379673778911,6778.489161796546
ALB,Albania,2005,7543.401095936523,0.3108562970267008,7543.401095936523
ALB,Albania,2006,8221.411133284646,0.31383106833205227,8221.411133284646
ALB,Albania,2007,8893.282703546312,0.31756445872498806,8893.282703546312
ALB,Albania,2008,9958.415279926361,0.30740184474661253,9958.415279926361
ALB,Albania,2009,10835.967512980844,0.3122244456722124,10835.967512980844
ALB,Albania,2010,11060.745149676206,0.3117101685919862,11060.745149676206
ALB,Albania,2011,11826.419599200277,0.32776116146290374,11826.419599200277
ALB,Albania,2012,12177.665284137067,0.3321131421172806,12177.665284137067
ALB,Albania,2013,11434.102697077597,0.3181509046827068,11434.102697077597
ALB,Albania,2014,11970.835213804638,0.3215914678924518,11970.835213804638
ALB,Albania,2015,12665.613684317292,0.33965374831091216,12665.613684317292
ALB,Albania,2016,12689.833321801862,0.36046689125381526,12689.833321801862
ALB,Albania,2017,13107.85447695534,0.3748072981018769,13107.85447695534
ALB,Albania,2018,13155.240437788138,0.39034936016671096,13155.240437788138
ALB,Albania,2019,14155.286994239188,0.4024972219849706,14155.286994239188
ALB,Albania,2020,13612.89675295983,0.3861904485317487,13612.89675295983
ALB,Albania,2021,14842.617727796716,0.3957516991942617,14842.617727796716
ALB,Albania,2022,15604.45066333452,0.4148586211923081,15604.45066333452
ALB,Albania,2023,15968.989460833565,0.4159647841500611,15968.989460833565
ARE,United Arab Emirates,1970,275540.06630056957,0.43897398241994023,275540.06630056957
ARE,United Arab Emirates,1971,269224.266812824,0.4615756848349416,269224.266812824
ARE,United Arab Emirates,1972,220290.87335135863,0.4898016646130452,220290.87335135863
ARE,United Arab Emirates,1973,220616.96621096748,0.5188667581809766,220616.96621096748
ARE,United Arab Emirates,1974,193446.3155328193,0.5475581026822243,193446.3155328193
ARE,United Arab Emirates,1975,221440.4579667536,0.5306214520618433,221440.4579667536
ARE,United Arab Emirates,1976,235888.9504778637,0.5334544863090461,235888.9504778637
ARE,United Arab Emirates,1977,265771.65577315976,0.5362875898739582,265771.65577315976
ARE,United Arab Emirates,1978,225494.1620514189,0.5391206733484654,225494.1620514189
ARE,United Arab Emirates,1979,240262.3909003191,0.5419537997063059,240262.3909003191
ARE,United Arab Emirates,1980,338651.08422762627,0.5447868640302874,338651.08422762627
ARE,United Arab Emirates,1981,302357.1857199358,0.5339475074755335,302357.1857199358
ARE,United Arab Emirates,1982,260792.458653772,0.523108037947317,260792.458653772
ARE,United Arab Emirates,1983,225850.85262344117,0.5122685575160401,225850.85262344117
ARE,United Arab Emirates,1984,216377.60088851728,0.5014291241531759,216377.60088851728
ARE,United Arab Emirates,1985,192632.5657099769,0.4905897203716655,192632.5657099769
ARE,United Arab Emirates,1986,151115.46584974747,0.4954116088741201,151115.46584974747
ARE,United Arab Emirates,1987,121808.43828847371,0.5002334666191371,121808.43828847371
ARE,United Arab Emirates,1988,129014.23589061166,0.505055292799722,129014.23589061166
ARE,United Arab Emirates,1989,141131.97306647312,0.5098771647228071,141131.97306647312
ARE,United Arab Emirates,1990,156609.05348168284,0.5146990225718047,156609.05348168284
ARE,United Arab Emirates,1991,137441.50006030023,0.5195209093463257,137441.50006030023
ARE,United Arab Emirates,1992,135987.02612153796,0.5243426855245397,135987.02612153796
ARE,United Arab Emirates,1993,104719.52850308245,0.5291645735723122,104719.52850308245
ARE,United Arab Emirates,1994,106057.39850046474,0.5339864844811157,106057.39850046474
ARE,United Arab Emirates,1995,111797.82090902147,0.5388082522734409,111797.82090902147
ARE,United Arab Emirates,1996,111046.3014578274,0.5328907157264344,111046.3014578274
ARE,United Arab Emirates,1997,109864.52317909001,0.5269731731221795,109864.52317909001
ARE,United Arab Emirates,1998,97875.5388645191,0.521055602633882,97875.5388645191
ARE,United Arab Emirates,1999,98230.66929699214,0.5151380556890841,98230.66929699214
ARE,United Arab Emirates,2000,111795.9665242624,0.509220510184845,111795.9665242624
ARE,United Arab Emirates,2001,108445.07585421596,0.5136997110239688,108445.07585421596
ARE,United Arab Emirates,2002,101876.57354657496,0.5181789622100972,101876.57354657496
ARE,United Arab Emirates,2003,105222.58338010384,0.5226581816911539,105222.58338010384
ARE,United Arab Emirates,2004,107432.46534688563,0.5271374472575479,107432.46534688563
ARE,United Arab Emirates,2005,121045.58833302249,0.5316166632427612,121045.58833302249
ARE,United Arab Emirates,2006,132770.64492623426,0.5749128642145716,132770.64492623426
ARE,United Arab Emirates,2007,129384.06225470631,0.6233678320515892,129384.06225470631
ARE,United Arab Emirates,2008,128948.25108874596,0.6735282567665863,128948.25108874596
ARE,United Arab Emirates,2009,103043.79170420175,0.7351700394543211,103043.79170420175
ARE,United Arab Emirates,2010,105314.40377218662,0.7634755198026034,105314.40377218662
ARE,United Arab Emirates,2011,117722.0730050172,0.750078799849106,117722.0730050172
ARE,United Arab Emirates,2012,119489.26574184906,0.7344327230803076,119489.26574184906
ARE,United Arab Emirates,2013,112511.94960780005,0.7157335274861091,112511.94960780005
ARE,United Arab Emirates,2014,111472.1965517501,0.6918990427188396,111472.1965517501
ARE,United Arab Emirates,2015,88627.51744079548,0.6678035405288028,88627.51744079548
ARE,United Arab Emirates,2016,82450.36913928477,0.6516490374433778,82450.36913928477
ARE,United Arab Emirates,2017,74894.41975576563,0.6405239706670848,74894.41975576563
ARE,United Arab Emirates,2018,79346.59543783107,0.6418955113000481,79346.59543783107
ARE,United Arab Emirates,2019,83101.0771982098,0.646627362671254,83101.0771982098
ARE,United Arab Emirates,2020,79177.36675061627,0.6300770965629753,79177.36675061627
ARE,United Arab Emirates,2021,72635.06369567297,0.6128690866799877,72635.06369567297
ARE,United Arab Emirates,2022,77550.33374060714,0.5981052989711909,77550.33374060714
ARE,United Arab Emirates,2023,76379.19923744239,0.5826604621195817,76379.19923744239
ARG,Argentina,1950,3283.404015491719,0.3799153534969461,3283.404015491719
ARG,Argentina,1951,3293.6878395281024,0.377782040676005,3293.6878395281024
ARG,Argentina,1952,2945.165126979195,0.37719807518471854,2945.165126979195
ARG,Argentina,1953,3073.4584599437535,0.3749317801185869,3073.4584599437535
ARG,Argentina,1954,3158.774922622511,0.37441274118608087,3158.774922622511
ARG,Argentina,1955,3328.5193411128025,0.37358713587728515,3328.5193411128025
ARG,Argentina,1956,3354.6807511905627,0.37275283384352126,3354.6807511905627
ARG,Argentina,1957,3468.856911706148,0.3712390426424829,3468.856911706148
ARG,Argentina,1958,3669.3538906320637,0.3700017543256604,3669.3538906320637
ARG,Argentina,1959,3398.733123495302,0.3700420989674406,3398.733123495302
ARG,Argentina,1960,3585.555708059371,0.3688539018895771,3585.555708059371
ARG,Argentina,1961,3643.8072573489044,0.36752887704409576,3643.8072573489044
ARG,Argentina,1962,3651.303844821379,0.36664230442269324,3651.303844821379
ARG,Argentina,1963,3470.8205070209656,0.3662230334213882,3470.8205070209656
ARG,Argentina,1964,3589.3983242086506,0.36509809190804154,3589.3983242086506
ARG,Argentina,1965,3976.245159866458,0.3642208711984728,3976.245159866458
ARG,Argentina,1966,4001.6695483412936,0.3639051493748797,4001.6695483412936
ARG,Argentina,1967,4079.764183988079,0.36303356146202903,4079.764183988079
ARG,Argentina,1968,4140.281782608147,0.3624595939323552,4140.281782608147
ARG,Argentina,1969,4478.648328110766,0.36070767372881435,4478.648328110766
ARG,Argentina,1970,4539.382485841659,0.35921297902868615,4539.382485841659
ARG,Argentina,1971,4602.209694227794,0.3568745522122711,4602.209694227794
ARG,Argentina,1972,4608.186681434365,0.3547736171495441,4608.186681434365
ARG,Argentina,1973,4792.135574615592,0.35259932329997057,4792.135574615592
ARG,Argentina,1974,4938.968883171203,0.3598014780528519,4938.968883171203
ARG,Argentina,1975,4800.852281587921,0.3578936120309269,4800.852281587921
ARG,Argentina,1976,4724.405862116316,0.3512957699732421,4724.405862116316
ARG,Argentina,1977,4958.802176482077,0.35413373233783746,4958.802176482077
ARG,Argentina,1978,4811.784944455948,0.3535150842395831,4811.784944455948
ARG,Argentina,1979,5044.311487638514,0.35400021095117956,5044.311487638514
ARG,Argentina,1980,4998.143224327525,0.3494102416885628,4998.143224327525
ARG,Argentina,1981,4960.799176776499,0.345584576194222,4960.799176776499
ARG,Argentina,1982,5119.315468619389,0.34536268580771984,5119.315468619389
ARG,Argentina,1983,5462.992988034704,0.35098017733944487,5462.992988034704
ARG,Argentina,1984,5734.233138543285,0.35352184534047093,5734.233138543285
ARG,Argentina,1985,5509.780300200673,0.35230183802179693,5509.780300200673
ARG,Argentina,1986,6045.647159806023,0.3556666168958438,6045.647159806023
ARG,Argentina,1987,6338.059418801665,0.35719050300651656,6338.059418801665
ARG,Argentina,1988,6634.599249314014,0.3586735469332074,6634.599249314014
ARG,Argentina,1989,6293.024282242965,0.35624076690911904,6293.024282242965
ARG,Argentina,1990,6959.218393962053,0.360590863148814,6959.218393962053
ARG,Argentina,1991,8078.047887569096,0.3668544855845633,8078.047887569096
ARG,Argentina,1992,9383.370394853586,0.36760576682019364,9383.370394853586
ARG,Argentina,1993,10623.226001316381,0.3614650238455377,10623.226001316381
ARG,Argentina,1994,12206.138424465766,0.35870936773409245,12206.138424465766
ARG,Argentina,1995,13504.725688779192,0.3374766765743818,13504.725688779192
ARG,Argentina,1996,17237.66875591126,0.3417605578477692,17237.66875591126
ARG,Argentina,1997,17583.382244544595,0.35502902935004543,17583.382244544595
ARG,Argentina,1998,17345.01699893822,0.3670633236787209,17345.01699893822
ARG,Argentina,1999,16138.814910806947,0.365848388109673,16138.814910806947
ARG,Argentina,2000,15845.563928334035,0.3654099764034885,15845.563928334035
ARG,Argentina,2001,14725.065166416056,0.358951375153107,14725.065166416056
ARG,Argentina,2002,12478.92614464686,0.35269250390798956,12478.92614464686
ARG,Argentina,2003,13400.342295270475,0.36615138819356735,13400.342295270475
ARG,Argentina,2004,14512.822523626648,0.38635846293379755,14512.822523626648
ARG,Argentina,2005,15622.043278454032,0.40160322576051805,15622.043278454032
ARG,Argentina,2006,16887.8383953002,0.4113390313971351,16887.8383953002
ARG,Argentina,2007,18564.532568513852,0.42385768258690987,18564.532568513852
ARG,Argentina,2008,19838.357199266142,0.4296998591511267,19838.357199266142
ARG,Argentina,2009,18703.67851968351,0.42986479812925676,18703.67851968351
ARG,Argentina,2010,21230.541041089844,0.43781346019175377,21230.541041089844
ARG,Argentina,2011,23620.458255393038,0.4430323265275244,23620.458255393038
ARG,Argentina,2012,23911.22595541107,0.4456954775601902,23911.22595541107
ARG,Argentina,2013,23582.382697286943,0.44911497607798795,23582.382697286943
ARG,Argentina,2014,22792.248378820314,0.4505164311061848,22792.248378820314
ARG,Argentina,2015,23369.96646641678,0.456665472453123,23369.96646641678
ARG,Argentina,2016,23123.529609003017,0.4492718548231786,23123.529609003017
ARG,Argentina,2017,25597.100031443548,0.4523405097601195,25597.100031443548
ARG,Argentina,2018,26312.948828305045,0.45090413184344097,26312.948828305045
ARG,Argentina,2019,24946.16825721567,0.45901017682200385,24946.16825721567
ARG,Argentina,2020,23129.1378345686,0.41488709811939134,23129.1378345686
ARG,Argentina,2021,25960.09236436365,0.4631633965850362,25960.09236436365
ARG,Argentina,2022,27673.8659859746,0.4863367473066803,27673.8659859746
ARG,Argentina,2023,27284.85130604388,0.5004638868368457,27284.85130604388
ARM,Armenia,1990,7623.038306192794,0.48270837331109406,7623.038306192794
ARM,Armenia,1991,6789.213253674553,0.48687303456476894,6789.213253674553
ARM,Armenia,1992,3975.333549426335,0.47002757983669574,3975.333549426335
ARM,Armenia,1993,3949.412570960452,0.4845101430317444,3949.412570960452
ARM,Armenia,1994,3130.861215155694,0.48630627192666015,3130.861215155694
ARM,Armenia,1995,3320.556553452508,0.49283290508577116,3320.556553452508
ARM,Armenia,1996,3691.432073364422,0.4810429793467572,3691.432073364422
ARM,Armenia,1997,3896.2442841464517,0.4606964234910509,3896.2442841464517
ARM,Armenia,1998,3603.042413592472,0.449876003907074,3603.042413592472
ARM,Armenia,1999,4028.8211140192266,0.43705616534250463,4028.8211140192266
ARM,Armenia,2000,4188.233332629475,0.43088039788510346,4188.233332629475
ARM,Armenia,2001,4494.019329018052,0.4265751027106012,4494.019329018052
ARM,Armenia,2002,4919.949059707,0.3733383642597337,4919.949059707
ARM,Armenia,2003,5639.44014053455,0.3749107302209138,5639.44014053455
ARM,Armenia,2004,6049.218113377122,0.36637599617044075,6049.218113377122
ARM,Armenia,2005,6764.158791463472,0.37210879776101663,6764.158791463472
ARM,Armenia,2006,7720.825078033639,0.3704331990897335,7720.825078033639
ARM,Armenia,2007,8776.685499605186,0.3741287605675135,8776.685499605186
ARM,Armenia,2008,9571.790545533939,0.4019079463901601,9571.790545533939
ARM,Armenia,2009,8867.232470352403,0.39199552028314555,8867.232470352403
ARM,Armenia,2010,9788.145644494962,0.40317505782937196,9788.145644494962
ARM,Armenia,2011,10791.809847812603,0.40008719460393166,10791.809847812603
ARM,Armenia,2012,12291.724888948884,0.3997383047948078,12291.724888948884
ARM,Armenia,2013,11733.877686980884,0.39705006651831054,11733.877686980884
ARM,Armenia,2014,12043.463275067734,0.38726072373058035,12043.463275067734
ARM,Armenia,2015,12006.876316464219,0.3669429735093012,12006.876316464219
ARM,Armenia,2016,12936.68039751363,0.3446114474815343,12936.68039751363
ARM,Armenia,2017,14799.123843939013,0.3473557007554058,14799.123843939013
ARM,Armenia,2018,15290.200816418754,0.36087670907383074,15290.200816418754
ARM,Armenia,2019,17938.318620151986,0.37146896415385205,17938.318620151986
ARM,Armenia,2020,17049.861632240154,0.3639055381790292,17049.861632240154
ARM,Armenia,2021,17465.19298480777,0.37759291377428666,17465.19298480777
ARM,Armenia,2022,19269.53200660633,0.395328493269973,19269.53200660633
ARM,Armenia,2023,20884.10514880276,0.4065709031594354,20884.10514880276
ATG,Antigua and Barbuda,1970,6675.72352539183,,6675.72352539183
ATG,Antigua and Barbuda,1971,7163.458924359159,,7163.458924359159
ATG,Antigua and Barbuda,1972,7687.242616120482,,7687.242616120482
ATG,Antigua and Barbuda,1973,8305.40285457011,,8305.40285457011
ATG,Antigua and Barbuda,1974,8261.272948868118,,8261.272948868118
ATG,Antigua and Barbuda,1975,7706.42441872205,,7706.42441872205
ATG,Antigua and Barbuda,1976,6974.429640909507,,6974.429640909507
ATG,Antigua and Barbuda,1977,7669.6228560643885,,7669.6228560643885
ATG,Antigua and Barbuda,1978,7721.664956256442,,7721.664956256442
ATG,Antigua and Barbuda,1979,9693.522153142701,,9693.522153142701
ATG,Antigua and Barbuda,1980,8341.251230372172,,8341.251230372172
ATG,Antigua and Barbuda,1981,8900.519972526683,,8900.519972526683
ATG,Antigua and Barbuda,1982,9321.28039500849,,9321.28039500849
ATG,Antigua and Barbuda,1983,11028.289677427278,,11028.289677427278
ATG,Antigua and Barbuda,1984,10235.577453348002,,10235.577453348002
ATG,Antigua and Barbuda,1985,8801.440377904337,,8801.440377904337
ATG,Antigua and Barbuda,1986,11544.60855942537,,11544.60855942537
ATG,Antigua and Barbuda,1987,12298.290959119804,,12298.290959119804
ATG,Antigua and Barbuda,1988,12889.184477066077,,12889.184477066077
ATG,Antigua and Barbuda,1989,13762.829671770136,,13762.829671770136
ATG,Antigua and Barbuda,1990,14562.3547606005,,14562.3547606005
ATG,Antigua and Barbuda,1991,14337.270573212472,0.43936454143206966,14337.270573212472
ATG,Antigua and Barbuda,1992,14132.828603182643,0.4430598682364682,14132.828603182643
ATG,Antigua and Barbuda,1993,14242.965547252596,0.446755156466937,14242.965547252596
ATG,Antigua and Barbuda,1994,15307.39037043894,0.4504504515699101,15307.39037043894
ATG,Antigua and Barbuda,1995,13759.42624343048,0.45414577028489056,13759.42624343048
ATG,Antigua and Barbuda,1996,14621.156156456935,0.4578410246821167,14621.156156456935
ATG,Antigua and Barbuda,1997,14655.21336185664,0.46153637753290216,14655.21336185664
ATG,Antigua and Barbuda,1998,9917.52256591406,0.46523166377458985,9917.52256591406
ATG,Antigua and Barbuda,1999,14071.413091478838,0.46892694679249186,14071.413091478838
ATG,Antigua and Barbuda,2000,15913.62315637855,0.47262223729436537,15913.62315637855
ATG,Antigua and Barbuda,2001,13334.643104399822,0.4763175598113134,13334.643104399822
ATG,Antigua and Barbuda,2002,13806.400820032582,0.4469700813794851,13806.400820032582
ATG,Antigua and Barbuda,2003,15503.053506958298,0.45033638893097816,15503.053506958298
ATG,Antigua and Barbuda,2004,11818.20011091668,0.4538675555383999,11818.20011091668
ATG,Antigua and Barbuda,2005,18344.806173240006,0.45716042294665055,18344.806173240006
ATG,Antigua and Barbuda,2006,20603.49209658491,0.4599523552593643,20603.49209658491
ATG,Antigua and Barbuda,2007,26224.49324505226,0.4622172722938559,26224.49324505226
ATG,Antigua and Barbuda,2008,24977.87505031696,0.46398591312005744,24977.87505031696
ATG,Antigua and Barbuda,2009,25800.14419242964,,25800.14419242964
ATG,Antigua and Barbuda,2010,26235.74015013338,,26235.74015013338
ATG,Antigua and Barbuda,2011,27904.711811126,,27904.711811126
ATG,Antigua and Barbuda,2012,26923.697185494497,,26923.697185494497
ATG,Antigua and Barbuda,2013,23696.3033676148,,23696.3033676148
ATG,Antigua and Barbuda,2014,12455.378635389061,,12455.378635389061
ATG,Antigua and Barbuda,2015,18919.25188293751,,18919.25188293751
ATG,Antigua and Barbuda,2016,17206.067593421067,,17206.067593421067
ATG,Antigua and Barbuda,2017,14182.433528809965,,14182.433528809965
ATG,Antigua and Barbuda,2018,19371.285612751028,,19371.285612751028
ATG,Antigua and Barbuda,2019,21392.175599200014,,21392.175599200014
ATG,Antigua and Barbuda,2020,21159.054414114387,,21159.054414114387
ATG,Antigua and Barbuda,2021,27196.407488508266,,27196.407488508266
ATG,Antigua and Barbuda,2022,27062.562271111587,,27062.562271111587
ATG,Antigua and Barbuda,2023,27087.166355448157,,27087.166355448157
AUS,Australia,1950,15580.29185848631,0.4165559901832309,15580.29185848631
AUS,Australia,1951,14647.794953923556,0.41574506358989377,14647.794953923556
AUS,Australia,1952,14173.33963972976,0.4149330084067171,14173.33963972976
AUS,Australia,1953,15644.9646432217,0.414120903943971,15644.9646432217
AUS,Australia,1954,16410.373711396707,0.4133099836598934,16410.373711396707
AUS,Australia,1955,16826.28936743799,0.4124978953467138,16826.28936743799
AUS,Australia,1956,16692.86148848087,0.41168619492302944,16692.86148848087
AUS,Australia,1957,16446.211059439087,0.4079733719408067,16446.211059439087
AUS,Australia,1958,17368.551674667702,0.4031771167210357,17368.551674667702
AUS,Australia,1959,18107.24350103617,0.3994184714614412,18107.24350103617
AUS,Australia,1960,17977.1022013254,0.4026813013443089,17977.1022013254
AUS,Australia,1961,18111.93883432479,0.39479342223190206,18111.93883432479
AUS,Australia,1962,18752.696002730063,0.396919137360691,18752.696002730063
AUS,Australia,1963,19712.882397581936,0.40060156849548695,19712.882397581936
AUS,Australia,1964,20284.152173867165,0.40695292600753935,20284.152173867165
AUS,Australia,1965,20175.062250264262,0.4111770374351948,20175.062250264262
AUS,Australia,1966,21161.436494395202,0.4181155530647518,21161.436494395202
AUS,Australia,1967,21721.270869808046,0.42330776412155435,21721.270869808046
AUS,Australia,1968,22916.05568041372,0.4254226476771075,22916.05568041372
AUS,Australia,1969,24112.742707958358,0.4275060668033363,24112.742707958358
AUS,Australia,1970,24509.087170820923,0.43387443040933893,24509.087170820923
AUS,Australia,1971,24692.179675216827,0.4346071641742022,24692.179675216827
AUS,Australia,1972,24904.06539066521,0.4329984392759079,24904.06539066521
AUS,Australia,1973,25600.509128661553,0.43802352916295406,25600.509128661553
AUS,Australia,1974,24406.87731217512,0.4398452930940563,24406.87731217512
AUS,Australia,1975,24569.541367853395,0.43268222204140366,24569.541367853395
AUS,Australia,1976,25392.25029197135,0.43394418296361975,25392.25029197135
AUS,Australia,1977,25566.439290913204,0.4329825666542885,25566.439290913204
AUS,Australia,1978,26442.20496025015,0.4294920352789255,26442.20496025015
AUS,Australia,1979,26981.257700129394,0.43023804498097196,26981.257700129394
AUS,Australia,1980,27501.86939415259,0.43684684605646684,27501.86939415259
AUS,Australia,1981,28306.00088218756,0.4366478789895427,28306.00088218756
AUS,Australia,1982,27237.53306322172,0.4299287645174414,27237.53306322172
AUS,Australia,1983,28412.026197651845,0.416899254836886,28412.026197651845
AUS,Australia,1984,29084.491538221864,0.4251799034408107,29084.491538221864
AUS,Australia,1985,29465.453618954634,0.43352790302202165,29465.453618954634
AUS,Australia,1986,29846.08259255205,0.4454289250146273,29846.08259255205
AUS,Australia,1987,31796.14228266916,0.44865401082635753,31796.14228266916
AUS,Australia,1988,33046.27672162255,0.4580707366212736,33046.27672162255
AUS,Australia,1989,33713.64904019488,0.4703440977795189,33713.64904019488
AUS,Australia,1990,33207.811460480254,0.4709978840154808,33207.811460480254
AUS,Australia,1991,32734.462038196656,0.45376281602393115,32734.462038196656
AUS,Australia,1992,33698.72113900005,0.44660002691468453,33698.72113900005
AUS,Australia,1993,34557.12636597904,0.4440892609105846,34557.12636597904
AUS,Australia,1994,35802.37945296401,0.4537619899075415,35802.37945296401
AUS,Australia,1995,37331.70256393026,0.4651632364774276,37331.70256393026
AUS,Australia,1996,39024.89521208249,0.47010530989502114,39024.89521208249
AUS,Australia,1997,40523.10543276293,0.4677051356260965,40523.10543276293
AUS,Australia,1998,41393.93992540899,0.4702208214053903,41393.93992540899
AUS,Australia,1999,42894.36488592982,0.47346290781912737,42894.36488592982
AUS,Australia,2000,43756.08683792073,0.4785477432265269,43756.08683792073
AUS,Australia,2001,44662.79233208986,0.4821439551734325,44662.79233208986
AUS,Australia,2002,45338.87941810699,0.48252189345619867,45338.87941810699
AUS,Australia,2003,46795.8747753596,0.488378667579951,46795.8747753596
AUS,Australia,2004,47826.17463233433,0.4923398842171039,47826.17463233433
AUS,Australia,2005,50563.899979748196,0.5001267569047461,50563.899979748196
AUS,Australia,2006,50818.39630968737,0.5058604221380245,50818.39630968737
AUS,Australia,2007,51249.32538514668,0.5123557715404994,51249.32538514668
AUS,Australia,2008,52875.028385974765,0.5167370644636983,52875.028385974765
AUS,Australia,2009,51943.11176723916,0.5129235535518805,51943.11176723916
AUS,Australia,2010,56103.67209098574,0.5103869761730113,56103.67209098574
AUS,Australia,2011,58474.434241445924,0.5152825600909307,58474.434241445924
AUS,Australia,2012,57268.5101557614,0.5122549030548762,57268.5101557614
AUS,Australia,2013,58494.98434989781,0.509671558469096,58494.98434989781
AUS,Australia,2014,57763.54774773485,0.5041966883173097,57763.54774773485
AUS,Australia,2015,53898.885802665296,0.5030849030904917,53898.885802665296
AUS,Australia,2016,56806.69345859671,0.5058152019765012,56806.69345859671
AUS,Australia,2017,57593.49344738381,0.505424399440351,57593.49344738381
AUS,Australia,2018,59483.67787425537,0.513333926962931,59483.67787425537
AUS,Australia,2019,60344.47017692071,0.5172985073036411,60344.47017692071
AUS,Australia,2020,61486.476486699255,0.5127563237910842,61486.476486699255
AUS,Australia,2021,63174.73440190147,0.5149595442695153,63174.73440190147
AUS,Australia,2022,64391.517700251265,0.5255561104928922,64391.517700251265
AUS,Australia,2023,64332.82381497285,0.520067378979294,64332.82381497285
AUT,Austria,1950,6697.6430419427925,0.4204668763691289,6697.6430419427925
AUT,Austria,1951,7033.112892168823,0.42840192901762236,7033.112892168823
AUT,Austria,1952,7239.940121733002,0.41922578696316853,7239.940121733002
AUT,Austria,1953,7623.371685622407,0.41442165741123116,7623.371685622407
AUT,Austria,1954,8147.453529260148,0.42606205144781517,8147.453529260148
AUT,Austria,1955,8913.38890303874,0.4471661953537872,8913.38890303874
AUT,Austria,1956,9563.971379348468,0.46044938484924536,9563.971379348468
AUT,Austria,1957,10044.025028015292,0.4700194850325799,10044.025028015292
AUT,Austria,1958,10427.694750985385,0.47233577212869493,10427.694750985385
AUT,Austria,1959,10743.323163187591,0.47755095646393975,10743.323163187591
AUT,Austria,1960,11440.331008242489,0.4850328417747178,11440.331008242489
AUT,Austria,1961,11999.489083035625,0.48501896972225433,11999.489083035625
AUT,Austria,1962,12264.533249611733,0.4797990581463677,12264.533249611733
AUT,Austria,1963,12689.244325885706,0.47346292120562905,12689.244325885706
AUT,Austria,1964,13203.566093174268,0.46953683119221007,13203.566093174268
AUT,Austria,1965,13532.855298355164,0.4633600741996283,13532.855298355164
AUT,Austria,1966,14110.731403507538,0.45629991884344473,14110.731403507538
AUT,Austria,1967,14438.16282584318,0.44551985804285116,14438.16282584318
AUT,Austria,1968,14984.143062672183,0.43739516759917774,14984.143062672183
AUT,Austria,1969,15674.697411704195,0.43508181623142744,15674.697411704195
AUT,Austria,1970,16595.619273701002,0.4344383043845796,16595.619273701002
AUT,Austria,1971,17412.274480691394,0.4372559993862902,17412.274480691394
AUT,Austria,1972,18335.81645546043,0.43793109798139374,18335.81645546043
AUT,Austria,1973,19138.460756311215,0.4415972740369685,19138.460756311215
AUT,Austria,1974,19769.161605992762,0.4465787657336588,19769.161605992762
AUT,Austria,1975,19980.924205874242,0.44446030259214975,19980.924205874242
AUT,Austria,1976,20531.478250851316,0.4467426023790961,20531.478250851316
AUT,Austria,1977,21393.52813526451,0.4520039111994432,21393.52813526451
AUT,Austria,1978,21363.030857916277,0.45462888228532655,21363.030857916277
AUT,Austria,1979,22259.37378160314,0.45735035207811753,22259.37378160314
AUT,Austria,1980,22546.154943176083,0.461519588413885,22546.154943176083
AUT,Austria,1981,22389.92763978225,0.4587719530463455,22389.92763978225
AUT,Austria,1982,22442.55489643709,0.45191368507821394,22442.55489643709
AUT,Austria,1983,22918.417527171416,0.4501992728645038,22918.417527171416
AUT,Austria,1984,22731.567880815506,0.44972487567486147,22731.567880815506
AUT,Austria,1985,23161.746747125217,0.45069961921347873,23161.746747125217
AUT,Austria,1986,24339.395684859886,0.45153032623317846,24339.395684859886
AUT,Austria,1987,25401.156325687538,0.4506287307428672,25401.156325687538
AUT,Austria,1988,27054.370949918935,0.4532914540505728,27054.370949918935
AUT,Austria,1989,28455.915313972073,0.4574441567317848,28455.915313972073
AUT,Austria,1990,29973.899926610993,0.4609909222014841,29973.899926610993
AUT,Austria,1991,31120.852852984477,0.46204769703288195,31120.852852984477
AUT,Austria,1992,32178.324044667203,0.45904600418133934,32178.324044667203
AUT,Austria,1993,32742.057535287724,0.4528141683903942,32742.057535287724
AUT,Austria,1994,34335.10368593206,0.4509817418312303,34335.10368593206
AUT,Austria,1995,35877.14356097778,0.44871465159056706,35877.14356097778
AUT,Austria,1996,36502.714229798235,0.4498555263867315,36502.714229798235
AUT,Austria,1997,38301.02121093834,0.45263103137538785,38301.02121093834
AUT,Austria,1998,39640.9300359242,0.456704874314476,39640.9300359242
AUT,Austria,1999,41120.74725302769,0.4627260712015536,41120.74725302769
AUT,Austria,2000,43499.87997521006,0.4660047404947105,43499.87997521006
AUT,Austria,2001,42620.38836104351,0.46755620864693676,42620.38836104351
AUT,Austria,2002,43535.66607676961,0.46482482839285266,43535.66607676961
AUT,Austria,2003,43871.69822551936,0.46578594640772497,43871.69822551936
AUT,Austria,2004,44992.865502635286,0.4657806904338354,44992.865502635286
AUT,Austria,2005,47220.13134563198,0.46818552199941094,47220.13134563198
AUT,Austria,2006,47982.51441553451,0.47391336656528776,47982.51441553451
AUT,Austria,2007,49633.16649294826,0.4809801539756142,49633.16649294826
AUT,Austria,2008,51350.727143581964,0.48855973139348285,51350.727143581964
AUT,Austria,2009,49169.47331513017,0.4847744199106826,49169.47331513017
AUT,Austria,2010,50349.81235113732,0.48729394241722507,50349.81235113732
AUT,Austria,2011,52770.76157445191,0.4932499867348615,52770.76157445191
AUT,Austria,2012,53446.19233642578,0.49613668689827467,53446.19233642578
AUT,Austria,2013,52254.49206181145,0.4953729288480283,52254.49206181145
AUT,Austria,2014,54309.754613370875,0.4964138401138045,54309.754613370875
AUT,Austria,2015,54708.944510777896,0.4944546229905765,54708.944510777896
AUT,Austria,2016,54967.804104297196,0.4946064729400824,54967.804104297196
AUT,Austria,2017,57040.64814454916,0.49963319409171364,57040.64814454916
AUT,Austria,2018,59018.69277793173,0.506056482023266,59018.69277793173
AUT,Austria,2019,62521.80246633327,0.5095159129887671,62521.80246633327
AUT,Austria,2020,59353.004095206976,0.4989591851619022,59353.004095206976
AUT,Austria,2021,61576.44587293244,0.5070534035353417,61576.44587293244
AUT,Austria,2022,64060.728528992266,0.5143569264116935,64060.728528992266
AUT,Austria,2023,62852.68058050723,0.5142410560624732,62852.68058050723
AZE,Azerbaijan,1990,7963.41437105427,0.5143725012312744,7963.41437105427
AZE,Azerbaijan,1991,11970.350185554124,0.5112623212636561,11970.350185554124
AZE,Azerbaijan,1992,9449.219899861999,0.5021701905966448,9449.219899861999
AZE,Azerbaijan,1993,3603.6371273461295,0.4934312691030935,3603.6371273461295
AZE,Azerbaijan,1994,3515.985289762256,0.4755101548105224,3515.985289762256
AZE,Azerbaijan,1995,2900.7552835710626,0.4673284065012044,2900.7552835710626
AZE,Azerbaijan,1996,2933.7000076267577,0.471720052294324,2933.7000076267577
AZE,Azerbaijan,1997,2878.2684124786847,0.4677704146173349,2878.2684124786847
AZE,Azerbaijan,1998,2854.2535660601725,0.4639035107594778,2854.2535660601725
AZE,Azerbaijan,1999,2969.6669702138306,0.4695840626179428,2969.6669702138306
AZE,Azerbaijan,2000,3278.320163771891,0.4743882214726785,3278.320163771891
AZE,Azerbaijan,2001,3621.274006286045,0.4749206264441888,3621.274006286045
AZE,Azerbaijan,2002,3749.1028904864957,0.47611956582353054,3749.1028904864957
AZE,Azerbaijan,2003,3995.1971408351615,0.47752131959149247,3995.1971408351615
AZE,Azerbaijan,2004,4193.082050599337,0.47870729748395435,4193.082050599337
AZE,Azerbaijan,2005,6198.967226925406,0.479257326773136,6198.967226925406
AZE,Azerbaijan,2006,8750.122325624643,0.47976450739701865,8750.122325624643
AZE,Azerbaijan,2007,11932.510540521285,0.48043605007363477,11932.510540521285
AZE,Azerbaijan,2008,13208.710757385012,0.4813033351336831,13208.710757385012
AZE,Azerbaijan,2009,13406.899800372217,0.4825432838349968,13406.899800372217
AZE,Azerbaijan,2010,15950.412538151108,0.48305980984453883,15950.412538151108
AZE,Azerbaijan,2011,20114.628179642725,0.48107772555722417,20114.628179642725
AZE,Azerbaijan,2012,21880.278668361883,0.4814588700987449,21880.278668361883
AZE,Azerbaijan,2013,20923.634625782623,0.48275873520835644,20923.634625782623
AZE,Azerbaijan,2014,21132.59649327006,0.4850365504875239,21132.59649327006
AZE,Azerbaijan,2015,17494.950194045843,0.4861312988480259,17494.950194045843
AZE,Azerbaijan,2016,16574.416664944,0.4895721879949887,16574.416664944
AZE,Azerbaijan,2017,15889.459344977333,0.4909768952641829,15889.459344977333
AZE,Azerbaijan,2018,16791.225911832367,0.49256352902444017,16791.225911832367
AZE,Azerbaijan,2019,18159.572745098525,0.4792846657954933,18159.572745098525
AZE,Azerbaijan,2020,17570.750808065033,0.46979310968404486,17570.750808065033
AZE,Azerbaijan,2021,19455.158748886475,0.4784859467172893,19455.158748886475
AZE,Azerbaijan,2022,20790.663697254593,0.48331843205092145,20790.663697254593
AZE,Azerbaijan,2023,20444.005860223584,0.4873629955906138,20444.005860223584
BDI,Burundi,1960,807.9375288947448,,807.9375288947448
BDI,Burundi,1961,680.8855296233146,,680.8855296233146
BDI,Burundi,1962,725.36868931722,,725.36868931722
BDI,Burundi,1963,744.9667835854813,,744.9667835854813
BDI,Burundi,1964,729.6190361236926,,729.6190361236926
BDI,Burundi,1965,742.8220529914273,,742.8220529914273
BDI,Burundi,1966,746.7542432581009,,746.7542432581009
BDI,Burundi,1967,820.0387052511005,,820.0387052511005
BDI,Burundi,1968,810.9533016515369,,810.9533016515369
BDI,Burundi,1969,766.3648735574848,,766.3648735574848
BDI,Burundi,1970,912.4702196501731,,912.4702196501731
BDI,Burundi,1971,928.363461019255,,928.363461019255
BDI,Burundi,1972,848.6881638424545,,848.6881638424545
BDI,Burundi,1973,918.6386405594947,,918.6386405594947
BDI,Burundi,1974,896.2640387434894,,896.2640387434894
BDI,Burundi,1975,882.4236489911926,,882.4236489911926
BDI,Burundi,1976,938.7359220401038,,938.7359220401038
BDI,Burundi,1977,1034.5492860602592,,1034.5492860602592
BDI,Burundi,1978,1036.8185843764588,,1036.8185843764588
BDI,Burundi,1979,1043.3965572908367,,1043.3965572908367
BDI,Burundi,1980,1001.0172961744584,0.45969956478056007,1001.0172961744584
BDI,Burundi,1981,1045.6736547183166,0.4608414927789205,1045.6736547183166
BDI,Burundi,1982,1015.4780167455606,0.4629106701222885,1015.4780167455606
BDI,Burundi,1983,1010.7763106310808,0.46461781233954963,1010.7763106310808
BDI,Burundi,1984,996.0619740777615,0.46619359132845356,996.0619740777615
BDI,Burundi,1985,1052.56467569326,0.465936158748598,1052.56467569326
BDI,Burundi,1986,1086.3962573258857,0.4654122569717984,1086.3962573258857
BDI,Burundi,1987,1066.857723044733,0.46425556990139466,1066.857723044733
BDI,Burundi,1988,1131.692330041114,0.4626433854796455,1131.692330041114
BDI,Burundi,1989,1072.3122626482946,0.46078922677495465,1072.3122626482946
BDI,Burundi,1990,1094.6330860454225,0.45835035278873726,1094.6330860454225
BDI,Burundi,1991,1119.0504615725376,0.456446173890939,1119.0504615725376
BDI,Burundi,1992,1070.021939997938,0.4533749894844913,1070.021939997938
BDI,Burundi,1993,1034.3901200896344,0.4295246078412667,1034.3901200896344
BDI,Burundi,1994,1043.0442805110176,0.42414438789665254,1043.0442805110176
BDI,Burundi,1995,891.9508098077978,0.43828810841004495,891.9508098077978
BDI,Burundi,1996,823.8838082957994,0.42904344121382465,823.8838082957994
BDI,Burundi,1997,809.0087820078098,0.4215353891131561,809.0087820078098
BDI,Burundi,1998,879.1784894695551,0.4217212707930862,879.1784894695551
BDI,Burundi,1999,864.5405610344862,0.42314188206924874,864.5405610344862
BDI,Burundi,2000,813.0941596380263,0.4227773847744318,813.0941596380263
BDI,Burundi,2001,803.5049499368064,0.42308747162910093,803.5049499368064
BDI,Burundi,2002,820.1322773312049,0.42307956007669983,820.1322773312049
BDI,Burundi,2003,835.5260682261455,0.4223133111191946,835.5260682261455
BDI,Burundi,2004,847.1298207754886,0.4226829383785874,847.1298207754886
BDI,Burundi,2005,805.1302145697698,0.4206382657585868,805.1302145697698
BDI,Burundi,2006,811.4280778684241,0.41722274546282156,811.4280778684241
BDI,Burundi,2007,797.8942703599689,0.42263991099874737,797.8942703599689
BDI,Burundi,2008,808.8615025798479,0.42880447193622767,808.8615025798479
BDI,Burundi,2009,777.1198765225513,0.4321909267881876,777.1198765225513
BDI,Burundi,2010,787.972797843191,0.43337466516743234,787.972797843191
BDI,Burundi,2011,832.2118555841812,0.4317792813334471,832.2118555841812
BDI,Burundi,2012,836.7050979055962,0.4299061621422729,836.7050979055962
BDI,Burundi,2013,886.583236102978,0.4279336899301488,886.583236102978
BDI,Burundi,2014,903.3196682271915,0.42567349941362254,903.3196682271915
BDI,Burundi,2015,879.5998054551313,0.4224513984440357,879.5998054551313
BDI,Burundi,2016,908.1706787769259,0.4184003283352985,908.1706787769259
BDI,Burundi,2017,908.4613240621037,0.41731465734075235,908.4613240621037
BDI,Burundi,2018,918.3422457876616,0.41930575631077455,918.3422457876616
BDI,Burundi,2019,1007.1559180170581,0.4222233500004627,1007.1559180170581
BDI,Burundi,2020,976.6006583529206,0.42024294331437745,976.6006583529206
BDI,Burundi,2021,985.9589197365682,0.42407150306456043,985.9589197365682
BDI,Burundi,2022,987.4518879948475,0.42922924680416935,987.4518879948475
BDI,Burundi,2023,990.7667406515601,0.4339163626855549,990.7667406515601
BEL,Belgium,1950,9460.031173095715,0.40055812286323,9460.031173095715
BEL,Belgium,1951,9807.123667528926,0.39841492440516846,9807.123667528926
BEL,Belgium,1952,9968.851955783248,0.3962712125558831,9968.851955783248
BEL,Belgium,1953,10224.087058454232,0.3941286464100392,10224.087058454232
BEL,Belgium,1954,10635.547355431112,0.39198446532756726,10635.547355431112
BEL,Belgium,1955,11053.980429188727,0.38984016481855843,11053.980429188727
BEL,Belgium,1956,11297.240769310869,0.3876974688126045,11297.240769310869
BEL,Belgium,1957,11410.667983049201,0.38761567583748174,11410.667983049201
BEL,Belgium,1958,11210.30384537917,0.38076664900942975,11210.30384537917
BEL,Belgium,1959,11467.738983277666,0.375502164203853,11467.738983277666
BEL,Belgium,1960,12036.020551120711,0.3835086311696126,12036.020551120711
BEL,Belgium,1961,12606.282042848694,0.384396342110739,12606.282042848694
BEL,Belgium,1962,13210.770080022176,0.38810639312686446,13210.770080022176
BEL,Belgium,1963,13636.666166797191,0.3881160450568039,13636.666166797191
BEL,Belgium,1964,14429.23439904954,0.39012701742123224,14429.23439904954
BEL,Belgium,1965,14815.448897816073,0.38827172764736717,14815.448897816073
BEL,Belgium,1966,15121.049547444713,0.38721154396458424,15121.049547444713
BEL,Belgium,1967,15619.66129516207,0.3835504637464132,15619.66129516207
BEL,Belgium,1968,16231.930673746887,0.3817983483699156,16231.930673746887
BEL,Belgium,1969,17188.115583314735,0.3873895890220904,17188.115583314735
BEL,Belgium,1970,18135.921287193276,0.3866940781604836,18135.921287193276
BEL,Belgium,1971,18794.062795122674,0.38801550350662917,18794.062795122674
BEL,Belgium,1972,19891.11193846879,0.3857226719053925,19891.11193846879
BEL,Belgium,1973,21228.38812064373,0.38797749010460547,21228.38812064373
BEL,Belgium,1974,22147.588499606503,0.3925879138461551,22147.588499606503
BEL,Belgium,1975,21958.45150565073,0.3858465873869023,21958.45150565073
BEL,Belgium,1976,23371.26639567304,0.38315461225558906,23371.26639567304
BEL,Belgium,1977,23716.028734458538,0.38119387953998535,23716.028734458538
BEL,Belgium,1978,24616.26887022092,0.3811957494716527,24616.26887022092
BEL,Belgium,1979,25375.50681021448,0.3843878215545227,25375.50681021448
BEL,Belgium,1980,27061.8372571072,0.3835012285867092,27061.8372571072
BEL,Belgium,1981,25788.960691400756,0.37622508219453626,25788.960691400756
BEL,Belgium,1982,24933.200349167088,0.3712042106558766,24933.200349167088
BEL,Belgium,1983,24183.732989385488,0.36636120630680286,24183.732989385488
BEL,Belgium,1984,24068.759059873497,0.3662678924487862,24068.759059873497
BEL,Belgium,1985,22910.97839071683,0.3678856349871669,22910.97839071683
BEL,Belgium,1986,24675.900595672047,0.3700845421669541,24675.900595672047
BEL,Belgium,1987,26120.086723128774,0.37250614480835675,26120.086723128774
BEL,Belgium,1988,28197.352107307317,0.37917242179312594,28197.352107307317
BEL,Belgium,1989,28933.95376353598,0.3829628327897727,28933.95376353598
BEL,Belgium,1990,30265.51046544874,0.38586321992658446,30265.51046544874
BEL,Belgium,1991,30747.707186776708,0.3857319825746575,30747.707186776708
BEL,Belgium,1992,31862.22518504155,0.3836715010196888,31862.22518504155
BEL,Belgium,1993,32062.00976982391,0.37969627736761213,32062.00976982391
BEL,Belgium,1994,32939.13642292585,0.37694562077468924,32939.13642292585
BEL,Belgium,1995,34386.92845160899,0.3815843818046308,34386.92845160899
BEL,Belgium,1996,34208.51363236414,0.38184470471136717,34208.51363236414
BEL,Belgium,1997,35549.05942308493,0.38353321662866363,35549.05942308493
BEL,Belgium,1998,35513.189047299165,0.38943041900576014,35513.189047299165
BEL,Belgium,1999,37021.32446281208,0.3938739583168422,37021.32446281208
BEL,Belgium,2000,39579.1413526144,0.4008212075114461,39579.1413526144
BEL,Belgium,2001,39857.8907182305,0.40491380778379693,39857.8907182305
BEL,Belgium,2002,41223.59375660809,0.4040225079388158,41223.59375660809
BEL,Belgium,2003,41815.42169336543,0.4019606649793268,41815.42169336543
BEL,Belgium,2004,42309.13738910684,0.4041780149378273,42309.13738910684
BEL,Belgium,2005,45790.837761762086,0.40772282136294263,45790.837761762086
BEL,Belgium,2006,43796.62181391337,0.4096090552432255,43796.62181391337
BEL,Belgium,2007,45131.44413628619,0.4133886718360541,45131.44413628619
BEL,Belgium,2008,48716.220834405576,0.41743485194765073,48716.220834405576
BEL,Belgium,2009,46978.96836057925,0.4135439543058837,46978.96836057925
BEL,Belgium,2010,49664.5914836989,0.41263638417728277,49664.5914836989
BEL,Belgium,2011,50825.11477193141,0.41232013061183037,50825.11477193141
BEL,Belgium,2012,50719.20657702287,0.41076345459604297,50719.20657702287
BEL,Belgium,2013,50408.794773534275,0.40789026117777555,50408.794773534275
BEL,Belgium,2014,50725.60447395786,0.4075534971351963,50725.60447395786
BEL,Belgium,2015,48817.10831651565,0.40859674686434233,48817.10831651565
BEL,Belgium,2016,49648.25905139472,0.41162521092307386,49648.25905139472
BEL,Belgium,2017,51097.947397377124,0.416157573199804,51097.947397377124
BEL,Belgium,2018,50632.20751789042,0.42035710117284747,50632.20751789042
BEL,Belgium,2019,53800.75619083326,0.42469742508434094,53800.75619083326
BEL,Belgium,2020,52131.58985440949,0.4224175271172867,52131.58985440949
BEL,Belgium,2021,55541.35679298762,0.4277753063099589,55541.35679298762
BEL,Belgium,2022,57575.80215121004,0.43251089153552796,57575.80215121004
BEL,Belgium,2023,58122.638873248485,0.43220763406149193,58122.638873248485
BEN,Benin,1959,1728.779820329451,,1728.779820329451
BEN,Benin,1960,1844.5341612799289,,1844.5341612799289
BEN,Benin,1961,1825.4190621004075,,1825.4190621004075
BEN,Benin,1962,1736.7537299505404,,1736.7537299505404
BEN,Benin,1963,1793.6763398593048,,1793.6763398593048
BEN,Benin,1964,1850.0119020097666,,1850.0119020097666
BEN,Benin,1965,1957.3152419812184,,1957.3152419812184
BEN,Benin,1966,1963.1328984887423,,1963.1328984887423
BEN,Benin,1967,1991.0129145408278,,1991.0129145408278
BEN,Benin,1968,2094.861754146096,,2094.861754146096
BEN,Benin,1969,2124.199291581995,,2124.199291581995
BEN,Benin,1970,2279.3237855670386,,2279.3237855670386
BEN,Benin,1971,2281.3627064926195,,2281.3627064926195
BEN,Benin,1972,2328.556565726477,,2328.556565726477
BEN,Benin,1973,2438.867065440692,,2438.867065440692
BEN,Benin,1974,2590.4086916413416,,2590.4086916413416
BEN,Benin,1975,2148.878701050413,,2148.878701050413
BEN,Benin,1976,2251.279501256088,,2251.279501256088
BEN,Benin,1977,2269.9462058180857,,2269.9462058180857
BEN,Benin,1978,2147.7264117571717,,2147.7264117571717
BEN,Benin,1979,2189.571335636402,,2189.571335636402
BEN,Benin,1980,2283.324823527209,0.33849944812222454,2283.324823527209
BEN,Benin,1981,2820.862502296755,0.3366927310083558,2820.862502296755
BEN,Benin,1982,1958.6384038014517,0.33595525136013693,1958.6384038014517
BEN,Benin,1983,1877.4922532611758,0.33622934292051515,1877.4922532611758
BEN,Benin,1984,1936.275459852652,0.3351278912716304,1936.275459852652
BEN,Benin,1985,2081.5553257406546,0.3335574541970162,2081.5553257406546
BEN,Benin,1986,1763.7074834319699,0.33332418317126805,1763.7074834319699
BEN,Benin,1987,1583.934053663329,0.33307860045116244,1583.934053663329
BEN,Benin,1988,1581.6448550517268,0.3325141850980092,1581.6448550517268
BEN,Benin,1989,1385.9510159810097,0.33320361969971435,1385.9510159810097
BEN,Benin,1990,1383.1552617647444,0.333864937694979,1383.1552617647444
BEN,Benin,1991,1412.2766186600547,0.3350073664147726,1412.2766186600547
BEN,Benin,1992,1415.8593845677274,0.33533271465092834,1415.8593845677274
BEN,Benin,1993,1391.6065428356196,0.3379822781894173,1391.6065428356196
BEN,Benin,1994,1255.0821278050494,0.3387167750753038,1255.0821278050494
BEN,Benin,1995,1355.9911721127462,0.33638538489864495,1355.9911721127462
BEN,Benin,1996,1517.3557760904575,0.33543076248131604,1517.3557760904575
BEN,Benin,1997,1772.786468716986,0.3359347735031508,1772.786468716986
BEN,Benin,1998,1964.9339531940475,0.336388283780962,1964.9339531940475
BEN,Benin,1999,2254.192275479314,0.3372197224439018,2254.192275479314
BEN,Benin,2000,2433.827349258525,0.3380895709838805,2433.827349258525
BEN,Benin,2001,2541.2043911595524,0.3390772498937466,2541.2043911595524
BEN,Benin,2002,2684.4448519860657,0.3399631041403526,2684.4448519860657
BEN,Benin,2003,2765.879197722881,0.3405858967360809,2765.879197722881
BEN,Benin,2004,2899.6857486566523,0.34116297471622464,2899.6857486566523
BEN,Benin,2005,2909.804257736397,0.3418680077924837,2909.804257736397
BEN,Benin,2006,2904.352401698929,0.3424645071167615,2904.352401698929
BEN,Benin,2007,2983.5466243377655,0.34273154194845995,2983.5466243377655
BEN,Benin,2008,2965.8248371804157,0.3434494999995146,2965.8248371804157
BEN,Benin,2009,2896.1367943933087,0.3443128121526774,2896.1367943933087
BEN,Benin,2010,2913.4321308919716,0.3450788179590668,2913.4321308919716
BEN,Benin,2011,2890.7414797937276,0.3402872295331726,2890.7414797937276
BEN,Benin,2012,3011.949215457867,0.3359505871590023,3011.949215457867
BEN,Benin,2013,3051.104670919355,0.3315845375872864,3051.104670919355
BEN,Benin,2014,3181.1464976576617,0.32662749874299774,3181.1464976576617
BEN,Benin,2015,3148.8838427687565,0.32073573906164254,3148.8838427687565
BEN,Benin,2016,3257.2634444028226,0.314633333646741,3257.2634444028226
BEN,Benin,2017,3164.849993625299,0.3089293503601719,3164.849993625299
BEN,Benin,2018,3162.331322359779,0.30391459982861013,3162.331322359779
BEN,Benin,2019,3312.2856877106533,0.3049559905698577,3312.2856877106533
BEN,Benin,2020,3284.7566254690355,0.3024715927935017,3284.7566254690355
BEN,Benin,2021,3310.184333529629,0.29843283587595015,3310.184333529629
BEN,Benin,2022,3385.9606468468587,0.3069627156780584,3385.9606468468587
BEN,Benin,2023,3472.6232455750583,0.3099763868246083,3472.6232455750583
BFA,Burkina Faso,1959,1111.390729294506,0.526416999405467,1111.390729294506
BFA,Burkina Faso,1960,1088.3991450194494,0.5268104490792512,1088.3991450194494
BFA,Burkina Faso,1961,1021.9719087259957,0.522540311257022,1021.9719087259957
BFA,Burkina Faso,1962,1088.4621222584972,0.5182711158663341,1088.4621222584972
BFA,Burkina Faso,1963,1050.3936254579214,0.5139991610483287,1050.3936254579214
BFA,Burkina Faso,1964,1085.7457223626218,0.5097310210025204,1085.7457223626218
BFA,Burkina Faso,1965,1071.677048720327,0.5054605615705537,1071.677048720327
BFA,Burkina Faso,1966,1072.0956800589242,0.5011915980305369,1072.0956800589242
BFA,Burkina Faso,1967,1167.2839525166764,0.49692065552044057,1167.2839525166764
BFA,Burkina Faso,1968,1185.720470128802,0.49265135054628784,1185.720470128802
BFA,Burkina Faso,1969,1198.3578606516471,0.4883817796149193,1198.3578606516471
BFA,Burkina Faso,1970,1140.8494454188667,0.48411103813429185,1140.8494454188667
BFA,Burkina Faso,1971,1037.7956142117405,0.4809264468892654,1037.7956142117405
BFA,Burkina Faso,1972,1267.7957731253812,0.4777721138639238,1267.7957731253812
BFA,Burkina Faso,1973,1170.93461750606,0.47433526469017967,1170.93461750606
BFA,Burkina Faso,1974,1239.5375472476408,0.4704195796579364,1239.5375472476408
BFA,Burkina Faso,1975,1198.6851244319096,0.46596120450309053,1198.6851244319096
BFA,Burkina Faso,1976,1184.824884222495,0.4609613389493451,1184.824884222495
BFA,Burkina Faso,1977,1283.8085495332361,0.45514944139072944,1283.8085495332361
BFA,Burkina Faso,1978,1377.8045722194138,0.44868127003948577,1377.8045722194138
BFA,Burkina Faso,1979,1360.2536913136544,0.4418718530909491,1360.2536913136544
BFA,Burkina Faso,1980,1328.91407610573,0.4347525506452036,1328.91407610573
BFA,Burkina Faso,1981,1383.9213164580867,0.4323898083477112,1383.9213164580867
BFA,Burkina Faso,1982,1343.103667083118,0.4304461755883514,1343.103667083118
BFA,Burkina Faso,1983,1226.990050924835,0.42883687616367033,1226.990050924835
BFA,Burkina Faso,1984,1158.8565388865215,0.4274523947354887,1158.8565388865215
BFA,Burkina Faso,1985,1199.1407244636987,0.4267351132837392,1199.1407244636987
BFA,Burkina Faso,1986,1285.0323940811513,0.4266063637532099,1285.0323940811513
BFA,Burkina Faso,1987,1221.9025077378687,0.4276592027281225,1221.9025077378687
BFA,Burkina Faso,1988,1260.7352646739225,0.42893778687637374,1260.7352646739225
BFA,Burkina Faso,1989,1234.9820747757442,0.4305859836226809,1234.9820747757442
BFA,Burkina Faso,1990,1189.08661025131,0.4321413860266256,1189.08661025131
BFA,Burkina Faso,1991,1236.647652550414,0.4337349230214883,1236.647652550414
BFA,Burkina Faso,1992,1216.6251118009923,0.4359159034798269,1216.6251118009923
BFA,Burkina Faso,1993,1234.7149834203042,0.43755636211207516,1234.7149834203042
BFA,Burkina Faso,1994,1090.212469698872,0.4594323959577018,1090.212469698872
BFA,Burkina Faso,1995,1218.0816985919619,0.4543576348537084,1218.0816985919619
BFA,Burkina Faso,1996,1321.1114981669382,0.44740536997222774,1321.1114981669382
BFA,Burkina Faso,1997,1408.0105167566549,0.44029509929358035,1408.0105167566549
BFA,Burkina Faso,1998,1465.073802023617,0.43303932536425777,1465.073802023617
BFA,Burkina Faso,1999,1546.878210063164,0.42281638337566335,1546.878210063164
BFA,Burkina Faso,2000,1563.1783953015652,0.4138103288596648,1563.1783953015652
BFA,Burkina Faso,2001,1574.2955078856846,0.4036019576021637,1574.2955078856846
BFA,Burkina Faso,2002,1595.511084014798,0.39236451193080113,1595.511084014798
BFA,Burkina Faso,2003,1623.813926558712,0.37914673979617247,1623.813926558712
BFA,Burkina Faso,2004,1660.9551116889236,0.3690625462186974,1660.9551116889236
BFA,Burkina Faso,2005,1749.4128609293787,0.3601206230971704,1749.4128609293787
BFA,Burkina Faso,2006,1765.5969909589085,0.3503480334031833,1765.5969909589085
BFA,Burkina Faso,2007,1714.8465781233474,0.3525896345868866,1714.8465781233474
BFA,Burkina Faso,2008,1705.2296597205823,0.3575149963159295,1705.2296597205823
BFA,Burkina Faso,2009,1656.5100880225457,0.35332729208633434,1656.5100880225457
BFA,Burkina Faso,2010,1761.6647562562678,0.3478965013854303,1761.6647562562678
BFA,Burkina Faso,2011,1789.3598042613125,0.33285297647420153,1789.3598042613125
BFA,Burkina Faso,2012,1899.6530117828802,0.3209019622153217,1899.6530117828802
BFA,Burkina Faso,2013,1940.8702103183937,0.31613572876727797,1940.8702103183937
BFA,Burkina Faso,2014,1888.0645147708974,0.3262795479941821,1888.0645147708974
BFA,Burkina Faso,2015,1914.6891584188022,0.3258303248310436,1914.6891584188022
BFA,Burkina Faso,2016,2087.752327971825,0.3271344046838648,2087.752327971825
BFA,Burkina Faso,2017,2185.489596711779,0.3296209518988291,2185.489596711779
BFA,Burkina Faso,2018,2184.8895731261837,0.33256214439339393,2184.8895731261837
BFA,Burkina Faso,2019,2287.176480212816,0.34759220008680247,2287.176480212816
BFA,Burkina Faso,2020,2321.6897989937934,0.3384158313688004,2321.6897989937934
BFA,Burkina Faso,2021,2322.9099469371627,0.3292394669053191,2322.9099469371627
BFA,Burkina Faso,2022,2331.70053458082,0.3200630718952436,2331.70053458082
BFA,Burkina Faso,2023,2360.999927592017,0.32547600388131714,2360.999927592017
BGD,Bangladesh,1959,1524.5868800704259,0.35272308144298214,1524.5868800704259
BGD,Bangladesh,1960,1607.6604317761835,0.350134350006752,1607.6604317761835
BGD,Bangladesh,1961,1566.0234027099564,0.34723980557001505,1566.0234027099564
BGD,Bangladesh,1962,1626.312865322546,0.3443454412699708,1626.312865322546
BGD,Bangladesh,1963,1694.378129712582,0.34145080606075284,1694.378129712582
BGD,Bangladesh,1964,1651.008141755991,0.3385563114757952,1651.008141755991
BGD,Bangladesh,1965,1598.143505392909,0.33566194721580417,1598.143505392909
BGD,Bangladesh,1966,1581.6529503056763,0.3327674145482431,1581.6529503056763
BGD,Bangladesh,1967,1496.3337843613106,0.32987286863121895,1496.3337843613106
BGD,Bangladesh,1968,1512.0278075794592,0.32697852373321545,1512.0278075794592
BGD,Bangladesh,1969,1545.6054527681094,0.32408388842782504,1545.6054527681094
BGD,Bangladesh,1970,1612.9048037606858,0.321189396648465,1612.9048037606858
BGD,Bangladesh,1971,1567.56684229799,0.3209614129925828,1567.56684229799
BGD,Bangladesh,1972,1471.0548161674237,0.3220585193851696,1471.0548161674237
BGD,Bangladesh,1973,1216.7061321708193,0.32435624912082767,1216.7061321708193
BGD,Bangladesh,1974,1204.7405045597175,0.32699195588060037,1204.7405045597175
BGD,Bangladesh,1975,1134.2646411630867,0.3309684023912511,1134.2646411630867
BGD,Bangladesh,1976,1252.2484139691235,0.3362110448133411,1252.2484139691235
BGD,Bangladesh,1977,1309.9865609897504,0.3410541861482399,1309.9865609897504
BGD,Bangladesh,1978,1314.981958293904,0.3453957700568133,1314.981958293904
BGD,Bangladesh,1979,1363.4008839254827,0.34940493568986714,1363.4008839254827
BGD,Bangladesh,1980,1327.489514969205,0.3532700656307961,1327.489514969205
BGD,Bangladesh,1981,1319.8938798948275,0.3537866219749786,1319.8938798948275
BGD,Bangladesh,1982,1282.9494457423557,0.35497151862525217,1282.9494457423557
BGD,Bangladesh,1983,1272.6145591308893,0.355925581271509,1272.6145591308893
BGD,Bangladesh,1984,1362.7830543334237,0.35769225375642827,1362.7830543334237
BGD,Bangladesh,1985,1388.9354720380993,0.3598406855883015,1388.9354720380993
BGD,Bangladesh,1986,1385.76604439833,0.3623730351404258,1385.76604439833
BGD,Bangladesh,1987,1362.5488023732935,0.3652748861700086,1362.5488023732935
BGD,Bangladesh,1988,1393.1890830611787,0.3685538946696831,1393.1890830611787
BGD,Bangladesh,1989,1519.5656668192612,0.37271181266662595,1519.5656668192612
BGD,Bangladesh,1990,1555.447541220902,0.3656214498126897,1555.447541220902
BGD,Bangladesh,1991,1584.3118540343617,0.3591791154085618,1584.3118540343617
BGD,Bangladesh,1992,1598.7329825554311,0.3556016266250275,1598.7329825554311
BGD,Bangladesh,1993,1608.5095671499325,0.3522107789902005,1608.5095671499325
BGD,Bangladesh,1994,1652.4531793364042,0.3492090652402568,1652.4531793364042
BGD,Bangladesh,1995,1698.201950777147,0.3464285708564844,1698.201950777147
BGD,Bangladesh,1996,1715.6384830910247,0.34307299397083246,1715.6384830910247
BGD,Bangladesh,1997,1680.6651315988138,0.33941961127194076,1680.6651315988138
BGD,Bangladesh,1998,1635.3387460657627,0.33568896804938214,1635.3387460657627
BGD,Bangladesh,1999,1556.1791212368448,0.33170423468050414,1556.1791212368448
BGD,Bangladesh,2000,1580.9152398231588,0.3278943547771699,1580.9152398231588
BGD,Bangladesh,2001,1601.2007275129615,0.3232231952367834,1601.2007275129615
BGD,Bangladesh,2002,1660.7639858226435,0.31873140700138697,1660.7639858226435
BGD,Bangladesh,2003,1684.7069805125193,0.31442073455755176,1684.7069805125193
BGD,Bangladesh,2004,1704.569020300056,0.30965040699222973,1704.569020300056
BGD,Bangladesh,2005,1755.7116229185942,0.32113666628230103,1755.7116229185942
BGD,Bangladesh,2006,1895.7696486877624,0.32346992584610124,1895.7696486877624
BGD,Bangladesh,2007,2133.641904787183,0.3300030049008381,2133.641904787183
BGD,Bangladesh,2008,2412.2375842573138,0.3321024800175193,2412.2375842573138
BGD,Bangladesh,2009,2644.9454939513184,0.3466891152030797,2644.9454939513184
BGD,Bangladesh,2010,3041.3327865949395,0.3576562975831261,3041.3327865949395
BGD,Bangladesh,2011,3543.294647535382,0.36551917805563916,3543.294647535382
BGD,Bangladesh,2012,3737.603566144579,0.3712119416947797,3737.603566144579
BGD,Bangladesh,2013,3964.021357121794,0.3794711113456999,3964.021357121794
BGD,Bangladesh,2014,4327.512390424333,0.3238213961951174,4327.512390424333
BGD,Bangladesh,2015,4760.27217715365,0.3745471177666835,4760.27217715365
BGD,Bangladesh,2016,5077.935930152247,0.3701827325539444,5077.935930152247
BGD,Bangladesh,2017,5332.365870927311,0.38872171149022794,5332.365870927311
BGD,Bangladesh,2018,5892.106267088144,0.3960681247427417,5892.106267088144
BGD,Bangladesh,2019,6332.314397425965,0.4045290414161104,6332.314397425965
BGD,Bangladesh,2020,6791.944052203531,0.41298990547477765,6791.944052203531
BGD,Bangladesh,2021,7321.774071055025,0.4214507984513732,7321.774071055025
BGD,Bangladesh,2022,7808.611620196575,0.42991165488523986,7808.611620196575
BGD,Bangladesh,2023,7935.438477108625,0.43111659042432066,7935.438477108625
BGR,Bulgaria,1970,5620.746787709087,0.5110420422731572,5620.746787709087
BGR,Bulgaria,1971,5970.508430947413,0.5100829167440143,5970.508430947413
BGR,Bulgaria,1972,6407.337969947947,0.5096513345257918,6407.337969947947
BGR,Bulgaria,1973,6910.809254272563,0.5088542124942224,6910.809254272563
BGR,Bulgaria,1974,7446.182566046145,0.5072519127717712,7446.182566046145
BGR,Bulgaria,1975,8176.453507667186,0.5067271197291093,8176.453507667186
BGR,Bulgaria,1976,8639.500830418574,0.5044011485578345,8639.500830418574
BGR,Bulgaria,1977,9016.74953967694,0.5016528005151905,9016.74953967694
BGR,Bulgaria,1978,9519.809135355159,0.5009818061554848,9519.809135355159
BGR,Bulgaria,1979,10362.609429277669,0.5000447491739709,10362.609429277669
BGR,Bulgaria,1980,10330.981284631465,0.49791532318993764,10330.981284631465
BGR,Bulgaria,1981,11062.948107186468,0.497029582353778,11062.948107186468
BGR,Bulgaria,1982,11551.911776321784,0.49955504187936206,11551.911776321784
BGR,Bulgaria,1983,12370.451211284577,0.4999593668339373,12370.451211284577
BGR,Bulgaria,1984,12507.23916471677,0.49812320928838366,12507.23916471677
BGR,Bulgaria,1985,13325.5159155959,0.4977757016654161,13325.5159155959
BGR,Bulgaria,1986,13376.280433390242,0.49905901165760375,13376.280433390242
BGR,Bulgaria,1987,14646.417837094612,0.49986607398324395,14646.417837094612
BGR,Bulgaria,1988,14874.51541140577,0.49721142283956926,14874.51541140577
BGR,Bulgaria,1989,14557.899493419036,0.48845279309050865,14557.899493419036
BGR,Bulgaria,1990,15428.2202816365,0.4643652637885499,15428.2202816365
BGR,Bulgaria,1991,16348.673962835148,0.40985316139292693,16348.673962835148
BGR,Bulgaria,1992,16988.1232269604,0.3824817581724517,16988.1232269604
BGR,Bulgaria,1993,12742.390207124923,0.3828357514202968,12742.390207124923
BGR,Bulgaria,1994,12613.642783337415,0.38318973939813716,12613.642783337415
BGR,Bulgaria,1995,11681.983200208579,0.3835437316014013,11681.983200208579
BGR,Bulgaria,1996,11205.127515890566,0.3838977124398286,11205.127515890566
BGR,Bulgaria,1997,8749.466394904188,0.38425164253019245,8749.466394904188
BGR,Bulgaria,1998,10521.335799441496,0.38737094669521394,10521.335799441496
BGR,Bulgaria,1999,10572.008078562996,0.38274739018788556,10572.008078562996
BGR,Bulgaria,2000,11387.712923659963,0.37988673009203655,11387.712923659963
BGR,Bulgaria,2001,11964.200065473058,0.36779580525768085,11964.200065473058
BGR,Bulgaria,2002,12552.170031314143,0.37691530430326065,12552.170031314143
BGR,Bulgaria,2003,12839.527230697418,0.3899295255340411,12839.527230697418
BGR,Bulgaria,2004,13466.454145659745,0.4055147935751275,13466.454145659745
BGR,Bulgaria,2005,14314.086247002942,0.41003927489025543,14314.086247002942
BGR,Bulgaria,2006,15572.248225984498,0.43071458086669573,15572.248225984498
BGR,Bulgaria,2007,17241.92201730143,0.45363784266385637,17241.92201730143
BGR,Bulgaria,2008,18668.065080354667,0.4719014112602168,18668.065080354667
BGR,Bulgaria,2009,18542.077629159467,0.4597438957394988,18542.077629159467
BGR,Bulgaria,2010,18946.968386572065,0.43751305744543234,18946.968386572065
BGR,Bulgaria,2011,18611.145456824335,0.42514343638018304,18611.145456824335
BGR,Bulgaria,2012,19273.813829657836,0.42429093783868255,19273.813829657836
BGR,Bulgaria,2013,18234.312195440907,0.4274918375812639,18234.312195440907
BGR,Bulgaria,2014,18988.332304969554,0.43673132849957136,18988.332304969554
BGR,Bulgaria,2015,19805.861309698048,0.4469677906102988,19805.861309698048
BGR,Bulgaria,2016,20978.85306619465,0.4478732223164718,20978.85306619465
BGR,Bulgaria,2017,22006.153404443077,0.47110858423260465,22006.153404443077
BGR,Bulgaria,2018,22680.52523614736,0.47488466825245046,22680.52523614736
BGR,Bulgaria,2019,24746.228085165312,0.490425522436477,24746.228085165312
BGR,Bulgaria,2020,24001.549345856987,0.4764011817271749,24001.549345856987
BGR,Bulgaria,2021,26564.545928772142,0.4733466954365751,26564.545928772142
BGR,Bulgaria,2022,27910.029045407293,0.48838238703869724,27910.029045407293
BGR,Bulgaria,2023,28219.110475244794,0.45650903456350483,28219.110475244794
BHR,Bahrain,1970,22658.309908355535,0.2481096796539796,22658.309908355535
BHR,Bahrain,1971,21895.397375565048,0.2520631714762613,21895.397375565048
BHR,Bahrain,1972,22274.97102011767,0.26230503962090185,22274.97102011767
BHR,Bahrain,1973,23715.49060982297,0.2732864617087447,23715.49060982297
BHR,Bahrain,1974,27909.210533804704,0.28392528244995313,27909.210533804704
BHR,Bahrain,1975,24276.185361376978,0.29367439729424133,24276.185361376978
BHR,Bahrain,1976,29426.04053184686,0.30589052851393833,29426.04053184686
BHR,Bahrain,1977,31313.28458904876,0.3172724366628953,31313.28458904876
BHR,Bahrain,1978,30921.953757056937,0.3278353124244466,30921.953757056937
BHR,Bahrain,1979,24971.11401500042,0.33793554704429957,24971.11401500042
BHR,Bahrain,1980,29360.050768257384,0.3477860654965652,29360.050768257384
BHR,Bahrain,1981,25792.346802012722,0.35503399650269857,25792.346802012722
BHR,Bahrain,1982,20729.445146411468,0.3570124660165692,20729.445146411468
BHR,Bahrain,1983,20713.39883318734,0.35840418811040736,20713.39883318734
BHR,Bahrain,1984,21734.07526183055,0.35958167328490387,21734.07526183055
BHR,Bahrain,1985,11743.520438216554,0.36084443061104937,11743.520438216554
BHR,Bahrain,1986,13283.514566962105,0.3626353901719211,13283.514566962105
BHR,Bahrain,1987,13344.518930037873,0.3653240901207076,13344.518930037873
BHR,Bahrain,1988,15787.398899433561,0.3682371710257705,15787.398899433561
BHR,Bahrain,1989,15423.94861680544,0.3712535261393308,15423.94861680544
BHR,Bahrain,1990,17186.738929374103,0.37468030345712583,17186.738929374103
BHR,Bahrain,1991,16648.616130099705,0.37702793552504843,16648.616130099705
BHR,Bahrain,1992,16811.607169752933,0.3751619766612207,16811.607169752933
BHR,Bahrain,1993,18459.028243262812,0.37397617740163713,18459.028243262812
BHR,Bahrain,1994,18480.183786348174,0.3730838219164135,18480.183786348174
BHR,Bahrain,1995,18579.385449818954,0.3719384060946256,18579.385449818954
BHR,Bahrain,1996,17449.809694245578,0.3681607308867979,17449.809694245578
BHR,Bahrain,1997,20534.94475705323,0.36470550530659845,20534.94475705323
BHR,Bahrain,1998,18858.927580300697,0.360493865600396,18858.927580300697
BHR,Bahrain,1999,22555.2246366752,0.38481819581483895,22555.2246366752
BHR,Bahrain,2000,30717.945018974555,0.39126409977674403,30717.945018974555
BHR,Bahrain,2001,29376.24103782952,0.40450701594944677,29376.24103782952
BHR,Bahrain,2002,26325.129711697868,0.41348997341130045,26325.129711697868
BHR,Bahrain,2003,30304.532420224437,0.4162462121519816,30304.532420224437
BHR,Bahrain,2004,31834.051258574866,0.4243218343739388,31834.051258574866
BHR,Bahrain,2005,40687.47376297979,0.44664446094003996,40687.47376297979
BHR,Bahrain,2006,44018.17142360182,0.45496161270937086,44018.17142360182
BHR,Bahrain,2007,47165.647416316366,0.4708798785624553,47165.647416316366
BHR,Bahrain,2008,61129.298766232954,0.4929100543189681,61129.298766232954
BHR,Bahrain,2009,48831.95829689803,0.529096503248506,48831.95829689803
BHR,Bahrain,2010,52446.57801213111,0.5110277699087743,52446.57801213111
BHR,Bahrain,2011,55809.96970734084,0.4933373385341054,55809.96970734084
BHR,Bahrain,2012,66205.07364324515,0.5032335267918892,66205.07364324515
BHR,Bahrain,2013,62911.28003989809,0.5210822176387712,62911.28003989809
BHR,Bahrain,2014,59971.30141874764,0.517608322812532,59971.30141874764
BHR,Bahrain,2015,53495.0021447085,0.5341757689858175,53495.0021447085
BHR,Bahrain,2016,51792.445670269524,0.5597359134137062,51792.445670269524
BHR,Bahrain,2017,55454.00267038688,0.5470581419298628,55454.00267038688
BHR,Bahrain,2018,55061.58162985953,0.5338787999896216,55061.58162985953
BHR,Bahrain,2019,59777.76966789395,0.5140547658757025,59777.76966789395
BHR,Bahrain,2020,59688.836537145406,0.4850591176960306,59688.836537145406
BHR,Bahrain,2021,55501.6935500518,0.4541832781547094,55501.6935500518
BHR,Bahrain,2022,59767.94130133248,0.47790101392245116,59767.94130133248
BHR,Bahrain,2023,53814.00605288004,0.4997008970217148,53814.00605288004
BHS,Bahamas,1970,28140.90051244851,,28140.90051244851
BHS,Bahamas,1971,28113.978065875235,,28113.978065875235
BHS,Bahamas,1972,25910.204765563234,,25910.204765563234
BHS,Bahamas,1973,27338.17877248607,0.35688849154393626,27338.17877248607
BHS,Bahamas,1974,23607.15075718192,0.33666826230557706,23607.15075718192
BHS,Bahamas,1975,17591.963660108966,0.3164479744508991,17591.963660108966
BHS,Bahamas,1976,19060.679960043915,0.3262724287462646,19060.679960043915
BHS,Bahamas,1977,19825.971738439795,0.3360969394202955,19825.971738439795
BHS,Bahamas,1978,22745.793869491332,0.3164097534950706,22745.793869491332
BHS,Bahamas,1979,23571.76611176226,0.2967226122940674,23571.76611176226
BHS,Bahamas,1980,28552.66428875158,0.30836215969758735,28552.66428875158
BHS,Bahamas,1981,23607.992110832412,0.3200017344480365,23607.992110832412
BHS,Bahamas,1982,24595.55415715108,0.331641284940693,24595.55415715108
BHS,Bahamas,1983,26507.622884892808,0.3432808622405704,26507.622884892808
BHS,Bahamas,1984,31487.241081815097,0.35492044185478194,31487.241081815097
BHS,Bahamas,1985,32042.839335814366,0.366559977396832,32042.839335814366
BHS,Bahamas,1986,30946.081248713774,0.3781995611546735,30946.081248713774
BHS,Bahamas,1987,33823.69060430069,0.3966824960196156,33823.69060430069
BHS,Bahamas,1988,32409.33810842078,0.4151654336618289,32409.33810842078
BHS,Bahamas,1989,33972.97940605433,0.4148197801466454,33972.97940605433
BHS,Bahamas,1990,30208.083245755493,0.41116364299576,30208.083245755493
BHS,Bahamas,1991,28102.031226066945,0.40750754059976274,28102.031226066945
BHS,Bahamas,1992,28410.759810414896,0.4011513323605221,28410.759810414896
BHS,Bahamas,1993,27281.00261046839,0.41806966449861843,27281.00261046839
BHS,Bahamas,1994,26010.41871304918,0.42022333446705834,26010.41871304918
BHS,Bahamas,1995,25099.874613237702,0.4227412684919376,25099.874613237702
BHS,Bahamas,1996,30032.86809367123,0.42369751008410933,30032.86809367123
BHS,Bahamas,1997,29156.357348248977,0.43503780599402714,29156.357348248977
BHS,Bahamas,1998,30622.883548941238,0.4577350874705075,30622.883548941238
BHS,Bahamas,1999,33965.054820032914,0.4547672952429993,33965.054820032914
BHS,Bahamas,2000,36145.07098522396,0.46121398079641485,36145.07098522396
BHS,Bahamas,2001,34281.017819313616,0.467660678096411,34281.017819313616
BHS,Bahamas,2002,40553.18799210076,0.460444955223543,40553.18799210076
BHS,Bahamas,2003,38827.88733210078,0.46173029564698254,38827.88733210078
BHS,Bahamas,2004,36818.138173887965,0.4660046943826542,36818.138173887965
BHS,Bahamas,2005,40786.34888675726,0.4668008192206436,40786.34888675726
BHS,Bahamas,2006,37101.45597865088,0.47794759679875715,37101.45597865088
BHS,Bahamas,2007,40127.40623071938,0.48534813716833086,40127.40623071938
BHS,Bahamas,2008,37423.73911852173,0.48843960874935216,37423.73911852173
BHS,Bahamas,2009,37084.10566136545,0.45642809970242,37084.10566136545
BHS,Bahamas,2010,35325.669155704556,0.4580767098806241,35325.669155704556
BHS,Bahamas,2011,36391.10981218845,0.4613308975195398,36391.10981218845
BHS,Bahamas,2012,38379.70551080782,0.46805685169971956,38379.70551080782
BHS,Bahamas,2013,32073.991118291717,0.45872414290738434,32073.991118291717
BHS,Bahamas,2014,35725.64792387091,0.4752025043515556,35725.64792387091
BHS,Bahamas,2015,32928.49103062572,0.4886248395800734,32928.49103062572
BHS,Bahamas,2016,31970.676474662097,0.48889993532263987,31970.676474662097
BHS,Bahamas,2017,32865.921646318035,0.5100203233273365,32865.921646318035
BHS,Bahamas,2018,32190.393702717225,0.5136548272419911,32190.393702717225
BHS,Bahamas,2019,33069.68846994363,0.5181548019581225,33069.68846994363
BHS,Bahamas,2020,24718.524878714354,0.47172297359057047,24718.524878714354
BHS,Bahamas,2021,27108.518897446345,0.496197468566686,27108.518897446345
BHS,Bahamas,2022,34091.32871024279,0.5202001902417882,34091.32871024279
BHS,Bahamas,2023,34392.93037596385,0.52938647023571,34392.93037596385
BIH,Bosnia and Herzegovina,1990,1263.1137073235893,0.48907575693452304,1263.1137073235893
BIH,Bosnia and Herzegovina,1991,1138.9229102325685,0.29943930684303566,1138.9229102325685
BIH,Bosnia and Herzegovina,1992,1146.3072208761077,0.11939808520554,1146.3072208761077
BIH,Bosnia and Herzegovina,1993,1491.2104337720089,0.057865408486452746,1491.2104337720089
BIH,Bosnia and Herzegovina,1994,2074.5318477107367,0.05584820349460033,2074.5318477107367
BIH,Bosnia and Herzegovina,1995,2941.7677025277994,0.0635287782301411,2941.7677025277994
BIH,Bosnia and Herzegovina,1996,5419.208891029111,0.14102951086242346,5419.208891029111
BIH,Bosnia and Herzegovina,1997,6457.13893217083,0.21371911547161546,6457.13893217083
BIH,Bosnia and Herzegovina,1998,6576.5245187750825,0.22417576670278544,6576.5245187750825
BIH,Bosnia and Herzegovina,1999,7185.975256367266,0.2252162882085897,7185.975256367266
BIH,Bosnia and Herzegovina,2000,6258.641551421941,0.22153242740065548,6258.641551421941
BIH,Bosnia and Herzegovina,2001,6398.037061143149,0.22054079950817118,6398.037061143149
BIH,Bosnia and Herzegovina,2002,6672.669759201404,0.21955733302782687,6672.669759201404
BIH,Bosnia and Herzegovina,2003,6755.0329498904275,0.21618821593500215,6755.0329498904275
BIH,Bosnia and Herzegovina,2004,7038.666710074192,0.21089431711645823,7038.666710074192
BIH,Bosnia and Herzegovina,2005,7942.139280782368,0.2057667307803968,7942.139280782368
BIH,Bosnia and Herzegovina,2006,8665.249489820026,0.20242152924430235,8665.249489820026
BIH,Bosnia and Herzegovina,2007,9404.05425174365,0.20712652078827856,9404.05425174365
BIH,Bosnia and Herzegovina,2008,10231.047891739776,0.22059690591297956,10231.047891739776
BIH,Bosnia and Herzegovina,2009,10464.632191167882,0.21483869751424636,10464.632191167882
BIH,Bosnia and Herzegovina,2010,10790.6934069698,0.20204551375561752,10790.6934069698
BIH,Bosnia and Herzegovina,2011,11575.753905609014,0.1977875534311681,11575.753905609014
BIH,Bosnia and Herzegovina,2012,12109.547103863015,0.19295438421155559,12109.547103863015
BIH,Bosnia and Herzegovina,2013,11964.952885864555,0.19164945642081982,11964.952885864555
BIH,Bosnia and Herzegovina,2014,12301.294597510849,0.18933026971783581,12301.294597510849
BIH,Bosnia and Herzegovina,2015,12960.361269060102,0.18680684353304539,12960.361269060102
BIH,Bosnia and Herzegovina,2016,13530.675938085858,0.19041891259866864,13530.675938085858
BIH,Bosnia and Herzegovina,2017,13992.399493814242,0.20038099571942894,13992.399493814242
BIH,Bosnia and Herzegovina,2018,14694.584763433717,0.206243157703545,14694.584763433717
BIH,Bosnia and Herzegovina,2019,16204.353452424471,0.21218700383035077,16204.353452424471
BIH,Bosnia and Herzegovina,2020,15611.973045667495,0.21060683945959796,15611.973045667495
BIH,Bosnia and Herzegovina,2021,16973.378638047252,0.21382747759931794,16973.378638047252
BIH,Bosnia and Herzegovina,2022,18946.71457082216,0.22063532273595343,18946.71457082216
BIH,Bosnia and Herzegovina,2023,19023.845273719002,0.22445303499446667,19023.845273719002
BLR,Belarus,1990,15941.793129490792,0.4597794551616967,15941.793129490792
BLR,Belarus,1991,15479.654035864036,0.4481471902293727,15479.654035864036
BLR,Belarus,1992,13755.710633878281,0.4434261351958329,13755.710633878281
BLR,Belarus,1993,14551.801549995509,0.43152325971868566,14551.801549995509
BLR,Belarus,1994,9582.644970223906,0.4180713854004672,9582.644970223906
BLR,Belarus,1995,9283.722241747775,0.3934646783546662,9283.722241747775
BLR,Belarus,1996,9760.750271693467,0.39076195483590465,9760.750271693467
BLR,Belarus,1997,10362.715635152026,0.3928368716125137,10362.715635152026
BLR,Belarus,1998,10179.791246841203,0.39850913085731204,10179.791246841203
BLR,Belarus,1999,10067.557332375225,0.40188390727272116,10067.557332375225
BLR,Belarus,2000,10950.221832706073,0.41114913455250174,10950.221832706073
BLR,Belarus,2001,10722.57039599761,0.42010729417613796,10722.57039599761
BLR,Belarus,2002,10974.095142781905,0.42840293982914784,10974.095142781905
BLR,Belarus,2003,11567.163284633469,0.4359959108666028,11567.163284633469
BLR,Belarus,2004,12519.87606613025,0.44330923134801614,12519.87606613025
BLR,Belarus,2005,13332.933446443765,0.45010502584335405,13332.933446443765
BLR,Belarus,2006,15107.33274469413,0.4578252336639569,15107.33274469413
BLR,Belarus,2007,16747.110361217394,0.4641956394958942,16747.110361217394
BLR,Belarus,2008,19545.184733326212,0.4747065082478725,19545.184733326212
BLR,Belarus,2009,18972.901205142934,0.4789091972522138,18972.901205142934
BLR,Belarus,2010,21022.448352880783,0.485802041560066,21022.448352880783
BLR,Belarus,2011,23718.595395099725,0.48546687866439736,23718.595395099725
BLR,Belarus,2012,22680.794080592823,0.477703853041156,22680.794080592823
BLR,Belarus,2013,22933.635203217764,0.4741431874383823,22933.635203217764
BLR,Belarus,2014,22222.156536441318,0.4708124045511917,22222.156536441318
BLR,Belarus,2015,22497.760293689676,0.4644511338736414,22497.760293689676
BLR,Belarus,2016,22035.085509477565,0.45457881668184147,22035.085509477565
BLR,Belarus,2017,22703.513543896825,0.44938542357809513,22703.513543896825
BLR,Belarus,2018,22997.1294397666,0.44845316708298427,22997.1294397666
BLR,Belarus,2019,25457.254137309643,0.4485868093013771,25457.254137309643
BLR,Belarus,2020,26986.463211628685,0.4478520063021958,26986.463211628685
BLR,Belarus,2021,28108.911157975068,0.4449931045318523,28108.911157975068
BLR,Belarus,2022,26813.035368540026,0.4400373318942888,26813.035368540026
BLR,Belarus,2023,28676.55477978604,0.43539224599893483,28676.55477978604
BLZ,Belize,1970,4595.361967918384,,4595.361967918384
BLZ,Belize,1971,4858.269712240699,,4858.269712240699
BLZ,Belize,1972,4171.553878590811,,4171.553878590811
BLZ,Belize,1973,4804.335900428549,,4804.335900428549
BLZ,Belize,1974,5402.492441801646,,5402.492441801646
BLZ,Belize,1975,5245.348324093613,,5245.348324093613
BLZ,Belize,1976,4774.922535486976,,4774.922535486976
BLZ,Belize,1977,5060.016890038922,,5060.016890038922
BLZ,Belize,1978,5147.7436142318165,,5147.7436142318165
BLZ,Belize,1979,5394.9058960393495,,5394.9058960393495
BLZ,Belize,1980,6019.0824386727745,0.28989593177284745,6019.0824386727745
BLZ,Belize,1981,5545.329007953329,0.29281281001812065,5545.329007953329
BLZ,Belize,1982,5649.185250682369,0.296360240299688,5649.185250682369
BLZ,Belize,1983,5500.500137058773,0.29948622088783533,5500.500137058773
BLZ,Belize,1984,5487.681180033891,0.30265979554294387,5487.681180033891
BLZ,Belize,1985,5598.176160008107,0.30587877479705,5598.176160008107
BLZ,Belize,1986,6284.226372542583,0.3081275574414821,6284.226372542583
BLZ,Belize,1987,7049.302995030292,0.3099047861380441,7049.302995030292
BLZ,Belize,1988,7640.393959739639,0.3115692198147226,7640.393959739639
BLZ,Belize,1989,8437.718886484392,0.3118865235656507,8437.718886484392
BLZ,Belize,1990,9253.9633205182,0.31287626127764484,9253.9633205182
BLZ,Belize,1991,10106.797948466905,0.31344308553724015,10106.797948466905
BLZ,Belize,1992,10298.139904181575,0.31645939557021513,10298.139904181575
BLZ,Belize,1993,10524.29704656058,0.3185447181699075,10524.29704656058
BLZ,Belize,1994,10534.230753021793,0.31356577708645633,10534.230753021793
BLZ,Belize,1995,10323.070617199211,0.3064963222630279,10323.070617199211
BLZ,Belize,1996,10042.903556060102,0.3091864120285146,10042.903556060102
BLZ,Belize,1997,8821.446954610294,0.3250462178561266,8821.446954610294
BLZ,Belize,1998,8562.13411812806,0.32572732104496094,8562.13411812806
BLZ,Belize,1999,8698.10071396891,0.3336279513641447,8698.10071396891
BLZ,Belize,2000,9499.928331045809,0.33967282307809415,9499.928331045809
BLZ,Belize,2001,9375.812298191475,0.34571763056454813,9375.812298191475
BLZ,Belize,2002,10126.757323473003,0.33092586832750687,10126.757323473003
BLZ,Belize,2003,10769.20512447638,0.33809795870612097,10769.20512447638
BLZ,Belize,2004,10937.415171538678,0.3452700810983393,10937.415171538678
BLZ,Belize,2005,11091.508169902514,0.352442178686274,11091.508169902514
BLZ,Belize,2006,11628.477214903118,0.35512959822375795,11628.477214903118
BLZ,Belize,2007,11856.003039513678,0.3776933566334685,11856.003039513678
BLZ,Belize,2008,11195.98227541679,0.37608300092731656,11195.98227541679
BLZ,Belize,2009,10331.056230687045,0.37615221887190914,10331.056230687045
BLZ,Belize,2010,11135.037054149947,0.3762214347110837,11135.037054149947
BLZ,Belize,2011,11553.28907663087,0.3762906513371209,11553.28907663087
BLZ,Belize,2012,11444.839920773742,0.37635985819117024,11444.839920773742
BLZ,Belize,2013,10705.880169334918,0.37786536995624764,10705.880169334918
BLZ,Belize,2014,10682.841239103986,0.3834800421367379,10682.841239103986
BLZ,Belize,2015,9965.50784418123,0.3892033611840946,9965.50784418123
BLZ,Belize,2016,9558.38143692335,0.39778449704326513,9558.38143692335
BLZ,Belize,2017,9213.002049870125,0.3996656078757483,9213.002049870125
BLZ,Belize,2018,9435.757836087958,0.41528577574766323,9435.757836087958
BLZ,Belize,2019,10457.631919880647,0.4309059081386262,10457.631919880647
BLZ,Belize,2020,9705.426943013854,0.4135875984703489,9705.426943013854
BLZ,Belize,2021,10994.058448169451,0.4224964249634776,10994.058448169451
BLZ,Belize,2022,11968.802987571791,0.4396616039271428,11968.802987571791
BLZ,Belize,2023,11849.006713368935,0.4445287152866511,11849.006713368935
BMU,Bermuda,1970,141615.81074996645,,141615.81074996645
BMU,Bermuda,1971,258730.32803975706,,258730.32803975706
BMU,Bermuda,1972,208280.66113667784,,208280.66113667784
BMU,Bermuda,1973,204219.68107836286,,204219.68107836286
BMU,Bermuda,1974,181256.3207094862,,181256.3207094862
BMU,Bermuda,1975,195119.51820686442,,195119.51820686442
BMU,Bermuda,1976,241888.9702945875,,241888.9702945875
BMU,Bermuda,1977,227389.43353587636,,227389.43353587636
BMU,Bermuda,1978,227367.82456579513,,227367.82456579513
BMU,Bermuda,1979,228358.49400073808,,228358.49400073808
BMU,Bermuda,1980,188579.9264178451,,188579.9264178451
BMU,Bermuda,1981,187708.12788210454,,187708.12788210454
BMU,Bermuda,1982,178777.84083857355,,178777.84083857355
BMU,Bermuda,1983,184076.0499673677,,184076.0499673677
BMU,Bermuda,1984,194593.8276024579,,194593.8276024579
BMU,Bermuda,1985,153379.2258695339,,153379.2258695339
BMU,Bermuda,1986,210314.1068401206,0.5844625139622949,210314.1068401206
BMU,Bermuda,1987,316822.0418999378,0.6117848309476477,316822.0418999378
BMU,Bermuda,1988,221340.76094265332,0.6273593461526764,221340.76094265332
BMU,Bermuda,1989,122001.24423727441,0.6195087536902624,122001.24423727441
BMU,Bermuda,1990,201382.18909075906,0.6036137207604996,201382.18909075906
BMU,Bermuda,1991,211870.76189660077,0.5831540290833713,211870.76189660077
BMU,Bermuda,1992,173066.1798617888,0.5626936603576643,173066.1798617888
BMU,Bermuda,1993,183910.0170446817,0.5550776918391339,183910.0170446817
BMU,Bermuda,1994,74294.21854674883,0.563346789238215,74294.21854674883
BMU,Bermuda,1995,166082.13348998755,0.560040752886043,166082.13348998755
BMU,Bermuda,1996,137514.26320365138,0.5655179139258873,137514.26320365138
BMU,Bermuda,1997,219199.34175951776,0.572857804829066,219199.34175951776
BMU,Bermuda,1998,14795.10446009118,0.5689281110495095,14795.10446009118
BMU,Bermuda,1999,64190.495288010934,0.6047759284820872,64190.495288010934
BMU,Bermuda,2000,63746.21988601755,0.5991551737587782,63746.21988601755
BMU,Bermuda,2001,63419.59096100312,0.5935344193595891,63419.59096100312
BMU,Bermuda,2002,63138.937175893596,0.5943341522565785,63138.937175893596
BMU,Bermuda,2003,62891.99233777418,0.5899900594098676,62891.99233777418
BMU,Bermuda,2004,51055.114468018226,0.5989662344702886,51055.114468018226
BMU,Bermuda,2005,50928.10967050246,0.606571606175733,50928.10967050246
BMU,Bermuda,2006,53796.2083749443,0.6168711134040933,53796.2083749443
BMU,Bermuda,2007,54188.106302571025,0.6177056320053008,54188.106302571025
BMU,Bermuda,2008,68868.38313339258,0.6204611058295435,68868.38313339258
BMU,Bermuda,2009,69168.3325508338,0.5616076290021396,69168.3325508338
BMU,Bermuda,2010,76136.62833464103,0.5700984928083217,76136.62833464103
BMU,Bermuda,2011,78254.99790140116,0.5731225825507524,78254.99790140116
BMU,Bermuda,2012,62645.580633504076,0.543690742858376,62645.580633504076
BMU,Bermuda,2013,54742.5232308019,0.5529096909271682,54742.5232308019
BMU,Bermuda,2014,54097.445132095265,0.5529096279149696,54097.445132095265
BMU,Bermuda,2015,50282.26278505341,0.5529096476159838,50282.26278505341
BMU,Bermuda,2016,48116.61605186843,0.552909665717291,48116.61605186843
BMU,Bermuda,2017,48592.236572350186,0.5529096509508132,48592.236572350186
BMU,Bermuda,2018,52554.08171333287,0.5529096859542902,52554.08171333287
BMU,Bermuda,2019,58199.618289539365,0.5529096234521066,58199.618289539365
BMU,Bermuda,2020,60548.77103169364,0.5529096436809404,60548.77103169364
BMU,Bermuda,2021,61706.82242683455,0.5529096513496087,61706.82242683455
BMU,Bermuda,2022,60227.09674449613,0.5529096814979969,60227.09674449613
BMU,Bermuda,2023,62265.89322337058,0.552909649753538,62265.89322337058
BOL,Bolivia (Plurinational State of),1950,2354.9143241783736,0.7024992870615612,2354.9143241783736
BOL,Bolivia (Plurinational State of),1951,2512.3630330146207,0.6765203842438615,2512.3630330146207
BOL,Bolivia (Plurinational State of),1952,2450.8359944448603,0.6506495523496949,2450.8359944448603
BOL,Bolivia (Plurinational State of),1953,2016.3056812094233,0.6308253477298452,2016.3056812094233
BOL,Bolivia (Plurinational State of),1954,2047.6827653100609,0.6043558647253701,2047.6827653100609
BOL,Bolivia (Plurinational State of),1955,2208.386108725936,0.5882424162349902,2208.386108725936
BOL,Bolivia (Plurinational State of),1956,2033.132825273896,0.5679912003105311,2033.132825273896
BOL,Bolivia (Plurinational State of),1957,1931.7148088041913,0.5527567704075618,1931.7148088041913
BOL,Bolivia (Plurinational State of),1958,1870.3669670492236,0.534882600186299,1870.3669670492236
BOL,Bolivia (Plurinational State of),1959,1874.1376457218582,0.5198556864143398,1874.1376457218582
BOL,Bolivia (Plurinational State of),1960,1922.8980578133833,0.496473046651341,1922.8980578133833
BOL,Bolivia (Plurinational State of),1961,1926.7058046210489,0.49494219146439505,1926.7058046210489
BOL,Bolivia (Plurinational State of),1962,1980.1176932517976,0.4841903219597217,1980.1176932517976
BOL,Bolivia (Plurinational State of),1963,2050.288597251214,0.4798343456744159,2050.288597251214
BOL,Bolivia (Plurinational State of),1964,2148.0784783452395,0.47514485839615345,2148.0784783452395
BOL,Bolivia (Plurinational State of),1965,2199.126625029848,0.4712999665368023,2199.126625029848
BOL,Bolivia (Plurinational State of),1966,2304.912471642338,0.4666594309732849,2304.912471642338
BOL,Bolivia (Plurinational State of),1967,2409.1957631412474,0.45723214616204444,2409.1957631412474
BOL,Bolivia (Plurinational State of),1968,2063.3684232148107,0.45048191857787157,2063.3684232148107
BOL,Bolivia (Plurinational State of),1969,2078.7619388616476,0.4362179805154542,2078.7619388616476
BOL,Bolivia (Plurinational State of),1970,2019.322176721837,0.4317782745852993,2019.322176721837
BOL,Bolivia (Plurinational State of),1971,2080.506778492598,0.42906158630539704,2080.506778492598
BOL,Bolivia (Plurinational State of),1972,2106.8387980011576,0.4257012784916886,2106.8387980011576
BOL,Bolivia (Plurinational State of),1973,2202.6619571886076,0.4221839402912631,2202.6619571886076
BOL,Bolivia (Plurinational State of),1974,2292.5446213022465,0.41607987431578053,2292.5446213022465
BOL,Bolivia (Plurinational State of),1975,2399.3364469471667,0.41074431720210397,2399.3364469471667
BOL,Bolivia (Plurinational State of),1976,2413.515908458791,0.40468279212775576,2413.515908458791
BOL,Bolivia (Plurinational State of),1977,2536.6423917411175,0.39877266363277697,2536.6423917411175
BOL,Bolivia (Plurinational State of),1978,2487.250878228012,0.3938050219931477,2487.250878228012
BOL,Bolivia (Plurinational State of),1979,2481.9208060920296,0.39011038137110937,2481.9208060920296
BOL,Bolivia (Plurinational State of),1980,2478.8664406939693,0.38866384955631117,2478.8664406939693
BOL,Bolivia (Plurinational State of),1981,2469.5005606320296,0.3907870558095154,2469.5005606320296
BOL,Bolivia (Plurinational State of),1982,2348.3263405773564,0.38436153762386327,2348.3263405773564
BOL,Bolivia (Plurinational State of),1983,2304.850348823641,0.3840450796152436,2304.850348823641
BOL,Bolivia (Plurinational State of),1984,2278.0995562347057,0.39013549416151055,2278.0995562347057
BOL,Bolivia (Plurinational State of),1985,2309.012408658728,0.39310567438193883,2309.012408658728
BOL,Bolivia (Plurinational State of),1986,2276.6028823785623,0.39066605820873906,2276.6028823785623
BOL,Bolivia (Plurinational State of),1987,2380.6361141679627,0.3935446583632778,2380.6361141679627
BOL,Bolivia (Plurinational State of),1988,2347.4342029059876,0.381322891164999,2347.4342029059876
BOL,Bolivia (Plurinational State of),1989,2401.2750677980325,0.3907087185828485,2401.2750677980325
BOL,Bolivia (Plurinational State of),1990,2502.7294556335623,0.40537751107980596,2502.7294556335623
BOL,Bolivia (Plurinational State of),1991,2619.766365044025,0.4171117778777436,2619.766365044025
BOL,Bolivia (Plurinational State of),1992,2691.6125916109313,0.4225788163153483,2691.6125916109313
BOL,Bolivia (Plurinational State of),1993,2813.6346851479607,0.42062970202697647,2813.6346851479607
BOL,Bolivia (Plurinational State of),1994,2988.569477481979,0.4321473390745733,2988.569477481979
BOL,Bolivia (Plurinational State of),1995,3273.982171218854,0.4326674136003462,3273.982171218854
BOL,Bolivia (Plurinational State of),1996,3590.0344506164247,0.43310412842803225,3590.0344506164247
BOL,Bolivia (Plurinational State of),1997,3580.9780130143613,0.42925788314188473,3580.9780130143613
BOL,Bolivia (Plurinational State of),1998,3601.4251707846397,0.4257358354561963,3601.4251707846397
BOL,Bolivia (Plurinational State of),1999,3548.9699948497637,0.4245906712399043,3548.9699948497637
BOL,Bolivia (Plurinational State of),2000,3547.1005753500394,0.42660438278731133,3547.1005753500394
BOL,Bolivia (Plurinational State of),2001,3640.702898856426,0.4243517549329512,3640.702898856426
BOL,Bolivia (Plurinational State of),2002,3760.952073681331,0.4224527545772557,3760.952073681331
BOL,Bolivia (Plurinational State of),2003,3882.9619186913715,0.41111837964492687,3882.9619186913715
BOL,Bolivia (Plurinational State of),2004,4059.372007848082,0.4298405037227641,4059.372007848082
BOL,Bolivia (Plurinational State of),2005,4278.15722363284,0.4322441985838278,4278.15722363284
BOL,Bolivia (Plurinational State of),2006,4433.456721149997,0.43933455871796484,4433.456721149997
BOL,Bolivia (Plurinational State of),2007,4628.518849706173,0.43726423668328385,4628.518849706173
BOL,Bolivia (Plurinational State of),2008,5142.370514197849,0.44315646038828593,5142.370514197849
BOL,Bolivia (Plurinational State of),2009,5265.962848588922,0.43576297326650176,5265.962848588922
BOL,Bolivia (Plurinational State of),2010,5759.857426629132,0.436503168424581,5759.857426629132
BOL,Bolivia (Plurinational State of),2011,6387.301949312822,0.44237844513301905,6387.301949312822
BOL,Bolivia (Plurinational State of),2012,7082.002241958225,0.4488217808333578,7082.002241958225
BOL,Bolivia (Plurinational State of),2013,7741.4162931935725,0.4506030995228272,7741.4162931935725
BOL,Bolivia (Plurinational State of),2014,8002.417217783057,0.4578886960095707,8002.417217783057
BOL,Bolivia (Plurinational State of),2015,8052.795955497674,0.4566233966357047,8052.795955497674
BOL,Bolivia (Plurinational State of),2016,8385.533271630999,0.46089137683036524,8385.533271630999
BOL,Bolivia (Plurinational State of),2017,8946.019668895835,0.46471177130616037,8946.019668895835
BOL,Bolivia (Plurinational State of),2018,9285.712660344194,0.4694687929238872,9285.712660344194
BOL,Bolivia (Plurinational State of),2019,9578.148939423305,0.48500652911735415,9578.148939423305
BOL,Bolivia (Plurinational State of),2020,8633.917042256631,0.5018264087749811,8633.917042256631
BOL,Bolivia (Plurinational State of),2021,9278.277007018301,0.5186462512272236,9278.277007018301
BOL,Bolivia (Plurinational State of),2022,9459.110384160043,0.534323750284885,9459.110384160043
BOL,Bolivia (Plurinational State of),2023,9639.647361652196,0.5411698883023514,9639.647361652196
BRA,Brazil,1950,1840.4656989783618,0.2929528846521684,1840.4656989783618
BRA,Brazil,1951,1839.406067141966,0.2929893921069367,1839.406067141966
BRA,Brazil,1952,1978.9888669447569,0.2930410081760733,1978.9888669447569
BRA,Brazil,1953,1993.7495591658947,0.29311788709756254,1993.7495591658947
BRA,Brazil,1954,2102.382956088125,0.29320951952378255,2102.382956088125
BRA,Brazil,1955,2195.5650115043436,0.29333157527087217,2195.5650115043436
BRA,Brazil,1956,2212.138112007482,0.2933952907934854,2212.138112007482
BRA,Brazil,1957,2333.3579872520972,0.29349472594714304,2333.3579872520972
BRA,Brazil,1958,2402.2241130068537,0.29366132744578655,2402.2241130068537
BRA,Brazil,1959,2436.110320878185,0.2938911753604421,2436.110320878185
BRA,Brazil,1960,2596.156677176758,0.2941743104608869,2596.156677176758
BRA,Brazil,1961,2876.150849831903,0.2930919516361469,2876.150849831903
BRA,Brazil,1962,3007.7049157316933,0.292128020742217,3007.7049157316933
BRA,Brazil,1963,3115.825451213388,0.291279527866702,3115.825451213388
BRA,Brazil,1964,3166.8116421150944,0.29053107109281817,3166.8116421150944
BRA,Brazil,1965,3271.2954252364357,0.2899169921393063,3271.2954252364357
BRA,Brazil,1966,3332.1408239772927,0.28957946913525817,3332.1408239772927
BRA,Brazil,1967,3515.958747850251,0.2895396371216211,3515.958747850251
BRA,Brazil,1968,3776.8438807539615,0.28970916288176046,3776.8438807539615
BRA,Brazil,1969,3732.210514897295,0.2901969487176244,3732.210514897295
BRA,Brazil,1970,4142.7784068283845,0.29096642270104034,4142.7784068283845
BRA,Brazil,1971,4538.411724220621,0.30163859934222453,4538.411724220621
BRA,Brazil,1972,4998.382836447579,0.3116649446228629,4998.382836447579
BRA,Brazil,1973,5463.3227855454315,0.3411774778040522,5463.3227855454315
BRA,Brazil,1974,5832.684086233971,0.3424104126377106,5832.684086233971
BRA,Brazil,1975,5932.7949569392895,0.3442459537211519,5932.7949569392895
BRA,Brazil,1976,6289.3356956243115,0.346486028285757,6289.3356956243115
BRA,Brazil,1977,6282.1592745026965,0.37251890011912264,6282.1592745026965
BRA,Brazil,1978,6393.092908360556,0.37827912788936613,6393.092908360556
BRA,Brazil,1979,6676.590374381674,0.36425891341025757,6676.590374381674
BRA,Brazil,1980,5981.143768039164,0.34758621855617616,5981.143768039164
BRA,Brazil,1981,6586.385804663335,0.3569501982162724,6586.385804663335
BRA,Brazil,1982,6591.333255937421,0.3689511312563346,6591.333255937421
BRA,Brazil,1983,6290.145258947647,0.36768428175163503,6290.145258947647
BRA,Brazil,1984,6414.7414416273,0.3702127248105999,6414.7414416273
BRA,Brazil,1985,6580.368111876718,0.38465981173072594,6580.368111876718
BRA,Brazil,1986,7336.977795499478,0.3942465126069811,7336.977795499478
BRA,Brazil,1987,7432.152767092272,0.4025116704539424,7432.152767092272
BRA,Brazil,1988,7339.379735523719,0.4103278294023821,7339.379735523719
BRA,Brazil,1989,7366.637244737943,0.4105459258035059,7366.637244737943
BRA,Brazil,1990,7049.470494546037,0.41323990500682417,7049.470494546037
BRA,Brazil,1991,7505.69918761045,0.40500368679771676,7505.69918761045
BRA,Brazil,1992,7558.950107554312,0.39714522757523657,7558.950107554312
BRA,Brazil,1993,7996.080119531175,0.39530817277165775,7996.080119531175
BRA,Brazil,1994,8828.198738145906,0.39216662447370704,8828.198738145906
BRA,Brazil,1995,10234.861828639976,0.3891058561948187,10234.861828639976
BRA,Brazil,1996,12309.893404882527,0.37626627916180094,12309.893404882527
BRA,Brazil,1997,11689.19571357441,0.3767865971141791,11689.19571357441
BRA,Brazil,1998,11055.14639409734,0.37013179219343234,11055.14639409734
BRA,Brazil,1999,10562.716742764307,0.38387910938981007,10562.716742764307
BRA,Brazil,2000,10442.381996392769,0.39151311560644414,10442.381996392769
BRA,Brazil,2001,10273.62530248872,0.3882922909508105,10273.62530248872
BRA,Brazil,2002,10349.234276009985,0.39917230327328457,10349.234276009985
BRA,Brazil,2003,10136.181646239258,0.400307216276659,10136.181646239258
BRA,Brazil,2004,10502.819204033687,0.4169109709701139,10502.819204033687
BRA,Brazil,2005,10830.736328812001,0.4245794070095339,10830.736328812001
BRA,Brazil,2006,11661.572618030797,0.43331247792387073,11661.572618030797
BRA,Brazil,2007,12761.696594345802,0.4314652964959996,12761.696594345802
BRA,Brazil,2008,14011.014349512607,0.4347382953395184,14011.014349512607
BRA,Brazil,2009,14861.553666264732,0.4329000907682255,14861.553666264732
BRA,Brazil,2010,16788.762852227454,0.44580790580748114,16788.762852227454
BRA,Brazil,2011,18656.938386182304,0.45384455847631444,18656.938386182304
BRA,Brazil,2012,18479.607462380238,0.45463246357149295,18479.607462380238
BRA,Brazil,2013,18400.54312436444,0.45923505903975426,18400.54312436444
BRA,Brazil,2014,18266.45640682728,0.46397045616731125,18266.45640682728
BRA,Brazil,2015,16938.177706158225,0.4583957771299609,16938.177706158225
BRA,Brazil,2016,16017.675225546083,0.44595666542375495,16017.675225546083
BRA,Brazil,2017,16041.469160423754,0.442109822863967,16041.469160423754
BRA,Brazil,2018,16597.792253422842,0.4468107622021744,16597.792253422842
BRA,Brazil,2019,17147.291602483212,0.4538035690348399,17147.291602483212
BRA,Brazil,2020,16660.784154220943,0.41641013204351635,16660.784154220943
BRA,Brazil,2021,17518.871865672496,0.4352281854296382,17518.871865672496
BRA,Brazil,2022,18135.103011479703,0.46567540289312054,18135.103011479703
BRA,Brazil,2023,18712.657992196288,0.4702908190997049,18712.657992196288
BRB,Barbados,1960,9708.747064622963,0.32686373248589995,9708.747064622963
BRB,Barbados,1961,10081.59733671499,0.32686376264357353,10081.59733671499
BRB,Barbados,1962,10424.131969586077,0.32686373155041354,10424.131969586077
BRB,Barbados,1963,10205.280811323842,0.3268637496445917,10205.280811323842
BRB,Barbados,1964,10123.278903223925,0.32686375864917616,10123.278903223925
BRB,Barbados,1965,10546.991457050693,0.3268637509151447,10546.991457050693
BRB,Barbados,1966,11106.346759135293,0.32686374752224406,11106.346759135293
BRB,Barbados,1967,12210.975934467968,0.32686372000145747,12210.975934467968
BRB,Barbados,1968,12605.960046138181,0.32686374331154033,12605.960046138181
BRB,Barbados,1969,14547.105993973439,0.32686374981248423,14547.105993973439
BRB,Barbados,1970,16089.973121907437,0.3268637618045251,16089.973121907437
BRB,Barbados,1971,16659.103606176355,0.3268637537194579,16659.103606176355
BRB,Barbados,1972,16936.446402428523,0.32686373145375397,16936.446402428523
BRB,Barbados,1973,16453.63584203546,0.3268637528089833,16453.63584203546
BRB,Barbados,1974,14853.954028068281,0.3268637449604449,14853.954028068281
BRB,Barbados,1975,17592.444417487808,0.32686372651405515,17592.444417487808
BRB,Barbados,1976,13863.932252828206,0.34888761063517787,13863.932252828206
BRB,Barbados,1977,14059.863243216121,0.3464466976133845,14059.863243216121
BRB,Barbados,1978,13405.672031031996,0.3476432121657155,13405.672031031996
BRB,Barbados,1979,14165.85194801189,0.38882631685271596,14165.85194801189
BRB,Barbados,1980,13960.490599306626,0.39479332823624497,13960.490599306626
BRB,Barbados,1981,13792.272029348516,0.3968961821888889,13792.272029348516
BRB,Barbados,1982,13938.14884233193,0.3841443052785298,13938.14884233193
BRB,Barbados,1983,14323.653917680005,0.37678353336612924,14323.653917680005
BRB,Barbados,1984,14732.9069766373,0.36521260178708304,14732.9069766373
BRB,Barbados,1985,12950.51207880541,0.3600187705088965,12950.51207880541
BRB,Barbados,1986,15023.141385615,0.3748762626527691,15023.141385615
BRB,Barbados,1987,16323.48517137524,0.3805207700387867,16323.48517137524
BRB,Barbados,1988,17094.35597998452,0.38911713130996683,17094.35597998452
BRB,Barbados,1989,18399.89203931285,0.41610327456759355,18399.89203931285
BRB,Barbados,1990,17306.96464274389,0.4068341961439234,17306.96464274389
BRB,Barbados,1991,18241.61279677337,0.4127260802830133,18241.61279677337
BRB,Barbados,1992,13796.797420413459,0.39065650396105916,13796.797420413459
BRB,Barbados,1993,14519.906547921786,0.36375546576224377,14519.906547921786
BRB,Barbados,1994,23897.88266378717,0.3853871906927337,23897.88266378717
BRB,Barbados,1995,26057.881278526285,0.42007104647873783,26057.881278526285
BRB,Barbados,1996,27891.611526055724,0.43979045828294516,27891.611526055724
BRB,Barbados,1997,25663.01013250213,0.44827966589168494,25663.01013250213
BRB,Barbados,1998,26488.361016471634,0.4637320957970362,26488.361016471634
BRB,Barbados,1999,25964.010485511415,0.47635007788373707,25964.010485511415
BRB,Barbados,2000,25199.989557019686,0.4922480212966768,25199.989557019686
BRB,Barbados,2001,24419.196035176716,0.49842809897167945,24419.196035176716
BRB,Barbados,2002,23887.400555867356,0.48694294669513677,23887.400555867356
BRB,Barbados,2003,21534.807727536532,0.4867820865227673,21534.807727536532
BRB,Barbados,2004,22055.38519391279,0.49392439686502715,22055.38519391279
BRB,Barbados,2005,21935.609850426674,0.4966394553087575,21935.609850426674
BRB,Barbados,2006,20417.19178816268,0.4847186551140066,20417.19178816268
BRB,Barbados,2007,22697.72028480803,0.4904381863816608,22697.72028480803
BRB,Barbados,2008,21524.137351767786,0.4845735619488622,21524.137351767786
BRB,Barbados,2009,19497.855148509974,0.4684028627645254,19497.855148509974
BRB,Barbados,2010,19553.83834977184,0.46141047748032105,19553.83834977184
BRB,Barbados,2011,18144.102910468097,0.46489265841158617,18144.102910468097
BRB,Barbados,2012,16530.306845530406,0.45217699496950936,16530.306845530406
BRB,Barbados,2013,15057.154220238417,0.4545045483301893,15057.154220238417
BRB,Barbados,2014,15000.641059034017,0.44835959523494334,15000.641059034017
BRB,Barbados,2015,13860.273434699737,0.45942508805596616,13860.273434699737
BRB,Barbados,2016,13319.324159988197,0.4755184279812337,13319.324159988197
BRB,Barbados,2017,12860.30311622188,0.46319570626853956,12860.30311622188
BRB,Barbados,2018,11584.056102740007,0.4563910924858912,11584.056102740007
BRB,Barbados,2019,11030.16555642285,0.44435592595843987,11030.16555642285
BRB,Barbados,2020,10515.493043525335,0.4290206745801283,10515.493043525335
BRB,Barbados,2021,9336.617380246396,0.4339492431669166,9336.617380246396
BRB,Barbados,2022,9868.494785800054,0.446753563321283,9868.494785800054
BRB,Barbados,2023,10831.034536144452,0.4510491918364998,10831.034536144452
BRN,Brunei Darussalam,1970,75592.23025721854,,75592.23025721854
BRN,Brunei Darussalam,1971,81246.81231692419,,81246.81231692419
BRN,Brunei Darussalam,1972,88125.92471551948,,88125.92471551948
BRN,Brunei Darussalam,1973,91337.52238216653,,91337.52238216653
BRN,Brunei Darussalam,1974,97883.71966627582,,97883.71966627582
BRN,Brunei Darussalam,1975,100089.59391013476,,100089.59391013476
BRN,Brunei Darussalam,1976,105668.51892033959,,105668.51892033959
BRN,Brunei Darussalam,1977,108539.44967051045,,108539.44967051045
BRN,Brunei Darussalam,1978,108508.71148875826,,108508.71148875826
BRN,Brunei Darussalam,1979,128629.91218157986,,128629.91218157986
BRN,Brunei Darussalam,1980,121288.83057355556,0.35295541772590766,121288.83057355556
BRN,Brunei Darussalam,1981,113306.91835805851,0.35487583001902573,113306.91835805851
BRN,Brunei Darussalam,1982,106164.44944869174,0.3600384932608891,106164.44944869174
BRN,Brunei Darussalam,1983,100924.6705288633,0.36520119363536224,100924.6705288633
BRN,Brunei Darussalam,1984,96513.31831915186,0.3703639504939488,96513.31831915186
BRN,Brunei Darussalam,1985,87370.05396402322,0.3755265987517465,87370.05396402322
BRN,Brunei Darussalam,1986,62174.57545972317,0.38068928979938366,62174.57545972317
BRN,Brunei Darussalam,1987,65213.94677905584,0.3858519843735299,65213.94677905584
BRN,Brunei Darussalam,1988,57421.25723290151,0.3910146578098907,57421.25723290151
BRN,Brunei Darussalam,1989,62957.14560430977,0.39617737882046894,62957.14560430977
BRN,Brunei Darussalam,1990,70680.8664808337,0.4013400700137019,70680.8664808337
BRN,Brunei Darussalam,1991,66010.69525525902,0.40650277624842346,66010.69525525902
BRN,Brunei Darussalam,1992,74835.32860103618,0.40972715219530537,74835.32860103618
BRN,Brunei Darussalam,1993,71212.32203687388,0.41295153185227695,71212.32203687388
BRN,Brunei Darussalam,1994,64266.55818470138,0.41617589269117644,64266.55818470138
BRN,Brunei Darussalam,1995,59843.972681536434,0.41940030628500835,59843.972681536434
BRN,Brunei Darussalam,1996,75812.63609459026,0.42262468991346613,75812.63609459026
BRN,Brunei Darussalam,1997,64524.030612495546,0.42584908874473787,64524.030612495546
BRN,Brunei Darussalam,1998,54861.832904508854,0.4290734473532115,54861.832904508854
BRN,Brunei Darussalam,1999,61453.43254850334,0.43229784300100815,61453.43254850334
BRN,Brunei Darussalam,2000,70716.5230267995,0.4355222526532822,70716.5230267995
BRN,Brunei Darussalam,2001,67359.27914397996,0.43874665301097365,67359.27914397996
BRN,Brunei Darussalam,2002,66698.33521820117,0.44061684607127627,66698.33521820117
BRN,Brunei Darussalam,2003,74438.36013971388,0.4424870707325935,74438.36013971388
BRN,Brunei Darussalam,2004,81105.91046680325,0.44435731277198504,81105.91046680325
BRN,Brunei Darussalam,2005,97082.47368465044,0.44622749376164617,97082.47368465044
BRN,Brunei Darussalam,2006,111585.68836158316,0.44809771881648264,111585.68836158316
BRN,Brunei Darussalam,2007,109243.44806038725,0.4499678742602643,109243.44806038725
BRN,Brunei Darussalam,2008,115851.60598859693,0.451838123618606,115851.60598859693
BRN,Brunei Darussalam,2009,86718.9793305399,0.4537083304095108,86718.9793305399
BRN,Brunei Darussalam,2010,93067.96045823435,0.45557850955580986,93067.96045823435
BRN,Brunei Darussalam,2011,114117.08728833293,0.4574487360762414,114117.08728833293
BRN,Brunei Darussalam,2012,121342.82873615793,0.4574487507945122,121342.82873615793
BRN,Brunei Darussalam,2013,114865.1259751898,0.45744874722170126,114865.1259751898
BRN,Brunei Darussalam,2014,102877.70883323335,0.4574487362354193,102877.70883323335
BRN,Brunei Darussalam,2015,79491.06617351,0.4487642672404503,79491.06617351
BRN,Brunei Darussalam,2016,73719.92116969623,0.44007973614929696,73719.92116969623
BRN,Brunei Darussalam,2017,75930.20076102429,0.43139528257726706,75930.20076102429
BRN,Brunei Darussalam,2018,77292.22400984446,0.46033135082567095,77292.22400984446
BRN,Brunei Darussalam,2019,85255.11515089906,0.500328366894531,85255.11515089906
BRN,Brunei Darussalam,2020,91426.42192515043,0.48427208506033914,91426.42192515043
BRN,Brunei Darussalam,2021,83156.78918790582,0.4696833829303752,83156.78918790582
BRN,Brunei Darussalam,2022,82555.92636207919,0.4622955594732042,82555.92636207919
BRN,Brunei Darussalam,2023,84155.14135285185,0.4637340754600751,84155.14135285185
BTN,Bhutan,1970,2119.9449577661926,,2119.9449577661926
BTN,Bhutan,1971,2103.5167905936446,,2103.5167905936446
BTN,Bhutan,1972,2057.098809293002,,2057.098809293002
BTN,Bhutan,1973,2018.8203374781435,,2018.8203374781435
BTN,Bhutan,1974,2047.4301499458697,,2047.4301499458697
BTN,Bhutan,1975,1915.3410060748488,,1915.3410060748488
BTN,Bhutan,1976,2023.7509113104045,,2023.7509113104045
BTN,Bhutan,1977,2090.781260123721,,2090.781260123721
BTN,Bhutan,1978,2182.6606124481186,,2182.6606124481186
BTN,Bhutan,1979,2236.008534904654,,2236.008534904654
BTN,Bhutan,1980,2166.236702604196,0.3831748038728669,2166.236702604196
BTN,Bhutan,1981,2476.9714304769154,0.3794516233544847,2476.9714304769154
BTN,Bhutan,1982,2506.114588091376,0.3755224721914289,2506.114588091376
BTN,Bhutan,1983,2736.568359047753,0.3709499361987119,2736.568359047753
BTN,Bhutan,1984,2702.4792310436824,0.36725116231239446,2702.4792310436824
BTN,Bhutan,1985,2723.7643201198684,0.36393698592660784,2723.7643201198684
BTN,Bhutan,1986,2819.2025104885147,0.3624043773794848,2819.2025104885147
BTN,Bhutan,1987,2838.1021906281485,0.36128605566357486,2838.1021906281485
BTN,Bhutan,1988,2911.011806877785,0.36086674553602427,2911.011806877785
BTN,Bhutan,1989,2902.686658474056,0.35945135703134484,2902.686658474056
BTN,Bhutan,1990,2937.7311022419976,0.3561848541879356,2937.7311022419976
BTN,Bhutan,1991,2976.0408571304506,0.3515964640102237,2976.0408571304506
BTN,Bhutan,1992,3422.8065689666373,0.3509456428001589,3422.8065689666373
BTN,Bhutan,1993,3347.1918118028643,0.34913379332307864,3347.1918118028643
BTN,Bhutan,1994,3360.462424517734,0.350182084938492,3360.462424517734
BTN,Bhutan,1995,3475.1357812668325,0.3596042699996168,3475.1357812668325
BTN,Bhutan,1996,3750.5809007961234,0.36800945843304284,3750.5809007961234
BTN,Bhutan,1997,4250.5626687240665,0.3704805959309017,4250.5626687240665
BTN,Bhutan,1998,4400.524632557939,0.3735924583122955,4400.524632557939
BTN,Bhutan,1999,5021.942889800148,0.37346142189774095,5021.942889800148
BTN,Bhutan,2000,5141.346002715447,0.37333038203588925,5141.346002715447
BTN,Bhutan,2001,5408.090131707663,0.37319934472315874,5408.090131707663
BTN,Bhutan,2002,5963.257997387337,0.373068294237796,5963.257997387337
BTN,Bhutan,2003,6466.597958335751,0.3729372757159628,6466.597958335751
BTN,Bhutan,2004,7219.969310060119,0.3728062116380568,7219.969310060119
BTN,Bhutan,2005,7014.342579774576,0.37625496741922443,7014.342579774576
BTN,Bhutan,2006,6890.420830000864,0.3797037008597553,6890.420830000864
BTN,Bhutan,2007,7034.103243651651,0.38148501766435716,7034.103243651651
BTN,Bhutan,2008,7867.615550616593,0.3849402341885158,7867.615550616593
BTN,Bhutan,2009,8461.55309399262,0.388191451708763,8461.55309399262
BTN,Bhutan,2010,9887.046713056132,0.38576208467543527,9887.046713056132
BTN,Bhutan,2011,10712.814647791301,0.38521452196646494,10712.814647791301
BTN,Bhutan,2012,11245.55601359443,0.3752471950674856,11245.55601359443
BTN,Bhutan,2013,9750.250939990874,0.37967665545598145,9750.250939990874
BTN,Bhutan,2014,10757.330673097122,0.3671158932414358,10757.330673097122
BTN,Bhutan,2015,12020.907391698554,0.373282681115806,12020.907391698554
BTN,Bhutan,2016,13165.906705713322,0.3735754860106663,13165.906705713322
BTN,Bhutan,2017,13375.788204594113,0.3745240492638907,13375.788204594113
BTN,Bhutan,2018,13213.306734026843,0.37623653604744267,13213.306734026843
BTN,Bhutan,2019,14235.560393224456,0.4057762414048971,14235.560393224456
BTN,Bhutan,2020,13483.48234258889,0.4089928934657185,13483.48234258889
BTN,Bhutan,2021,13921.72620381344,0.42129246598690945,13921.72620381344
BTN,Bhutan,2022,13613.125983222864,0.42445695688112134,13613.125983222864
BTN,Bhutan,2023,14415.64385606287,0.4247240900536302,14415.64385606287
BWA,Botswana,1960,642.0674084923347,0.3399605424134869,642.0674084923347
BWA,Botswana,1961,682.1848669584559,0.3360643846555778,682.1848669584559
BWA,Botswana,1962,723.2102265732328,0.33219022249544444,723.2102265732328
BWA,Botswana,1963,744.8894481218422,0.3282867637372995,744.8894481218422
BWA,Botswana,1964,780.4941675705415,0.32441118292018495,780.4941675705415
BWA,Botswana,1965,738.6055344964044,0.32837295734055083,738.6055344964044
BWA,Botswana,1966,786.2431336141087,0.32513822500339357,786.2431336141087
BWA,Botswana,1967,901.7566193610888,0.3193950307207014,901.7566193610888
BWA,Botswana,1968,983.0086676720978,0.31992172671314417,983.0086676720978
BWA,Botswana,1969,926.2058227467959,0.3251179875338497,926.2058227467959
BWA,Botswana,1970,1032.4437238932214,0.3307151145898101,1032.4437238932214
BWA,Botswana,1971,1289.0618169538252,0.33554814059460664,1289.0618169538252
BWA,Botswana,1972,1555.6604718217436,0.3445792284790788,1555.6604718217436
BWA,Botswana,1973,1826.5364199339217,0.3418913938707082,1826.5364199339217
BWA,Botswana,1974,1950.356260214575,0.3363298525770562,1950.356260214575
BWA,Botswana,1975,2069.4986527292954,0.33561197079552874,2069.4986527292954
BWA,Botswana,1976,2224.6243754082884,0.3268510186364864,2224.6243754082884
BWA,Botswana,1977,2405.6931104387336,0.3193662718512458,2405.6931104387336
BWA,Botswana,1978,2546.7265881755666,0.30916187428648945,2546.7265881755666
BWA,Botswana,1979,2706.150171088992,0.30326368694151096,2706.150171088992
BWA,Botswana,1980,2913.6502642375613,0.3027087961300447,2913.6502642375613
BWA,Botswana,1981,3225.6775152777745,0.3073287148132106,3225.6775152777745
BWA,Botswana,1982,3320.09832309635,0.30394985445986944,3320.09832309635
BWA,Botswana,1983,3760.2720921112623,0.2949123087606164,3760.2720921112623
BWA,Botswana,1984,4557.92879425973,0.2935894525713572,4557.92879425973
BWA,Botswana,1985,5113.584573692338,0.2945954700338029,5113.584573692338
BWA,Botswana,1986,5504.763292659286,0.2954704924915272,5504.763292659286
BWA,Botswana,1987,5891.082801514509,0.30064469258629617,5891.082801514509
BWA,Botswana,1988,6334.149705381772,0.30791677398507217,6334.149705381772
BWA,Botswana,1989,7828.874266250825,0.31518530689070545,7828.874266250825
BWA,Botswana,1990,8291.23249329285,0.32293308416079164,8291.23249329285
BWA,Botswana,1991,8688.669339842714,0.33934717141896664,8688.669339842714
BWA,Botswana,1992,8779.302769616741,0.3400713732329321,8779.302769616741
BWA,Botswana,1993,8785.292723872715,0.33368997948609513,8785.292723872715
BWA,Botswana,1994,8883.05315331505,0.3269832560877089,8883.05315331505
BWA,Botswana,1995,9469.64988059901,0.3228596259011099,9469.64988059901
BWA,Botswana,1996,10561.488524707438,0.3302185195761651,10561.488524707438
BWA,Botswana,1997,11021.803357418858,0.32050549497452613,11021.803357418858
BWA,Botswana,1998,11063.608579319545,0.34017151235217086,11063.608579319545
BWA,Botswana,1999,11907.002094857664,0.3551838922511734,11907.002094857664
BWA,Botswana,2000,12416.858207089977,0.36315072075456334,12416.858207089977
BWA,Botswana,2001,12038.833616756043,0.3590349840400788,12038.833616756043
BWA,Botswana,2002,14027.71107021412,0.35173956462935313,14027.71107021412
BWA,Botswana,2003,13618.385955527736,0.3434162235875693,13618.385955527736
BWA,Botswana,2004,14033.898054930261,0.3455737949319679,14033.898054930261
BWA,Botswana,2005,15686.623090157658,0.33129436355061237,15686.623090157658
BWA,Botswana,2006,15473.427540762521,0.3274361558940569,15473.427540762521
BWA,Botswana,2007,16016.397379187223,0.33744404118560895,16016.397379187223
BWA,Botswana,2008,20002.41309802202,0.3484798821323231,20002.41309802202
BWA,Botswana,2009,15836.971929530868,0.35856783649911417,15836.971929530868
BWA,Botswana,2010,16623.940555262354,0.357184244332402,16623.940555262354
BWA,Botswana,2011,17854.702989098325,0.39485135428767926,17854.702989098325
BWA,Botswana,2012,16161.637284058697,0.39786559799827415,16161.637284058697
BWA,Botswana,2013,15836.702392041416,0.3985843751236055,15836.702392041416
BWA,Botswana,2014,17402.374287192157,0.3957195967156314,17402.374287192157
BWA,Botswana,2015,16360.5286033551,0.4047555038983399,16360.5286033551
BWA,Botswana,2016,17586.581524278048,0.4154275785591459,17586.581524278048
BWA,Botswana,2017,17836.73916850888,0.42750642982809683,17836.73916850888
BWA,Botswana,2018,17039.485480664298,0.43900051096974907,17039.485480664298
BWA,Botswana,2019,17512.89277922355,0.44169886367779365,17512.89277922355
BWA,Botswana,2020,15799.811693803696,0.4560613131520854,15799.811693803696
BWA,Botswana,2021,17113.352787451367,0.4256337357639142,17113.352787451367
BWA,Botswana,2022,17716.570869222902,0.4122669824508175,17716.570869222902
BWA,Botswana,2023,18380.444940598587,0.4434676084534587,18380.444940598587
CAF,Central African Republic,1960,1468.5525330197345,,1468.5525330197345
CAF,Central African Republic,1961,1559.1737627089678,,1559.1737627089678
CAF,Central African Republic,1962,1527.6477514177448,,1527.6477514177448
CAF,Central African Republic,1963,1408.9760753166759,,1408.9760753166759
CAF,Central African Republic,1964,1442.0296870725147,,1442.0296870725147
CAF,Central African Republic,1965,1419.210435805884,,1419.210435805884
CAF,Central African Republic,1966,1368.2417197565019,,1368.2417197565019
CAF,Central African Republic,1967,1323.7340579364989,,1323.7340579364989
CAF,Central African Republic,1968,1476.9620834123266,,1476.9620834123266
CAF,Central African Republic,1969,1453.8090364840336,,1453.8090364840336
CAF,Central African Republic,1970,1481.698666428986,,1481.698666428986
CAF,Central African Republic,1971,1395.0586015024867,,1395.0586015024867
CAF,Central African Republic,1972,1310.7614159209973,,1310.7614159209973
CAF,Central African Republic,1973,1433.0538155354786,,1433.0538155354786
CAF,Central African Republic,1974,1270.5503126765384,,1270.5503126765384
CAF,Central African Republic,1975,1230.0332438669468,,1230.0332438669468
CAF,Central African Republic,1976,1206.8931687330694,,1206.8931687330694
CAF,Central African Republic,1977,1256.9583056666777,,1256.9583056666777
CAF,Central African Republic,1978,1275.5398541589084,,1275.5398541589084
CAF,Central African Republic,1979,1240.2969745920568,,1240.2969745920568
CAF,Central African Republic,1980,1130.6041174427216,0.36603255080118996,1130.6041174427216
CAF,Central African Republic,1981,1303.4146591420117,0.3664355156147017,1303.4146591420117
CAF,Central African Republic,1982,1305.0237151964225,0.36561583597856523,1305.0237151964225
CAF,Central African Republic,1983,1214.5503439250192,0.3671242120005829,1214.5503439250192
CAF,Central African Republic,1984,1292.0961583429364,0.36604423635372907,1292.0961583429364
CAF,Central African Republic,1985,1420.4094638900133,0.36506049405505986,1420.4094638900133
CAF,Central African Republic,1986,1387.681274213414,0.36364035650772475,1387.681274213414
CAF,Central African Republic,1987,1276.7471119136956,0.3628346539454625,1276.7471119136956
CAF,Central African Republic,1988,1324.4896866185636,0.3610645577856756,1324.4896866185636
CAF,Central African Republic,1989,1365.3402896762536,0.3600926671685363,1365.3402896762536
CAF,Central African Republic,1990,1305.2050365381854,0.3601521795585829,1305.2050365381854
CAF,Central African Republic,1991,1245.1858934548936,0.3603761837679279,1245.1858934548936
CAF,Central African Republic,1992,1158.3695980384337,0.3587925130569979,1158.3695980384337
CAF,Central African Republic,1993,1101.269209536965,0.35786384561918133,1101.269209536965
CAF,Central African Republic,1994,1298.9572201123005,0.3574134864887288,1298.9572201123005
CAF,Central African Republic,1995,1302.2652449282448,0.35725561245015314,1302.2652449282448
CAF,Central African Republic,1996,1082.3164711141935,0.35740603164370416,1082.3164711141935
CAF,Central African Republic,1997,1104.5549698755217,0.3579587261589773,1104.5549698755217
CAF,Central African Republic,1998,1130.8867797965431,0.35846654549260965,1130.8867797965431
CAF,Central African Republic,1999,1084.900397406958,0.35896452013209185,1084.900397406958
CAF,Central African Republic,2000,1090.1380483408923,0.35969096378646614,1090.1380483408923
CAF,Central African Republic,2001,1082.837992215244,0.36023016482611625,1082.837992215244
CAF,Central African Republic,2002,1061.4022351620424,0.3608241992839828,1061.4022351620424
CAF,Central African Republic,2003,990.1472159461196,0.3612330968954441,990.1472159461196
CAF,Central African Republic,2004,996.9902263935469,0.3613968069846614,996.9902263935469
CAF,Central African Republic,2005,995.6921553195992,0.3615507757246439,995.6921553195992
CAF,Central African Republic,2006,1024.8786611703638,0.3615555906785554,1024.8786611703638
CAF,Central African Republic,2007,1063.3192212670047,0.3610273649819059,1063.3192212670047
CAF,Central African Republic,2008,1068.0070067077995,0.3608444127609047,1068.0070067077995
CAF,Central African Republic,2009,1158.3091588790644,0.36004079861332416,1158.3091588790644
CAF,Central African Republic,2010,1220.9194448107555,0.35879316529680316,1220.9194448107555
CAF,Central African Republic,2011,1224.24638336138,0.3573454496960036,1224.24638336138
CAF,Central African Republic,2012,1341.112739389262,0.35431029738869296,1341.112739389262
CAF,Central African Republic,2013,916.3447229437389,0.350477215066251,916.3447229437389
CAF,Central African Republic,2014,847.9332326097328,0.3451174197205172,847.9332326097328
CAF,Central African Republic,2015,946.4972548614052,0.34139206257153104,946.4972548614052
CAF,Central African Republic,2016,986.1400849509181,0.341212658312705,986.1400849509181
CAF,Central African Republic,2017,998.796231542235,0.3409694438347946,998.796231542235
CAF,Central African Republic,2018,1023.6123415983129,0.3411492694044652,1023.6123415983129
CAF,Central African Republic,2019,1094.516117329241,0.3413437454106344,1094.516117329241
CAF,Central African Republic,2020,1156.6191178198885,0.33747898799953174,1156.6191178198885
CAF,Central African Republic,2021,1164.3335328191938,0.3373875206353182,1164.3335328191938
CAF,Central African Republic,2022,1161.9764520301335,0.3422369400261944,1161.9764520301335
CAF,Central African Republic,2023,1098.3862041807627,0.3451282735478914,1098.3862041807627
CAN,Canada,1950,14303.690160877719,0.43994328961155627,14303.690160877719
CAN,Canada,1951,14466.543298577815,0.4412163237399034,14466.543298577815
CAN,Canada,1952,15237.95618049046,0.4310307690503844,15237.95618049046
CAN,Canada,1953,15526.120780248379,0.42193831472762555,15526.120780248379
CAN,Canada,1954,15030.90826859567,0.40651333393688954,15030.90826859567
CAN,Canada,1955,15923.048325356129,0.40070812204424877,15923.048325356129
CAN,Canada,1956,16806.808059695126,0.40785122083395564,16806.808059695126
CAN,Canada,1957,16665.093816675646,0.39921282398621444,16665.093816675646
CAN,Canada,1958,16631.12023862481,0.37740293137159214,16631.12023862481
CAN,Canada,1959,16890.886401001273,0.37482030384479303,16890.886401001273
CAN,Canada,1960,17115.882098107097,0.36534886320179494,17115.882098107097
CAN,Canada,1961,17471.34829273717,0.3590258457978091,17471.34829273717
CAN,Canada,1962,18245.014329035537,0.3611900462506121,18245.014329035537
CAN,Canada,1963,18852.226957177947,0.3622963294356434,18852.226957177947
CAN,Canada,1964,19793.948100805486,0.36781755605425376,19793.948100805486
CAN,Canada,1965,20651.059288814744,0.37661712692556837,20651.059288814744
CAN,Canada,1966,21616.86586270978,0.3823287899897548,21616.86586270978
CAN,Canada,1967,21867.973750491474,0.38233084883777996,21867.973750491474
CAN,Canada,1968,22678.64475241904,0.37687896088114264,22678.64475241904
CAN,Canada,1969,23524.88237399112,0.3832032322645104,23524.88237399112
CAN,Canada,1970,23865.44455271548,0.3774999367469185,23865.44455271548
CAN,Canada,1971,24590.012368186966,0.37920905620895135,24590.012368186966
CAN,Canada,1972,25606.20069920759,0.38718614072866886,25606.20069920759
CAN,Canada,1973,27113.924024486783,0.40134889095945686,27113.924024486783
CAN,Canada,1974,27490.377269061686,0.4159018335456125,27490.377269061686
CAN,Canada,1975,27514.010224897105,0.41422625303064114,27514.010224897105
CAN,Canada,1976,28733.188419520116,0.4144785910029352,28733.188419520116
CAN,Canada,1977,29406.811069710755,0.4167478966812839,29406.811069710755
CAN,Canada,1978,30239.370291297233,0.42520272013931254,30239.370291297233
CAN,Canada,1979,31138.00132548462,0.43945480441804413,31138.00132548462
CAN,Canada,1980,31329.76248743773,0.4466256897052945,31329.76248743773
CAN,Canada,1981,31938.6604107535,0.45401604763639114,31938.6604107535
CAN,Canada,1982,30816.281667852287,0.4342410454451491,30816.281667852287
CAN,Canada,1983,31492.637926024752,0.4329772951831863,31492.637926024752
CAN,Canada,1984,33330.58048431314,0.4397240358787902,33330.58048431314
CAN,Canada,1985,33862.73253092811,0.4493940139442479,33862.73253092811
CAN,Canada,1986,34148.73302770883,0.45827324066083475,34148.73302770883
CAN,Canada,1987,36092.61760358655,0.4645250355753856,36092.61760358655
CAN,Canada,1988,37357.58057289555,0.4725672009349804,37357.58057289555
CAN,Canada,1989,38103.466704182734,0.4746724545826818,38103.466704182734
CAN,Canada,1990,37826.53182361374,0.4708930125132231,37826.53182361374
CAN,Canada,1991,36374.87135597989,0.45693867929545307,36374.87135597989
CAN,Canada,1992,36297.25599866302,0.44711917203041585,36297.25599866302
CAN,Canada,1993,36728.910117386586,0.4443793566395983,36728.910117386586
CAN,Canada,1994,38061.70012324607,0.44867812197821827,38061.70012324607
CAN,Canada,1995,39519.78844861378,0.4521082461391784,39519.78844861378
CAN,Canada,1996,40106.308600142045,0.4516032648430625,40106.308600142045
CAN,Canada,1997,41136.54691930284,0.4567364351550907,41136.54691930284
CAN,Canada,1998,41185.839985527185,0.46415665698560726,41185.839985527185
CAN,Canada,1999,43565.35782858362,0.4720345123281375,43565.35782858362
CAN,Canada,2000,46062.20701977156,0.4792870381782183,46062.20701977156
CAN,Canada,2001,45371.317904385,0.47963981750362994,45371.317904385
CAN,Canada,2002,45387.9359810033,0.4858588549871975,45387.9359810033
CAN,Canada,2003,47109.96334331161,0.49313408997773683,47109.96334331161
CAN,Canada,2004,48670.91998992428,0.4964845062095198,48670.91998992428
CAN,Canada,2005,51838.7263224521,0.49826065837525274,51838.7263224521
CAN,Canada,2006,51657.51523443618,0.5015883258100884,51657.51523443618
CAN,Canada,2007,52265.48901853553,0.5080503924404597,52265.48901853553
CAN,Canada,2008,53920.81352897995,0.5097981133422753,53920.81352897995
CAN,Canada,2009,48044.72442653469,0.49563732817206224,48044.72442653469
CAN,Canada,2010,50988.24530844156,0.49709276466543056,50988.24530844156
CAN,Canada,2011,53548.09857500923,0.4997000934788669,53548.09857500923
CAN,Canada,2012,53301.46101157201,0.5005323459997641,53301.46101157201
CAN,Canada,2013,54060.850357062176,0.5024599809814534,54060.850357062176
CAN,Canada,2014,55733.443800045934,0.5005578178893102,55733.443800045934
CAN,Canada,2015,52326.08741714989,0.5008658978837215,52326.08741714989
CAN,Canada,2016,52573.32523724159,0.4989046609662363,52573.32523724159
CAN,Canada,2017,54190.57181280724,0.5021307815710432,54190.57181280724
CAN,Canada,2018,54511.2911233019,0.5015696671285658,54511.2911233019
CAN,Canada,2019,53819.429327022895,0.5049701446007463,53819.429327022895
CAN,Canada,2020,51196.11933405886,0.4734598403066763,51196.11933405886
CAN,Canada,2021,53678.3674086716,0.494190103937777,53678.3674086716
CAN,Canada,2022,55057.73911144922,0.505090514048156,55057.73911144922
CAN,Canada,2023,55101.43297156513,0.5137131015682979,55101.43297156513
CHE,Switzerland,1950,18038.370997466496,0.49179803969908253,18038.370997466496
CHE,Switzerland,1951,19386.934235877045,0.5037481759025241,19386.934235877045
CHE,Switzerland,1952,19159.042248979862,0.5062097845695813,19159.042248979862
CHE,Switzerland,1953,19664.995771170958,0.5032390102223487,19664.995771170958
CHE,Switzerland,1954,20725.57390805208,0.5035909859399041,20725.57390805208
CHE,Switzerland,1955,21982.398678542784,0.5085742753783713,21982.398678542784
CHE,Switzerland,1956,23221.571630960305,0.516590653888052,23221.571630960305
CHE,Switzerland,1957,23697.759959729396,0.5200156083432043,23697.759959729396
CHE,Switzerland,1958,22624.66321460111,0.5084631696228538,22624.66321460111
CHE,Switzerland,1959,23998.864007458546,0.5027191566704923,23998.864007458546
CHE,Switzerland,1960,25405.418209391577,0.5067325683770031,25405.418209391577
CHE,Switzerland,1961,26761.040445903705,0.5159832965903933,26761.040445903705
CHE,Switzerland,1962,27313.130350298947,0.5213025233917468,27313.130350298947
CHE,Switzerland,1963,27966.63411137077,0.5180687158598384,27966.63411137077
CHE,Switzerland,1964,29098.327594440714,0.5174112481496369,29098.327594440714
CHE,Switzerland,1965,29585.36017540855,0.5090526738801666,29585.36017540855
CHE,Switzerland,1966,30058.360314810554,0.5026184476592906,30058.360314810554
CHE,Switzerland,1967,30728.654997658683,0.4997031155749723,30728.654997658683
CHE,Switzerland,1968,31535.215797095414,0.4970645763804678,31535.215797095414
CHE,Switzerland,1969,32895.26565885919,0.4987765878363499,32895.26565885919
CHE,Switzerland,1970,34564.26080122027,0.5014361251961795,34564.26080122027
CHE,Switzerland,1971,35791.6841352661,0.5042493876036939,35791.6841352661
CHE,Switzerland,1972,36698.904310613456,0.5065766447230454,36698.904310613456
CHE,Switzerland,1973,37531.78259340651,0.5086864012471567,37531.78259340651
CHE,Switzerland,1974,37861.411547523516,0.5067182798073747,37861.411547523516
CHE,Switzerland,1975,34711.66000773042,0.48532052801854036,34711.66000773042
CHE,Switzerland,1976,34626.91668299602,0.47664650066206804,34626.91668299602
CHE,Switzerland,1977,35469.14817716994,0.47997916163891763,35469.14817716994
CHE,Switzerland,1978,36028.467692331695,0.48353192810660806,36028.467692331695
CHE,Switzerland,1979,37112.599120849794,0.48729774985441754,37112.599120849794
CHE,Switzerland,1980,38607.73713868977,0.49581928573791195,38607.73713868977
CHE,Switzerland,1981,38593.063189623324,0.5042448666817934,38593.063189623324
CHE,Switzerland,1982,38151.60936959269,0.5034391762572601,38151.60936959269
CHE,Switzerland,1983,38290.98393503601,0.5009236962288367,38290.98393503601
CHE,Switzerland,1984,38782.8400367129,0.5035729660568665,38782.8400367129
CHE,Switzerland,1985,39611.272915273585,0.511034074313314,39611.272915273585
CHE,Switzerland,1986,41592.85041700296,0.51950802695463,41592.85041700296
CHE,Switzerland,1987,42202.52615695656,0.5285896977391839,42202.52615695656
CHE,Switzerland,1988,42644.07918511928,0.537967021486131,42644.07918511928
CHE,Switzerland,1989,44182.13998400671,0.5475593920676516,44182.13998400671
CHE,Switzerland,1990,46070.041134050916,0.5588513554785762,46070.041134050916
CHE,Switzerland,1991,44935.9780198245,0.5814775192521373,44935.9780198245
CHE,Switzerland,1992,44870.28078046258,0.5673822101784743,44870.28078046258
CHE,Switzerland,1993,45115.24380717158,0.5580715324702044,45115.24380717158
CHE,Switzerland,1994,45948.91273247905,0.5505786454268762,45948.91273247905
CHE,Switzerland,1995,46387.086947375865,0.5460206617597827,46387.086947375865
CHE,Switzerland,1996,46854.666395074695,0.5420368180171703,46854.666395074695
CHE,Switzerland,1997,48463.236245237975,0.5396670304026709,48463.236245237975
CHE,Switzerland,1998,49651.791677724585,0.5450155760281499,49651.791677724585
CHE,Switzerland,1999,50437.450597491275,0.5465590945605541,50437.450597491275
CHE,Switzerland,2000,51167.73619513455,0.5490198725019324,51167.73619513455
CHE,Switzerland,2001,50944.06737747791,0.5554040037396316,50944.06737747791
CHE,Switzerland,2002,51103.622399828986,0.5554040466593299,51103.622399828986
CHE,Switzerland,2003,51274.813194940936,0.5494204454768473,51274.813194940936
CHE,Switzerland,2004,52622.90220841977,0.5472799254482196,52622.90220841977
CHE,Switzerland,2005,56101.79275663589,0.5480324636494869,56101.79275663589
CHE,Switzerland,2006,59177.80536200465,0.5564946591118457,59177.80536200465
CHE,Switzerland,2007,64513.50833046072,0.5657972078970354,64513.50833046072
CHE,Switzerland,2008,68965.32433501951,0.5725425060776869,68965.32433501951
CHE,Switzerland,2009,67473.31956299365,0.5687866481695814,67473.31956299365
CHE,Switzerland,2010,69319.45558465748,0.5660311268607047,69319.45558465748
CHE,Switzerland,2011,78299.39791811656,0.5755024440251936,78299.39791811656
CHE,Switzerland,2012,79949.9676581581,0.5794184236535692,79949.9676581581
CHE,Switzerland,2013,78646.08682368825,0.579662983087796,78646.08682368825
CHE,Switzerland,2014,79516.01052961241,0.5834127943304729,79516.01052961241
CHE,Switzerland,2015,79028.68069687663,0.5851142471422551,79028.68069687663
CHE,Switzerland,2016,79949.70627115473,0.586909727014108,79949.70627115473
CHE,Switzerland,2017,81385.50838764137,0.5867915980335047,81385.50838764137
CHE,Switzerland,2018,81543.99939692431,0.5886390290870694,81543.99939692431
CHE,Switzerland,2019,84856.16012266476,0.5887274973318045,84856.16012266476
CHE,Switzerland,2020,82791.13172006237,0.5813927774863556,82791.13172006237
CHE,Switzerland,2021,88546.26604294029,0.5807986108567923,88546.26604294029
CHE,Switzerland,2022,90988.9319852569,0.5845658491661149,90988.9319852569
CHE,Switzerland,2023,89957.4305390606,0.5887672524301597,89957.4305390606
CHL,Chile,1951,5058.087720651421,0.3076131811369831,5058.087720651421
CHL,Chile,1952,5363.805083608238,0.30412613594535826,5363.805083608238
CHL,Chile,1953,5395.718347695666,0.3061561326528947,5395.718347695666
CHL,Chile,1954,5666.912435562259,0.29837297357539055,5666.912435562259
CHL,Chile,1955,5428.77393758294,0.2974341949557381,5428.77393758294
CHL,Chile,1956,5232.933955256815,0.2935468306889606,5232.933955256815
CHL,Chile,1957,5648.161554248415,0.2960056141216114,5648.161554248415
CHL,Chile,1958,5732.604006729318,0.29356402644566393,5732.604006729318
CHL,Chile,1959,5545.5887472723225,0.28509579363110776,5545.5887472723225
CHL,Chile,1960,5762.708554401684,0.283639186137309,5762.708554401684
CHL,Chile,1961,5442.733623826959,0.2820767290270645,5442.733623826959
CHL,Chile,1962,6638.385338966293,0.27853965123415025,6638.385338966293
CHL,Chile,1963,6737.412137387568,0.2782159342047729,6737.412137387568
CHL,Chile,1964,6806.616042958864,0.2746038775509106,6806.616042958864
CHL,Chile,1965,6435.945534642692,0.27173306791236046,6435.945534642692
CHL,Chile,1966,7055.099273467778,0.271074529462973,7055.099273467778
CHL,Chile,1967,7311.230202964261,0.2711392584787873,7311.230202964261
CHL,Chile,1968,7356.85171839428,0.2715079347636303,7356.85171839428
CHL,Chile,1969,7722.582080927383,0.27092342691863597,7722.582080927383
CHL,Chile,1970,7615.479522604796,0.26904469426113803,7615.479522604796
CHL,Chile,1971,8490.284668592998,0.2767858952154535,8490.284668592998
CHL,Chile,1972,8360.933357055625,0.284614783036731,8360.933357055625
CHL,Chile,1973,8006.1200649938555,0.28227213539230833,8006.1200649938555
CHL,Chile,1974,7509.391880231685,0.2653373361541011,7509.391880231685
CHL,Chile,1975,6261.063870799008,0.25374176135635385,6261.063870799008
CHL,Chile,1976,6418.068803259862,0.2555270147655125,6418.068803259862
CHL,Chile,1977,6893.081325832975,0.2650753354962496,6893.081325832975
CHL,Chile,1978,7316.549688772495,0.26491459925643995,7316.549688772495
CHL,Chile,1979,7793.429963449905,0.266901408173363,7793.429963449905
CHL,Chile,1980,8147.6367027123315,0.2767640379621021,8147.6367027123315
CHL,Chile,1981,8439.7902505044,0.2795755960746887,8439.7902505044
CHL,Chile,1982,7241.727079781007,0.26219397475760187,7241.727079781007
CHL,Chile,1983,6898.9754857295,0.28226207506775247,6898.9754857295
CHL,Chile,1984,7040.785643821011,0.28681171507668296,7040.785643821011
CHL,Chile,1985,6938.338706752266,0.29545842947355017,6938.338706752266
CHL,Chile,1986,6549.847027114491,0.3033681905562926,6549.847027114491
CHL,Chile,1987,6992.730978526444,0.3054223617017032,6992.730978526444
CHL,Chile,1988,7578.584587670962,0.30931167000940507,7578.584587670962
CHL,Chile,1989,8185.700293908327,0.3169956660499644,8185.700293908327
CHL,Chile,1990,8280.166508758984,0.3216887923915903,8280.166508758984
CHL,Chile,1991,8885.481608002523,0.323290850260159,8885.481608002523
CHL,Chile,1992,9890.103692031813,0.33286332247838735,9890.103692031813
CHL,Chile,1993,10428.817483078617,0.33286643161028545,10428.817483078617
CHL,Chile,1994,11338.571385214123,0.33049316864005507,11338.571385214123
CHL,Chile,1995,12941.610268568023,0.33867518829691257,12941.610268568023
CHL,Chile,1996,13620.959494086012,0.3471161405592551,13620.959494086012
CHL,Chile,1997,13688.2019284331,0.3526350988908439,13688.2019284331
CHL,Chile,1998,13363.174766864631,0.35602302142492837,13363.174766864631
CHL,Chile,1999,12667.755564495616,0.3502988532308257,12667.755564495616
CHL,Chile,2000,12989.072804539066,0.35711659608367846,12989.072804539066
CHL,Chile,2001,12784.518208827438,0.3582938555003252,12784.518208827438
CHL,Chile,2002,12711.30010704427,0.36171342591986216,12711.30010704427
CHL,Chile,2003,13259.400792910867,0.36790819054217067,13259.400792910867
CHL,Chile,2004,14490.171884206664,0.3714075167695552,14490.171884206664
CHL,Chile,2005,16013.429260584491,0.38109437079439457,16013.429260584491
CHL,Chile,2006,18623.790030343698,0.3907272883196267,18623.790030343698
CHL,Chile,2007,20057.099713578453,0.3977546224451946,20057.099713578453
CHL,Chile,2008,19507.49653126423,0.39915778403836144,19507.49653126423
CHL,Chile,2009,19427.019451395205,0.3966802651087516,19427.019451395205
CHL,Chile,2010,22158.54539520032,0.40096686908551565,22158.54539520032
CHL,Chile,2011,24413.10933967949,0.41040975653070205,24413.10933967949
CHL,Chile,2012,25755.488546541637,0.4211932337118282,25755.488546541637
CHL,Chile,2013,26006.874764445718,0.426632884230305,26006.874764445718
CHL,Chile,2014,26407.920983845062,0.42710204266746193,26407.920983845062
CHL,Chile,2015,25946.147692563427,0.4299975816413583,25946.147692563427
CHL,Chile,2016,25505.69439379969,0.42942024816994934,25505.69439379969
CHL,Chile,2017,26123.874109670913,0.4271848994782839,26123.874109670913
CHL,Chile,2018,26352.170670904663,0.4231066616741232,26352.170670904663
CHL,Chile,2019,26185.43518707198,0.42534401955590356,26185.43518707198
CHL,Chile,2020,24663.78825741494,0.37006728038634223,24663.78825741494
CHL,Chile,2021,25928.08272617031,0.3885867175820728,25928.08272617031
CHL,Chile,2022,26230.723517820967,0.41280155503124116,26230.723517820967
CHL,Chile,2023,26244.09235084378,0.4204132342527774,26244.09235084378
CHN,China,1952,443.4988749143472,0.4137051014482457,443.4988749143472
CHN,China,1953,467.023295730444,0.41692648904850527,467.023295730444
CHN,China,1954,471.7261978428857,0.41915393716357385,471.7261978428857
CHN,China,1955,490.54760822022797,0.42008497160888814,490.54760822022797
CHN,China,1956,528.0615552515552,0.42386043659467004,528.0615552515552
CHN,China,1957,541.4297548210984,0.42764970940857194,541.4297548210984
CHN,China,1958,592.5341446916699,0.4499152443449587,592.5341446916699
CHN,China,1959,590.1342464932013,0.4626403137235372,590.1342464932013
CHN,China,1960,580.1437652129403,0.4504465612820193,580.1437652129403
CHN,China,1961,503.31489075881734,0.4396868434413859,503.31489075881734
CHN,China,1962,507.6223699372507,0.4263741626728398,507.6223699372507
CHN,China,1963,522.0023233852106,0.41480894635658794,522.0023233852106
CHN,China,1964,567.4226656876364,0.40980548604185174,567.4226656876364
CHN,China,1965,617.0224650191216,0.405748885801201,617.0224650191216
CHN,China,1966,646.6538249520445,0.40616366520996294,646.6538249520445
CHN,China,1967,626.8065947384282,0.41368410485219975,626.8065947384282
CHN,China,1968,591.1651790194927,0.42043979464610376,591.1651790194927
CHN,China,1969,631.0564316104129,0.4282299346996426,631.0564316104129
CHN,China,1970,676.0728928147334,0.4361476352451813,676.0728928147334
CHN,China,1971,708.3955942239554,0.44291723113829157,708.3955942239554
CHN,China,1972,717.1660137144613,0.4445985441066812,717.1660137144613
CHN,China,1973,755.5094805297576,0.44457516982807865,755.5094805297576
CHN,China,1974,761.0501829584725,0.4482929729453283,761.0501829584725
CHN,China,1975,797.8185811948106,0.4532211333571068,797.8185811948106
CHN,China,1976,770.3052785024256,0.45811479913873876,770.3052785024256
CHN,China,1977,819.8089362592273,0.4620958997726137,819.8089362592273
CHN,China,1978,912.9647043877741,0.4671881402001912,912.9647043877741
CHN,China,1979,952.6116688433107,0.474135342388858,952.6116688433107
CHN,China,1980,995.8259950408128,0.48462562656599606,995.8259950408128
CHN,China,1981,1007.7953189784843,0.4976733773801305,1007.7953189784843
CHN,China,1982,1069.1129518391908,0.5151610927061295,1069.1129518391908
CHN,China,1983,1170.404251915853,0.5210628507023516,1170.404251915853
CHN,China,1984,1355.0981851276938,0.5272981499181744,1355.0981851276938
CHN,China,1985,1546.3640851413986,0.5330361050926488,1546.3640851413986
CHN,China,1986,1624.9582389792636,0.5362696441622147,1624.9582389792636
CHN,China,1987,1730.927341946353,0.5372745979794012,1730.927341946353
CHN,China,1988,1863.966712616694,0.5429667747633989,1863.966712616694
CHN,China,1989,1891.950187315771,0.5534137022975186,1891.950187315771
CHN,China,1990,1923.0493434469984,0.5612079366346664,1923.0493434469984
CHN,China,1991,2090.108667344236,0.5662713051061823,2090.108667344236
CHN,China,1992,2372.557508187644,0.5657865117729055,2372.557508187644
CHN,China,1993,2670.530234864475,0.5649569455477724,2670.530234864475
CHN,China,1994,2914.756390334339,0.5641482714912237,2914.756390334339
CHN,China,1995,3150.961886170058,0.5634545815473673,3150.961886170058
CHN,China,1996,3463.6662492388004,0.5637682896925748,3463.6662492388004
CHN,China,1997,3670.5660823710296,0.5652762336492639,3670.5660823710296
CHN,China,1998,3944.0938812661157,0.5669431254867486,3944.0938812661157
CHN,China,1999,4283.8474102664595,0.5686247917267448,4283.8474102664595
CHN,China,2000,4657.8636454656,0.5700846003468923,4657.8636454656
CHN,China,2001,5053.715366177976,0.5716719345077464,5053.715366177976
CHN,China,2002,5477.117201556858,0.5726807505275221,5477.117201556858
CHN,China,2003,5994.420348144495,0.5729098945006852,5994.420348144495
CHN,China,2004,6609.936956654575,0.573367943615802,6609.936956654575
CHN,China,2005,7509.2894869622005,0.5735088794559283,7509.2894869622005
CHN,China,2006,8009.599539665611,0.5732250304655993,8009.599539665611
CHN,China,2007,8790.486202757878,0.5728394570930946,8790.486202757878
CHN,China,2008,9418.209676792196,0.5721585545119255,9418.209676792196
CHN,China,2009,10113.698515623479,0.571293535073297,10113.698515623479
CHN,China,2010,11217.67588300831,0.5705943017402639,11217.67588300831
CHN,China,2011,12159.82497767044,0.5677833190300505,12159.82497767044
CHN,China,2012,12899.210566535772,0.564009955001975,12899.210566535772
CHN,China,2013,13242.241865391881,0.5610389226291922,13242.241865391881
CHN,China,2014,13955.013134993405,0.5576396931812608,13955.013134993405
CHN,China,2015,14495.119721924377,0.5546875273970803,14495.119721924377
CHN,China,2016,15049.640959613258,0.550536599001115,15049.640959613258
CHN,China,2017,15906.637030004433,0.5461307761819677,15906.637030004433
CHN,China,2018,16880.18944399108,0.5420968572168449,16880.18944399108
CHN,China,2019,17973.243497493586,0.5379130834652159,17973.243497493586
CHN,China,2020,18232.06851693887,0.5344092787725583,18232.06851693887
CHN,China,2021,20087.488362010103,0.5312954426201381,20087.488362010103
CHN,China,2022,20647.81494211836,0.5223506122337318,20647.81494211836
CHN,China,2023,21747.622431763797,0.5280422413439394,21747.622431763797
CIV,Côte d'Ivoire,1960,1860.6530681721881,0.35470123300436823,1860.6530681721881
CIV,Côte d'Ivoire,1961,1888.0631011020128,0.3531378708141854,1888.0631011020128
CIV,Côte d'Ivoire,1962,1915.7941853674563,0.3515723911954374,1915.7941853674563
CIV,Côte d'Ivoire,1963,2088.564363064361,0.35000674968909035,2088.564363064361
CIV,Côte d'Ivoire,1964,2329.7573840477553,0.34844067418504726,2329.7573840477553
CIV,Côte d'Ivoire,1965,2128.447535175513,0.3468759588355874,2128.447535175513
CIV,Côte d'Ivoire,1966,2278.0855947114733,0.34530996897622684,2278.0855947114733
CIV,Côte d'Ivoire,1967,2286.6862682581173,0.34374472470092216,2286.6862682581173
CIV,Côte d'Ivoire,1968,2478.5034654214182,0.342180283017017,2478.5034654214182
CIV,Côte d'Ivoire,1969,2590.1391703366758,0.34061379310088785,2590.1391703366758
CIV,Côte d'Ivoire,1970,2736.618710959783,0.3390493810125644,2736.618710959783
CIV,Côte d'Ivoire,1971,2795.7612067849577,0.33744430041634843,2795.7612067849577
CIV,Côte d'Ivoire,1972,2794.9606763040724,0.33583834872063223,2794.9606763040724
CIV,Côte d'Ivoire,1973,2827.3965071470334,0.3342330313151615,2827.3965071470334
CIV,Côte d'Ivoire,1974,2922.584179054957,0.3326260854739601,2922.584179054957
CIV,Côte d'Ivoire,1975,2916.6775655642014,0.33102163048292305,2916.6775655642014
CIV,Côte d'Ivoire,1976,3140.4751624867986,0.3294153647932079,3140.4751624867986
CIV,Côte d'Ivoire,1977,3242.755675998197,0.3278093221635507,3242.755675998197
CIV,Côte d'Ivoire,1978,3433.124797369636,0.3262043480298548,3433.124797369636
CIV,Côte d'Ivoire,1979,3363.182688983427,0.3245975871028263,3363.182688983427
CIV,Côte d'Ivoire,1980,2869.1465964817658,0.3229926892184499,2869.1465964817658
CIV,Côte d'Ivoire,1981,2901.1657808344576,0.32122603855727083,2901.1657808344576
CIV,Côte d'Ivoire,1982,2875.0846787067176,0.3194583536625993,2875.0846787067176
CIV,Côte d'Ivoire,1983,2794.711315024442,0.3176914355825428,2794.711315024442
CIV,Côte d'Ivoire,1984,2758.955656166468,0.31592433952459953,2758.955656166468
CIV,Côte d'Ivoire,1985,2960.0041246770697,0.3141570510452266,2960.0041246770697
CIV,Côte d'Ivoire,1986,2983.4974474703704,0.31238996418447823,2983.4974474703704
CIV,Côte d'Ivoire,1987,2832.9497689254226,0.31062276246283477,2832.9497689254226
CIV,Côte d'Ivoire,1988,2793.8344730851077,0.30885601598971424,2793.8344730851077
CIV,Côte d'Ivoire,1989,2955.992791476045,0.3070888657112012,2955.992791476045
CIV,Côte d'Ivoire,1990,2627.9770666250033,0.30532196755521224,2627.9770666250033
CIV,Côte d'Ivoire,1991,2589.8847685091378,0.31223123901117245,2589.8847685091378
CIV,Côte d'Ivoire,1992,2603.032203883848,0.3161033173698981,2603.032203883848
CIV,Côte d'Ivoire,1993,2468.211656768432,0.32213585776736536,2468.211656768432
CIV,Côte d'Ivoire,1994,2330.1105522698253,0.3265569680895607,2330.1105522698253
CIV,Côte d'Ivoire,1995,2578.367727851482,0.33340784559132486,2578.367727851482
CIV,Côte d'Ivoire,1996,2692.2847797985173,0.3384012701098243,2692.2847797985173
CIV,Côte d'Ivoire,1997,2594.009518111293,0.34416268800154914,2594.009518111293
CIV,Côte d'Ivoire,1998,2553.1870227421496,0.34990960105783575,2553.1870227421496
CIV,Côte d'Ivoire,1999,2436.140104356806,0.3522946384483044,2436.140104356806
CIV,Côte d'Ivoire,2000,2321.630905756053,0.35152392873154503,2321.630905756053
CIV,Côte d'Ivoire,2001,2275.9772803109845,0.350468804738379,2275.9772803109845
CIV,Côte d'Ivoire,2002,2194.7185873388635,0.3501339247845894,2194.7185873388635
CIV,Côte d'Ivoire,2003,2385.6803476471414,0.3490796610607752,2385.6803476471414
CIV,Côte d'Ivoire,2004,2215.9850248787957,0.3475621392088722,2215.9850248787957
CIV,Côte d'Ivoire,2005,2160.0475840620143,0.34625190997942146,2160.0475840620143
CIV,Côte d'Ivoire,2006,2216.78221049923,0.3454712584502143,2216.78221049923
CIV,Côte d'Ivoire,2007,2295.3810607997184,0.3434344265230713,2295.3810607997184
CIV,Côte d'Ivoire,2008,2384.1858890673375,0.34495968823888273,2384.1858890673375
CIV,Côte d'Ivoire,2009,2541.774756806774,0.34884739067698156,2541.774756806774
CIV,Côte d'Ivoire,2010,2750.68425879461,0.3525667735899816,2750.68425879461
CIV,Côte d'Ivoire,2011,2953.034236032547,0.3544929268030032,2953.034236032547
CIV,Côte d'Ivoire,2012,3440.0466794374656,0.3566212756047711,3440.0466794374656
CIV,Côte d'Ivoire,2013,3779.133001458869,0.3673098802077785,3779.133001458869
CIV,Côte d'Ivoire,2014,4307.849256413085,0.36958376954157796,4307.849256413085
CIV,Côte d'Ivoire,2015,4825.159113645058,0.3706607531601525,4825.159113645058
CIV,Côte d'Ivoire,2016,4927.960066804146,0.37215091526139665,4927.960066804146
CIV,Côte d'Ivoire,2017,5044.7070893264045,0.3627796110472925,5044.7070893264045
CIV,Côte d'Ivoire,2018,5241.838157660892,0.36053912398934135,5241.838157660892
CIV,Côte d'Ivoire,2019,5661.896203594302,0.35862878577312907,5661.896203594302
CIV,Côte d'Ivoire,2020,5470.703351346888,0.3602956622763527,5470.703351346888
CIV,Côte d'Ivoire,2021,5650.930688114091,0.36946219072409753,5650.930688114091
CIV,Côte d'Ivoire,2022,5781.121617461976,0.37543649990838623,5781.121617461976
CIV,Côte d'Ivoire,2023,6025.910867296416,0.3766873912048083,6025.910867296416
CMR,Cameroon,1960,1754.0059910172524,0.39369247280338715,1754.0059910172524
CMR,Cameroon,1961,1777.986366072257,0.39126839174254446,1777.986366072257
CMR,Cameroon,1962,1761.0693781008276,0.3888440448604858,1761.0693781008276
CMR,Cameroon,1963,1843.1197928269542,0.38642138050229635,1843.1197928269542
CMR,Cameroon,1964,1879.8389702425652,0.38399691759667826,1879.8389702425652
CMR,Cameroon,1965,1952.2169652453927,0.3815734433832463,1952.2169652453927
CMR,Cameroon,1966,2003.3659772281044,0.3790260034663622,2003.3659772281044
CMR,Cameroon,1967,1795.5701759151937,0.37630013347425806,1795.5701759151937
CMR,Cameroon,1968,1832.2997887688775,0.37339486184933673,1832.2997887688775
CMR,Cameroon,1969,1918.2627166543812,0.370308596799172,1918.2627166543812
CMR,Cameroon,1970,1949.3361187134224,0.3692598712221803,1949.3361187134224
CMR,Cameroon,1971,1923.5274259601765,0.36595764459094005,1923.5274259601765
CMR,Cameroon,1972,1966.3630005088974,0.3625234048051998,1966.3630005088974
CMR,Cameroon,1973,1984.8823402880803,0.35899704458890525,1984.8823402880803
CMR,Cameroon,1974,1946.9024131038036,0.3554026818750433,1946.9024131038036
CMR,Cameroon,1975,1965.1922228262486,0.3518272390475347,1965.1922228262486
CMR,Cameroon,1976,1823.825961693741,0.3486489072571882,1823.825961693741
CMR,Cameroon,1977,2014.7178843432457,0.3527203118903955,2014.7178843432457
CMR,Cameroon,1978,2437.1946912762874,0.3563216867888688,2437.1946912762874
CMR,Cameroon,1979,2495.4311760973565,0.3596831176669201,2495.4311760973565
CMR,Cameroon,1980,2688.568697172265,0.36143900866536327,2688.568697172265
CMR,Cameroon,1981,2934.1459773527154,0.3622763588933323,2934.1459773527154
CMR,Cameroon,1982,3262.6030286493774,0.3672511173551909,3262.6030286493774
CMR,Cameroon,1983,3640.816593414261,0.37353353181780236,3640.816593414261
CMR,Cameroon,1984,3996.1099132904237,0.3771558628561665,3996.1099132904237
CMR,Cameroon,1985,4034.1530138612725,0.3800420086825788,4034.1530138612725
CMR,Cameroon,1986,3742.4295410384657,0.38283110250705293,3742.4295410384657
CMR,Cameroon,1987,3524.811708392518,0.3758497673909049,3524.811708392518
CMR,Cameroon,1988,3317.9362791493622,0.36944155020540914,3317.9362791493622
CMR,Cameroon,1989,3234.0292553131058,0.36360011836208694,3234.0292553131058
CMR,Cameroon,1990,3127.373432522452,0.3580681147132734,3127.373432522452
CMR,Cameroon,1991,3031.01339880331,0.3613333434070392,3031.01339880331
CMR,Cameroon,1992,3026.8347177323535,0.3623122310349121,3026.8347177323535
CMR,Cameroon,1993,3149.463117387001,0.3633679092593886,3149.463117387001
CMR,Cameroon,1994,3000.1049963742344,0.3650230764399114,3000.1049963742344
CMR,Cameroon,1995,3101.1997386418184,0.3668246050830286,3101.1997386418184
CMR,Cameroon,1996,3091.414202471204,0.3683904808744176,3091.414202471204
CMR,Cameroon,1997,3247.4824438299106,0.37091508013195146,3247.4824438299106
CMR,Cameroon,1998,3178.337340825572,0.37361641558063075,3178.337340825572
CMR,Cameroon,1999,3210.0588832534486,0.376522551797445,3210.0588832534486
CMR,Cameroon,2000,3299.3889751915676,0.38246560640822735,3299.3889751915676
CMR,Cameroon,2001,3302.403494907407,0.3859717986127428,3302.403494907407
CMR,Cameroon,2002,3248.630735562583,0.3895948680841667,3248.630735562583
CMR,Cameroon,2003,3315.7819738012936,0.3933251360477038,3315.7819738012936
CMR,Cameroon,2004,3418.9820582171974,0.397800314687883,3418.9820582171974
CMR,Cameroon,2005,3519.855609377886,0.40159431934937484,3519.855609377886
CMR,Cameroon,2006,3547.0674020551205,0.40245375373153797,3547.0674020551205
CMR,Cameroon,2007,3573.402471058559,0.4069364699470357,3573.402471058559
CMR,Cameroon,2008,3622.196196673468,0.4010094449595194,3622.196196673468
CMR,Cameroon,2009,3600.158089835217,0.3924131168085967,3600.158089835217
CMR,Cameroon,2010,3633.5041788043623,0.38431791956103767,3633.5041788043623
CMR,Cameroon,2011,3695.1473124365866,0.38893418995438583,3695.1473124365866
CMR,Cameroon,2012,3819.920296490132,0.3943379485726726,3819.920296490132
CMR,Cameroon,2013,3870.961496868385,0.4001230225103717,3870.961496868385
CMR,Cameroon,2014,3971.1395727304753,0.4061477817118374,3971.1395727304753
CMR,Cameroon,2015,4018.792845067089,0.38922899942852857,4018.792845067089
CMR,Cameroon,2016,4110.41603129611,0.37480310335580713,4110.41603129611
CMR,Cameroon,2017,4130.691725558395,0.3625577229022097,4130.691725558395
CMR,Cameroon,2018,4380.902122550474,0.350841468256872,4380.902122550474
CMR,Cameroon,2019,4603.531099625404,0.3456610457405958,4603.531099625404
CMR,Cameroon,2020,4595.48710294531,0.3404805709542182,4595.48710294531
CMR,Cameroon,2021,4773.730039480961,0.3353001789781083,4773.730039480961
CMR,Cameroon,2022,4845.833684215021,0.34242768899295223,4845.833684215021
CMR,Cameroon,2023,4835.732843174142,0.3445165214139133,4835.732843174142
COD,D.R. of the Congo,1950,2326.593071092298,0.41914444978240084,2326.593071092298
COD,D.R. of the Congo,1951,2664.5145172533967,0.418535955716508,2664.5145172533967
COD,D.R. of the Congo,1952,2794.526941931423,0.41792693578326673,2794.526941931423
COD,D.R. of the Congo,1953,3105.3880830367575,0.4173176446048608,3105.3880830367575
COD,D.R. of the Congo,1954,3158.0357005796313,0.41670941565457204,3158.0357005796313
COD,D.R. of the Congo,1955,3310.497506759411,0.4161003984725423,3310.497506759411
COD,D.R. of the Congo,1956,3352.6204765196167,0.4154914496510583,3352.6204765196167
COD,D.R. of the Congo,1957,3250.9674794993593,0.4148824666157091,3250.9674794993593
COD,D.R. of the Congo,1958,3177.6232527108878,0.41427342625865343,3177.6232527108878
COD,D.R. of the Congo,1959,3119.5398403267186,0.41366490584354115,3119.5398403267186
COD,D.R. of the Congo,1960,3253.929829759087,0.41305611478150667,3253.929829759087
COD,D.R. of the Congo,1961,2690.104909457347,0.4119927375796864,2690.104909457347
COD,D.R. of the Congo,1962,3219.4783414000763,0.41092950530427574,3219.4783414000763
COD,D.R. of the Congo,1963,3008.255416325572,0.4098663301321097,3008.255416325572
COD,D.R. of the Congo,1964,2671.5415118290466,0.4088028697618544,2671.5415118290466
COD,D.R. of the Congo,1965,2978.921804429663,0.40773969141104927,2978.921804429663
COD,D.R. of the Congo,1966,3103.3334079258657,0.4066766027549428,3103.3334079258657
COD,D.R. of the Congo,1967,2761.01690086367,0.4056131409436188,2761.01690086367
COD,D.R. of the Congo,1968,2886.7288984719094,0.4045496054539357,2886.7288984719094
COD,D.R. of the Congo,1969,3122.5239808432966,0.40348630313866224,3122.5239808432966
COD,D.R. of the Congo,1970,3128.1421189246735,0.4024230467420902,3128.1421189246735
COD,D.R. of the Congo,1971,3020.3757399107994,0.40029644959115407,3020.3757399107994
COD,D.R. of the Congo,1972,2835.7516351460345,0.39816978395870056,2835.7516351460345
COD,D.R. of the Congo,1973,3041.128869601948,0.39604332410399007,3041.128869601948
COD,D.R. of the Congo,1974,3124.667830165274,0.39391689675388175,3124.667830165274
COD,D.R. of the Congo,1975,2471.0378412722307,0.39179002732827545,2471.0378412722307
COD,D.R. of the Congo,1976,2186.2140081004804,0.38966369328756006,2186.2140081004804
COD,D.R. of the Congo,1977,2219.0470270907317,0.38753697555876593,2219.0470270907317
COD,D.R. of the Congo,1978,2132.497064941672,0.3854105991850985,2132.497064941672
COD,D.R. of the Congo,1979,2344.6118961889506,0.3832838560706657,2344.6118961889506
COD,D.R. of the Congo,1980,2341.4517687946873,0.38115726558335916,2341.4517687946873
COD,D.R. of the Congo,1981,2184.4032682206134,0.37946801899841875,2184.4032682206134
COD,D.R. of the Congo,1982,2171.6981957475055,0.3777787644958976,2171.6981957475055
COD,D.R. of the Congo,1983,2161.2517616086693,0.37608957641995927,2161.2517616086693
COD,D.R. of the Congo,1984,2401.5335956613903,0.3744002140720139,2401.5335956613903
COD,D.R. of the Congo,1985,2229.034438024519,0.37271074453536207,2229.034438024519
COD,D.R. of the Congo,1986,2041.0663629627416,0.3710217758098385,2041.0663629627416
COD,D.R. of the Congo,1987,1936.4315076255964,0.3693323579639018,1936.4315076255964
COD,D.R. of the Congo,1988,2016.583189370647,0.36764308834212567,2016.583189370647
COD,D.R. of the Congo,1989,1894.7709942884221,0.36595392674321536,1894.7709942884221
COD,D.R. of the Congo,1990,1575.3552077233103,0.36426466969418847,1575.3552077233103
COD,D.R. of the Congo,1991,1221.5340220950281,0.3638358498174291,1221.5340220950281
COD,D.R. of the Congo,1992,1518.7890130008711,0.36375585828719686,1518.7890130008711
COD,D.R. of the Congo,1993,1153.505534629338,0.364098027211852,1153.505534629338
COD,D.R. of the Congo,1994,814.1798923406913,0.3706750245430864,814.1798923406913
COD,D.R. of the Congo,1995,812.6598737132066,0.3717053792241651,812.6598737132066
COD,D.R. of the Congo,1996,714.204838751766,0.3682389296459913,714.204838751766
COD,D.R. of the Congo,1997,722.0827547601557,0.36386098682516205,722.0827547601557
COD,D.R. of the Congo,1998,639.3554125896451,0.36378948191926014,639.3554125896451
COD,D.R. of the Congo,1999,641.4673966926891,0.3645937697526961,641.4673966926891
COD,D.R. of the Congo,2000,560.3934765816293,0.36480805839634284,560.3934765816293
COD,D.R. of the Congo,2001,543.372408265063,0.3647996870553434,543.372408265063
COD,D.R. of the Congo,2002,546.2214191623509,0.36464342774279,546.2214191623509
COD,D.R. of the Congo,2003,579.138774254336,0.36456624981554864,579.138774254336
COD,D.R. of the Congo,2004,620.1105819921881,0.3645526070821947,620.1105819921881
COD,D.R. of the Congo,2005,653.7314463791208,0.3645140912319736,653.7314463791208
COD,D.R. of the Congo,2006,691.9279315876948,0.3585964672329729,691.9279315876948
COD,D.R. of the Congo,2007,715.1042417267189,0.35195398919160853,715.1042417267189
COD,D.R. of the Congo,2008,687.9375838164987,0.34506937078090233,687.9375838164987
COD,D.R. of the Congo,2009,684.2716496762245,0.33833812677863073,684.2716496762245
COD,D.R. of the Congo,2010,743.4429470766742,0.332313259835238,743.4429470766742
COD,D.R. of the Congo,2011,780.0291430321743,0.3265556912407956,780.0291430321743
COD,D.R. of the Congo,2012,808.6640353513277,0.32095826205770944,808.6640353513277
COD,D.R. of the Congo,2013,858.6412695832972,0.32080392897063764,858.6412695832972
COD,D.R. of the Congo,2014,923.7731840221606,0.3206349149885422,923.7731840221606
COD,D.R. of the Congo,2015,981.2212034496324,0.32029875583452894,981.2212034496324
COD,D.R. of the Congo,2016,1093.642885269696,0.32087269945893115,1093.642885269696
COD,D.R. of the Congo,2017,1027.617657960476,0.3220868360889558,1027.617657960476
COD,D.R. of the Congo,2018,1079.930652461046,0.3222239623696695,1079.930652461046
COD,D.R. of the Congo,2019,1060.179038466707,0.32174651638908364,1060.179038466707
COD,D.R. of the Congo,2020,1043.9998850192706,0.30636581898675114,1043.9998850192706
COD,D.R. of the Congo,2021,1032.8535674494203,0.3178282060992235,1032.8535674494203
COD,D.R. of the Congo,2022,1046.594480829745,0.3195276471659092,1046.594480829745
COD,D.R. of the Congo,2023,1072.077561809851,0.31932010888307205,1072.077561809851
COG,Congo,1960,2098.739977777461,0.35005637016645674,2098.739977777461
COG,Congo,1961,1918.2552295424077,0.3486107045131509,1918.2552295424077
COG,Congo,1962,2387.283701689456,0.3471543463984858,2387.283701689456
COG,Congo,1963,2573.7250122430282,0.3457004438173728,2573.7250122430282
COG,Congo,1964,2674.874805757028,0.3442554132898549,2674.874805757028
COG,Congo,1965,2588.4236507676173,0.3428012207349562,2588.4236507676173
COG,Congo,1966,2342.3271431309786,0.3413451679074568,2342.3271431309786
COG,Congo,1967,2327.1028617551515,0.3398996406558916,2327.1028617551515
COG,Congo,1968,2553.740372860966,0.3384428382722729,2553.740372860966
COG,Congo,1969,2738.618584556299,0.3369962230273828,2738.618584556299
COG,Congo,1970,3002.07141050204,0.3355443426028113,3002.07141050204
COG,Congo,1971,3213.647382851887,0.33469393739483666,3213.647382851887
COG,Congo,1972,3092.0286613342837,0.3338331541592419,3092.0286613342837
COG,Congo,1973,3464.251169980048,0.3329846390249661,3464.251169980048
COG,Congo,1974,4055.3566747888044,0.3321314263266711,4055.3566747888044
COG,Congo,1975,3770.77277444451,0.3312764297956408,3770.77277444451
COG,Congo,1976,3854.1140475753123,0.33042486255690745,3854.1140475753123
COG,Congo,1977,3932.4734477997363,0.32956813167060406,3932.4734477997363
COG,Congo,1978,3668.8509723153397,0.3287116769540727,3668.8509723153397
COG,Congo,1979,4055.623017394511,0.3278601721494126,4055.623017394511
COG,Congo,1980,3993.5628252316174,0.3270042892009426,3993.5628252316174
COG,Congo,1981,3254.333753290531,0.32679522528667065,3254.333753290531
COG,Congo,1982,3440.8606635678875,0.32658461352107954,3440.8606635678875
COG,Congo,1983,5341.846511260198,0.32637704032839676,5341.846511260198
COG,Congo,1984,6110.421063277184,0.3261658804822663,6110.421063277184
COG,Congo,1985,5608.812395262298,0.32596200294771305,5608.812395262298
COG,Congo,1986,3297.814742729895,0.32574644062670416,3297.814742729895
COG,Congo,1987,2888.3560552099793,0.32553983615327503,2888.3560552099793
COG,Congo,1988,2520.6712238416026,0.3253288584313237,2520.6712238416026
COG,Congo,1989,2435.0022964493432,0.3251197152343373,2435.0022964493432
COG,Congo,1990,2936.8231388439067,0.324911740044374,2936.8231388439067
COG,Congo,1991,3129.773983210635,0.32306858392591914,3129.773983210635
COG,Congo,1992,2858.5013258643207,0.3227836140699748,2858.5013258643207
COG,Congo,1993,2591.079598340002,0.3224630152805746,2591.079598340002
COG,Congo,1994,2182.7577128631115,0.3214189830037428,2182.7577128631115
COG,Congo,1995,2070.9408831062706,0.32140249375546404,2070.9408831062706
COG,Congo,1996,2428.12008606951,0.3220545364974276,2428.12008606951
COG,Congo,1997,2641.651539324334,0.32143264263440563,2641.651539324334
COG,Congo,1998,2633.5513720329627,0.32024283921612695,2633.5513720329627
COG,Congo,1999,2844.9374797840264,0.3197437404060159,2844.9374797840264
COG,Congo,2000,2725.1217585269146,0.32261837099773905,2725.1217585269146
COG,Congo,2001,2508.2681695042716,0.3242247652007571,2508.2681695042716
COG,Congo,2002,2792.7953232629147,0.32468657179319926,2792.7953232629147
COG,Congo,2003,3173.739913489156,0.3259132953086713,3173.739913489156
COG,Congo,2004,3857.980798267955,0.3307755762650797,3857.980798267955
COG,Congo,2005,4879.911392673885,0.335570496302839,4879.911392673885
COG,Congo,2006,5078.4708958245,0.3403621953168401,5078.4708958245
COG,Congo,2007,3968.802866069118,0.3429107955345453,3968.802866069118
COG,Congo,2008,5383.887532402322,0.34464988934372465,5383.887532402322
COG,Congo,2009,4031.130922495439,0.3454368154081653,4031.130922495439
COG,Congo,2010,6726.47769208747,0.3469305320411089,6726.47769208747
COG,Congo,2011,7259.405437017487,0.34474636562023886,7259.405437017487
COG,Congo,2012,8146.18568648546,0.34372815275168606,8146.18568648546
COG,Congo,2013,7415.375894901463,0.34273101174159926,7415.375894901463
COG,Congo,2014,7098.2568347206925,0.3424181836936883,7098.2568347206925
COG,Congo,2015,5513.4752579213555,0.3393883303686533,5513.4752579213555
COG,Congo,2016,4771.54591418805,0.33708623525834003,4771.54591418805
COG,Congo,2017,4775.695804260167,0.3344219601396708,4775.695804260167
COG,Congo,2018,6044.15381790981,0.3339324286893133,6044.15381790981
COG,Congo,2019,6453.330880215131,0.33583894959374794,6453.330880215131
COG,Congo,2020,6363.4377372218105,0.32282260981382777,6363.4377372218105
COG,Congo,2021,6180.759162181486,0.32628997011741484,6180.759162181486
COG,Congo,2022,6278.851770822839,0.33873434159613164,6278.851770822839
COG,Congo,2023,6223.2546729803325,0.34200290919389575,6223.2546729803325
COL,Colombia,1950,4007.922784182806,0.3045375938232118,4007.922784182806
COL,Colombia,1951,3941.1322957368457,0.3009903873757887,3941.1322957368457
COL,Colombia,1952,4073.519127071851,0.29738569358578426,4073.519127071851
COL,Colombia,1953,4286.347953305307,0.29325130806315997,4286.347953305307
COL,Colombia,1954,4547.700361224373,0.28910842241600415,4547.700361224373
COL,Colombia,1955,4571.724667554765,0.28569105068019685,4571.724667554765
COL,Colombia,1956,4526.973613929372,0.28253943366323847,4526.973613929372
COL,Colombia,1957,4372.701960526275,0.2792638121882145,4372.701960526275
COL,Colombia,1958,4231.360176739159,0.2760087883344936,4231.360176739159
COL,Colombia,1959,4340.369487602563,0.27248701612918097,4340.369487602563
COL,Colombia,1960,4451.350268806147,0.270034661958234,4451.350268806147
COL,Colombia,1961,4585.951769650377,0.2683625862437679,4585.951769650377
COL,Colombia,1962,4651.852150190467,0.26676855280289363,4651.852150190467
COL,Colombia,1963,4642.148549320517,0.2652966202083745,4642.148549320517
COL,Colombia,1964,4879.500740784672,0.26383874969780136,4879.500740784672
COL,Colombia,1965,4744.92432143642,0.2628797493698234,4744.92432143642
COL,Colombia,1966,4863.176957411273,0.2639351838118563,4863.176957411273
COL,Colombia,1967,4904.22357298834,0.26497737003878447,4904.22357298834
COL,Colombia,1968,5076.1364537538375,0.26648587689796965,5076.1364537538375
COL,Colombia,1969,5278.806374295622,0.26809960463401245,5278.806374295622
COL,Colombia,1970,5556.490864765929,0.270996713602641,5556.490864765929
COL,Colombia,1971,6005.372703772243,0.27360170690623326,6005.372703772243
COL,Colombia,1972,6449.781871204295,0.27648243051451765,6449.781871204295
COL,Colombia,1973,6987.394841627289,0.2794821247393486,6987.394841627289
COL,Colombia,1974,7376.173326970159,0.28264034406924105,7376.173326970159
COL,Colombia,1975,7662.681105781695,0.29221255432203297,7662.681105781695
COL,Colombia,1976,7999.507702815019,0.2951161658596892,7999.507702815019
COL,Colombia,1977,8195.217313887055,0.30142509869710876,8195.217313887055
COL,Colombia,1978,8619.92177199851,0.3021994845607925,8619.92177199851
COL,Colombia,1979,8737.245217891184,0.3039653820131448,8737.245217891184
COL,Colombia,1980,8948.250149265465,0.3022217503058676,8948.250149265465
COL,Colombia,1981,8791.308757741986,0.30843860359708497,8791.308757741986
COL,Colombia,1982,8628.30367643877,0.3064340900531613,8628.30367643877
COL,Colombia,1983,8388.613044695701,0.29970808820585004,8388.613044695701
COL,Colombia,1984,8369.46366158346,0.2950103214134018,8369.46366158346
COL,Colombia,1985,8188.423412634825,0.29639779131882366,8188.423412634825
COL,Colombia,1986,8525.779962101953,0.3001617297347033,8525.779962101953
COL,Colombia,1987,8422.784486692834,0.3089983485612244,8422.784486692834
COL,Colombia,1988,8517.193205613885,0.3140591193123469,8517.193205613885
COL,Colombia,1989,8539.335662932717,0.32275178575601005,8539.335662932717
COL,Colombia,1990,8652.055618315731,0.32384188547013265,8652.055618315731
COL,Colombia,1991,8527.809917659999,0.3381987376626681,8527.809917659999
COL,Colombia,1992,8756.904430022822,0.3358678767892996,8756.904430022822
COL,Colombia,1993,9127.84076482443,0.3499684421134456,9127.84076482443
COL,Colombia,1994,9463.225263405415,0.35643817878336037,9463.225263405415
COL,Colombia,1995,9708.692928032668,0.36574747462832913,9708.692928032668
COL,Colombia,1996,9570.935005030478,0.3647608632462888,9570.935005030478
COL,Colombia,1997,9629.19244498601,0.3657403267405758,9629.19244498601
COL,Colombia,1998,9251.39344358811,0.35985470877279196,9251.39344358811
COL,Colombia,1999,8606.711360537156,0.3484089851171593,8606.711360537156
COL,Colombia,2000,8729.05349494834,0.36421454525110225,8729.05349494834
COL,Colombia,2001,8638.83940980822,0.3609654485601923,8638.83940980822
COL,Colombia,2002,8620.675973126135,0.36408291740334453,8620.675973126135
COL,Colombia,2003,8799.032054504449,0.3724293885432082,8799.032054504449
COL,Colombia,2004,9098.621618219755,0.38102696069827935,9098.621618219755
COL,Colombia,2005,9590.484033115734,0.39109560139153626,9590.484033115734
COL,Colombia,2006,10362.115365822054,0.39954905600456764,10362.115365822054
COL,Colombia,2007,11283.087316418265,0.4156976454087341,11283.087316418265
COL,Colombia,2008,12250.146587630998,0.41716293645810687,12250.146587630998
COL,Colombia,2009,12329.399150573954,0.4162892297174363,12329.399150573954
COL,Colombia,2010,13426.409584727482,0.42189538124054726,13426.409584727482
COL,Colombia,2011,14843.122612579065,0.4307966945576315,14843.122612579065
COL,Colombia,2012,15329.019927679286,0.4369644734495725,15329.019927679286
COL,Colombia,2013,15376.062173727341,0.44026559235265683,15376.062173727341
COL,Colombia,2014,15680.554559048516,0.43807996781417385,15680.554559048516
COL,Colombia,2015,15384.4033013455,0.44931619794273525,15384.4033013455
COL,Colombia,2016,14932.907948460705,0.4466251655780619,14932.907948460705
COL,Colombia,2017,14924.981266781517,0.4420829574195346,14924.981266781517
COL,Colombia,2018,15463.346973801754,0.43648063469940973,15463.346973801754
COL,Colombia,2019,16182.660950948031,0.42952171865526734,16182.660950948031
COL,Colombia,2020,15193.884220455315,0.3921414840665544,15193.884220455315
COL,Colombia,2021,16370.312239899635,0.40760541189312816,16370.312239899635
COL,Colombia,2022,17453.968358309718,0.4283746794026102,17453.968358309718
COL,Colombia,2023,17495.14947606658,0.43831550624023347,17495.14947606658
COM,Comoros,1960,2165.0834210832036,,2165.0834210832036
COM,Comoros,1961,2283.279089236,,2283.279089236
COM,Comoros,1962,2670.314003329561,,2670.314003329561
COM,Comoros,1963,2836.1430807473394,,2836.1430807473394
COM,Comoros,1964,3123.591320829254,,3123.591320829254
COM,Comoros,1965,3176.5464221737,,3176.5464221737
COM,Comoros,1966,3434.8119126253932,,3434.8119126253932
COM,Comoros,1967,3727.587434647337,,3727.587434647337
COM,Comoros,1968,3466.8195895183926,,3466.8195895183926
COM,Comoros,1969,3304.7153766452375,,3304.7153766452375
COM,Comoros,1970,3681.764552474943,,3681.764552474943
COM,Comoros,1971,3724.264108888317,,3724.264108888317
COM,Comoros,1972,3687.0329771026963,,3687.0329771026963
COM,Comoros,1973,3825.200979628562,,3825.200979628562
COM,Comoros,1974,3812.7614585206506,,3812.7614585206506
COM,Comoros,1975,3924.786788448028,,3924.786788448028
COM,Comoros,1976,3797.999564210084,,3797.999564210084
COM,Comoros,1977,3848.2856614682732,,3848.2856614682732
COM,Comoros,1978,3805.1802630942307,,3805.1802630942307
COM,Comoros,1979,4020.4462260012933,,4020.4462260012933
COM,Comoros,1980,4339.368442025755,0.23336260342921228,4339.368442025755
COM,Comoros,1981,4138.70408861409,0.2319943831027635,4138.70408861409
COM,Comoros,1982,4315.7011017593995,0.2302012837574446,4315.7011017593995
COM,Comoros,1983,4297.010422048972,0.2288076460223681,4297.010422048972
COM,Comoros,1984,4823.073082376409,0.22776032090633755,4823.073082376409
COM,Comoros,1985,4718.142429620885,0.22752083492346842,4718.142429620885
COM,Comoros,1986,5067.884211819427,0.2281230797268325,5067.884211819427
COM,Comoros,1987,4936.321743208954,0.22920694954133503,4936.321743208954
COM,Comoros,1988,4704.846908537162,0.2306968222269693,4704.846908537162
COM,Comoros,1989,4368.050546633111,0.23311786576106144,4368.050546633111
COM,Comoros,1990,4189.4617133799675,0.23485265825643956,4189.4617133799675
COM,Comoros,1991,3921.052588931174,0.23801520142715493,3921.052588931174
COM,Comoros,1992,4053.940714071097,0.23969095724797845,4053.940714071097
COM,Comoros,1993,3871.021442045381,0.24027618308165183,3871.021442045381
COM,Comoros,1994,3479.2299989551834,0.24110188343101616,3479.2299989551834
COM,Comoros,1995,4042.4013482090804,0.24173606528374636,4042.4013482090804
COM,Comoros,1996,3855.8822110977803,0.2426928326006247,3855.8822110977803
COM,Comoros,1997,3924.979193930111,0.24501454907947975,3924.979193930111
COM,Comoros,1998,3532.024341432374,0.24643404275092382,3532.024341432374
COM,Comoros,1999,3498.31237373986,0.24697075290258919,3498.31237373986
COM,Comoros,2000,3332.0850622225225,0.2461134077648392,3332.0850622225225
COM,Comoros,2001,3629.1513721486604,0.2445160682549669,3629.1513721486604
COM,Comoros,2002,3637.0227631142934,0.24272555464149448,3637.0227631142934
COM,Comoros,2003,3544.7695715054983,0.24199513185743893,3544.7695715054983
COM,Comoros,2004,3440.416541750944,0.2438415431260952,3440.416541750944
COM,Comoros,2005,3825.7937475851095,0.2438415601880299,3825.7937475851095
COM,Comoros,2006,3698.538729990806,0.24384156462595308,3698.538729990806
COM,Comoros,2007,2921.4694348333596,0.24384155282279749,2921.4694348333596
COM,Comoros,2008,3090.3498746935124,0.24384156588108352,3090.3498746935124
COM,Comoros,2009,3065.8417441879933,0.24384156399400886,3065.8417441879933
COM,Comoros,2010,2934.412897430135,0.24384157085814312,2934.412897430135
COM,Comoros,2011,3219.9946093590956,0.24384154486379586,3219.9946093590956
COM,Comoros,2012,3488.2746453125305,0.24384154544921735,3488.2746453125305
COM,Comoros,2013,3480.7064577507067,0.2438415553866663,3480.7064577507067
COM,Comoros,2014,3515.8826247482443,0.24384155268853397,3515.8826247482443
COM,Comoros,2015,3515.384851325958,0.25442996274396085,3515.384851325958
COM,Comoros,2016,3662.5619499006393,0.2650184037060241,3662.5619499006393
COM,Comoros,2017,3745.213834624188,0.2756068000866006,3745.213834624188
COM,Comoros,2018,3733.5372539374926,0.2861952256074262,3733.5372539374926
COM,Comoros,2019,3700.1992953376907,0.2967836232504952,3700.1992953376907
COM,Comoros,2020,3816.3745924300924,0.307372062570419,3816.3745924300924
COM,Comoros,2021,3538.6712108877578,0.3179604528098828,3538.6712108877578
COM,Comoros,2022,3507.6620144941908,0.3208056800854652,3507.6620144941908
COM,Comoros,2023,3818.7160370623965,0.32267061891433546,3818.7160370623965
CPV,Cabo Verde,1960,1303.7675385526966,,1303.7675385526966
CPV,Cabo Verde,1961,1509.6484369259251,,1509.6484369259251
CPV,Cabo Verde,1962,1244.8458067495146,,1244.8458067495146
CPV,Cabo Verde,1963,1007.693792976838,,1007.693792976838
CPV,Cabo Verde,1964,1053.6955178840199,,1053.6955178840199
CPV,Cabo Verde,1965,1071.8381168847225,,1071.8381168847225
CPV,Cabo Verde,1966,1295.680771222691,,1295.680771222691
CPV,Cabo Verde,1967,1411.2812321854947,,1411.2812321854947
CPV,Cabo Verde,1968,1516.718084883599,,1516.718084883599
CPV,Cabo Verde,1969,1608.8393098901774,,1608.8393098901774
CPV,Cabo Verde,1970,1768.132409914115,,1768.132409914115
CPV,Cabo Verde,1971,1822.3186848980467,,1822.3186848980467
CPV,Cabo Verde,1972,1842.394543623439,,1842.394543623439
CPV,Cabo Verde,1973,1856.9522079044486,,1856.9522079044486
CPV,Cabo Verde,1974,1886.520287402502,,1886.520287402502
CPV,Cabo Verde,1975,1551.3235420559563,,1551.3235420559563
CPV,Cabo Verde,1976,1560.2277616533001,,1560.2277616533001
CPV,Cabo Verde,1977,1470.3687043038417,,1470.3687043038417
CPV,Cabo Verde,1978,1595.0772904581854,,1595.0772904581854
CPV,Cabo Verde,1979,1653.0400031765494,,1653.0400031765494
CPV,Cabo Verde,1980,1772.838504754953,0.27722837898401675,1772.838504754953
CPV,Cabo Verde,1981,1876.848275431242,0.2777051052040958,1876.848275431242
CPV,Cabo Verde,1982,1974.6161901925468,0.2795914990916766,1974.6161901925468
CPV,Cabo Verde,1983,2099.2983551695106,0.2807590661673112,2099.2983551695106
CPV,Cabo Verde,1984,1979.7719364954526,0.28179302902768544,1979.7719364954526
CPV,Cabo Verde,1985,1995.387758272549,0.2815724259984466,1995.387758272549
CPV,Cabo Verde,1986,2227.805204830431,0.2809624406970861,2227.805204830431
CPV,Cabo Verde,1987,2297.0222720708784,0.2797156879788731,2297.0222720708784
CPV,Cabo Verde,1988,2324.7782946619313,0.27739322424146284,2324.7782946619313
CPV,Cabo Verde,1989,2450.458728660027,0.2755157666269579,2450.458728660027
CPV,Cabo Verde,1990,2347.8092992780907,0.27538268943127575,2347.8092992780907
CPV,Cabo Verde,1991,2314.9628616977893,0.275742212871389,2314.9628616977893
CPV,Cabo Verde,1992,2475.4028079842533,0.27691968135810274,2475.4028079842533
CPV,Cabo Verde,1993,2572.008258939684,0.2797772948041695,2572.008258939684
CPV,Cabo Verde,1994,2947.509084791726,0.2844213392676951,2947.509084791726
CPV,Cabo Verde,1995,2672.870194321413,0.2884649029259443,2672.870194321413
CPV,Cabo Verde,1996,3174.883380473541,0.29308375509775814,3174.883380473541
CPV,Cabo Verde,1997,3042.536779300759,0.2971672638946044,3042.536779300759
CPV,Cabo Verde,1998,3373.97992581656,0.30204702260254807,3373.97992581656
CPV,Cabo Verde,1999,3880.0594457836733,0.30723375195306807,3880.0594457836733
CPV,Cabo Verde,2000,4122.59071268353,0.3128384921212772,4122.59071268353
CPV,Cabo Verde,2001,4351.569431301779,0.3163334457767379,4351.569431301779
CPV,Cabo Verde,2002,4519.114865525837,0.31982846277488514,4519.114865525837
CPV,Cabo Verde,2003,4765.645031183798,0.32332349638903807,4765.645031183798
CPV,Cabo Verde,2004,5147.043275060246,0.32681848925399376,5147.043275060246
CPV,Cabo Verde,2005,5278.6578512633705,0.3303134809853993,5278.6578512633705
CPV,Cabo Verde,2006,5602.141482749874,0.3338085054443704,5602.141482749874
CPV,Cabo Verde,2007,6428.084543282311,0.33730353046139583,6428.084543282311
CPV,Cabo Verde,2008,7067.869998086446,0.3407985369380279,7067.869998086446
CPV,Cabo Verde,2009,7183.61990146398,0.34429354317964167,7183.61990146398
CPV,Cabo Verde,2010,7717.072405298126,0.34778846750121223,7717.072405298126
CPV,Cabo Verde,2011,8436.3274689264,0.3529627537348699,8436.3274689264
CPV,Cabo Verde,2012,8149.750786812317,0.35923681160333226,8149.750786812317
CPV,Cabo Verde,2013,7734.943140221581,0.36527639927385425,7734.943140221581
CPV,Cabo Verde,2014,7781.977060870423,0.37109582204688424,7781.977060870423
CPV,Cabo Verde,2015,8178.542743413759,0.3770221722459299,8178.542743413759
CPV,Cabo Verde,2016,8953.13343661107,0.38302232502645384,8953.13343661107
CPV,Cabo Verde,2017,9523.420295205335,0.3886780822680306,9523.420295205335
CPV,Cabo Verde,2018,8864.163744546322,0.370784449149871,8864.163744546322
CPV,Cabo Verde,2019,9671.934805202352,0.38891904922251724,9671.934805202352
CPV,Cabo Verde,2020,7604.461595388834,0.36561165001154117,7604.461595388834
CPV,Cabo Verde,2021,8195.084906532287,0.37605937023901137,8195.084906532287
CPV,Cabo Verde,2022,9115.862891925979,0.40169492759896175,9115.862891925979
CPV,Cabo Verde,2023,9508.998559462296,0.410132815378666,9508.998559462296
CRI,Costa Rica,1950,4104.542363387295,0.30630370627585696,4104.542363387295
CRI,Costa Rica,1951,4123.4821546436415,0.30379329178508485,4123.4821546436415
CRI,Costa Rica,1952,4510.759960835,0.3006082425412374,4510.759960835
CRI,Costa Rica,1953,5215.663768441142,0.2973100295823026,5215.663768441142
CRI,Costa Rica,1954,5250.087508411981,0.29355975422928265,5250.087508411981
CRI,Costa Rica,1955,5509.30369966876,0.2896478084276001,5509.30369966876
CRI,Costa Rica,1956,5163.120496619201,0.28612435590217516,5163.120496619201
CRI,Costa Rica,1957,5332.332108522036,0.2834308684462563,5332.332108522036
CRI,Costa Rica,1958,5775.908637025805,0.28039307928911605,5775.908637025805
CRI,Costa Rica,1959,5588.373238644965,0.27702762727075714,5588.373238644965
CRI,Costa Rica,1960,5827.894144121175,0.27381894046708877,5827.894144121175
CRI,Costa Rica,1961,5518.148478213262,0.27197311055654155,5518.148478213262
CRI,Costa Rica,1962,5676.8294458691,0.27047678874276204,5676.8294458691
CRI,Costa Rica,1963,5818.326096866997,0.26951169709450273,5818.326096866997
CRI,Costa Rica,1964,5936.9579571607455,0.2688759360216591,5936.9579571607455
CRI,Costa Rica,1965,6360.567353674246,0.2692381365488601,6360.567353674246
CRI,Costa Rica,1966,6507.936221094766,0.26968566736620114,6507.936221094766
CRI,Costa Rica,1967,6602.798437134596,0.270462868383779,6602.798437134596
CRI,Costa Rica,1968,6811.139474135084,0.2715685090724917,6811.139474135084
CRI,Costa Rica,1969,6994.534855894407,0.27301806767234343,6994.534855894407
CRI,Costa Rica,1970,7408.737825586789,0.2759041014165559,7408.737825586789
CRI,Costa Rica,1971,7569.163852487293,0.2797931323253817,7569.163852487293
CRI,Costa Rica,1972,7872.679387841494,0.283901928722696,7872.679387841494
CRI,Costa Rica,1973,8206.649841413177,0.28809176938274533,8206.649841413177
CRI,Costa Rica,1974,8258.964850098768,0.2911848777052627,8258.964850098768
CRI,Costa Rica,1975,8338.691008862153,0.2994225973270458,8338.691008862153
CRI,Costa Rica,1976,8766.831998210706,0.30451756683254944,8766.831998210706
CRI,Costa Rica,1977,9517.19563128536,0.31202239861349235,9517.19563128536
CRI,Costa Rica,1978,9749.912094669487,0.3145574977474557,9749.912094669487
CRI,Costa Rica,1979,9943.734143226491,0.315347818120705,9943.734143226491
CRI,Costa Rica,1980,9731.169232950018,0.314706185555322,9731.169232950018
CRI,Costa Rica,1981,9387.837035956065,0.306778661539761,9387.837035956065
CRI,Costa Rica,1982,8535.759467757127,0.30648622289032307,8535.759467757127
CRI,Costa Rica,1983,8385.604908217358,0.3136369516142744,8385.604908217358
CRI,Costa Rica,1984,8762.791250171034,0.32270244415568594,8762.791250171034
CRI,Costa Rica,1985,8665.665389508129,0.3258527562450449,8665.665389508129
CRI,Costa Rica,1986,9306.803379870411,0.3286402287212727,9306.803379870411
CRI,Costa Rica,1987,9075.037382907796,0.3341074436381224,9075.037382907796
CRI,Costa Rica,1988,9083.84681015113,0.336114190193158,9083.84681015113
CRI,Costa Rica,1989,9423.863881923973,0.3490122755942897,9423.863881923973
CRI,Costa Rica,1990,9479.97890616541,0.34752062667595535,9479.97890616541
CRI,Costa Rica,1991,9403.937353849382,0.34541926723201977,9403.937353849382
CRI,Costa Rica,1992,10126.126662399849,0.35239929679516957,10126.126662399849
CRI,Costa Rica,1993,10571.382718636802,0.35502772768203333,10571.382718636802
CRI,Costa Rica,1994,10792.235195539306,0.3580247583412438,10792.235195539306
CRI,Costa Rica,1995,10949.16313926096,0.35815131806524203,10949.16313926096
CRI,Costa Rica,1996,10520.367751165857,0.35854306594532825,10520.367751165857
CRI,Costa Rica,1997,10726.05660429731,0.3647486517897399,10726.05660429731
CRI,Costa Rica,1998,11535.284693991654,0.36941729937159085,11535.284693991654
CRI,Costa Rica,1999,11425.33174462553,0.37205474778061215,11425.33174462553
CRI,Costa Rica,2000,11694.456831699612,0.37952659533484573,11694.456831699612
CRI,Costa Rica,2001,11986.943087860727,0.38052090441675834,11986.943087860727
CRI,Costa Rica,2002,12019.186902940717,0.3840608151085861,12019.186902940717
CRI,Costa Rica,2003,12318.26938782019,0.3878863149424517,12318.26938782019
CRI,Costa Rica,2004,12699.45909337874,0.3941537113622223,12699.45909337874
CRI,Costa Rica,2005,13443.551458906328,0.3995052356929274,13443.551458906328
CRI,Costa Rica,2006,13550.287280681454,0.4081372926898439,13550.287280681454
CRI,Costa Rica,2007,14180.66022603058,0.42079277760678163,14180.66022603058
CRI,Costa Rica,2008,14838.968599157308,0.42555104215593226,14838.968599157308
CRI,Costa Rica,2009,15417.912256924821,0.41814314250236734,15417.912256924821
CRI,Costa Rica,2010,15614.165981849717,0.4259858869869832,15614.165981849717
CRI,Costa Rica,2011,16313.55531209048,0.42960777811470824,16313.55531209048
CRI,Costa Rica,2012,17307.535467911854,0.4226488426747012,17307.535467911854
CRI,Costa Rica,2013,16923.467928374583,0.4308047479581489,16923.467928374583
CRI,Costa Rica,2014,17905.46377434673,0.4339028799911645,17905.46377434673
CRI,Costa Rica,2015,19146.079599725035,0.437284035726084,19146.079599725035
CRI,Costa Rica,2016,20081.719265140444,0.44096908404332813,20081.719265140444
CRI,Costa Rica,2017,21723.793738756,0.44625618796334837,21723.793738756
CRI,Costa Rica,2018,22309.185777392395,0.44297485068596715,22309.185777392395
CRI,Costa Rica,2019,24094.283716464255,0.45097553793147505,24094.283716464255
CRI,Costa Rica,2020,22353.118196697866,0.4011361147242805,22353.118196697866
CRI,Costa Rica,2021,23791.603174256543,0.41835030342091717,23791.603174256543
CRI,Costa Rica,2022,24456.385047813113,0.4388593851780415,24456.385047813113
CRI,Costa Rica,2023,25111.760054059083,0.4227696183025272,25111.760054059083
CUW,Curaçao,2005,28019.51772257671,,28019.51772257671
CUW,Curaçao,2006,28953.35719013311,,28953.35719013311
CUW,Curaçao,2007,28056.985833927156,,28056.985833927156
CUW,Curaçao,2008,28660.2622506461,,28660.2622506461
CUW,Curaçao,2009,25524.446807817298,,25524.446807817298
CUW,Curaçao,2010,25953.572859596443,0.3912692259475921,25953.572859596443
CUW,Curaçao,2011,25886.604641363847,0.3912692374755363,25886.604641363847
CUW,Curaçao,2012,25492.399577156753,0.3902682560687115,25492.399577156753
CUW,Curaçao,2013,24867.008926450286,0.3892672904670913,24867.008926450286
CUW,Curaçao,2014,24138.184348243012,0.35930483281997794,24138.184348243012
CUW,Curaçao,2015,24079.161148450472,0.3710597031952692,24079.161148450472
CUW,Curaçao,2016,23578.729695564783,0.3588557033038854,23578.729695564783
CUW,Curaçao,2017,23179.38165923414,0.34665164109459573,23179.38165923414
CUW,Curaçao,2018,21099.654830280808,0.33444762351371987,21099.654830280808
CUW,Curaçao,2019,21061.498289636125,0.32139801867366985,21061.498289636125
CUW,Curaçao,2020,17805.500733796875,0.308348401785116,17805.500733796875
CUW,Curaçao,2021,19982.245180503465,0.30834839820244286,19982.245180503465
CUW,Curaçao,2022,21158.4559263637,0.3083483952019035,21158.4559263637
CUW,Curaçao,2023,22432.01355014372,0.30834838968409345,22432.01355014372
CYM,Cayman Islands,1970,34931.3769150542,,34931.3769150542
CYM,Cayman Islands,1971,34154.895061328614,,34154.895061328614
CYM,Cayman Islands,1972,34834.58839683705,,34834.58839683705
CYM,Cayman Islands,1973,37673.98454537635,,37673.98454537635
CYM,Cayman Islands,1974,39280.8470581297,,39280.8470581297
CYM,Cayman Islands,1975,41048.953524180884,,41048.953524180884
CYM,Cayman Islands,1976,43037.61829689228,,43037.61829689228
CYM,Cayman Islands,1977,45256.83092700059,,45256.83092700059
CYM,Cayman Islands,1978,47743.02882036071,,47743.02882036071
CYM,Cayman Islands,1979,50547.3857975525,,50547.3857975525
CYM,Cayman Islands,1980,53074.88748860993,,53074.88748860993
CYM,Cayman Islands,1981,55701.49148718933,,55701.49148718933
CYM,Cayman Islands,1982,58475.091145833605,,58475.091145833605
CYM,Cayman Islands,1983,63068.15203361006,,63068.15203361006
CYM,Cayman Islands,1984,65579.28241801751,,65579.28241801751
CYM,Cayman Islands,1985,54998.98996032921,,54998.98996032921
CYM,Cayman Islands,1986,59436.07750167545,,59436.07750167545
CYM,Cayman Islands,1987,68285.8196082135,,68285.8196082135
CYM,Cayman Islands,1988,72749.21221810947,,72749.21221810947
CYM,Cayman Islands,1989,78418.28970354346,,78418.28970354346
CYM,Cayman Islands,1990,100436.67732713296,,100436.67732713296
CYM,Cayman Islands,1991,92074.55879726313,0.6369296457249138,92074.55879726313
CYM,Cayman Islands,1992,83043.40869957829,0.5867729856842877,83043.40869957829
CYM,Cayman Islands,1993,92260.20139027889,0.5887769369449759,92260.20139027889
CYM,Cayman Islands,1994,83039.37354724196,0.5923236527060284,83039.37354724196
CYM,Cayman Islands,1995,82621.38388835017,0.6350646056518126,82621.38388835017
CYM,Cayman Islands,1996,79027.80475911988,0.625991102133351,79027.80475911988
CYM,Cayman Islands,1997,87921.13656785444,0.6433994435728752,87921.13656785444
CYM,Cayman Islands,1998,96260.71674323574,0.6520933404070065,96260.71674323574
CYM,Cayman Islands,1999,93524.86948896745,0.6662313003653877,93524.86948896745
CYM,Cayman Islands,2000,97642.87807939405,0.6803693335737888,97642.87807939405
CYM,Cayman Islands,2001,93086.5143252301,0.6945073418178686,93086.5143252301
CYM,Cayman Islands,2002,90178.99113012772,0.7099523203120712,90178.99113012772
CYM,Cayman Islands,2003,93035.1604288535,0.7240007659759116,93035.1604288535
CYM,Cayman Islands,2004,87061.21870314429,0.7042833313958348,87061.21870314429
CYM,Cayman Islands,2005,98231.13991234398,0.7006563383197635,98231.13991234398
CYM,Cayman Islands,2006,104389.50387255868,0.6970292184953578,104389.50387255868
CYM,Cayman Islands,2007,105390.15251096866,0.6934022053883953,105390.15251096866
CYM,Cayman Islands,2008,101359.44961058923,0.689775104156904,101359.44961058923
CYM,Cayman Islands,2009,86074.25549776218,0.6861480217648048,86074.25549776218
CYM,Cayman Islands,2010,76648.40479086952,0.6825209857157138,76648.40479086952
CYM,Cayman Islands,2011,76209.80930565046,0.6666827244934054,76209.80930565046
CYM,Cayman Islands,2012,71840.07100383296,0.7029620706784689,71840.07100383296
CYM,Cayman Islands,2013,68372.16163370557,0.678530618181294,68372.16163370557
CYM,Cayman Islands,2014,68853.35394676696,0.6918927302901097,68853.35394676696
CYM,Cayman Islands,2015,70945.09837296404,0.7005873689830651,70945.09837296404
CYM,Cayman Islands,2016,59644.97464961378,0.7005873624760824,59644.97464961378
CYM,Cayman Islands,2017,72670.53488417139,0.7005873237746417,72670.53488417139
CYM,Cayman Islands,2018,65155.12417113405,0.7005873326057325,65155.12417113405
CYM,Cayman Islands,2019,67020.84602017021,0.7005872995501033,67020.84602017021
CYM,Cayman Islands,2020,64527.777632436235,0.7005873118378022,64527.777632436235
CYM,Cayman Islands,2021,64800.64268031109,0.7005873669021552,64800.64268031109
CYM,Cayman Islands,2022,67316.41563490871,0.7005873319531253,67316.41563490871
CYM,Cayman Islands,2023,66901.39037213505,0.7005873111204496,66901.39037213505
CYP,Cyprus,1950,3370.8946637248573,0.2510323945439774,3370.8946637248573
CYP,Cyprus,1951,3493.4392912201233,0.24968129241346215,3493.4392912201233
CYP,Cyprus,1952,3831.584279856078,0.2483464480896784,3831.584279856078
CYP,Cyprus,1953,4243.135726130515,0.2469902927987271,4243.135726130515
CYP,Cyprus,1954,4640.039368524286,0.2456405535428523,4640.039368524286
CYP,Cyprus,1955,4715.971660054139,0.2443018838622916,4715.971660054139
CYP,Cyprus,1956,5225.329904449989,0.24294775073948066,5225.329904449989
CYP,Cyprus,1957,5222.534136234305,0.24159342259244512,5222.534136234305
CYP,Cyprus,1958,4539.638981644338,0.24025090089881282,4539.638981644338
CYP,Cyprus,1959,4731.891888766656,0.2389065417033605,4731.891888766656
CYP,Cyprus,1960,4430.79901018303,0.23755671913807422,4430.79901018303
CYP,Cyprus,1961,4921.3353751393515,0.23841367920744358,4921.3353751393515
CYP,Cyprus,1962,5786.5871118560535,0.239288209149681,5786.5871118560535
CYP,Cyprus,1963,5808.413904880832,0.24015111004453396,5808.413904880832
CYP,Cyprus,1964,4960.114022503118,0.24100598486236857,4960.114022503118
CYP,Cyprus,1965,6285.356950822011,0.24187542183531105,6285.356950822011
CYP,Cyprus,1966,6534.102837022898,0.2427395039625731,6534.102837022898
CYP,Cyprus,1967,7213.076328978093,0.24359358062758185,7213.076328978093
CYP,Cyprus,1968,7410.54651069333,0.24446466470517125,7410.54651069333
CYP,Cyprus,1969,8354.34263259886,0.24532326479536284,8354.34263259886
CYP,Cyprus,1970,8583.5426755185,0.24619266269601947,8583.5426755185
CYP,Cyprus,1971,9326.37045739049,0.2491126256601116,9326.37045739049
CYP,Cyprus,1972,9700.021322192439,0.25201978860238133,9700.021322192439
CYP,Cyprus,1973,9561.438871798307,0.25492979973427965,9561.438871798307
CYP,Cyprus,1974,9462.1701639049,0.2578429942172277,9462.1701639049
CYP,Cyprus,1975,7838.082262264796,0.26075346732889687,7838.082262264796
CYP,Cyprus,1976,9937.676718781382,0.2636652283458787,9937.676718781382
CYP,Cyprus,1977,12424.45332129397,0.2932653654759859,12424.45332129397
CYP,Cyprus,1978,13727.164348666434,0.3040931802735128,13727.164348666434
CYP,Cyprus,1979,15633.687563655109,0.3157494462351351,15633.687563655109
CYP,Cyprus,1980,16585.88104908081,0.3280032702988635,16585.88104908081
CYP,Cyprus,1981,16557.416186286406,0.33273992029208543,16557.416186286406
CYP,Cyprus,1982,17650.46712989631,0.3359762925980818,17650.46712989631
CYP,Cyprus,1983,18351.86753695982,0.34021842063964564,18351.86753695982
CYP,Cyprus,1984,20133.35154497008,0.34725737932821427,20133.35154497008
CYP,Cyprus,1985,19648.237170231932,0.35612544275832564,19648.237170231932
CYP,Cyprus,1986,19828.531678082192,0.3578461468491927,19828.531678082192
CYP,Cyprus,1987,21204.686441395665,0.36377010845125746,21204.686441395665
CYP,Cyprus,1988,22251.373787546934,0.3783234314992687,22251.373787546934
CYP,Cyprus,1989,24396.806167400882,0.38847237956681413,24396.806167400882
CYP,Cyprus,1990,24923.673398666724,0.3916782821751398,24923.673398666724
CYP,Cyprus,1991,23830.65792307531,0.3823264994968348,23830.65792307531
CYP,Cyprus,1992,24691.706287872585,0.3873880207050524,24691.706287872585
CYP,Cyprus,1993,23966.73195809364,0.37720789445326625,23966.73195809364
CYP,Cyprus,1994,24736.699493838027,0.37520272724318776,24736.699493838027
CYP,Cyprus,1995,25894.04619544337,0.38191227295879826,25894.04619544337
CYP,Cyprus,1996,25325.913881638673,0.3778720509899531,25325.913881638673
CYP,Cyprus,1997,25730.050389692722,0.3748231062883413,25730.050389692722
CYP,Cyprus,1998,25345.895013993228,0.3760436319044116,25345.895013993228
CYP,Cyprus,1999,26999.98406541375,0.3787274700361538,26999.98406541375
CYP,Cyprus,2000,30759.361821474915,0.38094083846234145,30759.361821474915
CYP,Cyprus,2001,31829.718580671608,0.3850215276535648,31829.718580671608
CYP,Cyprus,2002,30802.94466072435,0.3885896928952804,30802.94466072435
CYP,Cyprus,2003,28050.077550791546,0.39769175609846125,28050.077550791546
CYP,Cyprus,2004,28506.988623485537,0.4079864573297261,28506.988623485537
CYP,Cyprus,2005,31115.37522510629,0.4167633691700382,31115.37522510629
CYP,Cyprus,2006,31853.931275092713,0.41746356164028947,31853.931275092713
CYP,Cyprus,2007,32079.708632067788,0.42676797456261106,32079.708632067788
CYP,Cyprus,2008,35400.86982381851,0.4308472562497458,35400.86982381851
CYP,Cyprus,2009,35673.462473778985,0.41956676773799895,35673.462473778985
CYP,Cyprus,2010,36122.60943599704,0.4112685349575669,36122.60943599704
CYP,Cyprus,2011,33089.961041115035,0.40201372572609917,33089.961041115035
CYP,Cyprus,2012,33449.010606867334,0.38188426048321594,33449.010606867334
CYP,Cyprus,2013,29387.920223365007,0.3613782872533303,29387.920223365007
CYP,Cyprus,2014,28107.428601508025,0.3580499934081588,28107.428601508025
CYP,Cyprus,2015,30164.390132859502,0.3666160268942196,30164.390132859502
CYP,Cyprus,2016,32932.097944310706,0.38102895595367775,32932.097944310706
CYP,Cyprus,2017,33547.78770160985,0.39785796476483704,33547.78770160985
CYP,Cyprus,2018,32619.93378319281,0.4165017627900613,32619.93378319281
CYP,Cyprus,2019,37803.98053885208,0.43058362204719264,37803.98053885208
CYP,Cyprus,2020,34899.61565883638,0.42415255358526244,34899.61565883638
CYP,Cyprus,2021,36161.06610704492,0.43260816313564737,36161.06610704492
CYP,Cyprus,2022,34739.75546587009,0.44403442691966993,34739.75546587009
CYP,Cyprus,2023,35764.94604538427,0.44339556194582314,35764.94604538427
CZE,Czechia,1990,27657.025396457462,0.523577714760849,27657.025396457462
CZE,Czechia,1991,23327.55634569068,0.5104473276315964,23327.55634569068
CZE,Czechia,1992,23128.77268569015,0.4902078088977661,23128.77268569015
CZE,Czechia,1993,23446.044970843177,0.488273000296038,23446.044970843177
CZE,Czechia,1994,24681.733042029566,0.49332932205478436,24681.733042029566
CZE,Czechia,1995,25795.01530831624,0.4967589931989813,25795.01530831624
CZE,Czechia,1996,26983.754232659114,0.500078419947185,26983.754232659114
CZE,Czechia,1997,26172.432169840402,0.49713482787487434,26172.432169840402
CZE,Czechia,1998,25253.821358704452,0.48892411854320605,25253.821358704452
CZE,Czechia,1999,25196.03644992897,0.4789558911730881,25196.03644992897
CZE,Czechia,2000,26022.278901696274,0.4754856667309719,26022.278901696274
CZE,Czechia,2001,27415.226575889454,0.47645962868978564,27415.226575889454
CZE,Czechia,2002,27286.67763793978,0.48054713472559313,27286.67763793978
CZE,Czechia,2003,28159.56525434114,0.4766913933827571,28159.56525434114
CZE,Czechia,2004,28886.956765369418,0.4755423518574168,28886.956765369418
CZE,Czechia,2005,30605.803605257624,0.4834877315694124,30605.803605257624
CZE,Czechia,2006,31204.756196948387,0.48844908154911576,31204.756196948387
CZE,Czechia,2007,33962.19246681731,0.4959399940533771,33962.19246681731
CZE,Czechia,2008,33864.0259880913,0.5015439609652899,33864.0259880913
CZE,Czechia,2009,32724.69265141443,0.4895857183748638,32724.69265141443
CZE,Czechia,2010,33393.31159060534,0.48333449844433435,33393.31159060534
CZE,Czechia,2011,35402.974900412184,0.4818554034614389,35402.974900412184
CZE,Czechia,2012,35246.806159697015,0.4839097071029638,35246.806159697015
CZE,Czechia,2013,34638.87333399739,0.485902186034768,34638.87333399739
CZE,Czechia,2014,36344.19617872621,0.48842563447646936,36344.19617872621
CZE,Czechia,2015,37204.273377259124,0.4950543451766197,37204.273377259124
CZE,Czechia,2016,38358.79293175394,0.499875225513058,38358.79293175394
CZE,Czechia,2017,40788.014111485994,0.5061779992079624,40788.014111485994
CZE,Czechia,2018,41884.3712641378,0.5113615227748606,41884.3712641378
CZE,Czechia,2019,45267.34388138183,0.5098427218302329,45267.34388138183
CZE,Czechia,2020,42984.65213079385,0.5002991126171803,42984.65213079385
CZE,Czechia,2021,44710.873098164666,0.5053398921153177,44710.873098164666
CZE,Czechia,2022,45329.78670527797,0.4982203291863415,45329.78670527797
CZE,Czechia,2023,44762.60639039915,0.4978594802336528,44762.60639039915
DEU,Germany,1950,5883.198159730308,0.448938700806665,5883.198159730308
DEU,Germany,1951,6477.555002135746,0.45513784702791804,6477.555002135746
DEU,Germany,1952,7034.643973711904,0.4611443074686828,7034.643973711904
DEU,Germany,1953,7601.290193004397,0.47013598147930563,7601.290193004397
DEU,Germany,1954,8205.821862360805,0.4815769940177944,8205.821862360805
DEU,Germany,1955,9277.737414993851,0.4943323381545603,9277.737414993851
DEU,Germany,1956,9939.262130926356,0.5013197908025862,9939.262130926356
DEU,Germany,1957,10441.402696500661,0.5074668003381646,10441.402696500661
DEU,Germany,1958,10723.218453778467,0.5078725647743596,10723.218453778467
DEU,Germany,1959,11533.473371336797,0.5092943847506498,11533.473371336797
DEU,Germany,1960,12509.439216854587,0.5116144643188558,12509.439216854587
DEU,Germany,1961,12909.225198498085,0.5125058398641854,12909.225198498085
DEU,Germany,1962,13265.552474454638,0.5093883441268768,13265.552474454638
DEU,Germany,1963,13453.056880391227,0.5055836449125622,13453.056880391227
DEU,Germany,1964,14325.753379589354,0.5019631976721537,14325.753379589354
DEU,Germany,1965,14930.33627239256,0.49983456614728017,14930.33627239256
DEU,Germany,1966,15243.94306954817,0.4950952179115829,15243.94306954817
DEU,Germany,1967,15050.992734605896,0.4824046767287864,15050.992734605896
DEU,Germany,1968,15829.76220036506,0.4813185144405692,15829.76220036506
DEU,Germany,1969,16935.094504417826,0.4839111773217134,16935.094504417826
DEU,Germany,1970,17692.036256151165,0.48483770763639433,17692.036256151165
DEU,Germany,1971,18238.93318846461,0.4831715934809495,18238.93318846461
DEU,Germany,1972,19044.647950471695,0.482627743360148,19044.647950471695
DEU,Germany,1973,20054.88155294699,0.48564804235316306,20054.88155294699
DEU,Germany,1974,20400.032758333316,0.4820347981941687,20400.032758333316
DEU,Germany,1975,20508.804016270773,0.4747521083874366,20508.804016270773
DEU,Germany,1976,21705.278110287305,0.4762855229155522,21705.278110287305
DEU,Germany,1977,22572.421270275754,0.47825305895131354,22572.421270275754
DEU,Germany,1978,23373.2952776509,0.4826442712387923,23373.2952776509
DEU,Germany,1979,24429.405340010348,0.48954902642002374,24429.405340010348
DEU,Germany,1980,24724.792226302943,0.4944484970430302,24724.792226302943
DEU,Germany,1981,24183.77023823667,0.49448333344635764,24183.77023823667
DEU,Germany,1982,23649.604367311575,0.4916410202680372,23649.604367311575
DEU,Germany,1983,23675.955922707384,0.48903224900868,23675.955922707384
DEU,Germany,1984,23953.91076855391,0.49210545772125014,23953.91076855391
DEU,Germany,1985,24026.950381735078,0.49651275228894254,24026.950381735078
DEU,Germany,1986,25915.148113849213,0.5014833987121703,25915.148113849213
DEU,Germany,1987,27024.807127187243,0.5044850468069847,27024.807127187243
DEU,Germany,1988,28342.503466690832,0.5057031280706176,28342.503466690832
DEU,Germany,1989,29325.757133238654,0.5064018886768481,29325.757133238654
DEU,Germany,1990,31273.482990575634,0.5002882224722377,31273.482990575634
DEU,Germany,1991,32759.023065532783,0.4861502307684703,32759.023065532783
DEU,Germany,1992,33702.92132820134,0.4766188267806441,33702.92132820134
DEU,Germany,1993,33856.41495460865,0.4678519416224717,33856.41495460865
DEU,Germany,1994,35135.763898030826,0.46689022225317733,35135.763898030826
DEU,Germany,1995,36268.15702874022,0.467995427349143,36268.15702874022
DEU,Germany,1996,36700.05426120789,0.4672841546296473,36700.05426120789
DEU,Germany,1997,37689.19945976701,0.4668233023801658,37689.19945976701
DEU,Germany,1998,39057.31639877457,0.4727775448367902,39057.31639877457
DEU,Germany,1999,40825.88375047582,0.48059407513725894,40825.88375047582
DEU,Germany,2000,41753.3525390301,0.49083638891350245,41753.3525390301
DEU,Germany,2001,42471.9485717051,0.48911327922354714,42471.9485717051
DEU,Germany,2002,42512.52486860765,0.4864058082165792,42512.52486860765
DEU,Germany,2003,43436.93946343644,0.4813296006233978,43436.93946343644
DEU,Germany,2004,44559.049020529324,0.48340173870232667,44559.049020529324
DEU,Germany,2005,46720.46592569301,0.4835187295156611,46720.46592569301
DEU,Germany,2006,48140.01672003727,0.4880194902010357,48140.01672003727
DEU,Germany,2007,51093.64999436276,0.4974208103191358,51093.64999436276
DEU,Germany,2008,52456.19210379405,0.5058836938070314,52456.19210379405
DEU,Germany,2009,49258.093654902026,0.508296181609651,49258.093654902026
DEU,Germany,2010,51813.91344728411,0.5119978304460222,51813.91344728411
DEU,Germany,2011,54724.97335262612,0.5179234503112721,54724.97335262612
DEU,Germany,2012,54249.68909265477,0.5231066752676262,54249.68909265477
DEU,Germany,2013,54203.143517114455,0.5255614448964878,54203.143517114455
DEU,Germany,2014,55940.971843323,0.5280427245582522,55940.971843323
DEU,Germany,2015,54852.99573391262,0.5281566974069986,54852.99573391262
DEU,Germany,2016,56306.96298561836,0.5305786562875296,56306.96298561836
DEU,Germany,2017,58173.783365223295,0.5359099751580486,58173.783365223295
DEU,Germany,2018,58754.31015585562,0.5413939510512464,58754.31015585562
DEU,Germany,2019,60673.77200156067,0.5451466411187814,60673.77200156067
DEU,Germany,2020,58278.96444364535,0.540792209586446,58278.96444364535
DEU,Germany,2021,60256.42494613581,0.5416105425583314,60256.42494613581
DEU,Germany,2022,60452.492415910165,0.5451433381387358,60452.492415910165
DEU,Germany,2023,59982.987698465266,0.5445012026846013,59982.987698465266
DJI,Djibouti,1970,11492.19994457124,,11492.19994457124
DJI,Djibouti,1971,11399.342281983614,,11399.342281983614
DJI,Djibouti,1972,11075.371991978876,,11075.371991978876
DJI,Djibouti,1973,10747.637427876816,,10747.637427876816
DJI,Djibouti,1974,9564.899433627948,,9564.899433627948
DJI,Djibouti,1975,10033.951955663339,,10033.951955663339
DJI,Djibouti,1976,9501.206070791637,,9501.206070791637
DJI,Djibouti,1977,7612.760783338361,,7612.760783338361
DJI,Djibouti,1978,7236.381010467378,,7236.381010467378
DJI,Djibouti,1979,6606.2847397678925,,6606.2847397678925
DJI,Djibouti,1980,6443.063782121388,0.14461172983911758,6443.063782121388
DJI,Djibouti,1981,6188.2620926396385,0.14496995425518078,6188.2620926396385
DJI,Djibouti,1982,6371.802830476996,0.14558318201548534,6371.802830476996
DJI,Djibouti,1983,6167.473277048569,0.14622074649790043,6167.473277048569
DJI,Djibouti,1984,5886.9857826426305,0.14685816749721367,5886.9857826426305
DJI,Djibouti,1985,5252.537126772779,0.14769754205182758,5252.537126772779
DJI,Djibouti,1986,4821.159606541477,0.14895817144022414,4821.159606541477
DJI,Djibouti,1987,4578.835798941305,0.14995628336273406,4578.835798941305
DJI,Djibouti,1988,4365.116346547285,0.1509193620993084,4365.116346547285
DJI,Djibouti,1989,3835.7386533608924,0.152089846101044,3835.7386533608924
DJI,Djibouti,1990,3326.101223355932,0.1523385055103769,3326.101223355932
DJI,Djibouti,1991,2891.5635935286614,0.15328575643244566,2891.5635935286614
DJI,Djibouti,1992,3599.1295098371115,0.15381951619332568,3599.1295098371115
DJI,Djibouti,1993,4678.514120994066,0.15192169837615366,4678.514120994066
DJI,Djibouti,1994,3198.9903358785405,0.15205387786037675,3198.9903358785405
DJI,Djibouti,1995,3849.7062362081683,0.15173571068277436,3849.7062362081683
DJI,Djibouti,1996,3259.491680562568,0.15236797468648147,3259.491680562568
DJI,Djibouti,1997,3404.4941129569215,0.15377323092342557,3404.4941129569215
DJI,Djibouti,1998,3217.79321026822,0.15613690773265967,3217.79321026822
DJI,Djibouti,1999,3295.641560211331,0.1581683454312624,3295.641560211331
DJI,Djibouti,2000,3228.876540634308,0.15881169592647706,3228.876540634308
DJI,Djibouti,2001,3118.7715911253017,0.15964082151422704,3118.7715911253017
DJI,Djibouti,2002,2936.29233961502,0.1598916506542333,2936.29233961502
DJI,Djibouti,2003,3123.1906105988305,0.15963436226770364,3123.1906105988305
DJI,Djibouti,2004,3181.1202142285906,0.15878655102749467,3181.1202142285906
DJI,Djibouti,2005,3339.8316588615617,0.15803183909479876,3339.8316588615617
DJI,Djibouti,2006,3940.04313141532,0.15731806153082392,3940.04313141532
DJI,Djibouti,2007,4073.893724225388,0.1569767219324813,4073.893724225388
DJI,Djibouti,2008,4500.582204672668,0.1567527766458116,4500.582204672668
DJI,Djibouti,2009,3666.379499729575,0.155836043527607,3666.379499729575
DJI,Djibouti,2010,3200.856123105484,0.15528917086313693,3200.856123105484
DJI,Djibouti,2011,4166.250430423073,0.1557247676138233,4166.250430423073
DJI,Djibouti,2012,4450.071994017048,0.15649786757507805,4450.071994017048
DJI,Djibouti,2013,4453.333297846874,0.15709016554684999,4453.333297846874
DJI,Djibouti,2014,4667.606686850577,0.15763953075246653,4667.606686850577
DJI,Djibouti,2015,4943.242696266979,0.15859258745955604,4943.242696266979
DJI,Djibouti,2016,4953.166394497968,0.15981358345833532,4953.166394497968
DJI,Djibouti,2017,4763.534952335234,0.16040856534579903,4763.534952335234
DJI,Djibouti,2018,4624.83723502797,0.16074986201772304,4624.83723502797
DJI,Djibouti,2019,6315.295943406365,0.1612119445949836,6315.295943406365
DJI,Djibouti,2020,6490.273741888258,0.1559003592663565,6490.273741888258
DJI,Djibouti,2021,5928.016688073245,0.15669364768479854,5928.016688073245
DJI,Djibouti,2022,6913.286400180811,0.1635430013053137,6913.286400180811
DJI,Djibouti,2023,8235.411910725934,0.16577835213054581,8235.411910725934
DMA,Dominica,1970,5375.58405191863,,5375.58405191863
DMA,Dominica,1971,5765.9481636490245,,5765.9481636490245
DMA,Dominica,1972,6107.567502129874,,6107.567502129874
DMA,Dominica,1973,6516.319426766042,,6516.319426766042
DMA,Dominica,1974,6022.4140160421575,,6022.4140160421575
DMA,Dominica,1975,6315.3132456915055,,6315.3132456915055
DMA,Dominica,1976,6567.752157530945,,6567.752157530945
DMA,Dominica,1977,6510.594390134919,,6510.594390134919
DMA,Dominica,1978,7302.4321098111495,,7302.4321098111495
DMA,Dominica,1979,6237.923640653491,,6237.923640653491
DMA,Dominica,1980,6792.430857589781,,6792.430857589781
DMA,Dominica,1981,7734.455347707957,,7734.455347707957
DMA,Dominica,1982,8119.026837358381,,8119.026837358381
DMA,Dominica,1983,8371.014062284086,,8371.014062284086
DMA,Dominica,1984,8669.618047725035,,8669.618047725035
DMA,Dominica,1985,8148.639144693284,,8148.639144693284
DMA,Dominica,1986,8778.471140435062,,8778.471140435062
DMA,Dominica,1987,9415.104470998831,,9415.104470998831
DMA,Dominica,1988,9897.725208800262,,9897.725208800262
DMA,Dominica,1989,9858.1961035166,0.34777698144806213,9858.1961035166
DMA,Dominica,1990,10539.504882377712,0.34572378795893116,10539.504882377712
DMA,Dominica,1991,10260.296374373615,0.343670636541063,10260.296374373615
DMA,Dominica,1992,10812.607939562295,0.34563646413684096,10812.607939562295
DMA,Dominica,1993,11026.913915100717,0.3476022649023894,11026.913915100717
DMA,Dominica,1994,10669.194277816314,0.34956809529053356,10669.194277816314
DMA,Dominica,1995,11287.630178343938,0.35153389883102537,11287.630178343938
DMA,Dominica,1996,12111.607650363334,0.35349972532146234,12111.607650363334
DMA,Dominica,1997,11068.112891577626,0.35546555639725536,11068.112891577626
DMA,Dominica,1998,9734.690654995919,0.35743137527192287,9734.690654995919
DMA,Dominica,1999,9664.11893558516,0.35939720574632783,9664.11893558516
DMA,Dominica,2000,10293.406136993519,0.3613630280256864,10293.406136993519
DMA,Dominica,2001,8595.236015856095,0.36332883715853004,8595.236015856095
DMA,Dominica,2002,8307.401047323183,,8307.401047323183
DMA,Dominica,2003,8501.743672286542,,8501.743672286542
DMA,Dominica,2004,8363.937775575303,,8363.937775575303
DMA,Dominica,2005,9091.377175051648,,9091.377175051648
DMA,Dominica,2006,9300.760400505595,,9300.760400505595
DMA,Dominica,2007,10032.802192100324,,10032.802192100324
DMA,Dominica,2008,11458.67644592635,,11458.67644592635
DMA,Dominica,2009,10055.627078371865,,10055.627078371865
DMA,Dominica,2010,11377.182165276143,,11377.182165276143
DMA,Dominica,2011,10877.108668171999,,10877.108668171999
DMA,Dominica,2012,11722.032324080283,,11722.032324080283
DMA,Dominica,2013,11099.646986278964,,11099.646986278964
DMA,Dominica,2014,11601.774262234805,,11601.774262234805
DMA,Dominica,2015,11159.417968195214,,11159.417968195214
DMA,Dominica,2016,12119.430552076157,,12119.430552076157
DMA,Dominica,2017,11493.127720847757,,11493.127720847757
DMA,Dominica,2018,12665.467280873207,,12665.467280873207
DMA,Dominica,2019,14700.947695784385,,14700.947695784385
DMA,Dominica,2020,13083.399193337666,,13083.399193337666
DMA,Dominica,2021,14593.985225397875,,14593.985225397875
DMA,Dominica,2022,15560.08130314638,,15560.08130314638
DMA,Dominica,2023,16019.497626061946,,16019.497626061946
DNK,Denmark,1950,11824.3716989895,0.4619082204215531,11824.3716989895
DNK,Denmark,1951,11534.143751073423,0.46374216049608535,11534.143751073423
DNK,Denmark,1952,11699.289558150198,0.4561536500499378,11699.289558150198
DNK,Denmark,1953,12331.50831582075,0.46250642146556,12331.50831582075
DNK,Denmark,1954,12639.91179487934,0.46265089837678725,12639.91179487934
DNK,Denmark,1955,12506.047919497782,0.4578508437118539,12506.047919497782
DNK,Denmark,1956,12681.649076734047,0.4525520436757009,12681.649076734047
DNK,Denmark,1957,13246.666555414678,0.4513250118847995,13246.666555414678
DNK,Denmark,1958,13427.172698047909,0.4500867070636913,13427.172698047909
DNK,Denmark,1959,14401.711431667996,0.455674939505808,14401.711431667996
DNK,Denmark,1960,15160.701398206731,0.46072693644415463,15160.701398206731
DNK,Denmark,1961,16025.048168238312,0.4645343993626434,16025.048168238312
DNK,Denmark,1962,16663.415755041555,0.46790330090136306,16663.415755041555
DNK,Denmark,1963,16798.98753817032,0.469943936944828,16798.98753817032
DNK,Denmark,1964,18019.44792770534,0.4758790502420018,18019.44792770534
DNK,Denmark,1965,18649.54705622306,0.48072340671393754,18649.54705622306
DNK,Denmark,1966,18995.462741329313,0.48491507788248167,18995.462741329313
DNK,Denmark,1967,19856.368813888148,0.4808031151809553,19856.368813888148
DNK,Denmark,1968,20862.06371870517,0.4816222262412702,20862.06371870517
DNK,Denmark,1969,22084.241128386428,0.48858341946519857,22084.241128386428
DNK,Denmark,1970,22201.79595176628,0.49127771582100477,22201.79595176628
DNK,Denmark,1971,22703.338810798658,0.48715830070316873,22703.338810798658
DNK,Denmark,1972,23476.055606619397,0.4941021078370806,23476.055606619397
DNK,Denmark,1973,24365.65204980091,0.49725797530865296,24365.65204980091
DNK,Denmark,1974,23928.46612178613,0.4909183000174923,23928.46612178613
DNK,Denmark,1975,23531.293536578138,0.4830627363761442,23531.293536578138
DNK,Denmark,1976,24770.029845420828,0.49008200032854415,24770.029845420828
DNK,Denmark,1977,25334.213360840724,0.48744596718813843,25334.213360840724
DNK,Denmark,1978,26013.586004114535,0.4900386998483056,26013.586004114535
DNK,Denmark,1979,27015.22127637287,0.4944027594596294,27015.22127637287
DNK,Denmark,1980,27053.92577728129,0.4909672495800008,27053.92577728129
DNK,Denmark,1981,26093.559539357495,0.4833986595460623,26093.559539357495
DNK,Denmark,1982,26537.343778515147,0.4859343803311206,26537.343778515147
DNK,Denmark,1983,26757.611668038917,0.4866159491810935,26757.611668038917
DNK,Denmark,1984,27310.386068123145,0.4939099760053374,27310.386068123145
DNK,Denmark,1985,27715.312297120778,0.5051949023696919,27715.312297120778
DNK,Denmark,1986,29829.142954032737,0.5168527144875122,29829.142954032737
DNK,Denmark,1987,30722.865629361604,0.5200935545304861,30722.865629361604
DNK,Denmark,1988,30964.67600552865,0.517338904980788,30964.67600552865
DNK,Denmark,1989,31304.579423365605,0.5153772251705735,31304.579423365605
DNK,Denmark,1990,32288.052966091393,0.5123741998058053,32288.052966091393
DNK,Denmark,1991,32523.270415542615,0.5060449484437654,32523.270415542615
DNK,Denmark,1992,33840.22723102035,0.5003113077179303,33840.22723102035
DNK,Denmark,1993,33647.37815538069,0.49042001859255335,33647.37815538069
DNK,Denmark,1994,35168.45752364013,0.4985940516633987,35168.45752364013
DNK,Denmark,1995,36281.00840091261,0.49933188207625123,36281.00840091261
DNK,Denmark,1996,37417.63596822234,0.501215969673791,37417.63596822234
DNK,Denmark,1997,39036.13280233717,0.5059832191891162,39036.13280233717
DNK,Denmark,1998,40164.997859268646,0.5113425424631797,40164.997859268646
DNK,Denmark,1999,41826.09218010413,0.5139376142343206,41826.09218010413
DNK,Denmark,2000,44168.05580057749,0.5160249669466733,44168.05580057749
DNK,Denmark,2001,44187.29711048759,0.5193132874209511,44187.29711048759
DNK,Denmark,2002,44456.96339946045,0.5178683506586137,44456.96339946045
DNK,Denmark,2003,44022.15097706757,0.511788044052044,44022.15097706757
DNK,Denmark,2004,45814.068872467484,0.5078241737995314,45814.068872467484
DNK,Denmark,2005,48122.90284903465,0.5135682921297948,48122.90284903465
DNK,Denmark,2006,49505.4582412247,0.5233950832957708,49505.4582412247
DNK,Denmark,2007,50765.7247216799,0.5332999800003241,50765.7247216799
DNK,Denmark,2008,53573.31626367642,0.5367984046571604,53573.31626367642
DNK,Denmark,2009,51242.702790587944,0.5171419745890705,51242.702790587944
DNK,Denmark,2010,53878.92712022629,0.5028514248527532,53878.92712022629
DNK,Denmark,2011,56027.30503914215,0.5002090607123618,56027.30503914215
DNK,Denmark,2012,55357.81043423928,0.4948859512923779,55357.81043423928
DNK,Denmark,2013,54268.275363188615,0.4930985064231543,54268.275363188615
DNK,Denmark,2014,53968.96462734111,0.493649956805989,53968.96462734111
DNK,Denmark,2015,53149.21562552288,0.49745918503199593,53149.21562552288
DNK,Denmark,2016,54687.670483280875,0.5015123239057865,54687.670483280875
DNK,Denmark,2017,57154.4868683792,0.5058482351884402,57154.4868683792
DNK,Denmark,2018,57605.057126346954,0.5111309720603198,57605.057126346954
DNK,Denmark,2019,60805.80551465289,0.5163888271426205,60805.80551465289
DNK,Denmark,2020,60954.6347613748,0.5095404226549962,60954.6347613748
DNK,Denmark,2021,65052.27876224052,0.5190669086240434,65052.27876224052
DNK,Denmark,2022,66656.24877179097,0.5349991108346265,66656.24877179097
DNK,Denmark,2023,65902.95157171927,0.5383256194179201,65902.95157171927
DOM,Dominican Republic,1951,2766.9408480116795,0.24044281166081624,2766.9408480116795
DOM,Dominican Republic,1952,2811.9384323660106,0.2389025940661948,2811.9384323660106
DOM,Dominican Republic,1953,2744.2043022581774,0.2373643251183193,2744.2043022581774
DOM,Dominican Republic,1954,2919.7945551432745,0.23582398274274824,2919.7945551432745
DOM,Dominican Republic,1955,2850.506220494199,0.23428174168995103,2850.506220494199
DOM,Dominican Republic,1956,2970.834054696146,0.23274441529189357,2970.834054696146
DOM,Dominican Republic,1957,3081.823602157869,0.23120289363003993,3081.823602157869
DOM,Dominican Republic,1958,2930.017849689679,0.22966174156880295,2930.017849689679
DOM,Dominican Republic,1959,3170.707839619123,0.22812446872583497,3170.707839619123
DOM,Dominican Republic,1960,3646.7060277604546,0.22658278073580101,3646.7060277604546
DOM,Dominican Republic,1961,3462.5176762097935,0.2287550660780395,3462.5176762097935
DOM,Dominican Republic,1962,3700.185341767635,0.23092405217580714,3700.185341767635
DOM,Dominican Republic,1963,3480.9440329701492,0.23309574322610233,3480.9440329701492
DOM,Dominican Republic,1964,3483.890906429592,0.2352644305073551,3483.890906429592
DOM,Dominican Republic,1965,3157.0509599893635,0.23743523832864735,3157.0509599893635
DOM,Dominican Republic,1966,3152.5522163815294,0.2396062668140732,3152.5522163815294
DOM,Dominican Republic,1967,3156.7609480666406,0.2417766770196681,3156.7609480666406
DOM,Dominican Republic,1968,3003.562169476469,0.24394667328375588,3003.562169476469
DOM,Dominican Republic,1969,3155.5569051866396,0.24611866576356478,3155.5569051866396
DOM,Dominican Republic,1970,3523.6050252569166,0.24828839799950447,3523.6050252569166
DOM,Dominican Republic,1971,3705.439936075367,0.25049645883640637,3705.439936075367
DOM,Dominican Republic,1972,4325.747464790064,0.2527031684233159,4325.747464790064
DOM,Dominican Republic,1973,4622.140479738833,0.25491070805850496,4622.140479738833
DOM,Dominican Republic,1974,4485.349809567057,0.2571173615512647,4485.349809567057
DOM,Dominican Republic,1975,4570.82224684135,0.25932454588861287,4570.82224684135
DOM,Dominican Republic,1976,5062.032052664232,0.26153203300894484,5062.032052664232
DOM,Dominican Republic,1977,4892.437866302959,0.26373804701069126,4892.437866302959
DOM,Dominican Republic,1978,4803.796279660858,0.26594504150385134,4803.796279660858
DOM,Dominican Republic,1979,4863.590098466999,0.26815311477356524,4863.590098466999
DOM,Dominican Republic,1980,4625.458323100374,0.27035947091197876,4625.458323100374
DOM,Dominican Republic,1981,5140.761689558561,0.27284528290015275,5140.761689558561
DOM,Dominican Republic,1982,5118.374348002219,0.27533255221779546,5118.374348002219
DOM,Dominican Republic,1983,5259.964563106125,0.2778168912386323,5259.964563106125
DOM,Dominican Republic,1984,5716.217966096574,0.28030279702856237,5716.217966096574
DOM,Dominican Republic,1985,5725.817586655519,0.28278884452526776,5725.817586655519
DOM,Dominican Republic,1986,5955.871360524579,0.2852754175410975,5955.871360524579
DOM,Dominican Republic,1987,6512.48835663682,0.2877602460243441,6512.48835663682
DOM,Dominican Republic,1988,6766.103449864012,0.29024707200873023,6766.103449864012
DOM,Dominican Republic,1989,6208.156017955542,0.29273265350368416,6208.156017955542
DOM,Dominican Republic,1990,5639.473688626442,0.2952181615469785,5639.473688626442
DOM,Dominican Republic,1991,5623.075560562658,0.307002664800809,5623.075560562658
DOM,Dominican Republic,1992,6430.652485325897,0.32381812332805465,6430.652485325897
DOM,Dominican Republic,1993,6911.2343904962645,0.31858620363861323,6911.2343904962645
DOM,Dominican Republic,1994,7098.256692915013,0.31703126661495923,7098.256692915013
DOM,Dominican Republic,1995,7125.8073063082875,0.31173424584621545,7125.8073063082875
DOM,Dominican Republic,1996,7287.850586600544,0.3100987811781047,7287.850586600544
DOM,Dominican Republic,1997,7936.56550240284,0.3207308601180084,7936.56550240284
DOM,Dominican Republic,1998,8754.391693466543,0.34238649882282507,8754.391693466543
DOM,Dominican Republic,1999,9206.081186077823,0.3484590849882764,9206.081186077823
DOM,Dominican Republic,2000,9161.001030673833,0.35406966677122714,9161.001030673833
DOM,Dominican Republic,2001,9958.022398757013,0.34395934038149906,9958.022398757013
DOM,Dominican Republic,2002,9864.90893966326,0.35276946493422284,9864.90893966326
DOM,Dominican Republic,2003,9050.939342161231,0.3479153981711486,9050.939342161231
DOM,Dominican Republic,2004,9279.356533004455,0.35263261939660573,9279.356533004455
DOM,Dominican Republic,2005,10297.846530972134,0.3555258386442088,10297.846530972134
DOM,Dominican Republic,2006,11475.213611862653,0.368726443182704,11475.213611862653
DOM,Dominican Republic,2007,12481.609225397111,0.37729748249246325,12481.609225397111
DOM,Dominican Republic,2008,12648.790481796445,0.3917636507506071,12648.790481796445
DOM,Dominican Republic,2009,13300.643729181205,0.3901243426364726,13300.643729181205
DOM,Dominican Republic,2010,14310.887726033394,0.40082484285318437,14310.887726033394
DOM,Dominican Republic,2011,14483.531872972037,0.41120640762787264,14483.531872972037
DOM,Dominican Republic,2012,14497.00482681392,0.4117701512070133,14497.00482681392
DOM,Dominican Republic,2013,14360.854866859208,0.4142938463743157,14360.854866859208
DOM,Dominican Republic,2014,15125.923813594418,0.42843708149385856,15125.923813594418
DOM,Dominican Republic,2015,16364.346387468351,0.43876025319737677,16364.346387468351
DOM,Dominican Republic,2016,17522.479772883864,0.44829411974445743,17522.479772883864
DOM,Dominican Republic,2017,17904.395424213144,0.45633062347493253,17904.395424213144
DOM,Dominican Republic,2018,18906.709197682485,0.46804879449901704,18906.709197682485
DOM,Dominican Republic,2019,20678.732404489318,0.4760913097448642,20678.732404489318
DOM,Dominican Republic,2020,19624.52053223477,0.4445224017375626,19624.52053223477
DOM,Dominican Republic,2021,22003.98480430038,0.4582851584231827,22003.98480430038
DOM,Dominican Republic,2022,22716.010258100672,0.46820786133726433,22716.010258100672
DOM,Dominican Republic,2023,23082.186763790272,0.4795308821757703,23082.186763790272
DZA,Algeria,1960,12589.2376850237,0.1728746678298525,12589.2376850237
DZA,Algeria,1961,10743.817743205347,0.17003877079469473,10743.817743205347
DZA,Algeria,1962,6143.307511266596,0.16720192049771743,6143.307511266596
DZA,Algeria,1963,6959.914496968413,0.1643661589841863,6959.914496968413
DZA,Algeria,1964,7121.742165397387,0.1615295457654469,7121.742165397387
DZA,Algeria,1965,7527.87690432905,0.15869396031217956,7527.87690432905
DZA,Algeria,1966,6518.039510176762,0.15585768881875905,6518.039510176762
DZA,Algeria,1967,7064.890479788192,0.153021443044595,7064.890479788192
DZA,Algeria,1968,7681.638836750781,0.150184807309658,7681.638836750781
DZA,Algeria,1969,8163.493951930562,0.147348894834759,8163.493951930562
DZA,Algeria,1970,9062.20297838341,0.14451275544757333,9062.20297838341
DZA,Algeria,1971,8497.736770703832,0.14467553296341581,8497.736770703832
DZA,Algeria,1972,9416.947830786454,0.14134677463873405,9416.947830786454
DZA,Algeria,1973,9872.376743999637,0.13741930181717982,9872.376743999637
DZA,Algeria,1974,11919.771816529974,0.1375840204034149,11919.771816529974
DZA,Algeria,1975,12291.33495116527,0.14208452901935414,12291.33495116527
DZA,Algeria,1976,11924.87664671644,0.14563482893739232,11924.87664671644
DZA,Algeria,1977,12926.304621111174,0.140933256653445,12926.304621111174
DZA,Algeria,1978,13997.361137338754,0.16259682339185974,13997.361137338754
DZA,Algeria,1979,14448.24702113557,0.17119101305520065,14448.24702113557
DZA,Algeria,1980,14051.00023517811,0.17298678990856053,14051.00023517811
DZA,Algeria,1981,15013.306094303309,0.17418574426069253,15013.306094303309
DZA,Algeria,1982,15160.164390237129,0.17937330596318363,15160.164390237129
DZA,Algeria,1983,15452.226833539942,0.18171237444866029,15452.226833539942
DZA,Algeria,1984,15570.135397433121,0.18215510849253871,15570.135397433121
DZA,Algeria,1985,15666.012481334521,0.1825494347280738,15666.012481334521
DZA,Algeria,1986,12980.044700272349,0.1832391643731795,12980.044700272349
DZA,Algeria,1987,12074.398405724303,0.18406266460719808,12074.398405724303
DZA,Algeria,1988,10621.051562336164,0.1853030594080185,10621.051562336164
DZA,Algeria,1989,10680.271676021537,0.18655877699276677,10680.271676021537
DZA,Algeria,1990,10995.950720390796,0.18713356577115567,10995.950720390796
DZA,Algeria,1991,10526.789111467448,0.1886322969603379,10526.789111467448
DZA,Algeria,1992,10237.670309571284,0.18827479918161916,10237.670309571284
DZA,Algeria,1993,9567.617984174827,0.18642705786035277,9567.617984174827
DZA,Algeria,1994,9419.77097335312,0.18642337311336651,9419.77097335312
DZA,Algeria,1995,9672.115257323001,0.19271354165173427,9672.115257323001
DZA,Algeria,1996,10004.07070646812,0.19584633044641683,10004.07070646812
DZA,Algeria,1997,9510.178671903031,0.19914280046834543,9510.178671903031
DZA,Algeria,1998,9718.726747166522,0.20213154142127873,9718.726747166522
DZA,Algeria,1999,9934.78914270012,0.20201999405579948,9934.78914270012
DZA,Algeria,2000,10852.859015205624,0.20451231400883765,10852.859015205624
DZA,Algeria,2001,10791.877134312768,0.21315114399004367,10791.877134312768
DZA,Algeria,2002,11033.086807008383,0.21978497136812813,11033.086807008383
DZA,Algeria,2003,11871.14632951989,0.20989639485204326,11871.14632951989
DZA,Algeria,2004,12312.689938723719,0.24129765477080867,12312.689938723719
DZA,Algeria,2005,13794.2544770496,0.24537121986974308,13794.2544770496
DZA,Algeria,2006,14977.13292450823,0.26644544086987065,14977.13292450823
DZA,Algeria,2007,15259.317569214987,0.2537767356402136,15259.317569214987
DZA,Algeria,2008,16057.123710481223,0.2652271304366622,16057.123710481223
DZA,Algeria,2009,14478.37227738339,0.2696641681307363,14478.37227738339
DZA,Algeria,2010,16413.151500393662,0.2718987383965275,16413.151500393662
DZA,Algeria,2011,17194.74459464088,0.2629015007804473,17194.74459464088
DZA,Algeria,2012,16823.054438000407,0.27293490892243316,16823.054438000407
DZA,Algeria,2013,16165.019219079333,0.28364194580016316,16165.019219079333
DZA,Algeria,2014,15788.426490467513,0.26373765133167987,15788.426490467513
DZA,Algeria,2015,14461.870603224741,0.2672153248926693,14461.870603224741
DZA,Algeria,2016,13869.12332587716,0.2678503342073424,13869.12332587716
DZA,Algeria,2017,13466.996050953028,0.26265693737862567,13466.996050953028
DZA,Algeria,2018,13189.371270956488,0.26085179972959205,13189.371270956488
DZA,Algeria,2019,13737.478041691442,0.25865592771647034,13737.478041691442
DZA,Algeria,2020,13028.900012944436,0.23660359286241428,13028.900012944436
DZA,Algeria,2021,13909.083755964079,0.2389691282012289,13909.083755964079
DZA,Algeria,2022,14451.169074372321,0.2518269602603241,14451.169074372321
DZA,Algeria,2023,14579.802324826505,0.25245939082581464,14579.802324826505
ECU,Ecuador,1950,5970.992238886592,0.3082831025923658,5970.992238886592
ECU,Ecuador,1951,6419.870188666435,0.3060970187802193,6419.870188666435
ECU,Ecuador,1952,6318.903897843354,0.3039095377564899,6318.903897843354
ECU,Ecuador,1953,7165.362292961976,0.3016715417096361,7165.362292961976
ECU,Ecuador,1954,8242.592091337208,0.2993404181108832,8242.592091337208
ECU,Ecuador,1955,8507.697920852237,0.2968856737366549,8507.697920852237
ECU,Ecuador,1956,8417.843210023642,0.29436121758825257,8417.843210023642
ECU,Ecuador,1957,8339.659464547154,0.29181009369536653,8339.659464547154
ECU,Ecuador,1958,8082.854687503517,0.28919684726434697,8082.854687503517
ECU,Ecuador,1959,8422.418985656437,0.28649295351661175,8422.418985656437
ECU,Ecuador,1960,8848.05321920132,0.2836757575753896,8848.05321920132
ECU,Ecuador,1961,8944.3996191244,0.28174372283805194,8944.3996191244
ECU,Ecuador,1962,8694.58499207938,0.279740279818303,8694.58499207938
ECU,Ecuador,1963,8719.847166571397,0.2776920782706643,8719.847166571397
ECU,Ecuador,1964,9111.391640488837,0.27562456004994995,9111.391640488837
ECU,Ecuador,1965,9124.788700327701,0.2735572278661133,9124.788700327701
ECU,Ecuador,1966,9228.709625578418,0.2720446583335441,9228.709625578418
ECU,Ecuador,1967,10064.705792004568,0.27052801891452766,10064.705792004568
ECU,Ecuador,1968,10205.76364988794,0.2690262263339224,10205.76364988794
ECU,Ecuador,1969,9874.828671220559,0.26755260902621136,9874.828671220559
ECU,Ecuador,1970,10291.442682645298,0.26612618897731044,10291.442682645298
ECU,Ecuador,1971,10362.471691872559,0.26912248485702167,10362.471691872559
ECU,Ecuador,1972,10303.217089618463,0.2721941068828574,10303.217089618463
ECU,Ecuador,1973,8492.255639960411,0.27534054027063093,8492.255639960411
ECU,Ecuador,1974,7609.387306096213,0.278559990606508,7609.387306096213
ECU,Ecuador,1975,8309.13599773315,0.2818540788693557,8309.13599773315
ECU,Ecuador,1976,8544.155662402443,0.28324985475387354,8544.155662402443
ECU,Ecuador,1977,8646.010622980306,0.28467907250960595,8646.010622980306
ECU,Ecuador,1978,8821.520762478369,0.2861779424931158,8821.520762478369
ECU,Ecuador,1979,8943.699647710888,0.2877773172720534,8943.699647710888
ECU,Ecuador,1980,9015.00020297881,0.28950857284916126,9015.00020297881
ECU,Ecuador,1981,9306.21069768246,0.29040342702597854,9306.21069768246
ECU,Ecuador,1982,8938.008133326706,0.29091256869035426,8938.008133326706
ECU,Ecuador,1983,8623.878227407145,0.29154029067314474,8623.878227407145
ECU,Ecuador,1984,8366.57408822603,0.29228360861616176,8366.57408822603
ECU,Ecuador,1985,8277.86088598685,0.29313702973305134,8277.86088598685
ECU,Ecuador,1986,7544.876397418058,0.2935524499942447,7544.876397418058
ECU,Ecuador,1987,7323.823003766122,0.2950938146867339,7323.823003766122
ECU,Ecuador,1988,6596.352693259125,0.29566742880322744,6596.352693259125
ECU,Ecuador,1989,6563.606306261798,0.3064488189116383,6563.606306261798
ECU,Ecuador,1990,6984.989888456514,0.3185550358940593,6984.989888456514
ECU,Ecuador,1991,7040.253546407434,0.3250737272663146,7040.253546407434
ECU,Ecuador,1992,6993.609487006923,0.3280216230724901,6993.609487006923
ECU,Ecuador,1993,6269.906747180498,0.33216556516666973,6269.906747180498
ECU,Ecuador,1994,6238.230204110956,0.3383230595100806,6238.230204110956
ECU,Ecuador,1995,6130.896540696986,0.340703306930307,6130.896540696986
ECU,Ecuador,1996,6175.22828392297,0.3471294332004487,6175.22828392297
ECU,Ecuador,1997,5754.997147191614,0.3565448699808821,5754.997147191614
ECU,Ecuador,1998,5605.697350354056,0.3673205057615542,5605.697350354056
ECU,Ecuador,1999,5155.049883547921,0.3421912497863913,5155.049883547921
ECU,Ecuador,2000,5644.853660465438,0.36196448357919875,5644.853660465438
ECU,Ecuador,2001,5705.036441559508,0.3748049888550385,5705.036441559508
ECU,Ecuador,2002,6181.246404642792,0.37900398124649576,6181.246404642792
ECU,Ecuador,2003,6500.399267336538,0.38293651284700186,6500.399267336538
ECU,Ecuador,2004,7333.1140312363395,0.40918832000451694,7333.1140312363395
ECU,Ecuador,2005,8666.158202998187,0.41565487720891264,8666.158202998187
ECU,Ecuador,2006,9261.303724919213,0.4236792124696597,9261.303724919213
ECU,Ecuador,2007,9687.813769888042,0.4338936462162294,9687.813769888042
ECU,Ecuador,2008,10710.137799462402,0.4364165187718379,10710.137799462402
ECU,Ecuador,2009,10169.364565005395,0.43891025046980114,10169.364565005395
ECU,Ecuador,2010,10878.013011140703,0.44661104205269386,10878.013011140703
ECU,Ecuador,2011,12045.469100124905,0.454350135881931,12045.469100124905
ECU,Ecuador,2012,12684.429093613913,0.45999652193441337,12684.429093613913
ECU,Ecuador,2013,13683.549914949761,0.46538999165049016,13683.549914949761
ECU,Ecuador,2014,13719.168152363523,0.4679769470216626,13719.168152363523
ECU,Ecuador,2015,12325.955507500974,0.47123640714165765,12325.955507500974
ECU,Ecuador,2016,12024.14801686917,0.46982252521377615,12024.14801686917
ECU,Ecuador,2017,12730.572137839994,0.4762233123231669,12730.572137839994
ECU,Ecuador,2018,13054.907888461787,0.4791123052192108,13054.907888461787
ECU,Ecuador,2019,13312.86143626931,0.47558393597168774,13312.86143626931
ECU,Ecuador,2020,12128.193878513503,0.42191118894619967,12128.193878513503
ECU,Ecuador,2021,13593.863124145551,0.4668019380334155,13593.863124145551
ECU,Ecuador,2022,14293.8061258433,0.47378331209718955,14293.8061258433
ECU,Ecuador,2023,14189.420211519602,0.47363279016354426,14189.420211519602
EGY,Egypt,1950,1043.3544864960256,0.25651457103098374,1043.3544864960256
EGY,Egypt,1951,1062.4426751169046,0.255108559864386,1062.4426751169046
EGY,Egypt,1952,977.1768754690905,0.25370234642902906,977.1768754690905
EGY,Egypt,1953,944.1923235096743,0.2522957675332944,944.1923235096743
EGY,Egypt,1954,970.356843718827,0.25088971738597093,970.356843718827
EGY,Egypt,1955,980.4858245334913,0.24948352473709826,980.4858245334913
EGY,Egypt,1956,993.1239490951828,0.24807742395094426,993.1239490951828
EGY,Egypt,1957,1020.9775892730341,0.24667117784945308,1020.9775892730341
EGY,Egypt,1958,1015.3672712039247,0.2452648394712137,1015.3672712039247
EGY,Egypt,1959,1071.2334687762461,0.2438584916521313,1071.2334687762461
EGY,Egypt,1960,1094.2982807817202,0.24245236583944893,1094.2982807817202
EGY,Egypt,1961,1117.8387682562131,0.2271532024690668,1117.8387682562131
EGY,Egypt,1962,1146.368232595994,0.2254674200074128,1146.368232595994
EGY,Egypt,1963,1199.3355309709664,0.2261588673751079,1199.3355309709664
EGY,Egypt,1964,1331.6551084497976,0.2231995128703159,1331.6551084497976
EGY,Egypt,1965,1335.1211033678335,0.2206815864727901,1335.1211033678335
EGY,Egypt,1966,1353.1972778726997,0.2247350220047917,1353.1972778726997
EGY,Egypt,1967,1346.5151715780312,0.21518460839378958,1346.5151715780312
EGY,Egypt,1968,1432.5596964367903,0.21582749071284638,1432.5596964367903
EGY,Egypt,1969,1500.0817871262075,0.21658746686215502,1500.0817871262075
EGY,Egypt,1970,1705.1492422594854,0.22029183460491933,1705.1492422594854
EGY,Egypt,1971,1715.5309385915557,0.21826001414310572,1715.5309385915557
EGY,Egypt,1972,1775.6408825925455,0.21590696094452205,1775.6408825925455
EGY,Egypt,1973,1719.88949671855,0.22248472188447088,1719.88949671855
EGY,Egypt,1974,1816.2020208789295,0.22182694306779432,1816.2020208789295
EGY,Egypt,1975,1980.3024743688973,0.22835733836482533,1980.3024743688973
EGY,Egypt,1976,1939.0227956226367,0.2299915364015817,1939.0227956226367
EGY,Egypt,1977,2028.6394598181498,0.23044867150544668,2028.6394598181498
EGY,Egypt,1978,2112.787918474345,0.23299860732158217,2112.787918474345
EGY,Egypt,1979,2031.455029047171,0.23302863203822763,2031.455029047171
EGY,Egypt,1980,2028.1123410603675,0.23474115761313324,2028.1123410603675
EGY,Egypt,1981,2322.900469196068,0.23539850923655903,2322.900469196068
EGY,Egypt,1982,2276.755618006279,0.2342973935191988,2276.755618006279
EGY,Egypt,1983,2311.307029874314,0.23066001705066433,2311.307029874314
EGY,Egypt,1984,2399.6192679689016,0.22697860252078417,2399.6192679689016
EGY,Egypt,1985,2361.3265731240826,0.2215276024943861,2361.3265731240826
EGY,Egypt,1986,2354.2602118192835,0.215496424134896,2354.2602118192835
EGY,Egypt,1987,2333.6626354334235,0.21991142137060782,2333.6626354334235
EGY,Egypt,1988,2200.178797601588,0.21979686498168313,2200.178797601588
EGY,Egypt,1989,2328.085970178225,0.22172190848258605,2328.085970178225
EGY,Egypt,1990,2600.923042752236,0.22061454697578206,2600.923042752236
EGY,Egypt,1991,3006.43792407526,0.22253692373589884,3006.43792407526
EGY,Egypt,1992,3138.531948502179,0.2217262622993247,3138.531948502179
EGY,Egypt,1993,3682.514727528738,0.2221323164992937,3682.514727528738
EGY,Egypt,1994,4057.7122483080925,0.22539959012714497,4057.7122483080925
EGY,Egypt,1995,4570.8389605521015,0.22918709714596322,4570.8389605521015
EGY,Egypt,1996,5400.810903817459,0.22623556490154392,5400.810903817459
EGY,Egypt,1997,5407.4975844542305,0.2293709024767308,5407.4975844542305
EGY,Egypt,1998,5307.468701002273,0.23154746382170824,5307.468701002273
EGY,Egypt,1999,5381.17822086098,0.23428587884326318,5381.17822086098
EGY,Egypt,2000,5429.628665154127,0.23308326682921365,5429.628665154127
EGY,Egypt,2001,5523.1046533242925,0.2323220096598553,5523.1046533242925
EGY,Egypt,2002,6037.822476925467,0.22997295878216328,6037.822476925467
EGY,Egypt,2003,6067.814741725066,0.23077430601804044,6067.814741725066
EGY,Egypt,2004,6182.159367532749,0.23242801158510346,6182.159367532749
EGY,Egypt,2005,6396.881735890717,0.23632594252121467,6396.881735890717
EGY,Egypt,2006,6790.03266163044,0.2386248260235697,6790.03266163044
EGY,Egypt,2007,7700.410910669053,0.25144640980743976,7700.410910669053
EGY,Egypt,2008,9091.490779765381,0.25332795283118203,9091.490779765381
EGY,Egypt,2009,9655.730179719154,0.25591656257333406,9655.730179719154
EGY,Egypt,2010,10868.631636603908,0.2626133355701011,10868.631636603908
EGY,Egypt,2011,12028.401362610954,0.2540854620088178,12028.401362610954
EGY,Egypt,2012,13851.518995593446,0.25325079629369374,13851.518995593446
EGY,Egypt,2013,13472.580844647635,0.2513905448053982,13472.580844647635
EGY,Egypt,2014,12868.59116296222,0.24901064605566584,12868.59116296222
EGY,Egypt,2015,13267.5779640786,0.2486034462863296,13267.5779640786
EGY,Egypt,2016,12887.624052471696,0.2489727809557241,12887.624052471696
EGY,Egypt,2017,13209.476470257689,0.25049797886434777,13209.476470257689
EGY,Egypt,2018,14676.211374085755,0.24587703891205162,14676.211374085755
EGY,Egypt,2019,15040.629955282206,0.24254284005149532,15040.629955282206
EGY,Egypt,2020,16144.711366745558,0.23969633460594986,16144.711366745558
EGY,Egypt,2021,16152.609756744701,0.24516772583020804,16152.609756744701
EGY,Egypt,2022,16832.564881802016,0.24807212420355404,16832.564881802016
EGY,Egypt,2023,17073.41484545108,0.2503747609207375,17073.41484545108
ESP,Spain,1950,4305.450511030368,0.4148365048168487,4305.450511030368
ESP,Spain,1951,5030.094890343626,0.412757316498398,5030.094890343626
ESP,Spain,1952,5231.023659623691,0.4107437007489814,5231.023659623691
ESP,Spain,1953,4991.274571726733,0.4096968360885476,4991.274571726733
ESP,Spain,1954,5585.9197158781235,0.4090891938653773,5585.9197158781235
ESP,Spain,1955,5836.460928966531,0.4106991127138653,5836.460928966531
ESP,Spain,1956,6208.293289899075,0.4132997112931297,6208.293289899075
ESP,Spain,1957,6417.069201429292,0.4157470138365568,6417.069201429292
ESP,Spain,1958,6624.451805566826,0.41986682618674065,6624.451805566826
ESP,Spain,1959,6434.195632798361,0.41122641441042934,6434.195632798361
ESP,Spain,1960,7103.548031778867,0.4030901094865343,7103.548031778867
ESP,Spain,1961,7862.984632085584,0.40637604331807115,7862.984632085584
ESP,Spain,1962,8556.455020931073,0.4055961544125415,8556.455020931073
ESP,Spain,1963,9295.059128357798,0.4047693111254071,9295.059128357798
ESP,Spain,1964,9677.654352329531,0.40291722586268786,9677.654352329531
ESP,Spain,1965,10113.904935963876,0.4016361926864097,10113.904935963876
ESP,Spain,1966,10753.020885792343,0.4008754063413946,10753.020885792343
ESP,Spain,1967,11153.185161603751,0.398663291685857,11153.185161603751
ESP,Spain,1968,11785.732915827579,0.3968058800689471,11785.732915827579
ESP,Spain,1969,12751.837098812062,0.3966164825281441,12751.837098812062
ESP,Spain,1970,13154.525073298593,0.3969730842523183,13154.525073298593
ESP,Spain,1971,13650.748741467856,0.3961823562887377,13650.748741467856
ESP,Spain,1972,14600.818019941999,0.39670430998546113,14600.818019941999
ESP,Spain,1973,15521.368158480356,0.40265731269780236,15521.368158480356
ESP,Spain,1974,16068.449516175127,0.40074194698907256,16068.449516175127
ESP,Spain,1975,15970.209705510168,0.38946404449078886,15970.209705510168
ESP,Spain,1976,16542.659306042522,0.3806848810297908,16542.659306042522
ESP,Spain,1977,17077.729104898404,0.3730335375033425,17077.729104898404
ESP,Spain,1978,17423.4253481381,0.35889040937496575,17423.4253481381
ESP,Spain,1979,17490.931194563404,0.34799238339992944,17490.931194563404
ESP,Spain,1980,17988.360459715488,0.3375157251346538,17988.360459715488
ESP,Spain,1981,16933.896345919427,0.3271321430330984,16933.896345919427
ESP,Spain,1982,16235.713004783203,0.32234106325505063,16235.713004783203
ESP,Spain,1983,15776.178354965135,0.31952846996265727,15776.178354965135
ESP,Spain,1984,15404.351929192448,0.3109283414657937,15404.351929192448
ESP,Spain,1985,15104.802048095713,0.30636554263365756,15104.802048095713
ESP,Spain,1986,16087.363712626373,0.3120659041562584,16087.363712626373
ESP,Spain,1987,17262.39678461938,0.32556231466984076,17262.39678461938
ESP,Spain,1988,18500.59665338066,0.33547296377663954,18500.59665338066
ESP,Spain,1989,19744.594917011356,0.3461998413306192,19744.594917011356
ESP,Spain,1990,20872.20483091471,0.3581155000261277,20872.20483091471
ESP,Spain,1991,21863.680912889646,0.3616575304953331,21863.680912889646
ESP,Spain,1992,22378.678512867442,0.3547471600251936,22378.678512867442
ESP,Spain,1993,22651.75205573563,0.3428607624449881,22651.75205573563
ESP,Spain,1994,23561.60336905943,0.3395908974692063,23561.60336905943
ESP,Spain,1995,24740.35607752958,0.34456035806503665,24740.35607752958
ESP,Spain,1996,25507.220004328316,0.34809141511704095,25507.220004328316
ESP,Spain,1997,27222.825221937183,0.35961131522718803,27222.825221937183
ESP,Spain,1998,28901.190596945547,0.37382858104640515,28901.190596945547
ESP,Spain,1999,30025.394326106598,0.389337893209826,30025.394326106598
ESP,Spain,2000,32001.559784312805,0.4073547197324832,32001.559784312805
ESP,Spain,2001,33175.906234262715,0.4187498714511287,33175.906234262715
ESP,Spain,2002,34228.22184964239,0.4227435069357302,34228.22184964239
ESP,Spain,2003,33502.1098987043,0.42861604885700777,33502.1098987043
ESP,Spain,2004,33989.12342499286,0.4377813379246434,33989.12342499286
ESP,Spain,2005,35904.46789084846,0.4480189211224374,35904.46789084846
ESP,Spain,2006,38017.31666276172,0.45919848893421766,38017.31666276172
ESP,Spain,2007,40345.04449122162,0.4649294048235138,40345.04449122162
ESP,Spain,2008,40491.44724693087,0.45770773404799747,40491.44724693087
ESP,Spain,2009,39329.085896098186,0.4252799670227498,39329.085896098186
ESP,Spain,2010,38792.51662520644,0.4158218457533806,38792.51662520644
ESP,Spain,2011,38049.41941944263,0.4042260899948919,38049.41941944263
ESP,Spain,2012,37733.869198184715,0.3867766773395682,37733.869198184715
ESP,Spain,2013,36853.023136448996,0.3796377427702937,36853.023136448996
ESP,Spain,2014,37151.46651379057,0.38479783240905624,37151.46651379057
ESP,Spain,2015,39502.00076317881,0.3963195103877037,39502.00076317881
ESP,Spain,2016,41159.78645905675,0.4044186228549277,41159.78645905675
ESP,Spain,2017,42791.566126708814,0.41430167784021954,42791.566126708814
ESP,Spain,2018,42503.155629602225,0.4214919524870065,42503.155629602225
ESP,Spain,2019,45153.72355237477,0.42924669756433625,45153.72355237477
ESP,Spain,2020,39091.39787550995,0.40814113879240616,39091.39787550995
ESP,Spain,2021,42002.699491097475,0.41866760998720376,42002.699491097475
ESP,Spain,2022,44713.17888194504,0.429350765729493,44713.17888194504
ESP,Spain,2023,45786.76586718213,0.43678532140159687,45786.76586718213
EST,Estonia,1990,14110.036854750326,0.5294012336483876,14110.036854750326
EST,Estonia,1991,14799.685304650684,0.5175852229507922,14799.685304650684
EST,Estonia,1992,11372.712764135716,0.4965592070528603,11372.712764135716
EST,Estonia,1993,11075.866142805293,0.4685436548438819,11075.866142805293
EST,Estonia,1994,10902.598462506963,0.4602260098142425,10902.598462506963
EST,Estonia,1995,12017.938586324673,0.4380197982773013,12017.938586324673
EST,Estonia,1996,13097.125842800793,0.43459323438340897,13097.125842800793
EST,Estonia,1997,13744.2308248669,0.4407387813580418,13744.2308248669
EST,Estonia,1998,13923.872154643946,0.4364853809721316,13923.872154643946
EST,Estonia,1999,14066.218732589141,0.42121537724352476,14066.218732589141
EST,Estonia,2000,15414.615689940636,0.4181431395303254,15414.615689940636
EST,Estonia,2001,16345.794439229749,0.423097094089628,16345.794439229749
EST,Estonia,2002,17548.153489925222,0.425838282798561,17548.153489925222
EST,Estonia,2003,18411.758956578036,0.43758053085138493,18411.758956578036
EST,Estonia,2004,19458.61030061438,0.4386723235219032,19458.61030061438
EST,Estonia,2005,22585.44841146387,0.4510796516510767,22585.44841146387
EST,Estonia,2006,24225.920797045765,0.47597867748918016,24225.920797045765
EST,Estonia,2007,27211.540523455944,0.47964097122093974,27211.540523455944
EST,Estonia,2008,27648.002863902817,0.4802794591265674,27648.002863902817
EST,Estonia,2009,24565.930332671927,0.4321593561140246,24565.930332671927
EST,Estonia,2010,25708.65575016824,0.4115359401874215,25708.65575016824
EST,Estonia,2011,29893.13110611455,0.4396795767215951,29893.13110611455
EST,Estonia,2012,31916.133679389935,0.4483508900907262,31916.133679389935
EST,Estonia,2013,32100.364049308035,0.45565875145973617,32100.364049308035
EST,Estonia,2014,33048.42353030008,0.46068400435967993,33048.42353030008
EST,Estonia,2015,32278.56061098788,0.47482200743786135,32278.56061098788
EST,Estonia,2016,33376.98643138384,0.4752558231494001,33376.98643138384
EST,Estonia,2017,35535.69522458584,0.4881482528170241,35535.69522458584
EST,Estonia,2018,37273.64720794423,0.4912876995083629,37273.64720794423
EST,Estonia,2019,39921.85486259649,0.4954358529805995,39921.85486259649
EST,Estonia,2020,39659.758603456954,0.4805300696313722,39659.758603456954
EST,Estonia,2021,41407.62155162121,0.48076562977735965,41407.62155162121
EST,Estonia,2022,40542.385777143914,0.5021874241066557,40542.385777143914
EST,Estonia,2023,37453.83571558138,0.5053723986246997,37453.83571558138
ETH,Ethiopia,1950,474.63458799904333,0.41007332676670133,474.63458799904333
ETH,Ethiopia,1951,530.9438545470819,0.4092570362177694,530.9438545470819
ETH,Ethiopia,1952,538.2890141379306,0.40844065989803596,538.2890141379306
ETH,Ethiopia,1953,566.1213581273161,0.40762429578433795,566.1213581273161
ETH,Ethiopia,1954,560.4573021207636,0.406808491655281,560.4573021207636
ETH,Ethiopia,1955,562.3912997911182,0.40599217904150203,562.3912997911182
ETH,Ethiopia,1956,579.8608195927408,0.40517597605302796,579.8608195927408
ETH,Ethiopia,1957,564.4676092172703,0.404359480561582,564.4676092172703
ETH,Ethiopia,1958,557.2318224776328,0.4035431770251705,557.2318224776328
ETH,Ethiopia,1959,584.568493199953,0.40272720640098303,584.568493199953
ETH,Ethiopia,1960,597.663385730306,0.40191061494876346,597.663385730306
ETH,Ethiopia,1961,609.3550010667219,0.40080833582961917,609.3550010667219
ETH,Ethiopia,1962,621.2778605235342,0.4019771557389088,621.2778605235342
ETH,Ethiopia,1963,624.7379216941097,0.40258914144756763,624.7379216941097
ETH,Ethiopia,1964,650.6651109869272,0.40413766702643567,650.6651109869272
ETH,Ethiopia,1965,683.6857585029886,0.4058117553959973,683.6857585029886
ETH,Ethiopia,1966,693.4144449705608,0.40731600959844105,693.4144449705608
ETH,Ethiopia,1967,689.7068461577409,0.4090981913189873,689.7068461577409
ETH,Ethiopia,1968,707.4807828864859,0.4108994130087331,707.4807828864859
ETH,Ethiopia,1969,739.1936271280821,0.4137515889966322,739.1936271280821
ETH,Ethiopia,1970,727.1756640915162,0.4168723730761446,727.1756640915162
ETH,Ethiopia,1971,739.6342805245995,0.41801420495336017,739.6342805245995
ETH,Ethiopia,1972,754.5819423152088,0.419312264663646,754.5819423152088
ETH,Ethiopia,1973,753.2148889408087,0.4204937177750017,753.2148889408087
ETH,Ethiopia,1974,748.3509419458127,0.42172774198089374,748.3509419458127
ETH,Ethiopia,1975,755.2348776826609,0.42280888657520044,755.2348776826609
ETH,Ethiopia,1976,764.4738619178403,0.4236170279314011,764.4738619178403
ETH,Ethiopia,1977,759.5381871120767,0.4272157767539283,759.5381871120767
ETH,Ethiopia,1978,762.612447907063,0.4304058747286627,762.612447907063
ETH,Ethiopia,1979,770.1359301333204,0.4389218414176498,770.1359301333204
ETH,Ethiopia,1980,811.2709556692065,0.4520060837145532,811.2709556692065
ETH,Ethiopia,1981,882.6731944864367,0.45622605150805784,882.6731944864367
ETH,Ethiopia,1982,930.6340490406642,0.4563714664768346,930.6340490406642
ETH,Ethiopia,1983,1054.493117230649,0.46214864085348306,1054.493117230649
ETH,Ethiopia,1984,1040.3638786795852,0.4690107397546716,1040.3638786795852
ETH,Ethiopia,1985,1069.0037327346245,0.4675437500406015,1069.0037327346245
ETH,Ethiopia,1986,1016.1211351059482,0.46723728042070317,1016.1211351059482
ETH,Ethiopia,1987,974.2880954505406,0.46554216665303516,974.2880954505406
ETH,Ethiopia,1988,923.1028763063028,0.4610578904538011,923.1028763063028
ETH,Ethiopia,1989,822.8707945024469,0.455836526491313,822.8707945024469
ETH,Ethiopia,1990,903.6993836662256,0.44977058603277,903.6993836662256
ETH,Ethiopia,1991,783.5649999825009,0.43853045566172294,783.5649999825009
ETH,Ethiopia,1992,678.7298050756101,0.4314849818449128,678.7298050756101
ETH,Ethiopia,1993,722.6878268395078,0.41698343056179654,722.6878268395078
ETH,Ethiopia,1994,651.8285382361867,0.4165790944616553,651.8285382361867
ETH,Ethiopia,1995,707.1552431999154,0.4167911896863193,707.1552431999154
ETH,Ethiopia,1996,696.1019242862104,0.4187277534501414,696.1019242862104
ETH,Ethiopia,1997,739.0359866149308,0.41720769779083755,739.0359866149308
ETH,Ethiopia,1998,663.0237221536164,0.41310416184606147,663.0237221536164
ETH,Ethiopia,1999,665.8798897135233,0.41208305420265995,665.8798897135233
ETH,Ethiopia,2000,638.0684640737973,0.41301283329796995,638.0684640737973
ETH,Ethiopia,2001,723.0182196506775,0.4104575175696722,723.0182196506775
ETH,Ethiopia,2002,622.9549403370678,0.40698380440609927,622.9549403370678
ETH,Ethiopia,2003,644.9935816347299,0.40431390151460744,644.9935816347299
ETH,Ethiopia,2004,740.7804107086951,0.40346232413471517,740.7804107086951
ETH,Ethiopia,2005,861.1108426110987,0.40599091225730144,861.1108426110987
ETH,Ethiopia,2006,848.0758352272002,0.4069223942241767,848.0758352272002
ETH,Ethiopia,2007,982.7421151457951,0.4118840944512328,982.7421151457951
ETH,Ethiopia,2008,1046.3248869571503,0.41566675804888215,1046.3248869571503
ETH,Ethiopia,2009,1077.5836080576007,0.41962038528362133,1077.5836080576007
ETH,Ethiopia,2010,1237.9615078782936,0.4239676262495991,1237.9615078782936
ETH,Ethiopia,2011,1356.693271076738,0.4317838592318988,1356.693271076738
ETH,Ethiopia,2012,1445.4911055901168,0.4404174053406418,1445.4911055901168
ETH,Ethiopia,2013,1524.1414239906396,0.4485152728538805,1524.1414239906396
ETH,Ethiopia,2014,1829.8412641233137,0.4528789648006119,1829.8412641233137
ETH,Ethiopia,2015,1940.8485176759712,0.45588252287743947,1940.8485176759712
ETH,Ethiopia,2016,2147.078155028569,0.459694593934218,2147.078155028569
ETH,Ethiopia,2017,2217.898654238755,0.46287888624769863,2217.898654238755
ETH,Ethiopia,2018,2299.134155822697,0.4665441190769065,2299.134155822697
ETH,Ethiopia,2019,2439.0647294141772,0.45625348167633445,2439.0647294141772
ETH,Ethiopia,2020,2513.65790497192,0.4459627870406981,2513.65790497192
ETH,Ethiopia,2021,2869.079958579511,0.435672166688743,2869.079958579511
ETH,Ethiopia,2022,3057.603023256016,0.4396642720628359,3057.603023256016
ETH,Ethiopia,2023,3155.3991554482013,0.4424650060703406,3155.3991554482013
FIN,Finland,1950,7372.713409547387,0.545249335893005,7372.713409547387
FIN,Finland,1951,8212.927097966382,0.5404393246732352,8212.927097966382
FIN,Finland,1952,8310.38677109513,0.5356313560430969,8310.38677109513
FIN,Finland,1953,8159.91768794942,0.5308208778604259,8159.91768794942
FIN,Finland,1954,8926.533595372755,0.5260120515212477,8926.533595372755
FIN,Finland,1955,9541.81286364587,0.5212023628359568,9541.81286364587
FIN,Finland,1956,9609.382582174505,0.5163930147483416,9609.382582174505
FIN,Finland,1957,9596.837754684526,0.51158420373973,9596.837754684526
FIN,Finland,1958,9538.491254843182,0.5067732623503565,9538.491254843182
FIN,Finland,1959,10173.796803895293,0.5019637416838653,10173.796803895293
FIN,Finland,1960,11087.474934063343,0.497155461562984,11087.474934063343
FIN,Finland,1961,12103.504134144021,0.5030463758473764,12103.504134144021
FIN,Finland,1962,12271.592687815873,0.4975820833521894,12271.592687815873
FIN,Finland,1963,12320.123351585911,0.49597747656192864,12320.123351585911
FIN,Finland,1964,12643.286677270491,0.49302196127098113,12643.286677270491
FIN,Finland,1965,13367.563660346023,0.4971065336423853,13367.563660346023
FIN,Finland,1966,13731.91827823235,0.49619618609572896,13731.91827823235
FIN,Finland,1967,14078.326304895665,0.4844454608508302,14078.326304895665
FIN,Finland,1968,14772.261724632597,0.4759763307162245,14772.261724632597
FIN,Finland,1969,16259.721136541604,0.4834529674483289,16259.721136541604
FIN,Finland,1970,17541.512055215622,0.4955962385557687,17541.512055215622
FIN,Finland,1971,17870.911634154912,0.49164806517414844,17870.911634154912
FIN,Finland,1972,18986.97722008696,0.49321934363777253,18986.97722008696
FIN,Finland,1973,20177.899496218746,0.49963353188535836,20177.899496218746
FIN,Finland,1974,20763.348736396285,0.4986898966056727,20763.348736396285
FIN,Finland,1975,20112.609614537203,0.4942289481265113,20112.609614537203
FIN,Finland,1976,20116.87539428405,0.4882450141714316,20116.87539428405
FIN,Finland,1977,20220.600842994445,0.4780392173569383,20220.600842994445
FIN,Finland,1978,21041.532585329125,0.4722179370148619,21041.532585329125
FIN,Finland,1979,22565.3272085129,0.4813199052242331,22565.3272085129
FIN,Finland,1980,23815.13372634354,0.4937923216331635,23815.13372634354
FIN,Finland,1981,24101.850464848056,0.49975418102671587,24101.850464848056
FIN,Finland,1982,24197.596981343235,0.5000486905383806,24197.596981343235
FIN,Finland,1983,24385.339529341065,0.49555275358547357,24385.339529341065
FIN,Finland,1984,24890.245003149437,0.49453170354485054,24890.245003149437
FIN,Finland,1985,25006.65477368504,0.4948814489497173,25006.65477368504
FIN,Finland,1986,26567.597399890812,0.4914192032460069,26567.597399890812
FIN,Finland,1987,27818.27366254435,0.4948972946210346,27818.27366254435
FIN,Finland,1988,29869.6941886473,0.49502388243012413,29869.6941886473
FIN,Finland,1989,30977.604911324866,0.49908913822518,30977.604911324866
FIN,Finland,1990,30938.14078300236,0.49502349117744937,30938.14078300236
FIN,Finland,1991,28280.94833741533,0.4650629262803916,28280.94833741533
FIN,Finland,1992,27150.813874364656,0.4315920590225019,27150.813874364656
FIN,Finland,1993,26966.377410645033,0.4048412967091811,26966.377410645033
FIN,Finland,1994,28645.060546829707,0.3964955015573284,28645.060546829707
FIN,Finland,1995,31920.56684205436,0.4030478616482476,31920.56684205436
FIN,Finland,1996,31793.151943804893,0.40851727486196987,31793.151943804893
FIN,Finland,1997,34484.72922756655,0.4211423220764077,34484.72922756655
FIN,Finland,1998,37046.0463597118,0.42840539746833245,37046.0463597118
FIN,Finland,1999,38795.33162805032,0.43621856772660655,38795.33162805032
FIN,Finland,2000,40646.555379793914,0.44430018792974074,40646.555379793914
FIN,Finland,2001,41169.35539443069,0.45017089290689366,41169.35539443069
FIN,Finland,2002,41330.13449453192,0.45463721751533204,41330.13449453192
FIN,Finland,2003,41417.49976740639,0.4546300572555969,41417.49976740639
FIN,Finland,2004,43365.49063358574,0.45569913122694305,43365.49063358574
FIN,Finland,2005,45140.30959199646,0.46108273565722185,45140.30959199646
FIN,Finland,2006,45632.80845448381,0.46795392475463454,45632.80845448381
FIN,Finland,2007,49209.261923039834,0.4762768956625302,49209.261923039834
FIN,Finland,2008,50855.31644940685,0.4846398431471774,50855.31644940685
FIN,Finland,2009,46748.32258071767,0.47009418275429043,46748.32258071767
FIN,Finland,2010,47707.39719578249,0.46444157919195284,47707.39719578249
FIN,Finland,2011,49225.89185413199,0.46929195476345437,49225.89185413199
FIN,Finland,2012,48364.97900524402,0.4699272099882507,48364.97900524402
FIN,Finland,2013,45673.541423479415,0.46401659691399766,45673.541423479415
FIN,Finland,2014,45564.412345166806,0.45949406230373635,45564.412345166806
FIN,Finland,2015,46127.55321123335,0.45944462532856345,46127.55321123335
FIN,Finland,2016,47146.05568696684,0.46075484385937765,47146.05568696684
FIN,Finland,2017,48509.10205983738,0.462453431577982,48509.10205983738
FIN,Finland,2018,48880.34207946138,0.47380184414112275,48880.34207946138
FIN,Finland,2019,51562.85456319263,0.48031108837649744,51562.85456319263
FIN,Finland,2020,51294.37087990984,0.46829263705811186,51294.37087990984
FIN,Finland,2021,52716.671629602555,0.4781531541500882,52716.671629602555
FIN,Finland,2022,52629.4018331571,0.49358189996349094,52629.4018331571
FIN,Finland,2023,51699.08242630801,0.4959990620844125,51699.08242630801
FJI,Fiji,1960,3609.7111859809406,,3609.7111859809406
FJI,Fiji,1961,3584.812883239415,,3584.812883239415
FJI,Fiji,1962,3523.161166636772,,3523.161166636772
FJI,Fiji,1963,3885.0036409366458,,3885.0036409366458
FJI,Fiji,1964,4390.974918212351,,4390.974918212351
FJI,Fiji,1965,3636.2645723372157,,3636.2645723372157
FJI,Fiji,1966,3653.4501579474863,,3653.4501579474863
FJI,Fiji,1967,4074.4234941593986,,4074.4234941593986
FJI,Fiji,1968,4462.48994137895,,4462.48994137895
FJI,Fiji,1969,4544.843077094851,,4544.843077094851
FJI,Fiji,1970,4914.749131604535,,4914.749131604535
FJI,Fiji,1971,5363.276229317251,,5363.276229317251
FJI,Fiji,1972,5669.02080331323,,5669.02080331323
FJI,Fiji,1973,6244.072139089002,,6244.072139089002
FJI,Fiji,1974,6357.508106709997,,6357.508106709997
FJI,Fiji,1975,6359.627876011884,,6359.627876011884
FJI,Fiji,1976,6334.623525144364,,6334.623525144364
FJI,Fiji,1977,6632.611471602361,,6632.611471602361
FJI,Fiji,1978,6791.584700794081,,6791.584700794081
FJI,Fiji,1979,7944.154649468303,,7944.154649468303
FJI,Fiji,1980,7783.004230110208,0.31789130727061643,7783.004230110208
FJI,Fiji,1981,7320.935424338108,0.3176683081515245,7320.935424338108
FJI,Fiji,1982,6850.60448513099,0.32163720099098925,6850.60448513099
FJI,Fiji,1983,6325.993319507564,0.32445941124517313,6325.993319507564
FJI,Fiji,1984,6539.7342967772765,0.3243266886068237,6539.7342967772765
FJI,Fiji,1985,6405.803844216185,0.3271891965716155,6405.803844216185
FJI,Fiji,1986,6183.824128642267,0.32649737238532084,6183.824128642267
FJI,Fiji,1987,6116.303943452381,0.329459801843979,6116.303943452381
FJI,Fiji,1988,6343.004462955897,0.3332259275554444,6343.004462955897
FJI,Fiji,1989,6512.9135465098825,0.337347988750551,6512.9135465098825
FJI,Fiji,1990,7193.783487078697,0.34130872742196205,7193.783487078697
FJI,Fiji,1991,6643.725325656444,0.34635005177846506,6643.725325656444
FJI,Fiji,1992,6798.759917603196,0.3450087872824577,6798.759917603196
FJI,Fiji,1993,6779.257833208287,0.34526616928835646,6779.257833208287
FJI,Fiji,1994,7067.611692550433,0.3459394047940174,7067.611692550433
FJI,Fiji,1995,6889.72664847461,0.3470031522613071,6889.72664847461
FJI,Fiji,1996,7128.590727790503,0.3489784029701228,7128.590727790503
FJI,Fiji,1997,6849.038272697161,0.34897841775983424,6849.038272697161
FJI,Fiji,1998,6591.522525662565,0.348978410916154,6591.522525662565
FJI,Fiji,1999,6995.234042336577,0.34897839223313476,6995.234042336577
FJI,Fiji,2000,7106.8444655203475,0.3489783767422182,7106.8444655203475
FJI,Fiji,2001,6975.74717222215,0.3489784194493477,6975.74717222215
FJI,Fiji,2002,6845.913688532066,0.3489783948528197,6845.913688532066
FJI,Fiji,2003,6376.910197491071,0.3489783814194481,6376.910197491071
FJI,Fiji,2004,6310.223435287683,0.3460150771537926,6310.223435287683
FJI,Fiji,2005,6031.758873773344,0.34113105976320496,6031.758873773344
FJI,Fiji,2006,6782.444361827734,0.3336172782480343,6782.444361827734
FJI,Fiji,2007,6916.807219362866,0.32610355921305434,6916.807219362866
FJI,Fiji,2008,7551.427606669368,0.31858981810618675,7551.427606669368
FJI,Fiji,2009,8185.847949451578,0.3196178756675705,8185.847949451578
FJI,Fiji,2010,9038.21160401145,0.3212681901285639,9038.21160401145
FJI,Fiji,2011,9606.073301882607,0.3214552475853367,9606.073301882607
FJI,Fiji,2012,10239.018474538156,0.32164229679026973,10239.018474538156
FJI,Fiji,2013,11296.007582921191,0.3227054836538884,11296.007582921191
FJI,Fiji,2014,12915.781261068458,0.35896808566875765,12915.781261068458
FJI,Fiji,2015,13754.356427815603,0.34974706471453704,13754.356427815603
FJI,Fiji,2016,13678.01805182633,0.3405260461770518,13678.01805182633
FJI,Fiji,2017,14001.916409798434,0.3411334544183872,14001.916409798434
FJI,Fiji,2018,14259.949442516736,0.34235072600191346,14259.949442516736
FJI,Fiji,2019,14066.013237868332,0.3442479826582606,14066.013237868332
FJI,Fiji,2020,11661.308725735358,0.33358961363862255,11661.308725735358
FJI,Fiji,2021,10600.97806519721,0.3344372781142694,10600.97806519721
FJI,Fiji,2022,12511.53960382175,0.35131611211402164,12511.53960382175
FJI,Fiji,2023,13915.204856583654,0.3580622564189408,13915.204856583654
FRA,France,1950,8408.211983335696,0.4595465226645742,8408.211983335696
FRA,France,1951,8789.050537568995,0.4589846321765822,8789.050537568995
FRA,France,1952,8964.606863798394,0.45741473840321856,8964.606863798394
FRA,France,1953,9256.862464392942,0.4524427898214654,9256.862464392942
FRA,France,1954,9699.95958415057,0.44997944344177115,9699.95958415057
FRA,France,1955,10132.772520683011,0.44943233271016536,10132.772520683011
FRA,France,1956,10538.220062808427,0.4506124683818504,10538.220062808427
FRA,France,1957,10994.567372041885,0.449083085078215,10994.567372041885
FRA,France,1958,11199.969068447937,0.44307182868031153,11199.969068447937
FRA,France,1959,11404.357337765134,0.4361464584987426,11404.357337765134
FRA,France,1960,12206.483388790391,0.43261635011956595,12206.483388790391
FRA,France,1961,12661.943486145556,0.427452862404924,12661.943486145556
FRA,France,1962,13250.743781448968,0.4185780718619102,13250.743781448968
FRA,France,1963,13883.294744073939,0.4155617697697539,13883.294744073939
FRA,France,1964,14628.6925388896,0.4152399779510302,14628.6925388896
FRA,France,1965,15179.390291428828,0.4127946969944701,15179.390291428828
FRA,France,1966,15851.325986216158,0.4122258883900373,15851.325986216158
FRA,France,1967,16513.277015344655,0.4101480770476382,16513.277015344655
FRA,France,1968,17093.48608671701,0.4060234475670784,17093.48608671701
FRA,France,1969,18144.62442756708,0.40864583087289336,18144.62442756708
FRA,France,1970,19079.06677250592,0.4105705048932658,19079.06677250592
FRA,France,1971,20026.203842154617,0.4084528504753783,20026.203842154617
FRA,France,1972,20888.21822805617,0.40736190564672387,20888.21822805617
FRA,France,1973,22260.271503151933,0.40961506569787653,22260.271503151933
FRA,France,1974,23243.247927388707,0.4106351358491093,23243.247927388707
FRA,France,1975,23027.47088195507,0.4054490030059189,23027.47088195507
FRA,France,1976,24029.35622430606,0.40728228220492174,24029.35622430606
FRA,France,1977,24964.52697144045,0.4092463810291554,24964.52697144045
FRA,France,1978,26018.865685570752,0.40927070980956276,26018.865685570752
FRA,France,1979,27027.014860407682,0.41033261746786476,27027.014860407682
FRA,France,1980,27449.799168450863,0.410234079690915,27449.799168450863
FRA,France,1981,26775.936965527962,0.40782324949269516,26775.936965527962
FRA,France,1982,26529.735549679153,0.40677233486980663,26529.735549679153
FRA,France,1983,26000.65579637667,0.40476318552187407,26000.65579637667
FRA,France,1984,25590.472859024794,0.40052627370316357,25590.472859024794
FRA,France,1985,25018.378886467337,0.39807045996185714,25018.378886467337
FRA,France,1986,26352.09645049693,0.39843103845685585,26352.09645049693
FRA,France,1987,27030.910227580956,0.40016492324553077,27030.910227580956
FRA,France,1988,28294.473358992076,0.4022356218844883,28294.473358992076
FRA,France,1989,29202.95950848142,0.4052852780025184,29202.95950848142
FRA,France,1990,29991.450203261153,0.40658094981116083,29991.450203261153
FRA,France,1991,30050.82029142903,0.4056555990948364,30050.82029142903
FRA,France,1992,30480.266231470545,0.40133474692022336,30480.266231470545
FRA,France,1993,30433.541452147456,0.39577745568361183,30433.541452147456
FRA,France,1994,30989.814500019806,0.3965281198716048,30989.814500019806
FRA,France,1995,31694.573080785547,0.399197077788381,31694.573080785547
FRA,France,1996,32234.09463907872,0.40017641619782296,32234.09463907872
FRA,France,1997,33928.35146627399,0.401946993016684,33928.35146627399
FRA,France,1998,35546.07428887574,0.4075539829289011,35546.07428887574
FRA,France,1999,36777.90190058418,0.41536194171772517,36777.90190058418
FRA,France,2000,38871.17396687998,0.422967370262136,38871.17396687998
FRA,France,2001,39911.94251121572,0.42596706517429556,39911.94251121572
FRA,France,2002,40262.12380058606,0.42502409105193945,40262.12380058606
FRA,France,2003,38357.667031752935,0.4222321288920884,38357.667031752935
FRA,France,2004,39027.08743772927,0.41976029620866473,39027.08743772927
FRA,France,2005,40768.99185233283,0.4195513344531657,40768.99185233283
FRA,France,2006,41247.4024997975,0.42126760357834325,41247.4024997975
FRA,France,2007,43327.54988080451,0.42481460428532025,43327.54988080451
FRA,France,2008,43616.06543055414,0.4246910314620164,43616.06543055414
FRA,France,2009,42496.494111423424,0.4178361872278715,42496.494111423424
FRA,France,2010,43577.137218572236,0.4162534152684909,43577.137218572236
FRA,France,2011,45140.0416257352,0.417490654227971,45140.0416257352
FRA,France,2012,45293.80147884582,0.41701465333129467,45293.80147884582
FRA,France,2013,44434.64911930553,0.4157570209094322,44434.64911930553
FRA,France,2014,44581.18773614011,0.4158661225856135,44581.18773614011
FRA,France,2015,45123.687163085335,0.4150674309260833,45123.687163085335
FRA,France,2016,45720.910587278486,0.41650163391266354,45720.910587278486
FRA,France,2017,46587.04011049099,0.4197319548234559,46587.04011049099
FRA,France,2018,46994.781409605464,0.4220162289101374,46994.781409605464
FRA,France,2019,51338.58491936047,0.425333334584322,51338.58491936047
FRA,France,2020,48181.82390834087,0.4236290693683265,48181.82390834087
FRA,France,2021,50201.634194783735,0.4331579295666625,50201.634194783735
FRA,France,2022,51192.184378042555,0.4422472498765993,51192.184378042555
FRA,France,2023,51465.65451191403,0.44558859650486693,51465.65451191403
GAB,Gabon,1960,4331.4173551420645,0.3430040942040432,4331.4173551420645
GAB,Gabon,1961,4627.386166916112,0.3422150598346706,4627.386166916112
GAB,Gabon,1962,5126.470136657996,0.34141966306960625,5126.470136657996
GAB,Gabon,1963,6113.78479799947,0.3406500175229965,6113.78479799947
GAB,Gabon,1964,6736.77316920016,0.33984906812601523,6736.77316920016
GAB,Gabon,1965,7447.176351661944,0.33906825718131683,7447.176351661944
GAB,Gabon,1966,6805.183000416466,0.33830299992066826,6805.183000416466
GAB,Gabon,1967,7365.876191486261,0.3375155998236927,7365.876191486261
GAB,Gabon,1968,7432.213778964628,0.33671951070859596,7432.213778964628
GAB,Gabon,1969,7857.808234267628,0.3359529267887749,7857.808234267628
GAB,Gabon,1970,9084.116323680952,0.3351664149659526,9084.116323680952
GAB,Gabon,1971,9249.49152124894,0.3332043601837221,9249.49152124894
GAB,Gabon,1972,8968.626325568475,0.3312565136726778,8968.626325568475
GAB,Gabon,1973,10176.669405170782,0.3293112554601235,10176.669405170782
GAB,Gabon,1974,12943.15505242855,0.3273798626058553,12943.15505242855
GAB,Gabon,1975,13992.465315740632,0.32542129984638557,13992.465315740632
GAB,Gabon,1976,16460.185843117462,0.32348323352623715,16460.185843117462
GAB,Gabon,1977,15475.082942744357,0.321526826218175,15475.082942744357
GAB,Gabon,1978,16279.70995182743,0.3195913738247004,16279.70995182743
GAB,Gabon,1979,15991.528759640103,0.31764172241027866,15991.528759640103
GAB,Gabon,1980,16072.064461129174,0.31568789023399463,16072.064461129174
GAB,Gabon,1981,14832.816200944188,0.3123227418517397,14832.816200944188
GAB,Gabon,1982,13720.12247263666,0.3098259911166586,13720.12247263666
GAB,Gabon,1983,14698.869236703227,0.3065827765956227,14698.869236703227
GAB,Gabon,1984,15734.656062200285,0.30352107534321016,15734.656062200285
GAB,Gabon,1985,13997.312242333022,0.3015120456463747,13997.312242333022
GAB,Gabon,1986,10613.668302311784,0.29935296773051023,10613.668302311784
GAB,Gabon,1987,10063.602644981274,0.2998766718096145,10063.602644981274
GAB,Gabon,1988,8826.24345308103,0.29733071088847285,8826.24345308103
GAB,Gabon,1989,11193.391253076881,0.2948999735705791,11193.391253076881
GAB,Gabon,1990,13073.66998789815,0.2933489016230058,13073.66998789815
GAB,Gabon,1991,13277.82436322612,0.2914606087144709,13277.82436322612
GAB,Gabon,1992,12294.329192468074,0.2892711487276353,12294.329192468074
GAB,Gabon,1993,12110.806320359055,0.28912281208777996,12110.806320359055
GAB,Gabon,1994,10748.677280206355,0.2891227910041947,10748.677280206355
GAB,Gabon,1995,11730.197002371768,0.2891227752194098,11730.197002371768
GAB,Gabon,1996,12892.632352334822,0.28912279340266056,12892.632352334822
GAB,Gabon,1997,10999.904201835643,0.2891227794003575,10999.904201835643
GAB,Gabon,1998,9274.762387650859,0.28912278381826984,9274.762387650859
GAB,Gabon,1999,10695.20389947716,0.2891227777598519,10695.20389947716
GAB,Gabon,2000,12514.766965820041,0.28912279715941164,12514.766965820041
GAB,Gabon,2001,11089.650103248043,0.2891228002309969,11089.650103248043
GAB,Gabon,2002,11388.292636519755,0.2891227950303672,11388.292636519755
GAB,Gabon,2003,12487.50146941802,0.2891227781360835,12487.50146941802
GAB,Gabon,2004,14691.183821026036,0.2891227923254052,14691.183821026036
GAB,Gabon,2005,19398.586517207095,0.2891227762152703,19398.586517207095
GAB,Gabon,2006,18151.26112400611,0.28517093937543336,18151.26112400611
GAB,Gabon,2007,18485.8534661655,0.281219093098893,18485.8534661655
GAB,Gabon,2008,21307.746414516154,0.27726726718008743,21307.746414516154
GAB,Gabon,2009,13071.869126364083,0.2733154471061776,13071.869126364083
GAB,Gabon,2010,14830.15506650468,0.269363589054798,14830.15506650468
GAB,Gabon,2011,20104.12545560148,0.27161434757685,20104.12545560148
GAB,Gabon,2012,17692.058146496624,0.27272655085931474,17692.058146496624
GAB,Gabon,2013,17887.87617109561,0.27262934378031206,17887.87617109561
GAB,Gabon,2014,17611.045992871004,0.2722224497698346,17611.045992871004
GAB,Gabon,2015,16676.738121812512,0.27193365422918303,16676.738121812512
GAB,Gabon,2016,16223.322414091092,0.27168569713362006,16223.322414091092
GAB,Gabon,2017,16375.107214057212,0.2710699808493106,16375.107214057212
GAB,Gabon,2018,16629.27222996423,0.2704486147082676,16629.27222996423
GAB,Gabon,2019,17616.38468566913,0.27078583682937957,17616.38468566913
GAB,Gabon,2020,17376.195028371967,0.2510888381385385,17376.195028371967
GAB,Gabon,2021,19304.348725892218,0.25395301027294487,19304.348725892218
GAB,Gabon,2022,20668.46471218518,0.2694528304194151,20668.46471218518
GAB,Gabon,2023,19721.75441757831,0.2726574828079032,19721.75441757831
GBR,United Kingdom,1950,11618.38624393281,0.4637582419390249,11618.38624393281
GBR,United Kingdom,1951,11950.071205111873,0.46913225326583907,11950.071205111873
GBR,United Kingdom,1952,11881.584249035055,0.4675720923554025,11881.584249035055
GBR,United Kingdom,1953,12442.949841455327,0.46829820560167157,12442.949841455327
GBR,United Kingdom,1954,12874.467497441055,0.47330778826534986,12874.467497441055
GBR,United Kingdom,1955,13341.353681564799,0.47672728706348705,13341.353681564799
GBR,United Kingdom,1956,13560.182894283755,0.4787288875305964,13560.182894283755
GBR,United Kingdom,1957,13758.018634182297,0.4770026971451322,13758.018634182297
GBR,United Kingdom,1958,13765.00439454971,0.46982422042730465,13765.00439454971
GBR,United Kingdom,1959,14146.79274185891,0.4571096661836191,14146.79274185891
GBR,United Kingdom,1960,14704.503542505481,0.4615519702097087,14704.503542505481
GBR,United Kingdom,1961,14950.783371114012,0.46329594573588123,14950.783371114012
GBR,United Kingdom,1962,15008.104962647987,0.4613013620385766,15008.104962647987
GBR,United Kingdom,1963,15491.518678316548,0.45943066098637175,15491.518678316548
GBR,United Kingdom,1964,16303.122392630778,0.4627910184551662,16303.122392630778
GBR,United Kingdom,1965,16621.47770949068,0.46440548507226176,16621.47770949068
GBR,United Kingdom,1966,16889.068490935337,0.4640224812411469,16889.068490935337
GBR,United Kingdom,1967,17185.814038209737,0.4557879792352637,17185.814038209737
GBR,United Kingdom,1968,17801.245255230962,0.4515234973354796,17801.245255230962
GBR,United Kingdom,1969,18067.94798581609,0.44955104586719136,18067.94798581609
GBR,United Kingdom,1970,18485.91533481517,0.4465985207388676,18485.91533481517
GBR,United Kingdom,1971,18713.87392089643,0.43836012804174396,18713.87392089643
GBR,United Kingdom,1972,19273.442708450446,0.4383040180534743,19273.442708450446
GBR,United Kingdom,1973,20548.06847508073,0.44414534275433154,20548.06847508073
GBR,United Kingdom,1974,19896.566535436923,0.4451774787324256,19896.566535436923
GBR,United Kingdom,1975,19562.46135837826,0.4435410578049757,19562.46135837826
GBR,United Kingdom,1976,20539.406159355705,0.4409922361036266,20539.406159355705
GBR,United Kingdom,1977,21532.833098021572,0.44161360042089276,21532.833098021572
GBR,United Kingdom,1978,23008.274720057954,0.44403583989127404,23008.274720057954
GBR,United Kingdom,1979,24308.830398847444,0.44809809655395655,24308.830398847444
GBR,United Kingdom,1980,24661.06099482459,0.44547821245800645,24661.06099482459
GBR,United Kingdom,1981,24141.969628338662,0.4332968210348918,24141.969628338662
GBR,United Kingdom,1982,24161.603922209884,0.42512012178704167,24161.603922209884
GBR,United Kingdom,1983,24676.774635146474,0.42168383475896976,24676.774635146474
GBR,United Kingdom,1984,24901.424790597874,0.430117621857458,24901.424790597874
GBR,United Kingdom,1985,25235.996224738774,0.43434825064810323,25235.996224738774
GBR,United Kingdom,1986,25907.60228512433,0.4357093345645891,25907.60228512433
GBR,United Kingdom,1987,27394.019926581615,0.4429351117608659,27394.019926581615
GBR,United Kingdom,1988,28732.31398233377,0.4560988954892165,28732.31398233377
GBR,United Kingdom,1989,29524.732164604695,0.4666277538624878,29524.732164604695
GBR,United Kingdom,1990,30175.250822490125,0.467388149364001,30175.250822490125
GBR,United Kingdom,1991,29603.03520488647,0.4534667059581071,29603.03520488647
GBR,United Kingdom,1992,29852.669919329546,0.4415508625782616,29852.669919329546
GBR,United Kingdom,1993,31006.4223356384,0.4364667925694262,31006.4223356384
GBR,United Kingdom,1994,32096.337421228272,0.43881781662480085,32096.337421228272
GBR,United Kingdom,1995,35617.081510355965,0.44298129429524236,35617.081510355965
GBR,United Kingdom,1996,37547.30069256421,0.4460458308605589,37547.30069256421
GBR,United Kingdom,1997,39839.43922339742,0.4528494065543863,39839.43922339742
GBR,United Kingdom,1998,40908.3767618366,0.4561883057680087,40908.3767618366
GBR,United Kingdom,1999,42565.56195699708,0.4608891602105483,42565.56195699708
GBR,United Kingdom,2000,45182.21342790628,0.46464528899772456,45182.21342790628
GBR,United Kingdom,2001,46502.87688471664,0.4667120406368362,46502.87688471664
GBR,United Kingdom,2002,45939.271050322284,0.4686079304596248,45939.271050322284
GBR,United Kingdom,2003,45713.467908974504,0.4711168948128635,45713.467908974504
GBR,United Kingdom,2004,46590.24908556124,0.4737812223279979,46590.24908556124
GBR,United Kingdom,2005,48672.04095022076,0.4754149590533652,48672.04095022076
GBR,United Kingdom,2006,48702.796382322,0.47689681450042815,48702.796382322
GBR,United Kingdom,2007,47909.84865652716,0.47696716203590084,47909.84865652716
GBR,United Kingdom,2008,48019.55690289048,0.47710789785184604,48019.55690289048
GBR,United Kingdom,2009,44666.034548302436,0.46620841047790346,44666.034548302436
GBR,United Kingdom,2010,43885.23400044405,0.46365120504819796,43885.23400044405
GBR,United Kingdom,2011,44106.30666051429,0.4621799229187181,44106.30666051429
GBR,United Kingdom,2012,44910.90154977564,0.4643532741614885,44910.90154977564
GBR,United Kingdom,2013,45881.13960642086,0.46712593911628736,45881.13960642086
GBR,United Kingdom,2014,45786.885211025154,0.4745816580383156,45786.885211025154
GBR,United Kingdom,2015,47086.232763060114,0.47880960168628395,47086.232763060114
GBR,United Kingdom,2016,47146.04543298582,0.48187198068354015,47146.04543298582
GBR,United Kingdom,2017,49147.05370795586,0.48370677965182174,49147.05370795586
GBR,United Kingdom,2018,48300.80083172946,0.4863991853004267,48300.80083172946
GBR,United Kingdom,2019,50006.002745483085,0.48920193550023533,50006.002745483085
GBR,United Kingdom,2020,47201.05655283972,0.48278630023501207,47201.05655283972
GBR,United Kingdom,2021,49190.19390799824,0.4826224440832799,49190.19390799824
GBR,United Kingdom,2022,50923.83591709597,0.48711426318629775,50923.83591709597
GBR,United Kingdom,2023,50689.76932008261,0.4893034128135038,50689.76932008261
GEO,Georgia,1990,12919.50829282339,0.3785920596768173,12919.50829282339
GEO,Georgia,1991,11266.731019646772,0.3451313368456904,11266.731019646772
GEO,Georgia,1992,5012.362202638479,0.2750429097535693,5012.362202638479
GEO,Georgia,1993,3135.3449497275424,0.2534737245431376,3135.3449497275424
GEO,Georgia,1994,2799.900682541128,0.25311651248286504,2799.900682541128
GEO,Georgia,1995,3034.1524269790366,0.25537590833963936,3034.1524269790366
GEO,Georgia,1996,3611.2238391572428,0.26604264184916393,3611.2238391572428
GEO,Georgia,1997,4047.2457819226056,0.2692862648415008,4047.2457819226056
GEO,Georgia,1998,4039.011001647347,0.2539938113805174,4039.011001647347
GEO,Georgia,1999,4150.052270095743,0.25588782589917863,4150.052270095743
GEO,Georgia,2000,4277.099169303926,0.2731196592903591,4277.099169303926
GEO,Georgia,2001,4675.066472493109,0.2807044676529942,4675.066472493109
GEO,Georgia,2002,5106.5818816278515,0.26287798611744967,5106.5818816278515
GEO,Georgia,2003,5737.7371866129415,0.26994963304218617,5737.7371866129415
GEO,Georgia,2004,6287.823491773941,0.2614798124381366,6287.823491773941
GEO,Georgia,2005,7070.981362907714,0.25172807343892184,7070.981362907714
GEO,Georgia,2006,8203.816898264045,0.23996246308347313,8203.816898264045
GEO,Georgia,2007,9283.849342421974,0.2341894269035533,9283.849342421974
GEO,Georgia,2008,9816.869074608083,0.23719185188905192,9816.869074608083
GEO,Georgia,2009,10090.890745420766,0.23768927434254103,10090.890745420766
GEO,Georgia,2010,10709.052166686986,0.23844227760570647,10709.052166686986
GEO,Georgia,2011,11685.91355153534,0.23977316008829008,11685.91355153534
GEO,Georgia,2012,12272.70641659686,0.24505889716235196,12272.70641659686
GEO,Georgia,2013,12514.631805204608,0.24242081593798998,12514.631805204608
GEO,Georgia,2014,13420.582112812412,0.25358197196818305,13420.582112812412
GEO,Georgia,2015,14522.510883016099,0.2635343436655243,14522.510883016099
GEO,Georgia,2016,15373.386479290792,0.26037424557205474,15373.386479290792
GEO,Georgia,2017,16901.223333440554,0.25837095813856775,16901.223333440554
GEO,Georgia,2018,17600.173124847,0.25991580485705146,17600.173124847
GEO,Georgia,2019,19432.575241879706,0.2601502780899144,19432.575241879706
GEO,Georgia,2020,18760.010974982597,0.24874475068708726,18760.010974982597
GEO,Georgia,2021,20239.332315503092,0.24415983064058927,20239.332315503092
GEO,Georgia,2022,22152.885134568925,0.25589958244059374,22152.885134568925
GEO,Georgia,2023,23486.845556733933,0.25933984554846895,23486.845556733933
GHA,Ghana,1955,4168.27734081781,0.35923879849153334,4168.27734081781
GHA,Ghana,1956,4166.6459230530645,0.3587048581612679,4166.6459230530645
GHA,Ghana,1957,3970.281831107511,0.3581712648956232,3970.281831107511
GHA,Ghana,1958,4078.49953257343,0.3576379289638143,4078.49953257343
GHA,Ghana,1959,4582.654751916206,0.3571034541558905,4582.654751916206
GHA,Ghana,1960,4856.842696881281,0.3565698421184305,4856.842696881281
GHA,Ghana,1961,4608.959269284623,0.3536495039454104,4608.959269284623
GHA,Ghana,1962,4527.762785943061,0.34779485752072187,4527.762785943061
GHA,Ghana,1963,4805.804673630268,0.3507066671124607,4805.804673630268
GHA,Ghana,1964,4995.963080482436,0.33620311013143134,4995.963080482436
GHA,Ghana,1965,4796.856851028294,0.3307642199317645,4796.856851028294
GHA,Ghana,1966,4619.21519243926,0.3233307781035865,4619.21519243926
GHA,Ghana,1967,4212.303577138079,0.3257049361919182,4212.303577138079
GHA,Ghana,1968,4133.601233308202,0.3210027825884475,4133.601233308202
GHA,Ghana,1969,4342.040782331695,0.32406019553029874,4342.040782331695
GHA,Ghana,1970,4868.614191642823,0.34215559171326915,4868.614191642823
GHA,Ghana,1971,4942.923854277732,0.35264975087819295,4942.923854277732
GHA,Ghana,1972,4106.513153691488,0.348844586528044,4106.513153691488
GHA,Ghana,1973,4480.736669803863,0.37071788373686787,4480.736669803863
GHA,Ghana,1974,4917.01237150297,0.3815963249752778,4917.01237150297
GHA,Ghana,1975,4237.0130355046695,0.3835644816921439,4237.0130355046695
GHA,Ghana,1976,3747.074259245923,0.3796266131704791,3747.074259245923
GHA,Ghana,1977,4162.899243516534,0.39676685392558436,4162.899243516534
GHA,Ghana,1978,4058.032023300988,0.40068700440328936,4058.032023300988
GHA,Ghana,1979,3700.395117745535,0.3873562355190129,3700.395117745535
GHA,Ghana,1980,3616.5555597821976,0.38648487817138844,3616.5555597821976
GHA,Ghana,1981,3302.9282303029086,0.38381830363967984,3302.9282303029086
GHA,Ghana,1982,2752.5940367581975,0.37380721634039205,2752.5940367581975
GHA,Ghana,1983,2648.0562212179802,0.3757882372909851,2648.0562212179802
GHA,Ghana,1984,2817.6734931854166,0.3980563654156107,2817.6734931854166
GHA,Ghana,1985,2943.681897141172,0.4093297576332254,2943.681897141172
GHA,Ghana,1986,2947.411292015727,0.4111755677514757,2947.411292015727
GHA,Ghana,1987,2947.2557874151416,0.41751875037999786,2947.2557874151416
GHA,Ghana,1988,3157.03091436804,0.4190587653590199,3157.03091436804
GHA,Ghana,1989,3073.4045804728826,0.41846577340154767,3073.4045804728826
GHA,Ghana,1990,3106.6366782144028,0.4124294346167681,3106.6366782144028
GHA,Ghana,1991,3327.063639873606,0.3919258718033772,3327.063639873606
GHA,Ghana,1992,3166.815712899498,0.38673271837984585,3166.815712899498
GHA,Ghana,1993,2917.1011340051514,0.38247024558131315,2917.1011340051514
GHA,Ghana,1994,2983.8221222736875,0.378629668724269,2983.8221222736875
GHA,Ghana,1995,3048.8530975629255,0.3756372511071562,3048.8530975629255
GHA,Ghana,1996,3024.995138314428,0.3741019364275877,3024.995138314428
GHA,Ghana,1997,3255.7483290026767,0.37553573472585766,3255.7483290026767
GHA,Ghana,1998,3166.8040267179495,0.3733502729757145,3166.8040267179495
GHA,Ghana,1999,3251.1045998812315,0.37162285228427155,3251.1045998812315
GHA,Ghana,2000,3765.9898493345777,0.3649840697023387,3765.9898493345777
GHA,Ghana,2001,3402.222671772482,0.35985375330035757,3402.222671772482
GHA,Ghana,2002,3326.9124672180383,0.36134254668175536,3326.9124672180383
GHA,Ghana,2003,3439.3480705113775,0.3641945795662104,3439.3480705113775
GHA,Ghana,2004,3592.8007520292617,0.3684304445849224,3592.8007520292617
GHA,Ghana,2005,3600.268648707375,0.376082491515907,3600.268648707375
GHA,Ghana,2006,3604.4427216236727,0.3828190352673907,3604.4427216236727
GHA,Ghana,2007,4217.005356695943,0.3843919241210833,4217.005356695943
GHA,Ghana,2008,4623.682332117358,0.3909170459447072,4623.682332117358
GHA,Ghana,2009,4300.355934806504,0.3910117538817047,4300.355934806504
GHA,Ghana,2010,4697.097953306762,0.40586904418775743,4697.097953306762
GHA,Ghana,2011,5200.981215315312,0.42746623210416457,5200.981215315312
GHA,Ghana,2012,5717.713708301271,0.435371861690408,5717.713708301271
GHA,Ghana,2013,5994.311622648683,0.442939909572393,5994.311622648683
GHA,Ghana,2014,6354.8393579080675,0.42602011992685,6354.8393579080675
GHA,Ghana,2015,5741.856994135921,0.4067883238509192,5741.856994135921
GHA,Ghana,2016,5569.340340968354,0.4092562142082115,5569.340340968354
GHA,Ghana,2017,5729.199400606911,0.42648805136053447,5729.199400606911
GHA,Ghana,2018,5835.802352731131,0.4271063283613575,5835.802352731131
GHA,Ghana,2019,6153.200707829391,0.4157224037656293,6153.200707829391
GHA,Ghana,2020,6030.654516746509,0.404338470013327,6030.654516746509
GHA,Ghana,2021,6138.437148326969,0.392954583451464,6138.437148326969
GHA,Ghana,2022,6245.938904409983,0.3815706258724597,6245.938904409983
GHA,Ghana,2023,6359.976177428414,0.3828942974280774,6359.976177428414
GIN,Guinea,1959,3197.990623266681,,3197.990623266681
GIN,Guinea,1960,3454.0488850432753,,3454.0488850432753
GIN,Guinea,1961,3534.032022680054,,3534.032022680054
GIN,Guinea,1962,3571.9400093956756,,3571.9400093956756
GIN,Guinea,1963,3862.69038068213,,3862.69038068213
GIN,Guinea,1964,3473.013388460164,,3473.013388460164
GIN,Guinea,1965,3548.7036669211757,,3548.7036669211757
GIN,Guinea,1966,3471.8454166924585,,3471.8454166924585
GIN,Guinea,1967,3410.1378890452884,,3410.1378890452884
GIN,Guinea,1968,3370.749654377735,,3370.749654377735
GIN,Guinea,1969,3254.7979312356883,,3254.7979312356883
GIN,Guinea,1970,3073.6977276340226,,3073.6977276340226
GIN,Guinea,1971,3188.2110752663484,,3188.2110752663484
GIN,Guinea,1972,3214.6056827924,,3214.6056827924
GIN,Guinea,1973,3207.2791620176445,,3207.2791620176445
GIN,Guinea,1974,3304.811189829298,,3304.811189829298
GIN,Guinea,1975,3367.134107005644,,3367.134107005644
GIN,Guinea,1976,3546.163518754514,,3546.163518754514
GIN,Guinea,1977,3369.3382104033676,,3369.3382104033676
GIN,Guinea,1978,3549.1297440944318,,3549.1297440944318
GIN,Guinea,1979,3436.7142733889154,,3436.7142733889154
GIN,Guinea,1980,3542.366622178583,0.25709074962523026,3542.366622178583
GIN,Guinea,1981,3402.0613370279866,0.25685435392501454,3402.0613370279866
GIN,Guinea,1982,3394.4051018003797,0.256274897946095,3394.4051018003797
GIN,Guinea,1983,3361.3259772167467,0.2556777029136328,3361.3259772167467
GIN,Guinea,1984,3343.8101067253206,0.25509190326332787,3343.8101067253206
GIN,Guinea,1985,3436.952228376794,0.25424019102436146,3436.952228376794
GIN,Guinea,1986,3305.7396005994433,0.2537360433331449,3305.7396005994433
GIN,Guinea,1987,3324.17538678363,0.2532815794496829,3324.17538678363
GIN,Guinea,1988,3469.469316522839,0.25258540606924146,3469.469316522839
GIN,Guinea,1989,3483.9725409524194,0.2522535868491577,3483.9725409524194
GIN,Guinea,1990,3424.654186930228,0.2519942532147246,3424.654186930228
GIN,Guinea,1991,3448.6138544460446,0.2518078339095104,3448.6138544460446
GIN,Guinea,1992,3373.4671723698166,0.25154790627840645,3373.4671723698166
GIN,Guinea,1993,3375.905337542825,0.251411015421511,3375.905337542825
GIN,Guinea,1994,3466.773229103402,0.2512663942529932,3466.773229103402
GIN,Guinea,1995,3665.6046436937268,0.25111877146931205,3665.6046436937268
GIN,Guinea,1996,3852.6873591946496,0.25106883702388727,3852.6873591946496
GIN,Guinea,1997,3469.4549932735454,0.25004807440465016,3469.4549932735454
GIN,Guinea,1998,3409.7904820625863,0.24865675519522915,3409.7904820625863
GIN,Guinea,1999,3164.682041407611,0.248085623508001,3164.682041407611
GIN,Guinea,2000,2917.9462713517128,0.24680265676516272,2917.9462713517128
GIN,Guinea,2001,2674.6911998855962,0.2453284509088204,2674.6911998855962
GIN,Guinea,2002,2519.8980176943546,0.24468898949655907,2519.8980176943546
GIN,Guinea,2003,2193.959558422759,0.24468900008721783,2193.959558422759
GIN,Guinea,2004,2112.424475676524,0.24468899578732053,2112.424475676524
GIN,Guinea,2005,2215.2482611376527,0.24468899554010642,2215.2482611376527
GIN,Guinea,2006,2086.9837345918213,0.24468896759765815,2086.9837345918213
GIN,Guinea,2007,2081.9804027123614,0.2446889879712834,2081.9804027123614
GIN,Guinea,2008,2083.496178099116,0.24468898096392616,2083.496178099116
GIN,Guinea,2009,1974.5678087267218,0.2446889890434842,1974.5678087267218
GIN,Guinea,2010,2124.338210974303,0.2446889863146438,2124.338210974303
GIN,Guinea,2011,2157.489443663254,0.24468898542757447,2157.489443663254
GIN,Guinea,2012,2409.006549166279,0.24468897506396006,2409.006549166279
GIN,Guinea,2013,2263.890922234375,0.24468898219532784,2263.890922234375
GIN,Guinea,2014,2344.551683707658,0.24468898978509399,2344.551683707658
GIN,Guinea,2015,2255.8544204292148,0.24468898892736254,2255.8544204292148
GIN,Guinea,2016,2352.4642193177688,0.2446889938735711,2352.4642193177688
GIN,Guinea,2017,2711.1307218291736,0.24468897172206824,2711.1307218291736
GIN,Guinea,2018,2893.3827109006425,0.24468897729425018,2893.3827109006425
GIN,Guinea,2019,3157.270270790725,0.24468900053968723,3157.270270790725
GIN,Guinea,2020,3190.740022778837,0.24075246730256775,3190.740022778837
GIN,Guinea,2021,3343.071310041426,0.24193356520379947,3343.071310041426
GIN,Guinea,2022,3390.133099111734,0.24550857472613466,3390.133099111734
GIN,Guinea,2023,3548.3528611323145,0.24733150314872449,3548.3528611323145
GMB,Gambia,1960,2752.490679716165,,2752.490679716165
GMB,Gambia,1961,2500.5473107885678,,2500.5473107885678
GMB,Gambia,1962,2448.5659818598847,,2448.5659818598847
GMB,Gambia,1963,2514.975552036547,,2514.975552036547
GMB,Gambia,1964,2714.6299195822353,,2714.6299195822353
GMB,Gambia,1965,2937.51593331689,,2937.51593331689
GMB,Gambia,1966,2893.630669921892,,2893.630669921892
GMB,Gambia,1967,2782.9690087941394,,2782.9690087941394
GMB,Gambia,1968,2879.613732041086,,2879.613732041086
GMB,Gambia,1969,2736.5239394982473,,2736.5239394982473
GMB,Gambia,1970,3041.5688467572145,,3041.5688467572145
GMB,Gambia,1971,2962.9081560809473,,2962.9081560809473
GMB,Gambia,1972,2931.159720237193,,2931.159720237193
GMB,Gambia,1973,3102.717634543201,,3102.717634543201
GMB,Gambia,1974,3190.3321779619073,,3190.3321779619073
GMB,Gambia,1975,3279.7890531917647,,3279.7890531917647
GMB,Gambia,1976,3123.547214475208,,3123.547214475208
GMB,Gambia,1977,3061.235619456711,,3061.235619456711
GMB,Gambia,1978,3149.0877257944126,,3149.0877257944126
GMB,Gambia,1979,2952.8682255106187,,2952.8682255106187
GMB,Gambia,1980,2863.2637531748405,0.33610350299724057,2863.2637531748405
GMB,Gambia,1981,3275.388973448334,0.33434897373921324,3275.388973448334
GMB,Gambia,1982,3383.5338181828865,0.33271236852755653,3383.5338181828865
GMB,Gambia,1983,3118.810484743249,0.3304364026251093,3118.810484743249
GMB,Gambia,1984,3090.142427806732,0.3292942012582086,3090.142427806732
GMB,Gambia,1985,3070.9764029524467,0.32932105118456373,3070.9764029524467
GMB,Gambia,1986,3061.621402988225,0.32884427066778554,3061.621402988225
GMB,Gambia,1987,2945.906712193008,0.3290513870716203,2945.906712193008
GMB,Gambia,1988,2908.032526529129,0.32939891081075695,2908.032526529129
GMB,Gambia,1989,2886.338988729993,0.3293201753558852,2886.338988729993
GMB,Gambia,1990,2873.2807786704698,0.3295608804507981,2873.2807786704698
GMB,Gambia,1991,2829.6040909962376,0.3296887756289062,2829.6040909962376
GMB,Gambia,1992,2783.813102545806,0.32937718527127696,2783.813102545806
GMB,Gambia,1993,2786.4480886028286,0.3291076305800112,2786.4480886028286
GMB,Gambia,1994,2705.0590111356832,0.32580822531229864,2705.0590111356832
GMB,Gambia,1995,2689.336683304,0.3225087751595847,2689.336683304
GMB,Gambia,1996,2673.078614913348,0.3192093658118971,2673.078614913348
GMB,Gambia,1997,2663.3780166219008,0.31590990604657515,2663.3780166219008
GMB,Gambia,1998,2605.7192289442455,0.3126105054332822,2605.7192289442455
GMB,Gambia,1999,2754.1873107601045,0.30931105774642587,2754.1873107601045
GMB,Gambia,2000,2913.1050166175974,0.30601164901474276,2913.1050166175974
GMB,Gambia,2001,2932.1008000735446,0.30271220106154334,2932.1008000735446
GMB,Gambia,2002,2695.098414268398,0.29941278446559105,2695.098414268398
GMB,Gambia,2003,2901.9891221204084,0.2961133269517663,2901.9891221204084
GMB,Gambia,2004,3510.9294273518913,0.29281391280047453,3510.9294273518913
GMB,Gambia,2005,3650.6177389883965,0.28951448319627154,3650.6177389883965
GMB,Gambia,2006,3297.863703524216,0.28621507384923,3297.863703524216
GMB,Gambia,2007,3301.103059125913,0.28291563071325887,3301.103059125913
GMB,Gambia,2008,3044.6876334851518,0.2796162176344884,3044.6876334851518
GMB,Gambia,2009,3045.1609791912247,0.2763167694688836,3045.1609791912247
GMB,Gambia,2010,3090.981270972501,0.27301735172448055,3090.981270972501
GMB,Gambia,2011,2697.087959881847,0.26971791014609203,2697.087959881847
GMB,Gambia,2012,2710.873238165376,0.26641849094744585,2710.873238165376
GMB,Gambia,2013,2530.484121963262,0.27060050322292784,2530.484121963262
GMB,Gambia,2014,2402.512540407193,0.276536998073933,2402.512540407193
GMB,Gambia,2015,2396.628512780121,0.2815445027729942,2396.628512780121
GMB,Gambia,2016,2335.52894086486,0.2869622075991775,2335.52894086486
GMB,Gambia,2017,2342.526226600949,0.2934175715508194,2342.526226600949
GMB,Gambia,2018,2557.124066640739,0.2998715989762668,2557.124066640739
GMB,Gambia,2019,2647.9792266012823,0.3024312150734536,2647.9792266012823
GMB,Gambia,2020,2548.8395259080553,0.2999202316648349,2548.8395259080553
GMB,Gambia,2021,2733.633672144615,0.3043861106983238,2733.633672144615
GMB,Gambia,2022,2824.2692214281783,0.3097380154016556,2824.2692214281783
GMB,Gambia,2023,2837.3677213896644,0.3136115514444388,2837.3677213896644
GNB,Guinea-Bissau,1960,1168.1057233377758,,1168.1057233377758
GNB,Guinea-Bissau,1961,1212.608562419472,,1212.608562419472
GNB,Guinea-Bissau,1962,1182.8407696356119,,1182.8407696356119
GNB,Guinea-Bissau,1963,1270.7932234706975,,1270.7932234706975
GNB,Guinea-Bissau,1964,1350.7227969930777,,1350.7227969930777
GNB,Guinea-Bissau,1965,1425.0534215969228,,1425.0534215969228
GNB,Guinea-Bissau,1966,1300.8495023163211,,1300.8495023163211
GNB,Guinea-Bissau,1967,1470.1941437799398,,1470.1941437799398
GNB,Guinea-Bissau,1968,1509.5441267089373,,1509.5441267089373
GNB,Guinea-Bissau,1969,1633.90499987248,,1633.90499987248
GNB,Guinea-Bissau,1970,1748.4966027830965,,1748.4966027830965
GNB,Guinea-Bissau,1971,1677.247959513936,,1677.247959513936
GNB,Guinea-Bissau,1972,1778.4478389571784,,1778.4478389571784
GNB,Guinea-Bissau,1973,1779.7205718773025,,1779.7205718773025
GNB,Guinea-Bissau,1974,1819.3951374359488,,1819.3951374359488
GNB,Guinea-Bissau,1975,2007.292920612413,,2007.292920612413
GNB,Guinea-Bissau,1976,2032.4501028332836,,2032.4501028332836
GNB,Guinea-Bissau,1977,1503.7126460489437,,1503.7126460489437
GNB,Guinea-Bissau,1978,1641.0633031235932,,1641.0633031235932
GNB,Guinea-Bissau,1979,1563.8469219702708,,1563.8469219702708
GNB,Guinea-Bissau,1980,1559.4338427118917,0.2591167615652783,1559.4338427118917
GNB,Guinea-Bissau,1981,1701.4122168669876,0.2558180309669647,1701.4122168669876
GNB,Guinea-Bissau,1982,1701.4793750478275,0.253167366964263,1701.4793750478275
GNB,Guinea-Bissau,1983,1654.4316667956812,0.25133053007131967,1654.4316667956812
GNB,Guinea-Bissau,1984,1623.7662075161259,0.24893410325905949,1623.7662075161259
GNB,Guinea-Bissau,1985,1297.587689578867,0.24854396607992232,1297.587689578867
GNB,Guinea-Bissau,1986,1671.517311658762,0.2495829244300612,1671.517311658762
GNB,Guinea-Bissau,1987,1690.1183452623584,0.25136077381462935,1690.1183452623584
GNB,Guinea-Bissau,1988,1894.8652086024683,0.25328636512106434,1894.8652086024683
GNB,Guinea-Bissau,1989,1862.6530106872494,0.25496599680047277,1862.6530106872494
GNB,Guinea-Bissau,1990,1913.3214392785844,0.25626945915110166,1913.3214392785844
GNB,Guinea-Bissau,1991,1887.4315085988483,0.25711045844882613,1887.4315085988483
GNB,Guinea-Bissau,1992,1502.605542340446,0.2577581030223653,1502.605542340446
GNB,Guinea-Bissau,1993,1731.0210096550065,0.25832476665740284,1731.0210096550065
GNB,Guinea-Bissau,1994,1872.797972202996,0.25889383081500433,1872.797972202996
GNB,Guinea-Bissau,1995,1854.325509465163,0.25982456631833056,1854.325509465163
GNB,Guinea-Bissau,1996,1913.2231601869466,0.2616269843863467,1913.2231601869466
GNB,Guinea-Bissau,1997,2177.677526259175,0.2630094934911745,2177.677526259175
GNB,Guinea-Bissau,1998,1801.2508642959713,0.262533936946835,1801.2508642959713
GNB,Guinea-Bissau,1999,2026.9064648781946,0.2627909561065364,2026.9064648781946
GNB,Guinea-Bissau,2000,1944.9622699846607,0.2635771842939442,1944.9622699846607
GNB,Guinea-Bissau,2001,1938.4121782987345,0.26581974646489936,1938.4121782987345
GNB,Guinea-Bissau,2002,1842.8622017244536,0.266310216160964,1842.8622017244536
GNB,Guinea-Bissau,2003,1819.3971552795713,0.26644131230932455,1819.3971552795713
GNB,Guinea-Bissau,2004,1845.9570628140368,0.2666482426425332,1845.9570628140368
GNB,Guinea-Bissau,2005,1807.2280108195514,0.26683159256096006,1807.2280108195514
GNB,Guinea-Bissau,2006,1729.2759662705655,0.2668388330363583,1729.2759662705655
GNB,Guinea-Bissau,2007,1686.3914744331646,0.2667638393603446,1686.3914744331646
GNB,Guinea-Bissau,2008,1654.7803963368467,0.26673306252114304,1654.7803963368467
GNB,Guinea-Bissau,2009,1579.930981991998,0.2669463370774867,1579.930981991998
GNB,Guinea-Bissau,2010,1646.1037234445816,0.2672751442343676,1646.1037234445816
GNB,Guinea-Bissau,2011,1739.2345194272534,0.26798171579608426,1739.2345194272534
GNB,Guinea-Bissau,2012,1692.2094522650852,0.26829353871390205,1692.2094522650852
GNB,Guinea-Bissau,2013,1660.693137600805,0.26882648166896883,1660.693137600805
GNB,Guinea-Bissau,2014,1668.9359188625954,0.26916863794212237,1668.9359188625954
GNB,Guinea-Bissau,2015,1881.5029531042449,0.27035389161337947,1881.5029531042449
GNB,Guinea-Bissau,2016,2005.4650371398602,0.27158401019335465,2005.4650371398602
GNB,Guinea-Bissau,2017,2132.146570271748,0.2731207742279465,2132.146570271748
GNB,Guinea-Bissau,2018,2031.6858126231057,0.2744187776193314,2031.6858126231057
GNB,Guinea-Bissau,2019,2219.9116774771105,0.2744187429997927,2219.9116774771105
GNB,Guinea-Bissau,2020,2130.772591757502,0.27668263799336545,2130.772591757502
GNB,Guinea-Bissau,2021,2254.836390656199,0.2789464696071552,2254.836390656199
GNB,Guinea-Bissau,2022,2423.322583807917,0.2812103029427004,2423.322583807917
GNB,Guinea-Bissau,2023,2438.6686320349468,0.2835331606491217,2438.6686320349468
GNQ,Equatorial Guinea,1960,1263.4535360575364,,1263.4535360575364
GNQ,Equatorial Guinea,1961,1256.5253070464944,,1256.5253070464944
GNQ,Equatorial Guinea,1962,1280.6098019083959,,1280.6098019083959
GNQ,Equatorial Guinea,1963,1448.6137830779094,,1448.6137830779094
GNQ,Equatorial Guinea,1964,1456.0898493136824,,1456.0898493136824
GNQ,Equatorial Guinea,1965,1566.4923742695062,,1566.4923742695062
GNQ,Equatorial Guinea,1966,1704.4284160968512,,1704.4284160968512
GNQ,Equatorial Guinea,1967,1874.9547519283049,,1874.9547519283049
GNQ,Equatorial Guinea,1968,1960.5063370147275,,1960.5063370147275
GNQ,Equatorial Guinea,1969,2026.9022605970665,,2026.9022605970665
GNQ,Equatorial Guinea,1970,2053.7030714965663,,2053.7030714965663
GNQ,Equatorial Guinea,1971,2174.6785216462176,,2174.6785216462176
GNQ,Equatorial Guinea,1972,2269.1229699536784,,2269.1229699536784
GNQ,Equatorial Guinea,1973,2493.2282134111138,,2493.2282134111138
GNQ,Equatorial Guinea,1974,2632.7538124850603,,2632.7538124850603
GNQ,Equatorial Guinea,1975,2874.628637874325,,2874.628637874325
GNQ,Equatorial Guinea,1976,2953.4807666069332,,2953.4807666069332
GNQ,Equatorial Guinea,1977,3218.3529891092026,,3218.3529891092026
GNQ,Equatorial Guinea,1978,3043.034846864478,,3043.034846864478
GNQ,Equatorial Guinea,1979,2859.824420590925,,2859.824420590925
GNQ,Equatorial Guinea,1980,2918.658864000724,0.28144588596638037,2918.658864000724
GNQ,Equatorial Guinea,1981,2859.00533046,0.29387249779037994,2859.00533046
GNQ,Equatorial Guinea,1982,2843.746993476426,0.30917601808019524,2843.746993476426
GNQ,Equatorial Guinea,1983,2785.8557703568476,0.3234699784286692,2785.8557703568476
GNQ,Equatorial Guinea,1984,2644.2315309339024,0.33424451774760144,2644.2315309339024
GNQ,Equatorial Guinea,1985,2822.3838367144604,0.3397777580461267,2822.3838367144604
GNQ,Equatorial Guinea,1986,2507.3567565168705,0.3407902796032694,2507.3567565168705
GNQ,Equatorial Guinea,1987,2538.164976006433,0.33809041289190384,2538.164976006433
GNQ,Equatorial Guinea,1988,2566.9408359556783,0.33201158863818797,2566.9408359556783
GNQ,Equatorial Guinea,1989,2439.0463899938486,0.32465704989365335,2439.0463899938486
GNQ,Equatorial Guinea,1990,2492.471655526405,0.3173339630177977,2492.471655526405
GNQ,Equatorial Guinea,1991,2522.47356372736,0.31021571878032855,2522.47356372736
GNQ,Equatorial Guinea,1992,2537.2468722926956,0.3080098930119291,2537.2468722926956
GNQ,Equatorial Guinea,1993,2435.831794091954,0.3061701786164921,2435.831794091954
GNQ,Equatorial Guinea,1994,1463.4539398026604,0.304534968857832,1463.4539398026604
GNQ,Equatorial Guinea,1995,2112.7247366968336,0.3033527397428982,2112.7247366968336
GNQ,Equatorial Guinea,1996,3613.624902615587,0.3022020579060897,3613.624902615587
GNQ,Equatorial Guinea,1997,6557.466015682622,0.3011870692977469,6557.466015682622
GNQ,Equatorial Guinea,1998,6144.341093471832,0.3002138182001874,6144.341093471832
GNQ,Equatorial Guinea,1999,7761.953851903213,0.2997512488377792,7761.953851903213
GNQ,Equatorial Guinea,2000,9861.192263090112,0.2995260338001789,9861.192263090112
GNQ,Equatorial Guinea,2001,13631.966533765384,0.29947517275684954,13631.966533765384
GNQ,Equatorial Guinea,2002,11836.145746653641,0.3007349892011048,11836.145746653641
GNQ,Equatorial Guinea,2003,12970.71109080841,0.30311554037845306,12970.71109080841
GNQ,Equatorial Guinea,2004,16632.858788991096,0.30648895691559336,16632.858788991096
GNQ,Equatorial Guinea,2005,24481.307880815988,0.3097237325382001,24481.307880815988
GNQ,Equatorial Guinea,2006,24624.40924823521,0.31240860730030706,24624.40924823521
GNQ,Equatorial Guinea,2007,28492.730671911617,0.314245584428422,28492.730671911617
GNQ,Equatorial Guinea,2008,37259.5048373489,0.31534128793283817,37259.5048373489
GNQ,Equatorial Guinea,2009,25031.277227797967,0.3151439459203697,25031.277227797967
GNQ,Equatorial Guinea,2010,34601.03711572343,0.3143820254973345,34601.03711572343
GNQ,Equatorial Guinea,2011,41302.60738141541,0.3146449779070046,41302.60738141541
GNQ,Equatorial Guinea,2012,42636.98165147899,0.31525949165551,42636.98165147899
GNQ,Equatorial Guinea,2013,39205.54831665451,0.315396182585169,39205.54831665451
GNQ,Equatorial Guinea,2014,36581.090230371155,0.3150807415824851,36581.090230371155
GNQ,Equatorial Guinea,2015,25282.962349966263,0.3140607971464988,25282.962349966263
GNQ,Equatorial Guinea,2016,22272.951682517938,0.31319474653477686,22272.951682517938
GNQ,Equatorial Guinea,2017,23902.645960115107,0.31210052728682874,23902.645960115107
GNQ,Equatorial Guinea,2018,23435.066480937527,0.31180614945217155,23435.066480937527
GNQ,Equatorial Guinea,2019,22111.164621324566,0.31140179946109664,22111.164621324566
GNQ,Equatorial Guinea,2020,19538.480053953816,0.29439690899706666,19538.480053953816
GNQ,Equatorial Guinea,2021,20068.930003422814,0.2976381357658453,20068.930003422814
GNQ,Equatorial Guinea,2022,20515.34486594457,0.31204022750177013,20515.34486594457
GNQ,Equatorial Guinea,2023,19431.23785214898,0.3161875923325433,19431.23785214898
GRC,Greece,1951,4084.475666711054,0.44757007924420894,4084.475666711054
GRC,Greece,1952,3961.0851395314585,0.4473720432453936,3961.0851395314585
GRC,Greece,1953,4436.614804642012,0.44717477934593153,4436.614804642012
GRC,Greece,1954,4510.255525707041,0.4469766573753008,4510.255525707041
GRC,Greece,1955,4768.211912151168,0.44677947798552387,4768.211912151168
GRC,Greece,1956,5140.498596329393,0.44658267574214733,5140.498596329393
GRC,Greece,1957,5491.33656048427,0.4453881105631208,5491.33656048427
GRC,Greece,1958,5696.695624286579,0.44450164125850683,5696.695624286579
GRC,Greece,1959,5856.466739961248,0.441103120839977,5856.466739961248
GRC,Greece,1960,5906.574309593875,0.439381517981262,5906.574309593875
GRC,Greece,1961,6644.424710228869,0.437424140769956,6644.424710228869
GRC,Greece,1962,6518.895961546961,0.4304818775766115,6518.895961546961
GRC,Greece,1963,7313.942162088043,0.4228739320433922,7313.942162088043
GRC,Greece,1964,7828.5397553615585,0.4158790986740896,7828.5397553615585
GRC,Greece,1965,8628.19350457911,0.41103789746359565,8628.19350457911
GRC,Greece,1966,9237.480838497011,0.40433614545514396,9237.480838497011
GRC,Greece,1967,9588.683701707485,0.39478388464870734,9588.683701707485
GRC,Greece,1968,10200.293324145696,0.38896046271539364,10200.293324145696
GRC,Greece,1969,11305.987770498623,0.3863675749549936,11305.987770498623
GRC,Greece,1970,12327.668162456377,0.3851112466152757,12327.668162456377
GRC,Greece,1971,13234.026144532434,0.38458774620913777,13234.026144532434
GRC,Greece,1972,14449.016925257347,0.38400854292317493,14449.016925257347
GRC,Greece,1973,15461.876925585266,0.38609866721486386,15461.876925585266
GRC,Greece,1974,14496.705314211466,0.3850594063435398,14496.705314211466
GRC,Greece,1975,15228.18731620067,0.38184875452697015,15228.18731620067
GRC,Greece,1976,15968.84620754832,0.3813393176986049,15968.84620754832
GRC,Greece,1977,16085.081309339852,0.37855912057233226,16085.081309339852
GRC,Greece,1978,17027.527559468526,0.3751669937461314,17027.527559468526
GRC,Greece,1979,17209.455690969688,0.37460333443526267,17209.455690969688
GRC,Greece,1980,17272.074353694974,0.3761275715459329,17272.074353694974
GRC,Greece,1981,17079.80791646684,0.3921649475744592,17079.80791646684
GRC,Greece,1982,16450.448832372553,0.3856759641922944,16450.448832372553
GRC,Greece,1983,16126.048694177558,0.38544773909456526,16126.048694177558
GRC,Greece,1984,16406.544218021798,0.3827394437349448,16406.544218021798
GRC,Greece,1985,16885.49089487266,0.39095153460183224,16885.49089487266
GRC,Greece,1986,17486.562153358147,0.3911833247435796,17486.562153358147
GRC,Greece,1987,17327.224295660755,0.3899056766429478,17327.224295660755
GRC,Greece,1988,18476.727401457756,0.3960854398341791,18476.727401457756
GRC,Greece,1989,19423.47988689415,0.3956440186542477,19423.47988689415
GRC,Greece,1990,19620.219397363373,0.3969169459560343,19620.219397363373
GRC,Greece,1991,20818.394547245447,0.3852751545375274,20818.394547245447
GRC,Greece,1992,21100.03135890856,0.38785135447935715,21100.03135890856
GRC,Greece,1993,21573.650121375224,0.3887717512079287,21573.650121375224
GRC,Greece,1994,22662.78737581524,0.3940685575088799,22662.78737581524
GRC,Greece,1995,23449.867968060415,0.3957579309437369,23449.867968060415
GRC,Greece,1996,23748.761835293582,0.3920832203308016,23748.761835293582
GRC,Greece,1997,25538.003097250366,0.3890785075629978,25538.003097250366
GRC,Greece,1998,26354.88602825428,0.4036368602989347,26354.88602825428
GRC,Greece,1999,26767.9174010023,0.40296830894536156,26767.9174010023
GRC,Greece,2000,28036.221549741782,0.4028398123212925,28036.221549741782
GRC,Greece,2001,29685.696444321973,0.4016887059162575,29685.696444321973
GRC,Greece,2002,31496.60741201906,0.4100465870842462,31496.60741201906
GRC,Greece,2003,30833.858857160492,0.41369664962004116,30833.858857160492
GRC,Greece,2004,31954.775761107812,0.423306686839233,31954.775761107812
GRC,Greece,2005,31308.428693635946,0.42621306061589603,31308.428693635946
GRC,Greece,2006,33557.82609784967,0.4332347554409604,33557.82609784967
GRC,Greece,2007,34098.41790095129,0.4379433110967987,34098.41790095129
GRC,Greece,2008,35445.70445970668,0.44227099374369583,35445.70445970668
GRC,Greece,2009,34611.86075635648,0.4382888395096942,34611.86075635648
GRC,Greece,2010,32810.245719648316,0.4259957652015871,32810.245719648316
GRC,Greece,2011,28912.13579468755,0.4083790953620854,28912.13579468755
GRC,Greece,2012,27408.53726972245,0.39425294227969415,27408.53726972245
GRC,Greece,2013,27421.079043249443,0.3948122489633601,27421.079043249443
GRC,Greece,2014,27463.276631421937,0.4115973475727157,27463.276631421937
GRC,Greece,2015,27925.8348402162,0.4021145061026506,27925.8348402162
GRC,Greece,2016,27667.99527428137,0.4175172747821021,27667.99527428137
GRC,Greece,2017,28169.515311851465,0.41620224613347634,28169.515311851465
GRC,Greece,2018,28092.740188935746,0.4361536611554674,28092.740188935746
GRC,Greece,2019,30131.629075541376,0.4461552835824805,30131.629075541376
GRC,Greece,2020,26911.899547534063,0.435618260415359,26911.899547534063
GRC,Greece,2021,30157.01395832965,0.4603052310495501,30157.01395832965
GRC,Greece,2022,33021.173870201914,0.47420514941842,33021.173870201914
GRC,Greece,2023,34321.4818731165,0.4813644751010622,34321.4818731165
GRD,Grenada,1970,2339.215900460605,,2339.215900460605
GRD,Grenada,1971,2458.956456031638,,2458.956456031638
GRD,Grenada,1972,2698.2362456910514,,2698.2362456910514
GRD,Grenada,1973,2949.0973215184636,,2949.0973215184636
GRD,Grenada,1974,2778.7896249213086,,2778.7896249213086
GRD,Grenada,1975,3264.217393425453,,3264.217393425453
GRD,Grenada,1976,3523.102356777235,,3523.102356777235
GRD,Grenada,1977,3234.9887903223453,,3234.9887903223453
GRD,Grenada,1978,3675.8431565890974,,3675.8431565890974
GRD,Grenada,1979,3706.3763221279714,,3706.3763221279714
GRD,Grenada,1980,4062.499173612727,,4062.499173612727
GRD,Grenada,1981,3799.357682140763,,3799.357682140763
GRD,Grenada,1982,3980.6160445298306,,3980.6160445298306
GRD,Grenada,1983,4167.196699114252,,4167.196699114252
GRD,Grenada,1984,4570.395432855924,,4570.395432855924
GRD,Grenada,1985,4474.3794035794235,,4474.3794035794235
GRD,Grenada,1986,4381.246218960668,,4381.246218960668
GRD,Grenada,1987,5107.733428036974,,5107.733428036974
GRD,Grenada,1988,5086.233323199627,0.2850429131248708,5086.233323199627
GRD,Grenada,1989,5627.687588748852,0.2866770444396092,5627.687588748852
GRD,Grenada,1990,5787.067906973438,0.28831116469112916,5787.067906973438
GRD,Grenada,1991,5935.367835796514,0.2899453059165131,5935.367835796514
GRD,Grenada,1992,6991.794551865061,0.2915794234975483,6991.794551865061
GRD,Grenada,1993,6391.585442570471,0.29321355252054365,6391.585442570471
GRD,Grenada,1994,6830.204321212841,0.2948476539114187,6830.204321212841
GRD,Grenada,1995,7069.592693079744,0.3151358738219536,7069.592693079744
GRD,Grenada,1996,8171.008009448444,0.33542416390816093,8171.008009448444
GRD,Grenada,1997,7750.253334185616,0.33179718908747785,7750.253334185616
GRD,Grenada,1998,8227.6736738965,0.3281702469272109,8227.6736738965
GRD,Grenada,1999,8283.16673963565,0.3284855970441509,8283.16673963565
GRD,Grenada,2000,8154.7793578221135,0.32880097732203517,8154.7793578221135
GRD,Grenada,2001,7062.805357213137,0.32911630776193246,7062.805357213137
GRD,Grenada,2002,7715.612516856795,0.32943162323034114,7715.612516856795
GRD,Grenada,2003,6485.7090243401235,0.32974697001066827,6485.7090243401235
GRD,Grenada,2004,8276.296953215755,0.3300623288308178,8276.296953215755
GRD,Grenada,2005,9690.33529197596,0.3303776827835712,9690.33529197596
GRD,Grenada,2006,9521.483266630135,0.33069300674280566,9521.483266630135
GRD,Grenada,2007,10115.988732022855,0.331008366990867,10115.988732022855
GRD,Grenada,2008,10783.717120094503,0.33132368307697757,10783.717120094503
GRD,Grenada,2009,10195.945509192388,0.33163906835645185,10195.945509192388
GRD,Grenada,2010,11038.20357728568,0.3319544269276549,11038.20357728568
GRD,Grenada,2011,11842.696909796929,0.33226974290475736,11842.696909796929
GRD,Grenada,2012,12088.592468410552,0.33258509805053954,12088.592468410552
GRD,Grenada,2013,12235.84637068836,0.33290046524852185,12235.84637068836
GRD,Grenada,2014,13198.045560732311,0.3332158127146243,13198.045560732311
GRD,Grenada,2015,13258.726879834316,0.3335311436595757,13258.726879834316
GRD,Grenada,2016,13807.21262614818,0.33384648644415793,13807.21262614818
GRD,Grenada,2017,14343.773526224553,0.3341618443140959,14343.773526224553
GRD,Grenada,2018,15452.342009439455,0.3344771718617412,15452.342009439455
GRD,Grenada,2019,15882.600029180468,0.3465826291159207,15882.600029180468
GRD,Grenada,2020,13762.112242379128,0.2901986445118737,13762.112242379128
GRD,Grenada,2021,14037.325404135901,0.2901986393049294,14037.325404135901
GRD,Grenada,2022,15093.416276619708,0.2901986580753637,15093.416276619708
GRD,Grenada,2023,15265.421131390916,0.2901986538012231,15265.421131390916
GTM,Guatemala,1950,2598.164995706713,0.37101290990690977,2598.164995706713
GTM,Guatemala,1951,2561.8226707667377,0.3660567220131443,2561.8226707667377
GTM,Guatemala,1952,2550.0012843323425,0.3611876168680507,2550.0012843323425
GTM,Guatemala,1953,2554.9577407463744,0.3564117559178002,2554.9577407463744
GTM,Guatemala,1954,2522.381393031328,0.351632096981347,2522.381393031328
GTM,Guatemala,1955,2457.2951751624255,0.3468654922761702,2457.2951751624255
GTM,Guatemala,1956,2544.2961975554977,0.3421377224048219,2544.2961975554977
GTM,Guatemala,1957,2594.9361350046556,0.3375456799734712,2594.9361350046556
GTM,Guatemala,1958,2650.137107906172,0.3329170038924658,2650.137107906172
GTM,Guatemala,1959,2726.182328406318,0.32835770027158356,2726.182328406318
GTM,Guatemala,1960,2704.560150085516,0.3239560944607013,2704.560150085516
GTM,Guatemala,1961,2758.2420933041544,0.3209073771110323,2758.2420933041544
GTM,Guatemala,1962,2762.3060665254256,0.3179803378562937,2762.3060665254256
GTM,Guatemala,1963,2850.6055655051737,0.31509988095477565,2850.6055655051737
GTM,Guatemala,1964,2866.6832726193697,0.31220643721571345,2866.6832726193697
GTM,Guatemala,1965,2909.9517627376263,0.31277076357872846,2909.9517627376263
GTM,Guatemala,1966,3010.2822095200663,0.3140326184661142,3010.2822095200663
GTM,Guatemala,1967,3064.1983577680385,0.31530151635771114,3064.1983577680385
GTM,Guatemala,1968,3227.89707045184,0.31644994163029255,3227.89707045184
GTM,Guatemala,1969,3349.947075662695,0.31755000062082817,3349.947075662695
GTM,Guatemala,1970,3478.005918047288,0.3183643619893233,3478.005918047288
GTM,Guatemala,1971,3550.0109153575386,0.32412254102969024,3550.0109153575386
GTM,Guatemala,1972,3727.2779345926588,0.3299110936262301,3727.2779345926588
GTM,Guatemala,1973,3857.5922734994724,0.3357385993011098,3857.5922734994724
GTM,Guatemala,1974,3941.4530940671243,0.34155204583111043,3941.4530940671243
GTM,Guatemala,1975,3970.232071696408,0.34747549461737026,3970.232071696408
GTM,Guatemala,1976,4073.3985827367574,0.351034546856985,4073.3985827367574
GTM,Guatemala,1977,4315.407295187155,0.3545360694243753,4315.407295187155
GTM,Guatemala,1978,4407.833059216793,0.35810274120657914,4407.833059216793
GTM,Guatemala,1979,4561.765293955064,0.36184881636062294,4561.765293955064
GTM,Guatemala,1980,4666.34836273871,0.3656090136274451,4666.34836273871
GTM,Guatemala,1981,4715.072783793088,0.36969246239315745,4715.072783793088
GTM,Guatemala,1982,4533.638149959373,0.3533896419921326,4533.638149959373
GTM,Guatemala,1983,4423.4313924782355,0.338038684404385,4423.4313924782355
GTM,Guatemala,1984,4383.39136986707,0.3413197456661017,4383.39136986707
GTM,Guatemala,1985,4151.539499299527,0.33182032606050454,4151.539499299527
GTM,Guatemala,1986,4236.24336699824,0.3226969424066805,4236.24336699824
GTM,Guatemala,1987,4265.691566217501,0.32710662882056674,4265.691566217501
GTM,Guatemala,1988,4169.927972149643,0.33265888405985444,4169.927972149643
GTM,Guatemala,1989,4396.406022058342,0.34247737178099114,4396.406022058342
GTM,Guatemala,1990,4505.924882404244,0.3416261188111302,4505.924882404244
GTM,Guatemala,1991,4680.070167064542,0.34166282641539186,4680.070167064542
GTM,Guatemala,1992,4737.418281662159,0.3426844088725215,4737.418281662159
GTM,Guatemala,1993,4908.200849693566,0.34348492540871906,4908.200849693566
GTM,Guatemala,1994,5001.5646285070925,0.34402972329709575,5001.5646285070925
GTM,Guatemala,1995,5210.902401688122,0.3446092104753022,5210.902401688122
GTM,Guatemala,1996,5218.939070376923,0.344755775015492,5218.939070376923
GTM,Guatemala,1997,5378.74534180826,0.3458629912449527,5378.74534180826
GTM,Guatemala,1998,5559.91428482617,0.34754857028893066,5559.91428482617
GTM,Guatemala,1999,5725.936126806831,0.3492895482985337,5725.936126806831
GTM,Guatemala,2000,5903.732419886075,0.3518075457070267,5903.732419886075
GTM,Guatemala,2001,6122.327925483787,0.3536534162930975,6122.327925483787
GTM,Guatemala,2002,6222.380161657038,0.355449507445751,6222.380161657038
GTM,Guatemala,2003,6316.310661989828,0.35705549315118695,6316.310661989828
GTM,Guatemala,2004,6444.484945112209,0.3583900134688331,6444.484945112209
GTM,Guatemala,2005,6622.999427551011,0.3572789475257726,6622.999427551011
GTM,Guatemala,2006,6874.872638472278,0.35732839758963836,6874.872638472278
GTM,Guatemala,2007,7208.343496649585,0.3579151157442851,7208.343496649585
GTM,Guatemala,2008,7407.664500637021,0.3579211018783677,7407.664500637021
GTM,Guatemala,2009,7459.3605007551205,0.35688742755280445,7459.3605007551205
GTM,Guatemala,2010,7714.129531378792,0.3560642494749027,7714.129531378792
GTM,Guatemala,2011,8140.978179877592,0.36591595446588476,8140.978179877592
GTM,Guatemala,2012,8394.780954783104,0.39312006938012,8394.780954783104
GTM,Guatemala,2013,8492.295482967585,0.36969394434740205,8492.295482967585
GTM,Guatemala,2014,8993.103437281294,0.3825329747007558,8993.103437281294
GTM,Guatemala,2015,9339.602720567193,0.38924405875484164,9339.602720567193
GTM,Guatemala,2016,9736.58928984139,0.3994734452294778,9736.58928984139
GTM,Guatemala,2017,10264.68324881271,0.4119720662593224,10264.68324881271
GTM,Guatemala,2018,10204.61712450399,0.4066339859747407,10204.61712450399
GTM,Guatemala,2019,10544.64868134882,0.41524628355112486,10544.64868134882
GTM,Guatemala,2020,10372.450824075715,0.3987267217795403,10372.450824075715
GTM,Guatemala,2021,11623.331193017646,0.41131969229431864,11623.331193017646
GTM,Guatemala,2022,11889.852501784946,0.42675899963307906,11889.852501784946
GTM,Guatemala,2023,12209.099641331966,0.43327187371589915,12209.099641331966
GUY,Guyana,1970,4334.460645603418,,4334.460645603418
GUY,Guyana,1971,4370.6547571596075,,4370.6547571596075
GUY,Guyana,1972,4268.671196943808,,4268.671196943808
GUY,Guyana,1973,4392.6734569355385,,4392.6734569355385
GUY,Guyana,1974,4614.903412037458,,4614.903412037458
GUY,Guyana,1975,5142.517481654819,,5142.517481654819
GUY,Guyana,1976,5342.851441457369,,5342.851441457369
GUY,Guyana,1977,5056.465996748029,,5056.465996748029
GUY,Guyana,1978,4828.147755370226,,4828.147755370226
GUY,Guyana,1979,4810.8478577658425,,4810.8478577658425
GUY,Guyana,1980,4899.741019318037,0.28749126779348294,4899.741019318037
GUY,Guyana,1981,4974.310877175605,0.29018767491366637,4974.310877175605
GUY,Guyana,1982,4270.684053721818,0.2926379579732501,4270.684053721818
GUY,Guyana,1983,4003.389769693011,0.2944403547254344,4003.389769693011
GUY,Guyana,1984,3814.287466223358,0.2967683564248344,3814.287466223358
GUY,Guyana,1985,3703.6879370269626,0.2992203162948876,3703.6879370269626
GUY,Guyana,1986,3701.709144698984,0.30129723925852825,3701.709144698984
GUY,Guyana,1987,3798.4133428200153,0.3040436151570211,3798.4133428200153
GUY,Guyana,1988,3609.32300325934,0.3080360875277143,3609.32300325934
GUY,Guyana,1989,3442.388472400694,0.3120285565502865,3442.388472400694
GUY,Guyana,1990,3505.080996760049,0.3160210257386364,3505.080996760049
GUY,Guyana,1991,3558.402143642843,0.3200134955338385,3558.402143642843
GUY,Guyana,1992,3857.0784748748583,0.3240059651301341,3857.0784748748583
GUY,Guyana,1993,4168.833988278844,0.3214919615316542,4168.833988278844
GUY,Guyana,1994,4316.107152523186,0.31897794853644773,4316.107152523186
GUY,Guyana,1995,4474.624420275308,0.31646393841566456,4474.624420275308
GUY,Guyana,1996,4760.719716415849,0.3139499339398837,4760.719716415849
GUY,Guyana,1997,5056.458878768481,0.31143594039469463,5056.458878768481
GUY,Guyana,1998,4894.39404531301,0.31190247764049495,4894.39404531301
GUY,Guyana,1999,4997.858463865448,0.3123689852946684,4997.858463865448
GUY,Guyana,2000,5186.460870144529,0.3128355039866324,5186.460870144529
GUY,Guyana,2001,5677.454263666533,0.31330204195011885,5677.454263666533
GUY,Guyana,2002,5950.307673480525,0.313768577106872,5950.307673480525
GUY,Guyana,2003,6558.813458998219,0.31423508410232326,6558.813458998219
GUY,Guyana,2004,7455.985609886899,0.31470161539547725,7455.985609886899
GUY,Guyana,2005,8282.327137987999,0.3151681543337487,8282.327137987999
GUY,Guyana,2006,8858.489039281732,0.31563467235092085,8858.489039281732
GUY,Guyana,2007,9522.405312245248,0.3161011991314482,9522.405312245248
GUY,Guyana,2008,10285.945812491884,0.3165677354318996,10285.945812491884
GUY,Guyana,2009,9861.364855780992,0.31703423379971385,9861.364855780992
GUY,Guyana,2010,10279.695504815776,0.31750077992270065,10279.695504815776
GUY,Guyana,2011,11169.274002366137,0.3179672939916599,11169.274002366137
GUY,Guyana,2012,11701.81069297309,0.3184338300903311,11701.81069297309
GUY,Guyana,2013,11648.77539678889,0.31890033837500814,11648.77539678889
GUY,Guyana,2014,11674.094246823577,0.3193668644139989,11674.094246823577
GUY,Guyana,2015,12509.120045424832,0.31983339072999717,12509.120045424832
GUY,Guyana,2016,12582.521825739836,0.32029990834853606,12582.521825739836
GUY,Guyana,2017,12988.680654009413,0.32076644935683474,12988.680654009413
GUY,Guyana,2018,12394.499479111395,0.32123297839821185,12394.499479111395
GUY,Guyana,2019,15208.42732212613,0.30137409174710805,15208.42732212613
GUY,Guyana,2020,15345.516353480763,0.2901460909643521,15345.516353480763
GUY,Guyana,2021,20900.769326453556,0.29180010213508084,20900.769326453556
GUY,Guyana,2022,33215.8639551286,0.3040794860287183,33215.8639551286
GUY,Guyana,2023,43483.97037948673,0.3162545620602914,43483.97037948673
HKG,"China, Hong Kong SAR",1960,7129.945146857622,0.3644457533948498,7129.945146857622
HKG,"China, Hong Kong SAR",1961,7255.053442487719,0.36792713201807226,7255.053442487719
HKG,"China, Hong Kong SAR",1962,7678.491217443965,0.36541814028367775,7678.491217443965
HKG,"China, Hong Kong SAR",1963,8373.487257059858,0.3648045835416216,8373.487257059858
HKG,"China, Hong Kong SAR",1964,8907.86642072224,0.36736575630838847,8907.86642072224
HKG,"China, Hong Kong SAR",1965,9875.599372187235,0.36890409608314517,9875.599372187235
HKG,"China, Hong Kong SAR",1966,10252.224048009857,0.37684783611595596,10252.224048009857
HKG,"China, Hong Kong SAR",1967,10319.910703659763,0.3785376587878271,10319.910703659763
HKG,"China, Hong Kong SAR",1968,10657.332243544815,0.38147105494382816,10657.332243544815
HKG,"China, Hong Kong SAR",1969,11643.432126493433,0.3859416693082357,11643.432126493433
HKG,"China, Hong Kong SAR",1970,12480.360521466257,0.38661276031952857,12480.360521466257
HKG,"China, Hong Kong SAR",1971,12630.183135317138,0.38564505610713934,12630.183135317138
HKG,"China, Hong Kong SAR",1972,13472.515614969481,0.39110238328663727,13472.515614969481
HKG,"China, Hong Kong SAR",1973,14660.481837197778,0.3906945858813278,14660.481837197778
HKG,"China, Hong Kong SAR",1974,14368.583308683865,0.3912700033047215,14368.583308683865
HKG,"China, Hong Kong SAR",1975,14225.14845231749,0.4044110320385893,14225.14845231749
HKG,"China, Hong Kong SAR",1976,15860.89283270541,0.4090460237200218,15860.89283270541
HKG,"China, Hong Kong SAR",1977,17455.309480828902,0.42573900722061336,17455.309480828902
HKG,"China, Hong Kong SAR",1978,18847.545386909613,0.4408419918227732,18847.545386909613
HKG,"China, Hong Kong SAR",1979,20435.778598941757,0.4235206894551484,20435.778598941757
HKG,"China, Hong Kong SAR",1980,22100.685236466255,0.44206118001018446,22100.685236466255
HKG,"China, Hong Kong SAR",1981,23107.365362393983,0.4637303821162287,23107.365362393983
HKG,"China, Hong Kong SAR",1982,23198.827171892397,0.45675374550394415,23198.827171892397
HKG,"China, Hong Kong SAR",1983,24041.048548014118,0.4531664754461381,24041.048548014118
HKG,"China, Hong Kong SAR",1984,25718.325472128465,0.46305228507738844,25718.325472128465
HKG,"China, Hong Kong SAR",1985,24790.580483808822,0.4654869576124442,24790.580483808822
HKG,"China, Hong Kong SAR",1986,27937.978073838567,0.4732849116962366,27937.978073838567
HKG,"China, Hong Kong SAR",1987,32741.006944115346,0.47921483768547957,32741.006944115346
HKG,"China, Hong Kong SAR",1988,33838.76567821097,0.4837707482024095,33838.76567821097
HKG,"China, Hong Kong SAR",1989,35912.00568749736,0.4812073827457407,35912.00568749736
HKG,"China, Hong Kong SAR",1990,39066.19648933379,0.4767456170131445,39066.19648933379
HKG,"China, Hong Kong SAR",1991,40850.00568131947,0.4779294257884837,40850.00568131947
HKG,"China, Hong Kong SAR",1992,43261.54872007495,0.47004932161871504,43261.54872007495
HKG,"China, Hong Kong SAR",1993,45077.03964396182,0.4703048872545101,45077.03964396182
HKG,"China, Hong Kong SAR",1994,45532.86220174865,0.4730987017116887,45532.86220174865
HKG,"China, Hong Kong SAR",1995,45660.054655061664,0.4666197219644335,45660.054655061664
HKG,"China, Hong Kong SAR",1996,47277.65501714885,0.4771079033863787,47277.65501714885
HKG,"China, Hong Kong SAR",1997,48079.072675200994,0.48611121067362006,48079.072675200994
HKG,"China, Hong Kong SAR",1998,44536.425561089185,0.4785982796813228,44536.425561089185
HKG,"China, Hong Kong SAR",1999,44986.973902463906,0.47178132693269503,44986.973902463906
HKG,"China, Hong Kong SAR",2000,49635.86728581775,0.4800003365319455,49635.86728581775
HKG,"China, Hong Kong SAR",2001,52646.41164859994,0.48474383044623315,52646.41164859994
HKG,"China, Hong Kong SAR",2002,55274.55805311748,0.476484776977064,55274.55805311748
HKG,"China, Hong Kong SAR",2003,56616.39128508376,0.47037397704244566,56616.39128508376
HKG,"China, Hong Kong SAR",2004,64549.35807994091,0.4774364441489669,64549.35807994091
HKG,"China, Hong Kong SAR",2005,68221.03913216297,0.48306904631267983,68221.03913216297
HKG,"China, Hong Kong SAR",2006,62795.27733011691,0.48928928483530437,62795.27733011691
HKG,"China, Hong Kong SAR",2007,66054.08013087862,0.4959814517895585,66054.08013087862
HKG,"China, Hong Kong SAR",2008,64281.82298062199,0.4989902511390335,64281.82298062199
HKG,"China, Hong Kong SAR",2009,57330.329202472036,0.49335252694227605,57330.329202472036
HKG,"China, Hong Kong SAR",2010,62338.10025237914,0.4940370219614617,62338.10025237914
HKG,"China, Hong Kong SAR",2011,67107.65969897676,0.5078326382468791,67107.65969897676
HKG,"China, Hong Kong SAR",2012,69176.16897010038,0.5173741977687705,69176.16897010038
HKG,"China, Hong Kong SAR",2013,75775.76784385632,0.5245279632357442,75775.76784385632
HKG,"China, Hong Kong SAR",2014,65682.91848037182,0.5254419034841828,65682.91848037182
HKG,"China, Hong Kong SAR",2015,57044.17002911459,0.5283498010391101,57044.17002911459
HKG,"China, Hong Kong SAR",2016,56333.34306379176,0.5277005779895599,56333.34306379176
HKG,"China, Hong Kong SAR",2017,55293.682271506725,0.5312601900669036,55293.682271506725
HKG,"China, Hong Kong SAR",2018,60586.60101718681,0.5375170840155389,60586.60101718681
HKG,"China, Hong Kong SAR",2019,60729.513447637546,0.5354158943088654,60729.513447637546
HKG,"China, Hong Kong SAR",2020,56272.19973739141,0.5100776495420865,56272.19973739141
HKG,"China, Hong Kong SAR",2021,58795.6108147916,0.5051898080005708,58795.6108147916
HKG,"China, Hong Kong SAR",2022,56743.30858977098,0.4996048908228958,56743.30858977098
HKG,"China, Hong Kong SAR",2023,58703.44486313766,0.5085487953903055,58703.44486313766
HND,Honduras,1950,2541.289733608029,,2541.289733608029
HND,Honduras,1951,2544.4977381875287,,2544.4977381875287
HND,Honduras,1952,2484.944730649065,,2484.944730649065
HND,Honduras,1953,2591.0746928754857,,2591.0746928754857
HND,Honduras,1954,2341.891488911459,,2341.891488911459
HND,Honduras,1955,2310.431692182976,,2310.431692182976
HND,Honduras,1956,2532.3164456017967,,2532.3164456017967
HND,Honduras,1957,2507.5353516950254,,2507.5353516950254
HND,Honduras,1958,2533.4376508633186,,2533.4376508633186
HND,Honduras,1959,2536.5869975169708,,2536.5869975169708
HND,Honduras,1960,2442.0632764957522,,2442.0632764957522
HND,Honduras,1961,2462.785750789167,,2462.785750789167
HND,Honduras,1962,2499.545549968125,,2499.545549968125
HND,Honduras,1963,2469.797259926902,,2469.797259926902
HND,Honduras,1964,2536.0531962152245,,2536.0531962152245
HND,Honduras,1965,2640.0592346735934,,2640.0592346735934
HND,Honduras,1966,2641.8173434114287,,2641.8173434114287
HND,Honduras,1967,2652.406096775764,,2652.406096775764
HND,Honduras,1968,2744.8764066351728,,2744.8764066351728
HND,Honduras,1969,2659.454826482987,,2659.454826482987
HND,Honduras,1970,2660.4545886251394,0.27914847928723113,2660.4545886251394
HND,Honduras,1971,2636.2384297599747,0.27914849119128765,2636.2384297599747
HND,Honduras,1972,2717.3489622831667,0.2791484863319746,2717.3489622831667
HND,Honduras,1973,2840.5345449871643,0.27914849260087354,2840.5345449871643
HND,Honduras,1974,2689.2384765476304,0.279148491483815,2689.2384765476304
HND,Honduras,1975,2697.3279185772167,0.2791484900063716,2697.3279185772167
HND,Honduras,1976,2981.559963827119,0.27914848694151173,2981.559963827119
HND,Honduras,1977,3227.9560544906735,0.27914850300222854,3227.9560544906735
HND,Honduras,1978,3363.6708283078437,0.2791484925291324,3363.6708283078437
HND,Honduras,1979,3354.9882419852274,0.2791485018644358,3354.9882419852274
HND,Honduras,1980,3337.2766495880387,0.2791484908621145,3337.2766495880387
HND,Honduras,1981,3322.6495221580994,0.2799088189798473,3322.6495221580994
HND,Honduras,1982,3260.4548497017227,0.2807249752661082,3260.4548497017227
HND,Honduras,1983,3127.5433602452963,0.2815629006420373,3127.5433602452963
HND,Honduras,1984,3186.9927739234736,0.2823819523404241,3186.9927739234736
HND,Honduras,1985,3120.8956447928476,0.2836052798324907,3120.8956447928476
HND,Honduras,1986,3244.034278902488,0.28479201869952997,3244.034278902488
HND,Honduras,1987,3320.4351861435994,0.28596610142559503,3320.4351861435994
HND,Honduras,1988,3470.776754318,0.287606825453711,3470.776754318
HND,Honduras,1989,3476.2177510121155,0.2879652375195597,3476.2177510121155
HND,Honduras,1990,3572.7520733159076,0.28981689932222504,3572.7520733159076
HND,Honduras,1991,3641.319413678385,0.2916685570827368,3641.319413678385
HND,Honduras,1992,3649.979898721998,0.31768412672804786,3649.979898721998
HND,Honduras,1993,3832.2111258859773,0.316700492370472,3832.2111258859773
HND,Honduras,1994,3814.0072668025514,0.3157168200767828,3814.0072668025514
HND,Honduras,1995,4121.256383461184,0.3147331343868192,4121.256383461184
HND,Honduras,1996,3820.8573467247543,0.33621925606093817,3820.8573467247543
HND,Honduras,1997,3860.2753763760707,0.34398283221971043,3860.2753763760707
HND,Honduras,1998,3877.675068703142,0.34244055754051816,3877.675068703142
HND,Honduras,1999,3719.2536403225827,0.359193550776825,3719.2536403225827
HND,Honduras,2000,3891.257214352791,0.3489289329305815,3891.257214352791
HND,Honduras,2001,3848.9284096624547,0.338664311113338,3848.9284096624547
HND,Honduras,2002,3925.873126709305,0.33882775733694404,3925.873126709305
HND,Honduras,2003,4015.113639492174,0.34078891746165907,4015.113639492174
HND,Honduras,2004,4152.084124110117,0.33414935193999884,4152.084124110117
HND,Honduras,2005,4455.59426170595,0.3391334046348455,4455.59426170595
HND,Honduras,2006,4500.370653456939,0.3378625752588329,4500.370653456939
HND,Honduras,2007,4685.509381511814,0.33763448708574106,4685.509381511814
HND,Honduras,2008,4407.961596080017,0.35379421391591753,4407.961596080017
HND,Honduras,2009,4336.84759116077,0.36321620415293276,4336.84759116077
HND,Honduras,2010,4503.491463328774,0.3713477669719126,4503.491463328774
HND,Honduras,2011,4764.651586870592,0.3625038238802316,4764.651586870592
HND,Honduras,2012,5000.42657760529,0.3575885018888958,5000.42657760529
HND,Honduras,2013,4715.187147370124,0.37580904348693794,4715.187147370124
HND,Honduras,2014,4961.028467894396,0.36566593643267187,4961.028467894396
HND,Honduras,2015,5394.358629221402,0.3763308492040384,5394.358629221402
HND,Honduras,2016,5681.42867425667,0.3733252440663509,5681.42867425667
HND,Honduras,2017,5767.38082695314,0.3824814941124788,5767.38082695314
HND,Honduras,2018,5830.071754729289,0.4012994999126112,5830.071754729289
HND,Honduras,2019,6087.408206336658,0.3855134299685507,6087.408206336658
HND,Honduras,2020,5509.703778988185,0.3615617737939205,5509.703778988185
HND,Honduras,2021,6209.169822924025,0.3614742040940489,6209.169822924025
HND,Honduras,2022,6355.104496691091,0.3473930153188026,6355.104496691091
HND,Honduras,2023,6444.10147215776,0.3466947847457499,6444.10147215776
HRV,Croatia,1990,15126.813186585909,0.4528973946621648,15126.813186585909
HRV,Croatia,1991,11996.678132701174,0.41069539987864023,11996.678132701174
HRV,Croatia,1992,10569.44054038145,0.36552817784819774,10569.44054038145
HRV,Croatia,1993,9913.366493961723,0.3599456953684397,9913.366493961723
HRV,Croatia,1994,10742.577246587221,0.35031014080794326,10742.577246587221
HRV,Croatia,1995,11755.713149386494,0.3475119203307406,11755.713149386494
HRV,Croatia,1996,12345.452266773835,0.35197627631389783,12345.452266773835
HRV,Croatia,1997,13586.336536414494,0.3537862543372572,13586.336536414494
HRV,Croatia,1998,14245.139037910396,0.35293663442204504,14245.139037910396
HRV,Croatia,1999,14824.334098602269,0.3546383827770552,14824.334098602269
HRV,Croatia,2000,16152.33095070508,0.3574809135642963,16152.33095070508
HRV,Croatia,2001,17116.0701664282,0.36864720729218564,17116.0701664282
HRV,Croatia,2002,18634.964275943374,0.3708876250218706,18634.964275943374
HRV,Croatia,2003,19941.54227577771,0.37969266173097593,19941.54227577771
HRV,Croatia,2004,20448.043119973383,0.38232364673517,20448.043119973383
HRV,Croatia,2005,21557.673792161517,0.38554137440579694,21557.673792161517
HRV,Croatia,2006,22270.574111404603,0.397278616307834,22270.574111404603
HRV,Croatia,2007,24414.900144324987,0.4094948200247617,24414.900144324987
HRV,Croatia,2008,25848.401056776347,0.4180512874297732,25848.401056776347
HRV,Croatia,2009,24639.166688899044,0.41580015899946177,24639.166688899044
HRV,Croatia,2010,24186.606487923564,0.40084234301068905,24186.606487923564
HRV,Croatia,2011,25359.735065024866,0.3862031008013247,25359.735065024866
HRV,Croatia,2012,25750.189191794023,0.37347390493895155,25750.189191794023
HRV,Croatia,2013,24422.20620271837,0.3641463921359948,24422.20620271837
HRV,Croatia,2014,24442.574471279513,0.3753970205911678,24442.574471279513
HRV,Croatia,2015,25980.77538901301,0.3826574858740564,25980.77538901301
HRV,Croatia,2016,27244.35718518128,0.38685190360181354,27244.35718518128
HRV,Croatia,2017,30034.701580579524,0.40041591448277847,30034.701580579524
HRV,Croatia,2018,29481.135701220515,0.4146850236209759,29481.135701220515
HRV,Croatia,2019,32581.078880996927,0.42079428783799355,32581.078880996927
HRV,Croatia,2020,29637.458370827408,0.4204730868678347,29637.458370827408
HRV,Croatia,2021,33357.71141909642,0.4285500467493789,33357.71141909642
HRV,Croatia,2022,35353.14783465792,0.43838191678710436,35353.14783465792
HRV,Croatia,2023,36542.67682069639,0.44539873928214746,36542.67682069639
HTI,Haiti,1960,1543.5560652640618,,1543.5560652640618
HTI,Haiti,1961,1433.697350682174,,1433.697350682174
HTI,Haiti,1962,1513.9969624497737,,1513.9969624497737
HTI,Haiti,1963,1466.8803994010543,,1466.8803994010543
HTI,Haiti,1964,1399.1762723835527,,1399.1762723835527
HTI,Haiti,1965,1376.9891480594138,,1376.9891480594138
HTI,Haiti,1966,1331.0206186278165,,1331.0206186278165
HTI,Haiti,1967,1282.423598705503,,1282.423598705503
HTI,Haiti,1968,1306.8659219421786,,1306.8659219421786
HTI,Haiti,1969,1355.934883070907,0.4222040669150822,1355.934883070907
HTI,Haiti,1970,1481.3741827281751,0.4160889835801415,1481.3741827281751
HTI,Haiti,1971,1514.4797355840074,0.4107818648775968,1514.4797355840074
HTI,Haiti,1972,1567.027974242854,0.40547246942262855,1567.027974242854
HTI,Haiti,1973,1696.1798794026915,0.40019009779272935,1696.1798794026915
HTI,Haiti,1974,1873.243732413817,0.3949459497459053,1873.243732413817
HTI,Haiti,1975,1885.4409183577216,0.38974023827304544,1885.4409183577216
HTI,Haiti,1976,2080.685398831304,0.3623308314384045,2080.685398831304
HTI,Haiti,1977,2131.7800821840688,0.3574785498774237,2131.7800821840688
HTI,Haiti,1978,2189.8174691536265,0.35245455997729785,2189.8174691536265
HTI,Haiti,1979,2396.548941438088,0.3474623124433427,2396.548941438088
HTI,Haiti,1980,2461.00996869842,0.3479566274316951,2461.00996869842
HTI,Haiti,1981,2344.994818715085,0.3467846546979773,2344.994818715085
HTI,Haiti,1982,2192.7267608226407,0.3203341593828686,2192.7267608226407
HTI,Haiti,1983,2216.0133205400316,0.31555195500564265,2216.0133205400316
HTI,Haiti,1984,2234.5680460083076,0.31923108647689247,2234.5680460083076
HTI,Haiti,1985,2249.8466666475524,0.32291021490835037,2249.8466666475524
HTI,Haiti,1986,2154.56124496764,0.3265893588632091,2154.56124496764
HTI,Haiti,1987,2160.227604219113,0.3302684993567059,2160.227604219113
HTI,Haiti,1988,2093.583450625138,0.333947622935931,2093.583450625138
HTI,Haiti,1989,1946.5921668201847,0.33762674585481917,1946.5921668201847
HTI,Haiti,1990,1983.0847621272108,0.3413058903243226,1983.0847621272108
HTI,Haiti,1991,2023.236001838695,0.3432443313386501,2023.236001838695
HTI,Haiti,1992,1983.321711636793,0.34518276981439405,1983.321711636793
HTI,Haiti,1993,1745.247010594062,0.34712118565064265,1745.247010594062
HTI,Haiti,1994,1498.2576302725515,0.34905962128639145,1498.2576302725515
HTI,Haiti,1995,2205.1536839412283,0.35099802818449893,2205.1536839412283
HTI,Haiti,1996,2588.681238831578,0.3529364784033981,2588.681238831578
HTI,Haiti,1997,2671.0398024272827,0.35487489725045956,2671.0398024272827
HTI,Haiti,1998,2716.4993685129093,0.3568133658490082,2716.4993685129093
HTI,Haiti,1999,3098.8994725501316,0.3587517969602539,3098.8994725501316
HTI,Haiti,2000,3596.4542068125706,0.360690198102129,3596.4542068125706
HTI,Haiti,2001,3476.2691496062284,0.3626286453401062,3476.2691496062284
HTI,Haiti,2002,3418.3261836053575,0.3645670998047433,3418.3261836053575
HTI,Haiti,2003,3451.3095529669704,0.36650553894742555,3451.3095529669704
HTI,Haiti,2004,3345.4546582266985,0.368443979524656,3345.4546582266985
HTI,Haiti,2005,3416.650521952048,0.37038240472424905,3416.650521952048
HTI,Haiti,2006,3369.8248022147523,0.37232083697265206,3369.8248022147523
HTI,Haiti,2007,3453.7192063362772,0.3742592586799147,3453.7192063362772
HTI,Haiti,2008,3483.7805408039267,0.376197691731488,3483.7805408039267
HTI,Haiti,2009,3618.6754843940103,0.3781361363744593,3618.6754843940103
HTI,Haiti,2010,3518.0677376145204,0.38007456126641004,3518.0677376145204
HTI,Haiti,2011,3470.9926181584815,0.3820129991539656,3470.9926181584815
HTI,Haiti,2012,3513.4670484313897,0.38395142919054764,3513.4670484313897
HTI,Haiti,2013,3549.7487181778533,0.3886505736235206,3549.7487181778533
HTI,Haiti,2014,3601.048229530132,0.3904596938224517,3601.048229530132
HTI,Haiti,2015,3733.6732972832897,0.39308118521389035,3733.6732972832897
HTI,Haiti,2016,3670.800075027243,0.39464366676706375,3670.800075027243
HTI,Haiti,2017,3338.643946446739,0.39696141527693823,3338.643946446739
HTI,Haiti,2018,3235.063885524853,0.39869503709038523,3235.063885524853
HTI,Haiti,2019,3155.310929474876,0.3990062387884969,3155.310929474876
HTI,Haiti,2020,3212.4744321294634,0.38996532047807925,3212.4744321294634
HTI,Haiti,2021,3132.462222141535,0.39446541432508925,3132.462222141535
HTI,Haiti,2022,3076.5101775478056,0.3991242985227354,3076.5101775478056
HTI,Haiti,2023,2967.8996031801958,0.4009137736182805,2967.8996031801958
HUN,Hungary,1970,6794.442737003258,0.5070775065391638,6794.442737003258
HUN,Hungary,1971,7239.882969486858,0.5069624408904938,7239.882969486858
HUN,Hungary,1972,7404.72335828248,0.5067975972013089,7404.72335828248
HUN,Hungary,1973,7701.111826117837,0.5065202677390009,7701.111826117837
HUN,Hungary,1974,8051.2503129211045,0.5055996092128535,8051.2503129211045
HUN,Hungary,1975,8356.385676323256,0.5039442253447766,8356.385676323256
HUN,Hungary,1976,9108.921229812786,0.5024804477931443,9108.921229812786
HUN,Hungary,1977,10171.090319913916,0.5014491386698207,10171.090319913916
HUN,Hungary,1978,11380.742212285562,0.5010034743696218,11380.742212285562
HUN,Hungary,1979,12257.755517903628,0.5010894731588315,12257.755517903628
HUN,Hungary,1980,13303.352224846516,0.5016422275589449,13303.352224846516
HUN,Hungary,1981,13532.29185794351,0.49901371174546366,13532.29185794351
HUN,Hungary,1982,13680.279064623544,0.4967446243583093,13680.279064623544
HUN,Hungary,1983,13575.62976154828,0.49492956284524814,13575.62976154828
HUN,Hungary,1984,13728.558156927866,0.4939858246650586,13728.558156927866
HUN,Hungary,1985,13733.631420088526,0.49391710207325124,13733.631420088526
HUN,Hungary,1986,14461.903444816135,0.495243871716051,14461.903444816135
HUN,Hungary,1987,15476.314139571872,0.4926898887658635,15476.314139571872
HUN,Hungary,1988,15657.54593803706,0.49676515171953994,15657.54593803706
HUN,Hungary,1989,16160.933985080484,0.49590689342351035,16160.933985080484
HUN,Hungary,1990,16169.527272212361,0.49006830773857385,16169.527272212361
HUN,Hungary,1991,14654.682576206069,0.46372146412486454,14654.682576206069
HUN,Hungary,1992,14714.500802875273,0.4250141645624682,14714.500802875273
HUN,Hungary,1993,15679.734200583765,0.39827300306213365,15679.734200583765
HUN,Hungary,1994,16443.877390162048,0.38535728277625964,16443.877390162048
HUN,Hungary,1995,16707.19915976188,0.3787643418757908,16707.19915976188
HUN,Hungary,1996,17189.105385870153,0.378729919407911,17189.105385870153
HUN,Hungary,1997,17399.41445830863,0.3834497235160716,17399.41445830863
HUN,Hungary,1998,17759.9731586426,0.3878384551731403,17759.9731586426
HUN,Hungary,1999,18439.8112618882,0.39656291302645763,18439.8112618882
HUN,Hungary,2000,19536.161082271898,0.40021295592218414,19536.161082271898
HUN,Hungary,2001,21157.77572395736,0.40202992832854845,21157.77572395736
HUN,Hungary,2002,22302.034831995297,0.40268538037792795,22302.034831995297
HUN,Hungary,2003,22481.15422422656,0.411741690340949,22481.15422422656
HUN,Hungary,2004,22312.373665089828,0.40881870556406735,22312.373665089828
HUN,Hungary,2005,23973.802731770626,0.40673194791568623,23973.802731770626
HUN,Hungary,2006,23930.25854723753,0.41100592782549605,23930.25854723753
HUN,Hungary,2007,24262.04291782746,0.40919336553462193,24262.04291782746
HUN,Hungary,2008,25890.669224772297,0.4017706033933058,25890.669224772297
HUN,Hungary,2009,25294.68314266294,0.39493602199951844,25294.68314266294
HUN,Hungary,2010,26468.771097156874,0.39263931221769754,26468.771097156874
HUN,Hungary,2011,27274.840358728885,0.39338697856961763,27274.840358728885
HUN,Hungary,2012,27063.456355051516,0.3994049381173601,27063.456355051516
HUN,Hungary,2013,26951.892850143984,0.4070564176052198,26951.892850143984
HUN,Hungary,2014,27633.40487964828,0.4268368652841392,27633.40487964828
HUN,Hungary,2015,27976.090384686333,0.43888025140825515,27976.090384686333
HUN,Hungary,2016,28165.3877180157,0.455183946790327,28165.3877180157
HUN,Hungary,2017,29846.790755072452,0.4647436867362629,29846.790755072452
HUN,Hungary,2018,30845.029241710537,0.474594494258971,30845.029241710537
HUN,Hungary,2019,33408.56928198858,0.4799073536648047,33408.56928198858
HUN,Hungary,2020,31923.265059787434,0.477408465389256,31923.265059787434
HUN,Hungary,2021,34155.81204901188,0.486155863372651,34155.81204901188
HUN,Hungary,2022,35372.665707795684,0.4952395661834498,35372.665707795684
HUN,Hungary,2023,35090.24011138018,0.49688950120324105,35090.24011138018
IDN,Indonesia,1960,1515.6444051141502,0.31005056943127957,1515.6444051141502
IDN,Indonesia,1961,1637.1726269027135,0.30925447508227377,1637.1726269027135
IDN,Indonesia,1962,1570.4331886803634,0.3084585056128348,1570.4331886803634
IDN,Indonesia,1963,1404.0327253598434,0.30766251898354824,1404.0327253598434
IDN,Indonesia,1964,1321.6684241385528,0.30686640838477774,1321.6684241385528
IDN,Indonesia,1965,1532.639598736084,0.3060704326670529,1532.639598736084
IDN,Indonesia,1966,1258.0983134637324,0.3052743992169621,1258.0983134637324
IDN,Indonesia,1967,1323.5109661390195,0.3044783076283508,1323.5109661390195
IDN,Indonesia,1968,1353.674635217697,0.30368233475059137,1353.674635217697
IDN,Indonesia,1969,1366.4060394798646,0.30288634492406197,1366.4060394798646
IDN,Indonesia,1970,1436.7560798947675,0.3020902894530294,1436.7560798947675
IDN,Indonesia,1971,1503.0367357068958,0.301324125373559,1503.0367357068958
IDN,Indonesia,1972,1642.7974491375098,0.2977863940439735,1642.7974491375098
IDN,Indonesia,1973,1803.6241333116498,0.30729808393087243,1803.6241333116498
IDN,Indonesia,1974,1914.9169940174318,0.30759402630212834,1914.9169940174318
IDN,Indonesia,1975,1967.8676850454833,0.3011751484208794,1967.8676850454833
IDN,Indonesia,1976,2081.4378215994807,0.29984618395920354,2081.4378215994807
IDN,Indonesia,1977,2217.2420305338937,0.2972169326385362,2217.2420305338937
IDN,Indonesia,1978,2334.555648626406,0.30067996719321904,2334.555648626406
IDN,Indonesia,1979,2441.4125978026973,0.3001752664569732,2441.4125978026973
IDN,Indonesia,1980,2626.7276180812096,0.3080268036956449,2626.7276180812096
IDN,Indonesia,1981,2791.5986142931965,0.32049157817542345,2791.5986142931965
IDN,Indonesia,1982,2779.4056054958346,0.3214853489656393,2779.4056054958346
IDN,Indonesia,1983,2919.60803612879,0.32817684873776487,2919.60803612879
IDN,Indonesia,1984,3013.1245397609428,0.3375725933127111,3013.1245397609428
IDN,Indonesia,1985,2989.3517068587535,0.3459411879797209,2989.3517068587535
IDN,Indonesia,1986,3002.6088871137877,0.3545542306981603,3002.6088871137877
IDN,Indonesia,1987,3057.445653761648,0.36166936293849333,3057.445653761648
IDN,Indonesia,1988,3110.157351536139,0.37662516798195134,3110.157351536139
IDN,Indonesia,1989,3382.85790197661,0.39425702985633443,3382.85790197661
IDN,Indonesia,1990,3776.535129489895,0.39992632583524157,3776.535129489895
IDN,Indonesia,1991,4044.709848950276,0.3965803330764446,4044.709848950276
IDN,Indonesia,1992,4241.278758145266,0.400105950737594,4241.278758145266
IDN,Indonesia,1993,4446.305801309408,0.3967360826641655,4446.305801309408
IDN,Indonesia,1994,4705.2316427634405,0.4061287705644596,4705.2316427634405
IDN,Indonesia,1995,5068.179325447792,0.4090993987536186,5068.179325447792
IDN,Indonesia,1996,5425.723467359554,0.41193186749249217,5425.723467359554
IDN,Indonesia,1997,5425.041992226114,0.41165120231063107,5425.041992226114
IDN,Indonesia,1998,4302.672626193154,0.4164153443102188,4302.672626193154
IDN,Indonesia,1999,4285.55602124175,0.42011611846899755,4285.55602124175
IDN,Indonesia,2000,4077.1080637209407,0.4236830989914776,4077.1080637209407
IDN,Indonesia,2001,4124.379121165661,0.4197256007278258,4124.379121165661
IDN,Indonesia,2002,4135.482119413705,0.4195087201736155,4135.482119413705
IDN,Indonesia,2003,4137.402207088187,0.4199699007662503,4137.402207088187
IDN,Indonesia,2004,4460.229878604498,0.4184847186520875,4460.229878604498
IDN,Indonesia,2005,4799.841708585702,0.41654864673278336,4799.841708585702
IDN,Indonesia,2006,5262.976835059921,0.4140423771503191,5262.976835059921
IDN,Indonesia,2007,5821.847926016185,0.4231478409691877,5821.847926016185
IDN,Indonesia,2008,6899.926482952343,0.4309992394260537,6899.926482952343
IDN,Indonesia,2009,7565.131005576563,0.4345296342719482,7565.131005576563
IDN,Indonesia,2010,8874.442834816213,0.4391084143114171,8874.442834816213
IDN,Indonesia,2011,10633.017636362832,0.43985672584580415,10633.017636362832
IDN,Indonesia,2012,11203.113472862575,0.4482947590510906,11203.113472862575
IDN,Indonesia,2013,11172.672218165479,0.4469190619274232,11172.672218165479
IDN,Indonesia,2014,11381.461886520266,0.44962971664288465,11381.461886520266
IDN,Indonesia,2015,11159.416083733686,0.4500891451491712,11159.416083733686
IDN,Indonesia,2016,11273.790231365974,0.45169102973531267,11273.790231365974
IDN,Indonesia,2017,11577.974354181006,0.4592562814794678,11577.974354181006
IDN,Indonesia,2018,12168.461889310436,0.4707055812323358,12168.461889310436
IDN,Indonesia,2019,12659.06853816076,0.4855417178924966,12659.06853816076
IDN,Indonesia,2020,12001.86801393779,0.4788458700885817,12001.86801393779
IDN,Indonesia,2021,12411.859249493997,0.47305903448766845,12411.859249493997
IDN,Indonesia,2022,13496.474053599775,0.48641614235895236,13496.474053599775
IDN,Indonesia,2023,13956.847913834737,0.4967253701472499,13956.847913834737
IND,India,1950,1067.4623737438894,0.4217963137958518,1067.4623737438894
IND,India,1951,1093.6428744127716,0.4199501217793449,1093.6428744127716
IND,India,1952,1106.9815102749608,0.41810387412475813,1106.9815102749608
IND,India,1953,1145.5045787809788,0.4162576353332239,1145.5045787809788
IND,India,1954,1172.4726546096092,0.4144113566584562,1172.4726546096092
IND,India,1955,1177.354808467319,0.4125650757244219,1177.354808467319
IND,India,1956,1207.1801428038546,0.410718902391898,1207.1801428038546
IND,India,1957,1190.5466327277923,0.40887260703826706,1190.5466327277923
IND,India,1958,1248.7052006448678,0.40702642550819385,1248.7052006448678
IND,India,1959,1243.8625377379885,0.40518014101942196,1243.8625377379885
IND,India,1960,1308.2198254535422,0.40333392940756224,1308.2198254535422
IND,India,1961,1324.0285736057374,0.3985878006763515,1324.0285736057374
IND,India,1962,1350.1005482394596,0.39353638395809437,1350.1005482394596
IND,India,1963,1410.5427580232301,0.3891676862178338,1410.5427580232301
IND,India,1964,1479.9160218910058,0.3843835654291277,1479.9160218910058
IND,India,1965,1424.4027981763668,0.379744120856127,1424.4027981763668
IND,India,1966,1391.2288870983634,0.37507687924893046,1391.2288870983634
IND,India,1967,1464.8250891848186,0.3705036758697873,1464.8250891848186
IND,India,1968,1495.5991802698957,0.36569402655592115,1495.5991802698957
IND,India,1969,1616.759288999248,0.3607616506866062,1616.759288999248
IND,India,1970,1606.7309245455135,0.3555810114060424,1606.7309245455135
IND,India,1971,1638.042766974587,0.3582015035797391,1638.042766974587
IND,India,1972,1657.7420752988269,0.3610340097204919,1657.7420752988269
IND,India,1973,1717.3056191052415,0.36323035933858433,1717.3056191052415
IND,India,1974,1670.350376930567,0.36544264852657593,1670.350376930567
IND,India,1975,1792.539928237828,0.36845731571472057,1792.539928237828
IND,India,1976,1731.051457882122,0.3713347264169993,1731.051457882122
IND,India,1977,1680.8940324186676,0.3742957369624721,1680.8940324186676
IND,India,1978,1609.5374246881781,0.3768049843086182,1609.5374246881781
IND,India,1979,1465.1085152668743,0.3785361792897439,1465.1085152668743
IND,India,1980,1467.1377860921089,0.38114542508282545,1467.1377860921089
IND,India,1981,1421.7426020104556,0.3833712144783037,1421.7426020104556
IND,India,1982,1356.8195121070573,0.3846228789726483,1356.8195121070573
IND,India,1983,1364.141262510375,0.38660217905998884,1364.141262510375
IND,India,1984,1335.0897837982277,0.387811391248072,1335.0897837982277
IND,India,1985,1326.2911598066262,0.3891790495805299,1326.2911598066262
IND,India,1986,1351.0895922851826,0.39098538299286884,1351.0895922851826
IND,India,1987,1389.9441048928668,0.3925170900421874,1389.9441048928668
IND,India,1988,1466.0923760289552,0.3947544053513562,1466.0923760289552
IND,India,1989,1534.4003802451173,0.3966712752229122,1534.4003802451173
IND,India,1990,1592.9251443555897,0.39930414529254926,1592.9251443555897
IND,India,1991,1608.359242318036,0.40060519385165483,1608.359242318036
IND,India,1992,1661.018474554942,0.40210595130629406,1661.018474554942
IND,India,1993,1713.0400741049316,0.40389230785124774,1713.0400741049316
IND,India,1994,1777.0215010837746,0.4013232555545479,1777.0215010837746
IND,India,1995,1885.7168658873184,0.39746914297740155,1885.7168658873184
IND,India,1996,1998.5849530642636,0.3938764921307732,1998.5849530642636
IND,India,1997,2050.1739385722008,0.3907636652342832,2050.1739385722008
IND,India,1998,2183.3307076747933,0.38794357249636946,2183.3307076747933
IND,India,1999,2294.675153730982,0.38554929243492053,2294.675153730982
IND,India,2000,2357.239968677372,0.3868416117647128,2357.239968677372
IND,India,2001,2438.77954843757,0.3894262439378427,2438.77954843757
IND,India,2002,2526.1873998257906,0.39243178502469905,2526.1873998257906
IND,India,2003,2708.4951273850706,0.39611392806900986,2708.4951273850706
IND,India,2004,2913.565120974632,0.4001306151572948,2913.565120974632
IND,India,2005,3268.420056854686,0.39633449894492423,3268.420056854686
IND,India,2006,3606.034293958518,0.3904696957501537,3606.034293958518
IND,India,2007,3981.171549939192,0.38551953808844364,3981.171549939192
IND,India,2008,4159.0539109650645,0.3814894820128744,4159.0539109650645
IND,India,2009,4385.372459302746,0.37831348302582757,4385.372459302746
IND,India,2010,4998.705392949437,0.37589015319405095,4998.705392949437
IND,India,2011,5369.626551172726,0.37440932681254896,5369.626551172726
IND,India,2012,5724.070503127933,0.36743603197702457,5724.070503127933
IND,India,2013,5690.162507805397,0.3733935178140954,5690.162507805397
IND,India,2014,5886.334116737689,0.36812696933032424,5886.334116737689
IND,India,2015,6128.389206868381,0.36347261043211493,6128.389206868381
IND,India,2016,6423.333932584361,0.35938178885995214,6423.333932584361
IND,India,2017,6710.247743291802,0.3590259897456521,6710.247743291802
IND,India,2018,7245.455444798202,0.3588125794365031,7245.455444798202
IND,India,2019,7551.658815059754,0.3883974193460358,7551.658815059754
IND,India,2020,7169.548078459114,0.391592157516214,7169.548078459114
IND,India,2021,8212.049926356589,0.40798764859856457,8212.049926356589
IND,India,2022,8705.490338261729,0.4431233049324765,8705.490338261729
IND,India,2023,8948.329090464966,0.46592484153514707,8948.329090464966
IRL,Ireland,1950,6099.757752536395,0.4795107785413369,6099.757752536395
IRL,Ireland,1951,6181.407085011771,0.4753168529229137,6181.407085011771
IRL,Ireland,1952,6430.705520191014,0.47112623154625755,6430.705520191014
IRL,Ireland,1953,6588.914579178454,0.4669342814037281,6588.914579178454
IRL,Ireland,1954,6696.732981389049,0.4627430670459562,6696.732981389049
IRL,Ireland,1955,6903.141172182808,0.4585495310194215,6903.141172182808
IRL,Ireland,1956,6872.24846811951,0.4543579942431818,6872.24846811951
IRL,Ireland,1957,6880.992026415451,0.4403902199110944,6880.992026415451
IRL,Ireland,1958,6832.206087531192,0.43795237882698307,6832.206087531192
IRL,Ireland,1959,7112.958273003715,0.4359699275608739,7112.958273003715
IRL,Ireland,1960,7503.610182872259,0.4356038259479033,7503.610182872259
IRL,Ireland,1961,7881.561642251955,0.4356455894598367,7881.561642251955
IRL,Ireland,1962,8045.415787151329,0.43797880960710384,8045.415787151329
IRL,Ireland,1963,8361.324642886508,0.4373649075877003,8361.324642886508
IRL,Ireland,1964,8573.344706962547,0.43726954714268684,8573.344706962547
IRL,Ireland,1965,8659.781067968568,0.4346314315175868,8659.781067968568
IRL,Ireland,1966,8778.18025388245,0.432049231048833,8778.18025388245
IRL,Ireland,1967,9249.244867232508,0.4273921591912956,9249.244867232508
IRL,Ireland,1968,9919.391086676746,0.4267777026959338,9919.391086676746
IRL,Ireland,1969,10354.291227352867,0.4260630440131163,10354.291227352867
IRL,Ireland,1970,10425.000888514667,0.41737225632955394,10425.000888514667
IRL,Ireland,1971,10670.186440069227,0.41817141323524953,10670.186440069227
IRL,Ireland,1972,11319.461844694686,0.40673188944571115,11319.461844694686
IRL,Ireland,1973,11790.483683554261,0.405980724455456,11790.483683554261
IRL,Ireland,1974,11903.004334126073,0.4049676478088563,11903.004334126073
IRL,Ireland,1975,12303.92980184075,0.3951090905869497,12303.92980184075
IRL,Ireland,1976,12652.485510628947,0.38544833352262003,12652.485510628947
IRL,Ireland,1977,13687.838427036668,0.3923347200937837,13687.838427036668
IRL,Ireland,1978,14767.422855697629,0.39165360774205266,14767.422855697629
IRL,Ireland,1979,15328.145684905598,0.4050353176086239,15328.145684905598
IRL,Ireland,1980,15860.427954916786,0.3974507118921452,15860.427954916786
IRL,Ireland,1981,15940.92036582293,0.3914038461228731,15940.92036582293
IRL,Ireland,1982,15962.495155423509,0.3857413845395128,15962.495155423509
IRL,Ireland,1983,15567.12339190098,0.3797288781887907,15567.12339190098
IRL,Ireland,1984,15810.892603757047,0.37011334031662535,15810.892603757047
IRL,Ireland,1985,15788.15168462007,0.3673446550042973,15788.15168462007
IRL,Ireland,1986,16710.930854052396,0.3650472932094655,16710.930854052396
IRL,Ireland,1987,17869.148475827886,0.3672900549798426,17869.148475827886
IRL,Ireland,1988,18685.378514621592,0.3684921921407991,18685.378514621592
IRL,Ireland,1989,19974.35299281985,0.36977967399808037,19974.35299281985
IRL,Ireland,1990,21540.839699028293,0.38650591669128614,21540.839699028293
IRL,Ireland,1991,21772.978554916728,0.3830832847029675,21772.978554916728
IRL,Ireland,1992,23107.580581387083,0.38130915141788446,23107.580581387083
IRL,Ireland,1993,24391.654213698526,0.38492679802623064,24391.654213698526
IRL,Ireland,1994,25480.131335481987,0.39558573383663165,25480.131335481987
IRL,Ireland,1995,28892.919601118563,0.41124432741056643,28892.919601118563
IRL,Ireland,1996,30930.39793222993,0.4155261882806886,30930.39793222993
IRL,Ireland,1997,34240.47233567692,0.4193617973748881,34240.47233567692
IRL,Ireland,1998,37147.687811584416,0.42863331977284197,37147.687811584416
IRL,Ireland,1999,40234.64832752366,0.45185037668477607,40234.64832752366
IRL,Ireland,2000,44509.20804531654,0.46548721408999927,44509.20804531654
IRL,Ireland,2001,47143.3322801743,0.4712177842558972,47143.3322801743
IRL,Ireland,2002,52448.47083819213,0.4700066717704979,52448.47083819213
IRL,Ireland,2003,56052.01750091098,0.47121679503558406,56052.01750091098
IRL,Ireland,2004,58088.623912461786,0.47815181133026435,58088.623912461786
IRL,Ireland,2005,62074.18674632107,0.4893294378834419,62074.18674632107
IRL,Ireland,2006,61549.179003921025,0.49809957160398366,61549.179003921025
IRL,Ireland,2007,66120.15971046405,0.5038619205027868,66120.15971046405
IRL,Ireland,2008,61643.39732353931,0.48824548444150573,61643.39732353931
IRL,Ireland,2009,59350.59416571529,0.4432651551129308,59350.59416571529
IRL,Ireland,2010,59833.58347517482,0.42144560799888575,59833.58347517482
IRL,Ireland,2011,61785.206716653534,0.4116206518913674,61785.206716653534
IRL,Ireland,2012,62201.7884486793,0.40819764148359433,62201.7884486793
IRL,Ireland,2013,62354.206318007324,0.41815841362521045,62354.206318007324
IRL,Ireland,2014,67521.76090578435,0.4261519330941607,67521.76090578435
IRL,Ireland,2015,88554.08584861585,0.43702035956411367,88554.08584861585
IRL,Ireland,2016,92594.45744538291,0.4481728280159011,92594.45744538291
IRL,Ireland,2017,100128.84436000459,0.4555964049844884,100128.84436000459
IRL,Ireland,2018,102981.42930527632,0.4626585474638936,102981.42930527632
IRL,Ireland,2019,116871.23529768271,0.4697999915734436,116871.23529768271
IRL,Ireland,2020,122020.48486274052,0.45200162437698066,122020.48486274052
IRL,Ireland,2021,136496.6393062163,0.4762253733372153,136496.6393062163
IRL,Ireland,2022,147221.45684083964,0.49863069432871443,147221.45684083964
IRL,Ireland,2023,132543.24196642824,0.5065025418720787,132543.24196642824
IRN,Iran (Islamic Republic of),1955,2932.3927793120865,0.30646980412804087,2932.3927793120865
IRN,Iran (Islamic Republic of),1956,3144.6428207934773,0.3033522890951092,3144.6428207934773
IRN,Iran (Islamic Republic of),1957,3601.0897616777333,0.3002345019108166,3601.0897616777333
IRN,Iran (Islamic Republic of),1958,4026.1050146182292,0.29711711340322894,4026.1050146182292
IRN,Iran (Islamic Republic of),1959,4376.350319884498,0.29399985513439864,4376.350319884498
IRN,Iran (Islamic Republic of),1960,4394.58281433672,0.29088218530031723,4394.58281433672
IRN,Iran (Islamic Republic of),1961,4582.413023925878,0.28908781169632963,4582.413023925878
IRN,Iran (Islamic Republic of),1962,4867.176715827592,0.28729375449763134,4867.176715827592
IRN,Iran (Islamic Republic of),1963,4847.349864143798,0.2854998552636555,4847.349864143798
IRN,Iran (Islamic Republic of),1964,5091.177556254669,0.28370558855872924,5091.177556254669
IRN,Iran (Islamic Republic of),1965,5589.243275131769,0.28191130921416535,5589.243275131769
IRN,Iran (Islamic Republic of),1966,5742.780547458419,0.280117287027518,5742.780547458419
IRN,Iran (Islamic Republic of),1967,6681.868213302588,0.27832298874312933,6681.868213302588
IRN,Iran (Islamic Republic of),1968,6943.370038816433,0.2765288354438334,6943.370038816433
IRN,Iran (Islamic Republic of),1969,7337.530279500033,0.27473461410503275,7337.530279500033
IRN,Iran (Islamic Republic of),1970,8181.7151510888625,0.27294070194566533,8181.7151510888625
IRN,Iran (Islamic Republic of),1971,8151.59614411648,0.2637102057608782,8151.59614411648
IRN,Iran (Islamic Republic of),1972,9292.033301834967,0.26216062501345666,9292.033301834967
IRN,Iran (Islamic Republic of),1973,9157.133784725915,0.26121730699024664,9157.133784725915
IRN,Iran (Islamic Republic of),1974,10353.852791991623,0.2604980334588446,10353.852791991623
IRN,Iran (Islamic Republic of),1975,9805.834977887891,0.2601479076248332,9805.834977887891
IRN,Iran (Islamic Republic of),1976,10223.113486702216,0.2641726565809529,10223.113486702216
IRN,Iran (Islamic Republic of),1977,12067.291996775906,0.26832957951901726,12067.291996775906
IRN,Iran (Islamic Republic of),1978,7772.498497368527,0.26912914801110044,7772.498497368527
IRN,Iran (Islamic Republic of),1979,6832.0929522566485,0.2636393438326247,6832.0929522566485
IRN,Iran (Islamic Republic of),1980,4460.1670794856245,0.25765134943159446,4460.1670794856245
IRN,Iran (Islamic Republic of),1981,3826.117256934336,0.2600631163059114,3826.117256934336
IRN,Iran (Islamic Republic of),1982,4447.125464860622,0.25935912446672277,4447.125464860622
IRN,Iran (Islamic Republic of),1983,4413.939061083281,0.2553149922678906,4413.939061083281
IRN,Iran (Islamic Republic of),1984,4013.273277535811,0.24902831107327325,4013.273277535811
IRN,Iran (Islamic Republic of),1985,3649.1608929148065,0.24844846453027408,3649.1608929148065
IRN,Iran (Islamic Republic of),1986,3187.5196868874955,0.22516808168992586,3187.5196868874955
IRN,Iran (Islamic Republic of),1987,3252.1392001645504,0.2257628291315237,3252.1392001645504
IRN,Iran (Islamic Republic of),1988,2900.2536402159662,0.22746310811110856,2900.2536402159662
IRN,Iran (Islamic Republic of),1989,3080.169284358671,0.23015701908469166,3080.169284358671
IRN,Iran (Islamic Republic of),1990,3568.4025964707284,0.23367401601522828,3568.4025964707284
IRN,Iran (Islamic Republic of),1991,4048.8660250846974,0.2373627150950246,4048.8660250846974
IRN,Iran (Islamic Republic of),1992,4325.633505528635,0.23621014481221966,4325.633505528635
IRN,Iran (Islamic Republic of),1993,5573.016161298706,0.23359782004006838,5573.016161298706
IRN,Iran (Islamic Republic of),1994,5896.873048113089,0.23241241927192255,5896.873048113089
IRN,Iran (Islamic Republic of),1995,5997.990099503473,0.23477605704618043,5997.990099503473
IRN,Iran (Islamic Republic of),1996,7148.136150970161,0.23851658349130342,7148.136150970161
IRN,Iran (Islamic Republic of),1997,7470.1330403545035,0.24335333977546983,7470.1330403545035
IRN,Iran (Islamic Republic of),1998,7534.25391087727,0.24920285663685968,7534.25391087727
IRN,Iran (Islamic Republic of),1999,8371.724946986717,0.2553762373904971,8371.724946986717
IRN,Iran (Islamic Republic of),2000,9088.912424443859,0.2629346385632763,9088.912424443859
IRN,Iran (Islamic Republic of),2001,10198.619188562297,0.2703362507526826,10198.619188562297
IRN,Iran (Islamic Republic of),2002,11708.46868029331,0.2769282532568204,11708.46868029331
IRN,Iran (Islamic Republic of),2003,12926.673609198519,0.287629686186776,12926.673609198519
IRN,Iran (Islamic Republic of),2004,14519.162590307184,0.30411578277050705,14519.162590307184
IRN,Iran (Islamic Republic of),2005,16948.46248607185,0.3107913137885341,16948.46248607185
IRN,Iran (Islamic Republic of),2006,18018.72363491177,0.31313430369223405,18018.72363491177
IRN,Iran (Islamic Republic of),2007,20385.49791154866,0.31406215900164963,20385.49791154866
IRN,Iran (Islamic Republic of),2008,20320.07448558949,0.30127605921204303,20320.07448558949
IRN,Iran (Islamic Republic of),2009,20818.807623680113,0.30285117451419524,20818.807623680113
IRN,Iran (Islamic Republic of),2010,22222.623851081342,0.2931168295173734,22222.623851081342
IRN,Iran (Islamic Republic of),2011,23506.74499529863,0.2862334355463052,23506.74499529863
IRN,Iran (Islamic Republic of),2012,20851.324886374776,0.2957359091567266,20851.324886374776
IRN,Iran (Islamic Republic of),2013,19631.18248077223,0.29693379807222775,19631.18248077223
IRN,Iran (Islamic Republic of),2014,18613.578959889903,0.2940802239801161,18613.578959889903
IRN,Iran (Islamic Republic of),2015,15993.9809266501,0.29904400927651437,15993.9809266501
IRN,Iran (Islamic Republic of),2016,17222.55552018018,0.30237506227770006,17222.55552018018
IRN,Iran (Islamic Republic of),2017,17138.318899013833,0.3112137663534633,17138.318899013833
IRN,Iran (Islamic Republic of),2018,14851.255309023789,0.31231861179373216,14851.255309023789
IRN,Iran (Islamic Republic of),2019,15496.039201922978,0.3148029071452226,15496.039201922978
IRN,Iran (Islamic Republic of),2020,18875.05857470733,0.2987155788512017,18875.05857470733
IRN,Iran (Islamic Republic of),2021,14564.776071327535,0.2979524763065566,14564.776071327535
IRN,Iran (Islamic Republic of),2022,14876.802201718627,0.29814618924483316,14876.802201718627
IRN,Iran (Islamic Republic of),2023,14808.993466819917,0.29917043922205183,14808.993466819917
IRQ,Iraq,1970,5391.589091069887,0.24232631681300743,5391.589091069887
IRQ,Iraq,1971,5499.2658405462935,0.24111405182073306,5499.2658405462935
IRQ,Iraq,1972,5876.661850666969,0.23990136847948224,5876.661850666969
IRQ,Iraq,1973,6925.10906833901,0.23868771975374284,6925.10906833901
IRQ,Iraq,1974,7857.937711283398,0.23747525990479737,7857.937711283398
IRQ,Iraq,1975,8685.80157543908,0.23626256252361583,8685.80157543908
IRQ,Iraq,1976,9810.132434081112,0.23504959882236998,9810.132434081112
IRQ,Iraq,1977,7841.712976944535,0.23383643897795126,7841.712976944535
IRQ,Iraq,1978,9008.216612412969,0.23262380232457416,9008.216612412969
IRQ,Iraq,1979,10808.540376443629,0.23141071534800364,10808.540376443629
IRQ,Iraq,1980,10690.863046417333,0.23019774659222064,10690.863046417333
IRQ,Iraq,1981,9805.04550925753,0.2288409187981121,9805.04550925753
IRQ,Iraq,1982,9216.373649242476,0.22748374261599144,9216.373649242476
IRQ,Iraq,1983,7901.462832757939,0.2261261511811297,7901.462832757939
IRQ,Iraq,1984,7514.027802424613,0.2247695431210204,7514.027802424613
IRQ,Iraq,1985,7406.419047842213,0.22341243900320784,7406.419047842213
IRQ,Iraq,1986,7851.535902065086,0.22205541618981783,7851.535902065086
IRQ,Iraq,1987,9029.254135133913,0.22069806000772288,9029.254135133913
IRQ,Iraq,1988,9163.109462287106,0.21934102513324907,9163.109462287106
IRQ,Iraq,1989,8020.241946202785,0.2179838722747902,8020.241946202785
IRQ,Iraq,1990,7946.933326132461,0.21662669011729282,7946.933326132461
IRQ,Iraq,1991,2679.165437462392,0.21857754322114736,2679.165437462392
IRQ,Iraq,1992,3260.425568805703,0.2203735621889066,3260.425568805703
IRQ,Iraq,1993,4620.563248146796,0.22485823640051678,4620.563248146796
IRQ,Iraq,1994,4188.234881669919,0.2296284138192168,4188.234881669919
IRQ,Iraq,1995,3308.8189395299883,0.23005344915072082,3308.8189395299883
IRQ,Iraq,1996,4801.548733912674,0.23055986518177138,4801.548733912674
IRQ,Iraq,1997,5660.930705180908,0.23107954491837543,5660.930705180908
IRQ,Iraq,1998,7370.452464143805,0.23215667910414778,7370.452464143805
IRQ,Iraq,1999,8241.68047721224,0.23320063107612637,8241.68047721224
IRQ,Iraq,2000,8143.174243868422,0.2340541937168421,8143.174243868422
IRQ,Iraq,2001,8079.9131741054,0.23422685903488433,8079.9131741054
IRQ,Iraq,2002,7341.742856100263,0.2335860724117666,7341.742856100263
IRQ,Iraq,2003,4579.884044806898,0.2330309160320075,4579.884044806898
IRQ,Iraq,2004,6783.813732876765,0.23403128782101873,6783.813732876765
IRQ,Iraq,2005,7014.068876408751,0.23488181145852352,7014.068876408751
IRQ,Iraq,2006,7901.622214479995,0.2363066180876155,7901.622214479995
IRQ,Iraq,2007,9187.10105067318,0.23717155843880094,9187.10105067318
IRQ,Iraq,2008,10956.963836225947,0.23799362161686485,10956.963836225947
IRQ,Iraq,2009,12216.072334789376,0.2381000817293228,12216.072334789376
IRQ,Iraq,2010,14096.260372643053,0.23853825928625483,14096.260372643053
IRQ,Iraq,2011,16466.913125488474,0.23874404756641904,16466.913125488474
IRQ,Iraq,2012,18178.19966291923,0.23933849446383496,18178.19966291923
IRQ,Iraq,2013,18130.768151988254,0.24270694558872116,18130.768151988254
IRQ,Iraq,2014,15839.644403857188,0.246054986663227,15839.644403857188
IRQ,Iraq,2015,11227.347733465458,0.24784146949430005,11227.347733465458
IRQ,Iraq,2016,10681.286141661836,0.250320913148408,10681.286141661836
IRQ,Iraq,2017,12159.951700359707,0.23864847395808483,12159.951700359707
IRQ,Iraq,2018,13772.262662562984,0.23833051984018377,13772.262662562984
IRQ,Iraq,2019,14094.644343945844,0.23692677329619796,14094.644343945844
IRQ,Iraq,2020,12533.300404911555,0.22398486701634618,12533.300404911555
IRQ,Iraq,2021,13561.356853885534,0.22460238672069796,13561.356853885534
IRQ,Iraq,2022,14178.90429824669,0.2374466581961841,14178.90429824669
IRQ,Iraq,2023,13711.903272767884,0.2403930968514854,13711.903272767884
ISL,Iceland,1950,10710.335156202358,0.455995512684225,10710.335156202358
ISL,Iceland,1951,10371.311212504017,0.45144228548614534,10371.311212504017
ISL,Iceland,1952,10112.761681025955,0.4468099363719647,10112.761681025955
ISL,Iceland,1953,11416.95049372009,0.44226692152805774,11416.95049372009
ISL,Iceland,1954,12330.297204410277,0.43769409223119005,12330.297204410277
ISL,Iceland,1955,13646.502317402594,0.4331181737140262,13646.502317402594
ISL,Iceland,1956,13375.870753209474,0.42854486524463226,13375.870753209474
ISL,Iceland,1957,13139.481062265255,0.41881171132771644,13139.481062265255
ISL,Iceland,1958,14187.789581096844,0.41399538620632137,14187.789581096844
ISL,Iceland,1959,14254.446377761278,0.40549012707240767,14254.446377761278
ISL,Iceland,1960,14392.207324770112,0.39963609659085636,14392.207324770112
ISL,Iceland,1961,14806.567377137666,0.39977637827484197,14806.567377137666
ISL,Iceland,1962,15109.273065576179,0.39967040288008177,15109.273065576179
ISL,Iceland,1963,16608.314477505624,0.3995039463007143,16608.314477505624
ISL,Iceland,1964,18363.090402156773,0.42202806036036505,18363.090402156773
ISL,Iceland,1965,19723.291018598396,0.4331998339412028,19723.291018598396
ISL,Iceland,1966,20739.069323438493,0.43709420297969703,20739.069323438493
ISL,Iceland,1967,19762.291544296637,0.4283269675287834,19762.291544296637
ISL,Iceland,1968,18008.646595079103,0.42685352826020023,18008.646595079103
ISL,Iceland,1969,18766.161653961375,0.4267691847637145,18766.161653961375
ISL,Iceland,1970,19973.35803698931,0.4394904297456578,19973.35803698931
ISL,Iceland,1971,23698.483830598416,0.4570818675499886,23698.483830598416
ISL,Iceland,1972,23090.68057550561,0.4615825981036056,23090.68057550561
ISL,Iceland,1973,25384.845108849193,0.4676021723059977,25384.845108849193
ISL,Iceland,1974,26907.05146118639,0.4769645268381955,26907.05146118639
ISL,Iceland,1975,26719.37895089736,0.47883321312839633,26719.37895089736
ISL,Iceland,1976,26577.592611778466,0.4915277514190699,26577.592611778466
ISL,Iceland,1977,29661.475824828474,0.48913531490972983,29661.475824828474
ISL,Iceland,1978,30869.654214442104,0.49957510568395413,30869.654214442104
ISL,Iceland,1979,32059.065394441343,0.5001107342628989,32059.065394441343
ISL,Iceland,1980,33680.53172763145,0.5110448603982353,33680.53172763145
ISL,Iceland,1981,34887.75943028265,0.5294627723934543,34887.75943028265
ISL,Iceland,1982,35767.72859025209,0.5384615477034402,35767.72859025209
ISL,Iceland,1983,31985.46946015534,0.5336651754211061,31985.46946015534
ISL,Iceland,1984,34709.34506145069,0.5356993611660537,34709.34506145069
ISL,Iceland,1985,34166.232570566935,0.5509527841411048,34166.232570566935
ISL,Iceland,1986,36999.46433307701,0.564609056507665,36999.46433307701
ISL,Iceland,1987,41018.48094532346,0.5930194249416608,41018.48094532346
ISL,Iceland,1988,41556.67893261014,0.5634704827508109,41556.67893261014
ISL,Iceland,1989,39276.74039627093,0.5491592175071802,39276.74039627093
ISL,Iceland,1990,38945.73388503452,0.5398083393117729,38945.73388503452
ISL,Iceland,1991,39217.44348231464,0.5331988416258088,39217.44348231464
ISL,Iceland,1992,37156.526490414995,0.5265376403330525,37156.526490414995
ISL,Iceland,1993,37342.83932068329,0.5200470454847775,37342.83932068329
ISL,Iceland,1994,38224.559727056265,0.5197051956386622,38224.559727056265
ISL,Iceland,1995,38035.446542886246,0.5326152164233485,38035.446542886246
ISL,Iceland,1996,38777.70436937649,0.5303875968117304,38777.70436937649
ISL,Iceland,1997,42051.29584623965,0.5264712647772627,42051.29584623965
ISL,Iceland,1998,43723.330688799426,0.5420499813931071,43723.330688799426
ISL,Iceland,1999,46176.52311198856,0.5548745299227062,46176.52311198856
ISL,Iceland,2000,45883.73420724012,0.5584009377385417,45883.73420724012
ISL,Iceland,2001,47482.004031925644,0.5600786485787871,47482.004031925644
ISL,Iceland,2002,47450.61457561881,0.5472065418800238,47450.61457561881
ISL,Iceland,2003,45928.401535065,0.544116591755208,45928.401535065
ISL,Iceland,2004,48208.35435969203,0.5365336066330878,48208.35435969203
ISL,Iceland,2005,49150.13328682867,0.545742566495725,49150.13328682867
ISL,Iceland,2006,45775.17891872948,0.560639946312136,45775.17891872948
ISL,Iceland,2007,47178.483880005195,0.5710158764146112,47178.483880005195
ISL,Iceland,2008,53261.7693137153,0.5649913566791354,53261.7693137153
ISL,Iceland,2009,51718.86181311438,0.516878568632098,51718.86181311438
ISL,Iceland,2010,49178.98803915822,0.5164468349645301,49178.98803915822
ISL,Iceland,2011,50415.174850456075,0.5258441547741189,50415.174850456075
ISL,Iceland,2012,52017.30812536428,0.5323581154189738,52017.30812536428
ISL,Iceland,2013,50587.48427296726,0.5391031107552219,50587.48427296726
ISL,Iceland,2014,50647.094610273816,0.5461335271002161,50647.094610273816
ISL,Iceland,2015,52019.61642096134,0.5563260768713891,52019.61642096134
ISL,Iceland,2016,52033.2209698904,0.5731206826158165,52033.2209698904
ISL,Iceland,2017,52412.380087241036,0.5832467896486285,52412.380087241036
ISL,Iceland,2018,53437.99573442557,0.5859725154779257,53437.99573442557
ISL,Iceland,2019,59110.74603202107,0.5754086906506072,59110.74603202107
ISL,Iceland,2020,54498.71045397884,0.541344975738687,54498.71045397884
ISL,Iceland,2021,56394.73641397688,0.5407274003546387,56394.73641397688
ISL,Iceland,2022,60783.75217887978,0.5658694768671824,60783.75217887978
ISL,Iceland,2023,63196.53384944963,0.5753215538992744,63196.53384944963
ISR,Israel,1950,6226.285874682384,0.33593979377866073,6226.285874682384
ISR,Israel,1951,7211.591381899446,0.33311708637093707,7211.591381899446
ISR,Israel,1952,6427.385276857767,0.330297930245407,6427.385276857767
ISR,Israel,1953,6229.749362555626,0.32747526927710396,6229.749362555626
ISR,Israel,1954,7240.703516349063,0.3246573474962599,7240.703516349063
ISR,Israel,1955,7928.586290140529,0.32183666599269,7928.586290140529
ISR,Israel,1956,8435.838986313503,0.319014568930523,8435.838986313503
ISR,Israel,1957,8616.25458311137,0.31619764154065416,8616.25458311137
ISR,Israel,1958,8870.825285701674,0.3133759921824122,8870.825285701674
ISR,Israel,1959,9690.891332076644,0.3105563864588932,9690.891332076644
ISR,Israel,1960,10005.830149224576,0.30773415611564503,10005.830149224576
ISR,Israel,1961,10766.480285219523,0.308499931789215,10766.480285219523
ISR,Israel,1962,11177.136194139981,0.3092625636898492,11177.136194139981
ISR,Israel,1963,11942.50986859592,0.31002594088000723,11942.50986859592
ISR,Israel,1964,12543.31646145993,0.31078756927082596,12543.31646145993
ISR,Israel,1965,12148.138830044598,0.3115496868638248,12148.138830044598
ISR,Israel,1966,13085.988474245441,0.3123120245843469,13085.988474245441
ISR,Israel,1967,12907.816626492,0.3130760663283383,12907.816626492
ISR,Israel,1968,13280.479603702648,0.3138394464373075,13280.479603702648
ISR,Israel,1969,14854.16794657057,0.31460271903172976,14854.16794657057
ISR,Israel,1970,16168.062640892245,0.31072834026416113,16168.062640892245
ISR,Israel,1971,17252.98246313774,0.31166354453476,17252.98246313774
ISR,Israel,1972,18466.81941958842,0.31683050201943364,18466.81941958842
ISR,Israel,1973,19546.26594468809,0.3205414059780642,19546.26594468809
ISR,Israel,1974,20091.197342283795,0.31277823785596887,20091.197342283795
ISR,Israel,1975,20411.73727934965,0.31149636848125833,20411.73727934965
ISR,Israel,1976,19985.38887615364,0.3102145030289733,19985.38887615364
ISR,Israel,1977,19519.229104315473,0.31540262601138686,19519.229104315473
ISR,Israel,1978,19970.496259404852,0.3205907489875677,19970.496259404852
ISR,Israel,1979,20415.4856601739,0.32027595812435966,20415.4856601739
ISR,Israel,1980,20522.28723568618,0.3164261088035275,20522.28723568618
ISR,Israel,1981,21306.04150108436,0.3176179100070748,21306.04150108436
ISR,Israel,1982,21449.931565349136,0.3169240147055746,21449.931565349136
ISR,Israel,1983,21909.072391233523,0.3207864981801961,21909.072391233523
ISR,Israel,1984,21867.975260521576,0.31888274758558754,21867.975260521576
ISR,Israel,1985,21939.22398138628,0.3105697537745201,21939.22398138628
ISR,Israel,1986,23037.85851772536,0.31947742806536433,23037.85851772536
ISR,Israel,1987,24570.43603425076,0.3230624645649629,24570.43603425076
ISR,Israel,1988,25104.378999006345,0.32917217628091716,25104.378999006345
ISR,Israel,1989,24358.50811135887,0.3257823692748094,24358.50811135887
ISR,Israel,1990,25827.188713352854,0.35884338401453775,25827.188713352854
ISR,Israel,1991,26892.566107692855,0.36486528603861806,26892.566107692855
ISR,Israel,1992,28205.745568399176,0.371391756403116,28205.745568399176
ISR,Israel,1993,29111.79941880184,0.3899629734349696,29111.79941880184
ISR,Israel,1994,30417.316462958664,0.4122030742056404,30417.316462958664
ISR,Israel,1995,32498.059195789,0.42699277945007585,32498.059195789
ISR,Israel,1996,34453.3751482621,0.43280974672957845,34453.3751482621
ISR,Israel,1997,35172.916239039834,0.43434904571853256,35172.916239039834
ISR,Israel,1998,35777.44881816329,0.4335481852610386,35777.44881816329
ISR,Israel,1999,36510.95465231637,0.4371819042422261,36510.95465231637
ISR,Israel,2000,39119.95863326128,0.4425807389957406,39119.95863326128
ISR,Israel,2001,38909.631649100585,0.43359898666327634,38909.631649100585
ISR,Israel,2002,38489.3812854978,0.4315218324372155,38489.3812854978
ISR,Israel,2003,36420.02623477199,0.4258774518310395,36420.02623477199
ISR,Israel,2004,35505.424002737986,0.425428481302199,35505.424002737986
ISR,Israel,2005,35348.185682780815,0.43247575742280486,35348.185682780815
ISR,Israel,2006,35021.18935519296,0.4387856403192913,35021.18935519296
ISR,Israel,2007,34966.58595998107,0.44959254436908386,34966.58595998107
ISR,Israel,2008,34437.12610940584,0.4576076327988442,34437.12610940584
ISR,Israel,2009,35738.539113272986,0.458630142134923,35738.539113272986
ISR,Israel,2010,36923.129805015444,0.46396192742325165,36923.129805015444
ISR,Israel,2011,38253.579864497806,0.4690066749575955,38253.579864497806
ISR,Israel,2012,39601.22893932264,0.47902542018025235,39601.22893932264
ISR,Israel,2013,40307.0523457428,0.48283034325341423,40307.0523457428
ISR,Israel,2014,40432.923104566835,0.48706809338953944,40432.923104566835
ISR,Israel,2015,41204.23407916742,0.4890202114407528,41204.23407916742
ISR,Israel,2016,42945.36437553936,0.4948695487672126,42945.36437553936
ISR,Israel,2017,43091.141174558536,0.4999135119416126,43091.141174558536
ISR,Israel,2018,40646.40810113481,0.5027180616497227,40646.40810113481
ISR,Israel,2019,40445.739426996835,0.5019764521956508,40445.739426996835
ISR,Israel,2020,39393.4482174398,0.48889309132886366,39393.4482174398
ISR,Israel,2021,41654.37808707756,0.48548588365457424,41654.37808707756
ISR,Israel,2022,43131.905644540006,0.5034531141852563,43131.905644540006
ISR,Israel,2023,44126.65303381022,0.505531931723374,44126.65303381022
ITA,Italy,1950,5083.2636061918965,0.41922281104989567,5083.2636061918965
ITA,Italy,1951,5501.23774223979,0.41702391849037257,5501.23774223979
ITA,Italy,1952,5649.889202495314,0.41830990833241927,5649.889202495314
ITA,Italy,1953,6016.452093099615,0.42019577134978997,6016.452093099615
ITA,Italy,1954,6230.7729838426085,0.42290235271450877,6230.7729838426085
ITA,Italy,1955,6601.752391384794,0.4198262563585337,6601.752391384794
ITA,Italy,1956,6815.134721123595,0.4187678346880489,6815.134721123595
ITA,Italy,1957,7062.478594789809,0.418375632063735,7062.478594789809
ITA,Italy,1958,7333.029046953889,0.4173411477043811,7333.029046953889
ITA,Italy,1959,7798.455563929988,0.4149524114765435,7798.455563929988
ITA,Italy,1960,8462.631305973275,0.4135928779342141,8462.631305973275
ITA,Italy,1961,9107.668685171677,0.4135422905497659,9107.668685171677
ITA,Italy,1962,9560.427462229143,0.4097401684219887,9560.427462229143
ITA,Italy,1963,9933.838751739175,0.4001498225957429,9933.838751739175
ITA,Italy,1964,10134.737193482679,0.39565446190569664,10134.737193482679
ITA,Italy,1965,10347.439570908102,0.383131602566149,10347.439570908102
ITA,Italy,1966,10859.073484962748,0.37439542383066576,10859.073484962748
ITA,Italy,1967,11565.931492342834,0.3766414190216944,11565.931492342834
ITA,Italy,1968,12240.18897529622,0.3741785496450963,12240.18897529622
ITA,Italy,1969,12901.356612161708,0.3691912614665599,12901.356612161708
ITA,Italy,1970,14516.178342047411,0.3685282071590936,14516.178342047411
ITA,Italy,1971,14825.734327763783,0.3662938386571689,14825.734327763783
ITA,Italy,1972,15388.455967582633,0.3629281499101633,15388.455967582633
ITA,Italy,1973,16455.859403631188,0.36517051105793263,16455.859403631188
ITA,Italy,1974,17482.78304747297,0.367959744597617,17482.78304747297
ITA,Italy,1975,17485.472721490187,0.3659515706594392,17485.472721490187
ITA,Italy,1976,18950.64581999926,0.36788908933410336,18950.64581999926
ITA,Italy,1977,19917.717192572032,0.3675665280283079,19917.717192572032
ITA,Italy,1978,21234.52766778935,0.3675997312166072,21234.52766778935
ITA,Italy,1979,23037.48968064422,0.3708461805690049,23037.48968064422
ITA,Italy,1980,24407.27504411998,0.3756510303148276,24407.27504411998
ITA,Italy,1981,23951.257133021754,0.3750065246177177,23951.257133021754
ITA,Italy,1982,23579.435437839144,0.3755535642598804,23579.435437839144
ITA,Italy,1983,23384.464808589757,0.376135833819095,23384.464808589757
ITA,Italy,1984,23443.242378726285,0.37567148318077165,23443.242378726285
ITA,Italy,1985,23692.285290037285,0.3789983572476514,23692.285290037285
ITA,Italy,1986,25209.381857243516,0.3815885552524819,25209.381857243516
ITA,Italy,1987,26420.741582909322,0.3824873291583766,26420.741582909322
ITA,Italy,1988,27600.625297400256,0.38656271712455803,27600.625297400256
ITA,Italy,1989,28783.04494525882,0.3891776883813092,28783.04494525882
ITA,Italy,1990,30144.77984376832,0.3953411853991045,30144.77984376832
ITA,Italy,1991,31066.973993503645,0.4024606897673486,31066.973993503645
ITA,Italy,1992,31773.193745854485,0.3992695578718246,31773.193745854485
ITA,Italy,1993,31634.855797973945,0.388307071345501,31634.855797973945
ITA,Italy,1994,32602.246619469985,0.38184044621632046,32602.246619469985
ITA,Italy,1995,34187.01312940933,0.38106668806623534,34187.01312940933
ITA,Italy,1996,34932.12993324317,0.38328700024886947,34932.12993324317
ITA,Italy,1997,36153.63695646845,0.3844283123164984,36153.63695646845
ITA,Italy,1998,37918.092176703976,0.3883283643080018,37918.092176703976
ITA,Italy,1999,38839.862959283,0.3927307704904184,38839.862959283
ITA,Italy,2000,40076.00826062266,0.4003785564347,40076.00826062266
ITA,Italy,2001,41156.34274809373,0.40774469066923813,41156.34274809373
ITA,Italy,2002,39700.993865828146,0.4143251381950699,39700.993865828146
ITA,Italy,2003,39133.0495158972,0.41880163607563664,39133.0495158972
ITA,Italy,2004,38982.41080481343,0.4180144312868539,38982.41080481343
ITA,Italy,2005,39728.831113314285,0.4177023832186406,39728.831113314285
ITA,Italy,2006,40819.98799988419,0.4242878652831387,40819.98799988419
ITA,Italy,2007,42997.76750367797,0.4270483111922302,42997.76750367797
ITA,Italy,2008,43579.153168335535,0.4247137656315929,43579.153168335535
ITA,Italy,2009,41813.736676392786,0.4151789494835221,41813.736676392786
ITA,Italy,2010,41850.39784364835,0.41097117980878434,41850.39784364835
ITA,Italy,2011,43458.048385996,0.4105503423756176,43458.048385996
ITA,Italy,2012,42335.12080442725,0.40840438843709925,42335.12080442725
ITA,Italy,2013,40904.99636395819,0.400154148645905,40904.99636395819
ITA,Italy,2014,40814.90291856127,0.4001169686458354,40814.90291856127
ITA,Italy,2015,41040.13671179198,0.40334109343604246,41040.13671179198
ITA,Italy,2016,43317.795148581616,0.409890129660854,43317.795148581616
ITA,Italy,2017,44666.88269467301,0.41549079769584585,44666.88269467301
ITA,Italy,2018,44768.30151828297,0.42058583010777206,44768.30151828297
ITA,Italy,2019,46953.28645190492,0.42422265438930656,46953.28645190492
ITA,Italy,2020,43123.69538453481,0.41756747883522466,43123.69538453481
ITA,Italy,2021,47710.23374605617,0.4237713348630933,47710.23374605617
ITA,Italy,2022,49945.705332928876,0.43277669476552777,49945.705332928876
ITA,Italy,2023,50488.24566504838,0.44127833109119,50488.24566504838
JAM,Jamaica,1953,4036.4879490524168,0.37836336646824764,4036.4879490524168
JAM,Jamaica,1954,4427.388856992099,0.37459109195360196,4427.388856992099
JAM,Jamaica,1955,4799.749330398705,0.37082485881191807,4799.749330398705
JAM,Jamaica,1956,5257.089893750395,0.367056411793756,5257.089893750395
JAM,Jamaica,1957,5840.640804386139,0.3632920894177037,5840.640804386139
JAM,Jamaica,1958,5853.324348735948,0.3595266561915031,5853.324348735948
JAM,Jamaica,1959,5919.8534383551505,0.35575821766369536,5919.8534383551505
JAM,Jamaica,1960,6121.480607155798,0.35199213120740147,6121.480607155798
JAM,Jamaica,1961,6353.794083820239,0.34986368131583057,6353.794083820239
JAM,Jamaica,1962,6386.046248741257,0.34773696877455307,6386.046248741257
JAM,Jamaica,1963,6756.613848857538,0.3456094958108947,6756.613848857538
JAM,Jamaica,1964,6963.471179581209,0.3434765057371175,6963.471179581209
JAM,Jamaica,1965,7030.173553792223,0.3413477356429927,7030.173553792223
JAM,Jamaica,1966,6992.341159995591,0.3392222681647237,6992.341159995591
JAM,Jamaica,1967,6903.982335342895,0.33709150241253555,6903.982335342895
JAM,Jamaica,1968,6853.539647851874,0.33496393004175945,6853.539647851874
JAM,Jamaica,1969,7058.55036308044,0.33283198526612007,7058.55036308044
JAM,Jamaica,1970,7927.49669263751,0.3273823028153079,7927.49669263751
JAM,Jamaica,1971,8108.094970434327,0.3219326099727808,8108.094970434327
JAM,Jamaica,1972,8810.45995246285,0.3164828885976417,8810.45995246285
JAM,Jamaica,1973,8798.801639758232,0.31694572214937594,8798.801639758232
JAM,Jamaica,1974,8420.20267719822,0.32678590356204457,8420.20267719822
JAM,Jamaica,1975,8167.079202020722,0.33058756411106394,8167.079202020722
JAM,Jamaica,1976,7644.807864207574,0.32709580693241325,7644.807864207574
JAM,Jamaica,1977,7174.095853091554,0.32624910063727214,7174.095853091554
JAM,Jamaica,1978,6742.829077670042,0.330527057315081,6742.829077670042
JAM,Jamaica,1979,6125.436706706248,0.3214458526525341,6125.436706706248
JAM,Jamaica,1980,5431.683045335044,0.3255411522193444,5431.683045335044
JAM,Jamaica,1981,5317.943008280822,0.3359526921069938,5317.943008280822
JAM,Jamaica,1982,5265.663777332932,0.33184520848055593,5265.663777332932
JAM,Jamaica,1983,5426.549190834032,0.33217261174963403,5426.549190834032
JAM,Jamaica,1984,5167.034646214146,0.34397381726446524,5167.034646214146
JAM,Jamaica,1985,4565.154367215113,0.3412341297737801,4565.154367215113
JAM,Jamaica,1986,4971.208168892253,0.3549115956973572,4971.208168892253
JAM,Jamaica,1987,5441.118691714742,0.3628617300086625,5441.118691714742
JAM,Jamaica,1988,5673.141481346053,0.37164658253361,5673.141481346053
JAM,Jamaica,1989,5714.59549418777,0.3730446207890556,5714.59549418777
JAM,Jamaica,1990,6059.751361362373,0.37661610992236577,6059.751361362373
JAM,Jamaica,1991,5851.8297176980495,0.3760721557673675,5851.8297176980495
JAM,Jamaica,1992,6124.355319996155,0.3735306035435536,6124.355319996155
JAM,Jamaica,1993,6478.7644600621,0.36993105408388166,6478.7644600621
JAM,Jamaica,1994,6414.66142087875,0.3729365448967865,6414.66142087875
JAM,Jamaica,1995,6424.460400091835,0.3852967239579998,6424.460400091835
JAM,Jamaica,1996,6486.700943304576,0.3801996721517036,6486.700943304576
JAM,Jamaica,1997,6381.845642381335,0.375336346835938,6381.845642381335
JAM,Jamaica,1998,6442.0246805022,0.37136109949133184,6442.0246805022
JAM,Jamaica,1999,6548.4596150467505,0.3617274738161739,6548.4596150467505
JAM,Jamaica,2000,6624.147104475144,0.35797059537123027,6624.147104475144
JAM,Jamaica,2001,6612.459963513606,0.3590530730393777,6612.459963513606
JAM,Jamaica,2002,6610.910054478726,0.3926232494292903,6610.910054478726
JAM,Jamaica,2003,7189.4169072917,0.39439167551636045,7189.4169072917
JAM,Jamaica,2004,7284.202975750545,0.39274387020400975,7284.202975750545
JAM,Jamaica,2005,7785.107495033616,0.39332864336568585,7785.107495033616
JAM,Jamaica,2006,8020.305272267202,0.41602676845732345,8020.305272267202
JAM,Jamaica,2007,8450.333711032501,0.4247089011797959,8450.333711032501
JAM,Jamaica,2008,8347.513658514437,0.4263410210001706,8347.513658514437
JAM,Jamaica,2009,8348.01046060552,0.41117941876396924,8348.01046060552
JAM,Jamaica,2010,8514.878531748169,0.3983495959024081,8514.878531748169
JAM,Jamaica,2011,8640.302752424022,0.39590486500511146,8640.302752424022
JAM,Jamaica,2012,8959.253198006803,0.3919842728703592,8959.253198006803
JAM,Jamaica,2013,9084.885806351433,0.39689016275477096,9084.885806351433
JAM,Jamaica,2014,9139.218875335615,0.4037374196402433,9139.218875335615
JAM,Jamaica,2015,9147.801736080632,0.40633761839658683,9147.801736080632
JAM,Jamaica,2016,9256.060820567525,0.41756208829596975,9256.060820567525
JAM,Jamaica,2017,9466.436801210968,0.427219414371595,9466.436801210968
JAM,Jamaica,2018,9495.044075611584,0.4308554050398869,9495.044075611584
JAM,Jamaica,2019,9566.969815331224,0.44089286379823617,9566.969815331224
JAM,Jamaica,2020,8713.979619147156,0.41703949111848887,8713.979619147156
JAM,Jamaica,2021,9255.917880333314,0.427722678179715,9255.917880333314
JAM,Jamaica,2022,9503.184817765496,0.4457104159831484,9503.184817765496
JAM,Jamaica,2023,9454.608358913312,0.4587706784018303,9454.608358913312
JOR,Jordan,1954,3249.0650787527816,0.19877743501107897,3249.0650787527816
JOR,Jordan,1955,2597.2983228432563,0.19890531736665598,2597.2983228432563
JOR,Jordan,1956,3433.4011756713003,0.19903907067076207,3433.4011756713003
JOR,Jordan,1957,3492.9304126067263,0.1991668465553616,3492.9304126067263
JOR,Jordan,1958,3788.5223770755565,0.19928595698568438,3788.5223770755565
JOR,Jordan,1959,4132.194885773528,0.19942401429058942,4132.194885773528
JOR,Jordan,1960,4254.836773892851,0.1995474521880016,4254.836773892851
JOR,Jordan,1961,4797.076762019375,0.19901893217485808,4797.076762019375
JOR,Jordan,1962,4690.823516575923,0.19849822831608446,4690.823516575923
JOR,Jordan,1963,4725.310376405785,0.19797856371532296,4725.310376405785
JOR,Jordan,1964,5174.5559992248745,0.19744784740897667,5174.5559992248745
JOR,Jordan,1965,5563.906002235281,0.19692687708022233,5563.906002235281
JOR,Jordan,1966,5498.176275175509,0.1964005201188083,5498.176275175509
JOR,Jordan,1967,5487.052373390409,0.1958790795745429,5487.052373390409
JOR,Jordan,1968,5157.120819338116,0.1953505798457238,5157.120819338116
JOR,Jordan,1969,5224.760296600245,0.1948277999028732,5224.760296600245
JOR,Jordan,1970,4431.137923015047,0.19430324450838218,4431.137923015047
JOR,Jordan,1971,4321.035223149023,0.19171330775684575,4321.035223149023
JOR,Jordan,1972,4443.503619105978,0.18912336460615026,4443.503619105978
JOR,Jordan,1973,4070.1731126841437,0.1865301823799377,4070.1731126841437
JOR,Jordan,1974,4118.725307891633,0.18393866492958935,4118.725307891633
JOR,Jordan,1975,3703.24195784219,0.1813462266216155,3703.24195784219
JOR,Jordan,1976,4324.03185542599,0.17875441116618263,4324.03185542599
JOR,Jordan,1977,4605.682813835747,0.17616184024038214,4605.682813835747
JOR,Jordan,1978,5003.40719705605,0.1735703235526525,5003.40719705605
JOR,Jordan,1979,5722.525436049886,0.17097895327489945,5722.525436049886
JOR,Jordan,1980,6251.1100589319785,0.16838743139590437,6251.1100589319785
JOR,Jordan,1981,7292.103285527476,0.17034229364426104,7292.103285527476
JOR,Jordan,1982,6929.850067338243,0.1722986093125891,6929.850067338243
JOR,Jordan,1983,6437.756814483821,0.1742529336212295,6437.756814483821
JOR,Jordan,1984,6741.100113506747,0.17620857965908987,6741.100113506747
JOR,Jordan,1985,5918.744500793505,0.17816002945383455,5918.744500793505
JOR,Jordan,1986,6434.5839234908435,0.18011393957906133,6434.5839234908435
JOR,Jordan,1987,7024.6270344470495,0.18206833196401997,7024.6270344470495
JOR,Jordan,1988,6193.099612547795,0.18402536629399452,6193.099612547795
JOR,Jordan,1989,4738.129296280601,0.18597942396649417,4738.129296280601
JOR,Jordan,1990,4259.988688109968,0.18793397284183974,4259.988688109968
JOR,Jordan,1991,3930.903585581928,0.19048223750520069,3930.903585581928
JOR,Jordan,1992,4043.8069764393817,0.19373132267634294,4043.8069764393817
JOR,Jordan,1993,3998.0253404135674,0.2020318381120149,3998.0253404135674
JOR,Jordan,1994,4005.9768235386196,0.2166267424629518,4005.9768235386196
JOR,Jordan,1995,4046.6588486690925,0.22823765419257103,4046.6588486690925
JOR,Jordan,1996,3842.5765432621492,0.23372144506028886,3842.5765432621492
JOR,Jordan,1997,3897.5732890631425,0.2342595768491831,3897.5732890631425
JOR,Jordan,1998,3864.75707474647,0.23386454529972012,3864.75707474647
JOR,Jordan,1999,3872.2745553160426,0.23376820394081319,3872.2745553160426
JOR,Jordan,2000,3972.857789758388,0.23362139075291283,3972.857789758388
JOR,Jordan,2001,4180.074950071778,0.22770167634085692,4180.074950071778
JOR,Jordan,2002,4635.151439860216,0.22437701058201237,4635.151439860216
JOR,Jordan,2003,4873.083659615892,0.22157898399209797,4873.083659615892
JOR,Jordan,2004,5511.872772995724,0.2252350844574325,5511.872772995724
JOR,Jordan,2005,6700.328055221692,0.2287804508832346,6700.328055221692
JOR,Jordan,2006,7028.969226881411,0.224266524921944,7028.969226881411
JOR,Jordan,2007,7667.454608584129,0.2365394582619942,7667.454608584129
JOR,Jordan,2008,9006.171734014642,0.23748001392279477,9006.171734014642
JOR,Jordan,2009,10060.591259946963,0.24231725161691114,10060.591259946963
JOR,Jordan,2010,11197.012012263049,0.24165103176450653,11197.012012263049
JOR,Jordan,2011,13211.895224789396,0.23957541736996457,13211.895224789396
JOR,Jordan,2012,13494.3505707101,0.2364331735262742,13494.3505707101
JOR,Jordan,2013,12426.459469314144,0.21901021048238015,12426.459469314144
JOR,Jordan,2014,11441.715228038685,0.2075100564564914,11441.715228038685
JOR,Jordan,2015,10594.222672534757,0.21427339768710454,10594.222672534757
JOR,Jordan,2016,10046.81413094283,0.21934746019310306,10046.81413094283
JOR,Jordan,2017,10630.372322489264,0.22066100380888012,10630.372322489264
JOR,Jordan,2018,10069.58038218343,0.2162045287297208,10069.58038218343
JOR,Jordan,2019,10192.561585383508,0.22180725622145314,10192.561585383508
JOR,Jordan,2020,10460.839501021055,0.2215659320208209,10460.839501021055
JOR,Jordan,2021,9789.1189294832,0.2164240847259604,9789.1189294832
JOR,Jordan,2022,9283.345053105102,0.22392018333614716,9283.345053105102
JOR,Jordan,2023,9288.97285700511,0.22838317585083778,9288.97285700511
JPN,Japan,1950,3138.268662688342,0.43539452119999866,3138.268662688342
JPN,Japan,1951,3412.1089405199614,0.4390699175882329,3412.1089405199614
JPN,Japan,1952,3706.4353497850584,0.4427454483249412,3706.4353497850584
JPN,Japan,1953,3822.8506321436134,0.4464208748304609,3822.8506321436134
JPN,Japan,1954,3973.450365979307,0.44614659880625973,3973.450365979307
JPN,Japan,1955,4236.196224243576,0.45573251918614455,4236.196224243576
JPN,Japan,1956,4475.293140629178,0.46169226779885764,4475.293140629178
JPN,Japan,1957,4743.700909338799,0.47318921156333277,4743.700909338799
JPN,Japan,1958,5044.647795551916,0.47733976952994545,5044.647795551916
JPN,Japan,1959,5459.3448751819005,0.47815230963345307,5459.3448751819005
JPN,Japan,1960,6093.16775519817,0.48863947253805556,6093.16775519817
JPN,Japan,1961,6691.221927968595,0.49597925860220093,6691.221927968595
JPN,Japan,1962,7265.289541486946,0.5034833046333383,7265.289541486946
JPN,Japan,1963,7786.138791575474,0.5063485454384737,7786.138791575474
JPN,Japan,1964,8569.350271935851,0.5112879683809319,8569.350271935851
JPN,Japan,1965,9004.556052385118,0.5149402115336406,9004.556052385118
JPN,Japan,1966,9834.225236401615,0.5217666207328631,9834.225236401615
JPN,Japan,1967,10733.245756519416,0.5295626438562216,10733.245756519416
JPN,Japan,1968,11941.644900105495,0.5290643065922269,11941.644900105495
JPN,Japan,1969,13232.00609836794,0.5308107248554579,13232.00609836794
JPN,Japan,1970,14422.653426639357,0.5279812435018039,14422.653426639357
JPN,Japan,1971,15127.692596424542,0.5260585577027214,15127.692596424542
JPN,Japan,1972,16304.633498187528,0.5219516797344638,16304.633498187528
JPN,Japan,1973,17388.31501618374,0.5283086396655596,17388.31501618374
JPN,Japan,1974,17075.378091828374,0.5220765483917097,17075.378091828374
JPN,Japan,1975,17699.12709004589,0.514901574437573,17699.12709004589
JPN,Japan,1976,18696.13968811853,0.5140349332474609,18696.13968811853
JPN,Japan,1977,19797.42213745365,0.514641312771868,19797.42213745365
JPN,Japan,1978,21109.16331791988,0.5135485445722012,21109.16331791988
JPN,Japan,1979,22340.5142797803,0.5133659876970221,22340.5142797803
JPN,Japan,1980,23478.550247689323,0.513600174699277,23478.550247689323
JPN,Japan,1981,23290.66814792837,0.5146071893182099,23290.66814792837
JPN,Japan,1982,22848.483428257463,0.5151640775040744,22848.483428257463
JPN,Japan,1983,22465.98088101599,0.5179234025310276,22465.98088101599
JPN,Japan,1984,22540.537937168167,0.5164116529933813,22540.537937168167
JPN,Japan,1985,23129.66333309783,0.5153835254811031,23129.66333309783
JPN,Japan,1986,25120.28316490511,0.513951484456951,25120.28316490511
JPN,Japan,1987,26747.5525383717,0.511590506411805,26747.5525383717
JPN,Japan,1988,29328.38131046893,0.5146964167898316,29328.38131046893
JPN,Japan,1989,31432.387682691624,0.5175989753161565,31432.387682691624
JPN,Japan,1990,33792.230074344145,0.5209474885827943,33792.230074344145
JPN,Japan,1991,35871.758232761415,0.5294435825472342,35871.758232761415
JPN,Japan,1992,37098.821655968,0.5332832573410844,37098.821655968
JPN,Japan,1993,38170.41095127571,0.5333524870891282,38170.41095127571
JPN,Japan,1994,38576.65919634349,0.5320217497082799,38576.65919634349
JPN,Japan,1995,40630.347100540916,0.532075877388709,40630.347100540916
JPN,Japan,1996,42745.69232626249,0.5311575675790132,42745.69232626249
JPN,Japan,1997,42669.72129908457,0.5336347132289345,42669.72129908457
JPN,Japan,1998,41873.01299089403,0.5261669653567833,41873.01299089403
JPN,Japan,1999,41634.15523802214,0.5178992354103266,41634.15523802214
JPN,Japan,2000,42713.586867201164,0.5137543398544031,42713.586867201164
JPN,Japan,2001,42347.46371660671,0.5089493269708024,42347.46371660671
JPN,Japan,2002,42363.59203172135,0.5001021795384474,42363.59203172135
JPN,Japan,2003,42920.99009823285,0.4977147832486947,42920.99009823285
JPN,Japan,2004,43911.73189625249,0.49824198989236335,43911.73189625249
JPN,Japan,2005,44930.50880623622,0.4997361903333359,44930.50880623622
JPN,Japan,2006,45390.749693233636,0.5016046762252644,45390.749693233636
JPN,Japan,2007,46150.10130326193,0.5031378037185714,46150.10130326193
JPN,Japan,2008,45265.59780779658,0.5010853319614027,45265.59780779658
JPN,Japan,2009,42735.868183209204,0.49364534602490695,42735.868183209204
JPN,Japan,2010,44779.48812763401,0.49144762793321467,44779.48812763401
JPN,Japan,2011,44295.39458210671,0.49076422860055074,44295.39458210671
JPN,Japan,2012,44307.40629408109,0.49038645914822276,44307.40629408109
JPN,Japan,2013,44433.60898446016,0.49526436120660583,44433.60898446016
JPN,Japan,2014,43775.70490640958,0.5003147144552277,43775.70490640958
JPN,Japan,2015,45137.05472785918,0.5041323102821194,45137.05472785918
JPN,Japan,2016,44514.74662804801,0.5098027468536087,44514.74662804801
JPN,Japan,2017,44306.356864365705,0.5153616491605701,44306.356864365705
JPN,Japan,2018,43785.8421478981,0.524636989053774,43785.8421478981
JPN,Japan,2019,43710.07243095281,0.5306047025175434,43710.07243095281
JPN,Japan,2020,41976.78384379254,0.5287597574497729,41976.78384379254
JPN,Japan,2021,42808.32144421384,0.5340349340670613,42808.32144421384
JPN,Japan,2022,43126.79162471452,0.5415390573138993,43126.79162471452
JPN,Japan,2023,44265.54700110147,0.546210493754855,44265.54700110147
KAZ,Kazakhstan,1990,13121.060187871626,0.4748608225641018,13121.060187871626
KAZ,Kazakhstan,1991,12773.222729272047,0.4670127993258221,12773.222729272047
KAZ,Kazakhstan,1992,12897.017726685946,0.45694874220910736,12897.017726685946
KAZ,Kazakhstan,1993,9595.277706365463,0.421445970990775,9595.277706365463
KAZ,Kazakhstan,1994,7721.810251088213,0.4040717926025579,7721.810251088213
KAZ,Kazakhstan,1995,6706.354551342527,0.4089162039925738,6706.354551342527
KAZ,Kazakhstan,1996,6733.16559024909,0.41072342896451497,6733.16559024909
KAZ,Kazakhstan,1997,6433.357475364563,0.4124659217463742,6433.357475364563
KAZ,Kazakhstan,1998,6159.107543016471,0.3957147924606518,6159.107543016471
KAZ,Kazakhstan,1999,5959.1264662548365,0.3975768037511395,5959.1264662548365
KAZ,Kazakhstan,2000,6748.087841716811,0.40437435697604424,6748.087841716811
KAZ,Kazakhstan,2001,7642.664003036811,0.435473523521303,7642.664003036811
KAZ,Kazakhstan,2002,7988.84898276946,0.4343565993213988,7988.84898276946
KAZ,Kazakhstan,2003,9013.54602321148,0.44882444602971605,9013.54602321148
KAZ,Kazakhstan,2004,10253.68755764532,0.4584875052250466,10253.68755764532
KAZ,Kazakhstan,2005,12292.762235209073,0.45970315816510177,12292.762235209073
KAZ,Kazakhstan,2006,14945.347086349511,0.46523927553824973,14945.347086349511
KAZ,Kazakhstan,2007,17325.39897364948,0.47444047954274143,17325.39897364948
KAZ,Kazakhstan,2008,19955.60153471291,0.48273345339711043,19955.60153471291
KAZ,Kazakhstan,2009,18723.180407327483,0.4796609956575651,18723.180407327483
KAZ,Kazakhstan,2010,21960.24848234315,0.48573752034772744,21960.24848234315
KAZ,Kazakhstan,2011,26671.800460353865,0.4901356772584615,26671.800460353865
KAZ,Kazakhstan,2012,28379.078676046476,0.4952788449526208,28379.078676046476
KAZ,Kazakhstan,2013,30419.620320722206,0.4925266511232164,30419.620320722206
KAZ,Kazakhstan,2014,29772.533246970397,0.4891001292436992,29772.533246970397
KAZ,Kazakhstan,2015,27043.720878189095,0.4767675739573409,27043.720878189095
KAZ,Kazakhstan,2016,26740.578168224092,0.4677510364882044,26740.578168224092
KAZ,Kazakhstan,2017,28231.028063528647,0.463409612420322,28231.028063528647
KAZ,Kazakhstan,2018,27548.900509683575,0.4647716415888715,27548.900509683575
KAZ,Kazakhstan,2019,31568.254704494713,0.46435418569520687,31568.254704494713
KAZ,Kazakhstan,2020,31529.42773108282,0.4581201761223825,31529.42773108282
KAZ,Kazakhstan,2021,31944.492350256434,0.45694114794780877,31944.492350256434
KAZ,Kazakhstan,2022,32468.567891691822,0.46099940560737523,32468.567891691822
KAZ,Kazakhstan,2023,34291.690047429176,0.46222040323617536,34291.690047429176
KEN,Kenya,1950,1958.3801295154874,0.4812874166372424,1958.3801295154874
KEN,Kenya,1951,2268.2650289484823,0.47649062648771134,2268.2650289484823
KEN,Kenya,1952,2038.6590581409314,0.47169641235260423,2038.6590581409314
KEN,Kenya,1953,1886.9761509210077,0.4669018795063476,1886.9761509210077
KEN,Kenya,1954,2022.9630953096857,0.4621057944246871,2022.9630953096857
KEN,Kenya,1955,2085.2518350946493,0.45731143188199774,2085.2518350946493
KEN,Kenya,1956,2092.6973109549194,0.4525165949766981,2092.6973109549194
KEN,Kenya,1957,2128.857198395712,0.4477205161519887,2128.857198395712
KEN,Kenya,1958,2087.16818629779,0.44292538935519776,2087.16818629779
KEN,Kenya,1959,1971.2908002201275,0.43813152929536414,1971.2908002201275
KEN,Kenya,1960,2075.9538728066527,0.43333564795641616,2075.9538728066527
KEN,Kenya,1961,2001.505685614787,0.43114526797668423,2001.505685614787
KEN,Kenya,1962,2093.6694424420803,0.4289552506807808,2093.6694424420803
KEN,Kenya,1963,2073.056147800504,0.42676507178208434,2073.056147800504
KEN,Kenya,1964,2198.8081284029386,0.42457405057161457,2198.8081284029386
KEN,Kenya,1965,2249.194088881696,0.4223841662008895,2249.194088881696
KEN,Kenya,1966,2399.157540516249,0.42019391236706743,2399.157540516249
KEN,Kenya,1967,2415.7681281491496,0.41800317105651263,2415.7681281491496
KEN,Kenya,1968,2318.010350775258,0.4158125852991374,2318.010350775258
KEN,Kenya,1969,2394.3448539308633,0.41362262417661166,2394.3448539308633
KEN,Kenya,1970,2144.637675193431,0.40953519408409567,2144.637675193431
KEN,Kenya,1971,2199.1066040257006,0.41085124047276655,2199.1066040257006
KEN,Kenya,1972,2340.1457132256437,0.40606816810758173,2340.1457132256437
KEN,Kenya,1973,2451.6243497144997,0.4043031465710094,2451.6243497144997
KEN,Kenya,1974,2700.149759530892,0.41059177475580483,2700.149759530892
KEN,Kenya,1975,2452.0054852023854,0.40698082513800404,2452.0054852023854
KEN,Kenya,1976,2442.8340162218165,0.40831649300907324,2442.8340162218165
KEN,Kenya,1977,2676.476739884255,0.40763749933137905,2676.476739884255
KEN,Kenya,1978,2793.386707899746,0.4051748916686729,2793.386707899746
KEN,Kenya,1979,2558.516884072135,0.40636424813946825,2558.516884072135
KEN,Kenya,1980,2720.8270802609663,0.40621816382136255,2720.8270802609663
KEN,Kenya,1981,2623.8939483024037,0.4030622102823695,2623.8939483024037
KEN,Kenya,1982,2613.903511384721,0.40136557264417394,2613.903511384721
KEN,Kenya,1983,2670.0195775763746,0.40165421110131444,2670.0195775763746
KEN,Kenya,1984,2754.8322922892507,0.39957279245238025,2754.8322922892507
KEN,Kenya,1985,2825.4348115236053,0.39965252534697115,2825.4348115236053
KEN,Kenya,1986,2819.072925236938,0.3987897320096107,2819.072925236938
KEN,Kenya,1987,2814.337512968023,0.3977237750549445,2814.337512968023
KEN,Kenya,1988,2888.418006015016,0.3950058773802896,2888.418006015016
KEN,Kenya,1989,2836.3051790307577,0.39669861228283293,2836.3051790307577
KEN,Kenya,1990,2840.5095141121924,0.3959755036008669,2840.5095141121924
KEN,Kenya,1991,2791.256435303741,0.3972834695789075,2791.256435303741
KEN,Kenya,1992,2626.7633833911755,0.4002123471052474,2626.7633833911755
KEN,Kenya,1993,2710.5517345333406,0.4047206388742442,2710.5517345333406
KEN,Kenya,1994,3025.164142346811,0.4131679060257113,3025.164142346811
KEN,Kenya,1995,2835.768158175001,0.42590915732601964,2835.768158175001
KEN,Kenya,1996,2904.071039021751,0.43543242587820874,2904.071039021751
KEN,Kenya,1997,2907.6620841969802,0.4420707897022565,2907.6620841969802
KEN,Kenya,1998,2893.6222674996798,0.4472667927091704,2893.6222674996798
KEN,Kenya,1999,2812.2073262674767,0.45147284218651956,2812.2073262674767
KEN,Kenya,2000,2725.028036683224,0.45223838491616486,2725.028036683224
KEN,Kenya,2001,2753.0702695548302,0.45057034174343913,2753.0702695548302
KEN,Kenya,2002,2531.726751579415,0.4485315989056265,2531.726751579415
KEN,Kenya,2003,2487.2019598824127,0.44560582073835064,2487.2019598824127
KEN,Kenya,2004,2529.9238706576452,0.4490406484236184,2529.9238706576452
KEN,Kenya,2005,2561.2460028895575,0.44747245347448644,2561.2460028895575
KEN,Kenya,2006,2778.5445333607126,0.44572563357920636,2778.5445333607126
KEN,Kenya,2007,2922.0858332775315,0.44719769324728303,2922.0858332775315
KEN,Kenya,2008,2968.1919789602457,0.44797393046698736,2968.1919789602457
KEN,Kenya,2009,3199.6895497577502,0.4423705145557422,3199.6895497577502
KEN,Kenya,2010,3381.7943025537393,0.4253629343864321,3381.7943025537393
KEN,Kenya,2011,3477.248923903038,0.4156987579519923,3477.248923903038
KEN,Kenya,2012,3688.8477010605766,0.4067048681927027,3688.8477010605766
KEN,Kenya,2013,3811.984916861485,0.4010041589609404,3811.984916861485
KEN,Kenya,2014,4079.5012327518966,0.3964903004072229,4079.5012327518966
KEN,Kenya,2015,4354.265025730472,0.38480851341761896,4354.265025730472
KEN,Kenya,2016,4524.989498269899,0.38217381775474774,4524.989498269899
KEN,Kenya,2017,4707.388542804972,0.37717329846235703,4707.388542804972
KEN,Kenya,2018,4934.202467590893,0.369798769982184,4934.202467590893
KEN,Kenya,2019,5181.960582957656,0.3582068189755734,5181.960582957656
KEN,Kenya,2020,5099.655939922172,0.35580618374146405,5099.655939922172
KEN,Kenya,2021,5350.364519053154,0.3534055223415846,5350.364519053154
KEN,Kenya,2022,5482.4143138870695,0.35671236745759605,5482.4143138870695
KEN,Kenya,2023,5699.231358577241,0.36049500711813515,5699.231358577241
KGZ,Kyrgyzstan,1990,9094.204516864173,0.3985679456371785,9094.204516864173
KGZ,Kyrgyzstan,1991,8860.141157022459,0.38938299544196353,8860.141157022459
KGZ,Kyrgyzstan,1992,6889.60957930009,0.40887088216280204,6889.60957930009
KGZ,Kyrgyzstan,1993,5900.08294806911,0.37478765188962015,5900.08294806911
KGZ,Kyrgyzstan,1994,4476.725070496227,0.367623178807434,4476.725070496227
KGZ,Kyrgyzstan,1995,3735.7265809720097,0.3632937832139315,3735.7265809720097
KGZ,Kyrgyzstan,1996,3685.6373939394703,0.36049614034324073,3685.6373939394703
KGZ,Kyrgyzstan,1997,3021.5852257702313,0.3637021661169726,3021.5852257702313
KGZ,Kyrgyzstan,1998,2721.6935133724114,0.36201604065089776,2721.6935133724114
KGZ,Kyrgyzstan,1999,2618.2651375531914,0.36952797923379826,2618.2651375531914
KGZ,Kyrgyzstan,2000,2562.1561277709397,0.3663367989504203,2562.1561277709397
KGZ,Kyrgyzstan,2001,2501.6043797994303,0.3673198418966805,2501.6043797994303
KGZ,Kyrgyzstan,2002,2484.654215821283,0.37745318807188233,2484.654215821283
KGZ,Kyrgyzstan,2003,2669.1227930909704,0.39024270174075315,2669.1227930909704
KGZ,Kyrgyzstan,2004,2790.680188278355,0.39831072528124417,2790.680188278355
KGZ,Kyrgyzstan,2005,2802.5921923283736,0.41143539124322287,2802.5921923283736
KGZ,Kyrgyzstan,2006,3219.4471252276167,0.4113352625938233,3219.4471252276167
KGZ,Kyrgyzstan,2007,3625.7535504081407,0.4190803201460731,3625.7535504081407
KGZ,Kyrgyzstan,2008,4222.628743668718,0.421654207619715,4222.628743668718
KGZ,Kyrgyzstan,2009,4188.810521295174,0.42308245107327574,4188.810521295174
KGZ,Kyrgyzstan,2010,4122.19564566812,0.42428962194209285,4122.19564566812
KGZ,Kyrgyzstan,2011,4939.76767059282,0.4275380701953389,4939.76767059282
KGZ,Kyrgyzstan,2012,5349.585531971366,0.42545903608643976,5349.585531971366
KGZ,Kyrgyzstan,2013,5719.127266856974,0.4172920739752909,5719.127266856974
KGZ,Kyrgyzstan,2014,7840.641624969759,0.4204227658964376,7840.641624969759
KGZ,Kyrgyzstan,2015,5577.442599462968,0.42477722741926116,5577.442599462968
KGZ,Kyrgyzstan,2016,6206.4511645893845,0.4222891381241333,6206.4511645893845
KGZ,Kyrgyzstan,2017,6902.122034838388,0.41551124562512154,6902.122034838388
KGZ,Kyrgyzstan,2018,6618.932508303725,0.4166680969358276,6618.932508303725
KGZ,Kyrgyzstan,2019,6850.060887606857,0.4230984361229282,6850.060887606857
KGZ,Kyrgyzstan,2020,6382.061184001237,0.4194012039756488,6382.061184001237
KGZ,Kyrgyzstan,2021,6870.642122422781,0.4313743826920632,6870.642122422781
KGZ,Kyrgyzstan,2022,8445.694569400332,0.4398251789485246,8445.694569400332
KGZ,Kyrgyzstan,2023,9890.664478245331,0.4458436219674205,9890.664478245331
KHM,Cambodia,1970,1817.1772234139687,0.47053624283596684,1817.1772234139687
KHM,Cambodia,1971,1984.6774935412666,0.4732832129832651,1984.6774935412666
KHM,Cambodia,1972,1676.271972112649,0.4760297935151918,1676.271972112649
KHM,Cambodia,1973,1344.9091752301947,0.47877518385225004,1344.9091752301947
KHM,Cambodia,1974,1224.6004548066262,0.4815207945390949,1224.6004548066262
KHM,Cambodia,1975,1216.3307650393056,0.4842683271751007,1216.3307650393056
KHM,Cambodia,1976,1296.009296687436,0.4870143237566754,1296.009296687436
KHM,Cambodia,1977,1197.9358652458097,0.48976064540277575,1197.9358652458097
KHM,Cambodia,1978,1302.373179842125,0.49250594326823177,1302.373179842125
KHM,Cambodia,1979,1165.2423955116305,0.49525272498002476,1165.2423955116305
KHM,Cambodia,1980,1094.5103026694696,0.49799792402522597,1094.5103026694696
KHM,Cambodia,1981,1066.1675763838361,0.49594711681087983,1066.1675763838361
KHM,Cambodia,1982,1031.9778383597918,0.4930437284272957,1031.9778383597918
KHM,Cambodia,1983,1039.6386109252098,0.48942648327622695,1039.6386109252098
KHM,Cambodia,1984,1049.0146358490342,0.48534508440309065,1049.0146358490342
KHM,Cambodia,1985,1058.600654047101,0.4824671787998626,1058.600654047101
KHM,Cambodia,1986,1058.0205839077728,0.4804681554122211,1058.0205839077728
KHM,Cambodia,1987,1230.6429476270857,0.47502781539662736,1230.6429476270857
KHM,Cambodia,1988,1328.1017701317849,0.4726755165582206,1328.1017701317849
KHM,Cambodia,1989,1349.484060022566,0.47091153984538286,1349.484060022566
KHM,Cambodia,1990,1297.1737844116656,0.46940720352737964,1297.1737844116656
KHM,Cambodia,1991,1366.6033550804295,0.4998155499569746,1366.6033550804295
KHM,Cambodia,1992,1626.2544707110726,0.4875089914115559,1626.2544707110726
KHM,Cambodia,1993,1389.2166016393658,0.4779801664644275,1389.2166016393658
KHM,Cambodia,1994,1436.4752072144097,0.4590526672306352,1436.4752072144097
KHM,Cambodia,1995,1472.8355593471256,0.44149003748350174,1472.8355593471256
KHM,Cambodia,1996,1297.2938273404422,0.4228307953424319,1297.2938273404422
KHM,Cambodia,1997,1259.4012993560095,0.40070743864915614,1259.4012993560095
KHM,Cambodia,1998,1172.4128710512364,0.4019054765333056,1172.4128710512364
KHM,Cambodia,1999,1278.9331353090574,0.41590247848080236,1278.9331353090574
KHM,Cambodia,2000,1373.1936911246014,0.4318571149958836,1373.1936911246014
KHM,Cambodia,2001,1476.9417688563656,0.48173372468932535,1476.9417688563656
KHM,Cambodia,2002,1550.7766382501115,0.48481255991356914,1550.7766382501115
KHM,Cambodia,2003,1735.770283236845,0.48831255333461554,1735.770283236845
KHM,Cambodia,2004,1956.3975277697223,0.49231154929033294,1956.3975277697223
KHM,Cambodia,2005,2397.4293346714335,0.49676630298182284,2397.4293346714335
KHM,Cambodia,2006,2583.4771500945667,0.5015792187708098,2583.4771500945667
KHM,Cambodia,2007,2923.57023117347,0.5069347571412103,2923.57023117347
KHM,Cambodia,2008,3419.6147711893973,0.4948077384023593,3419.6147711893973
KHM,Cambodia,2009,3191.105070477929,0.5418828939668792,3191.105070477929
KHM,Cambodia,2010,3335.5697910401177,0.5369338496255236,3335.5697910401177
KHM,Cambodia,2011,3617.4735762247988,0.5504228251223664,3617.4735762247988
KHM,Cambodia,2012,3913.9735885577097,0.5303263054881816,3913.9735885577097
KHM,Cambodia,2013,4224.43789580868,0.5141276387095971,4224.43789580868
KHM,Cambodia,2014,4405.121309681016,0.5103410004898709,4405.121309681016
KHM,Cambodia,2015,4815.846566601279,0.49343548221757494,4815.846566601279
KHM,Cambodia,2016,5081.88372507373,0.4889429206273616,5081.88372507373
KHM,Cambodia,2017,5351.630634816391,0.5130402846326353,5351.630634816391
KHM,Cambodia,2018,5869.702924300941,0.5307768624314404,5869.702924300941
KHM,Cambodia,2019,6214.237792561801,0.5262108386858266,6214.237792561801
KHM,Cambodia,2020,5798.042891041534,0.5216448391548748,5798.042891041534
KHM,Cambodia,2021,6005.311226291738,0.5224957009167568,6005.311226291738
KHM,Cambodia,2022,6063.664116602499,0.5242777003574364,6063.664116602499
KHM,Cambodia,2023,5791.709244726203,0.5243600115280621,5791.709244726203
KNA,Saint Kitts and Nevis,1970,4926.998540541945,,4926.998540541945
KNA,Saint Kitts and Nevis,1971,5281.190950288151,,5281.190950288151
KNA,Saint Kitts and Nevis,1972,5560.2870711845435,,5560.2870711845435
KNA,Saint Kitts and Nevis,1973,5827.325631405081,0.4481996257628988,5827.325631405081
KNA,Saint Kitts and Nevis,1974,6110.610902606498,0.4547075898026225,6110.610902606498
KNA,Saint Kitts and Nevis,1975,6340.442215341651,0.45810208159925925,6340.442215341651
KNA,Saint Kitts and Nevis,1976,6833.5596527370635,0.48525825737097417,6833.5596527370635
KNA,Saint Kitts and Nevis,1977,6927.568361852554,0.5113704996034434,6927.568361852554
KNA,Saint Kitts and Nevis,1978,7674.9057400372085,0.5297452538249092,7674.9057400372085
KNA,Saint Kitts and Nevis,1979,8514.639740277438,0.5321497505304464,8514.639740277438
KNA,Saint Kitts and Nevis,1980,9291.129718722661,0.34224037667834306,9291.129718722661
KNA,Saint Kitts and Nevis,1981,9855.55315113743,0.5316408392506253,9855.55315113743
KNA,Saint Kitts and Nevis,1982,9579.827394667544,0.5356672628179465,9579.827394667544
KNA,Saint Kitts and Nevis,1983,9832.817881774248,0.35432509881894697,9832.817881774248
KNA,Saint Kitts and Nevis,1984,10659.484305293568,0.3515066557709781,10659.484305293568
KNA,Saint Kitts and Nevis,1985,10220.646214825643,0.36103880366424035,10220.646214825643
KNA,Saint Kitts and Nevis,1986,11330.900751843768,0.3705709877981282,11330.900751843768
KNA,Saint Kitts and Nevis,1987,12458.666203341903,0.38010313208864027,12458.666203341903
KNA,Saint Kitts and Nevis,1988,12161.240018666504,0.38963531758025666,12161.240018666504
KNA,Saint Kitts and Nevis,1989,13147.089161847833,0.39916748780662203,13147.089161847833
KNA,Saint Kitts and Nevis,1990,13996.513738054782,0.40869968956197067,13996.513738054782
KNA,Saint Kitts and Nevis,1991,14438.415342837852,0.41823181945804305,14438.415342837852
KNA,Saint Kitts and Nevis,1992,14206.64580583016,0.41174655111126124,14206.64580583016
KNA,Saint Kitts and Nevis,1993,13896.332593669682,0.4052613533021265,13896.332593669682
KNA,Saint Kitts and Nevis,1994,15278.122608618729,0.39877611480308073,15278.122608618729
KNA,Saint Kitts and Nevis,1995,15170.60201481137,0.3922908649053442,15170.60201481137
KNA,Saint Kitts and Nevis,1996,17264.668753607715,0.38580564925771627,17264.668753607715
KNA,Saint Kitts and Nevis,1997,16083.949857558786,0.3793204704722805,16083.949857558786
KNA,Saint Kitts and Nevis,1998,16487.840511749124,0.3728352372275353,16487.840511749124
KNA,Saint Kitts and Nevis,1999,18107.359100517653,0.36634998927883233,18107.359100517653
KNA,Saint Kitts and Nevis,2000,20597.024887926673,0.35986474707269495,20597.024887926673
KNA,Saint Kitts and Nevis,2001,13011.47463605063,0.3533795349289657,13011.47463605063
KNA,Saint Kitts and Nevis,2002,14618.472978375576,,14618.472978375576
KNA,Saint Kitts and Nevis,2003,15002.707351187584,,15002.707351187584
KNA,Saint Kitts and Nevis,2004,16892.923501093057,,16892.923501093057
KNA,Saint Kitts and Nevis,2005,21891.83990414777,,21891.83990414777
KNA,Saint Kitts and Nevis,2006,20367.28183456604,,20367.28183456604
KNA,Saint Kitts and Nevis,2007,20587.180679994948,,20587.180679994948
KNA,Saint Kitts and Nevis,2008,24273.90383543952,,24273.90383543952
KNA,Saint Kitts and Nevis,2009,23251.914929241837,,23251.914929241837
KNA,Saint Kitts and Nevis,2010,24401.982109598473,,24401.982109598473
KNA,Saint Kitts and Nevis,2011,26415.988548020734,,26415.988548020734
KNA,Saint Kitts and Nevis,2012,26289.9893758106,,26289.9893758106
KNA,Saint Kitts and Nevis,2013,25896.743884310905,,25896.743884310905
KNA,Saint Kitts and Nevis,2014,27717.312790507127,,27717.312790507127
KNA,Saint Kitts and Nevis,2015,25679.874114338993,,25679.874114338993
KNA,Saint Kitts and Nevis,2016,24732.319188130645,,24732.319188130645
KNA,Saint Kitts and Nevis,2017,27769.72998721445,,27769.72998721445
KNA,Saint Kitts and Nevis,2018,27930.71998715644,,27930.71998715644
KNA,Saint Kitts and Nevis,2019,29568.298932620124,,29568.298932620124
KNA,Saint Kitts and Nevis,2020,24267.671885001066,,24267.671885001066
KNA,Saint Kitts and Nevis,2021,22516.71138740842,,22516.71138740842
KNA,Saint Kitts and Nevis,2022,24907.00086740521,,24907.00086740521
KNA,Saint Kitts and Nevis,2023,25478.93657151589,,25478.93657151589
KOR,Republic of Korea,1953,1243.3826056901185,0.29924159481979856,1243.3826056901185
KOR,Republic of Korea,1954,1277.224340678384,0.2966228489813269,1277.224340678384
KOR,Republic of Korea,1955,1355.3697060954294,0.29400451614094547,1355.3697060954294
KOR,Republic of Korea,1956,1360.0441904312663,0.2913857081258309,1360.0441904312663
KOR,Republic of Korea,1957,1443.8005413997528,0.28876692435447265,1443.8005413997528
KOR,Republic of Korea,1958,1455.3130412551984,0.2861483185895059,1455.3130412551984
KOR,Republic of Korea,1959,1440.2641317879197,0.283530002160085,1440.2641317879197
KOR,Republic of Korea,1960,1407.7065204607113,0.28091138041052444,1407.7065204607113
KOR,Republic of Korea,1961,1459.3465642896556,0.28280808763080056,1459.3465642896556
KOR,Republic of Korea,1962,1427.344650766716,0.28470480554268046,1427.344650766716
KOR,Republic of Korea,1963,1546.6011683589547,0.28660177638178547,1546.6011683589547
KOR,Republic of Korea,1964,1637.7774725160555,0.28345828683029267,1637.7774725160555
KOR,Republic of Korea,1965,1680.4825728040755,0.2902369541123767,1680.4825728040755
KOR,Republic of Korea,1966,1860.0068216488407,0.29037507848478666,1860.0068216488407
KOR,Republic of Korea,1967,1916.9598349573182,0.29314481535779086,1916.9598349573182
KOR,Republic of Korea,1968,2092.848882263524,0.30037089307203774,2092.848882263524
KOR,Republic of Korea,1969,2328.614979241649,0.30177169924180286,2328.614979241649
KOR,Republic of Korea,1970,2475.1903755145972,0.3014651707135514,2475.1903755145972
KOR,Republic of Korea,1971,2859.983691865304,0.30858974497615566,2859.983691865304
KOR,Republic of Korea,1972,3164.453781500224,0.3179110819307108,3164.453781500224
KOR,Republic of Korea,1973,3794.9746373005896,0.32838499594471454,3794.9746373005896
KOR,Republic of Korea,1974,4445.0824160744105,0.33492076221139594,4445.0824160744105
KOR,Republic of Korea,1975,5046.875440321891,0.33599085876838564,5046.875440321891
KOR,Republic of Korea,1976,5402.499627198242,0.3514013462194136,5402.499627198242
KOR,Republic of Korea,1977,5810.440636601647,0.3565974410196827,5810.440636601647
KOR,Republic of Korea,1978,6254.363708589697,0.36700583699315503,6254.363708589697
KOR,Republic of Korea,1979,6519.47257674764,0.36716233289006717,6519.47257674764
KOR,Republic of Korea,1980,6114.940338517181,0.36399651980081754,6114.940338517181
KOR,Republic of Korea,1981,6430.826677447284,0.3671689312948741,6430.826677447284
KOR,Republic of Korea,1982,6798.1363219586965,0.36977372596167807,6798.1363219586965
KOR,Republic of Korea,1983,7526.567468750298,0.3665287576294818,7526.567468750298
KOR,Republic of Korea,1984,8155.503894251729,0.35894947934915744,8155.503894251729
KOR,Republic of Korea,1985,8458.689013621071,0.36706998929618223,8458.689013621071
KOR,Republic of Korea,1986,9830.888445067721,0.3747945900712022,9830.888445067721
KOR,Republic of Korea,1987,11248.702568861672,0.38948630598549333,11248.702568861672
KOR,Republic of Korea,1988,12637.757802773092,0.39617940368798277,12637.757802773092
KOR,Republic of Korea,1989,13801.06612632757,0.4057330664071195,13801.06612632757
KOR,Republic of Korea,1990,15363.908250973818,0.41258284584539195,15363.908250973818
KOR,Republic of Korea,1991,17346.677985515027,0.4214143796455063,17346.677985515027
KOR,Republic of Korea,1992,18693.455827115762,0.42718746076741465,18693.455827115762
KOR,Republic of Korea,1993,20425.77526318777,0.4301638530214653,20425.77526318777
KOR,Republic of Korea,1994,22875.9577153893,0.4415202105370873,22875.9577153893
KOR,Republic of Korea,1995,25572.250965291387,0.45181751524226593,25572.250965291387
KOR,Republic of Korea,1996,28399.998247101692,0.4590128870801535,28399.998247101692
KOR,Republic of Korea,1997,27684.44055321876,0.46412269066280915,27684.44055321876
KOR,Republic of Korea,1998,24266.29773287023,0.4337051838308241,24266.29773287023
KOR,Republic of Korea,1999,26790.63148791699,0.43881565564905567,26790.63148791699
KOR,Republic of Korea,2000,28756.74885149487,0.45455224398624267,28756.74885149487
KOR,Republic of Korea,2001,29512.718428836924,0.4608264225361489,29512.718428836924
KOR,Republic of Korea,2002,31800.396075022112,0.47096056015521637,31800.396075022112
KOR,Republic of Korea,2003,32919.907454956585,0.46865831552035864,32919.907454956585
KOR,Republic of Korea,2004,34871.27879434955,0.4755386120068201,34871.27879434955
KOR,Republic of Korea,2005,37552.91040784304,0.4771267782455625,37552.91040784304
KOR,Republic of Korea,2006,38813.83357151627,0.48301984357247696,38813.83357151627
KOR,Republic of Korea,2007,40981.408302416465,0.4890394206894093,40981.408302416465
KOR,Republic of Korea,2008,41049.83378343835,0.4916527526099691,41049.83378343835
KOR,Republic of Korea,2009,39556.93207241928,0.4879324083917117,39556.93207241928
KOR,Republic of Korea,2010,42342.72934064383,0.49278718363245166,42342.72934064383
KOR,Republic of Korea,2011,42157.495221173136,0.4992423488347121,42157.495221173136
KOR,Republic of Korea,2012,42037.44854366607,0.5031292305194244,42037.44854366607
KOR,Republic of Korea,2013,40766.00106600278,0.505264867778656,40766.00106600278
KOR,Republic of Korea,2014,42466.0880092418,0.5124175736208527,42466.0880092418
KOR,Republic of Korea,2015,44755.19159847915,0.514821235283395,44755.19159847915
KOR,Republic of Korea,2016,46045.72134120503,0.5159281583629964,46045.72134120503
KOR,Republic of Korea,2017,47557.13027958716,0.5202726778741285,47557.13027958716
KOR,Republic of Korea,2018,49116.234316160364,0.5193985330665228,49116.234316160364
KOR,Republic of Korea,2019,50970.25864278765,0.5240233418609922,50970.25864278765
KOR,Republic of Korea,2020,51392.16184538529,0.5191286294644645,51392.16184538529
KOR,Republic of Korea,2021,53926.32485822079,0.5264603902669527,53926.32485822079
KOR,Republic of Korea,2022,55410.18848216556,0.5430737538389176,55410.18848216556
KOR,Republic of Korea,2023,56279.7385265755,0.5495815680059025,56279.7385265755
KWT,Kuwait,1970,144951.73308396593,0.3168428198804445,144951.73308396593
KWT,Kuwait,1971,139878.2448016128,0.3130176081915219,139878.2448016128
KWT,Kuwait,1972,136960.31009059577,0.3092299542839555,136960.31009059577
KWT,Kuwait,1973,118259.78950630795,0.3054850071626373,118259.78950630795
KWT,Kuwait,1974,101302.41840147697,0.3017821454228581,101302.41840147697
KWT,Kuwait,1975,84728.13060307025,0.29813586634782147,84728.13060307025
KWT,Kuwait,1976,87566.70289621459,0.308805005276961,87566.70289621459
KWT,Kuwait,1977,84565.92208568525,0.31985511061495064,84565.92208568525
KWT,Kuwait,1978,79854.45652303667,0.33130903104466625,79854.45652303667
KWT,Kuwait,1979,88030.08237888775,0.3431719688275739,88030.08237888775
KWT,Kuwait,1980,65389.35124822067,0.35545386542230967,65389.35124822067
KWT,Kuwait,1981,52872.02401627863,0.3619491909060676,52872.02401627863
KWT,Kuwait,1982,46114.629010574565,0.36856338204654193,46114.629010574565
KWT,Kuwait,1983,44884.425907028344,0.37529854541031193,44884.425907028344
KWT,Kuwait,1984,44111.4327386131,0.3821634261430223,44111.4327386131
KWT,Kuwait,1985,38315.590088278055,0.38914601281727623,38315.590088278055
KWT,Kuwait,1986,30480.812219267737,0.3968390476540953,30480.812219267737
KWT,Kuwait,1987,34690.470661385276,0.404680981165754,34690.470661385276
KWT,Kuwait,1988,29478.890062547223,0.41268024350486177,29478.890062547223
KWT,Kuwait,1989,32443.414910609754,0.4208422819409515,32443.414910609754
KWT,Kuwait,1990,31638.14443866077,0.42915765937802514,31638.14443866077
KWT,Kuwait,1991,23408.510944029113,0.43764542129311473,23408.510944029113
KWT,Kuwait,1992,38524.24652636974,0.4462988740607439,38524.24652636974
KWT,Kuwait,1993,49749.175052073646,0.45511500936713195,49749.175052073646
KWT,Kuwait,1994,52757.301638586825,0.46411676196358365,52757.301638586825
KWT,Kuwait,1995,53165.92575406791,0.47329032820167666,53165.92575406791
KWT,Kuwait,1996,55555.381467432955,0.5081562548006497,55555.381467432955
KWT,Kuwait,1997,53988.57679885081,0.5218457779904849,53988.57679885081
KWT,Kuwait,1998,54017.99281652354,0.5080057353353685,54017.99281652354
KWT,Kuwait,1999,49251.33994594822,0.4698192299114703,49251.33994594822
KWT,Kuwait,2000,53284.11415714564,0.44017716197014695,53284.11415714564
KWT,Kuwait,2001,48200.45393180988,0.42530287596856214,48200.45393180988
KWT,Kuwait,2002,48830.03453563006,0.4464582548700202,48830.03453563006
KWT,Kuwait,2003,59441.74472991604,0.46320698237272007,59441.74472991604
KWT,Kuwait,2004,71216.60208035896,0.48551919200230376,71216.60208035896
KWT,Kuwait,2005,90245.99392074706,0.5123935660763157,90245.99392074706
KWT,Kuwait,2006,104669.71191885087,0.5468361362994935,104669.71191885087
KWT,Kuwait,2007,106805.64953684117,0.5846633489915295,106805.64953684117
KWT,Kuwait,2008,122557.67756233356,0.5787525602918435,122557.67756233356
KWT,Kuwait,2009,83545.19288967492,0.5618854454726515,83545.19288967492
KWT,Kuwait,2010,89475.70380162616,0.5732185872103458,89475.70380162616
KWT,Kuwait,2011,104900.27895048987,0.5660057497095679,104900.27895048987
KWT,Kuwait,2012,111317.6594421678,0.5712271667284302,111317.6594421678
KWT,Kuwait,2013,103341.24641578952,0.5635479073959118,103341.24641578952
KWT,Kuwait,2014,90968.52131314437,0.5656599918280762,90968.52131314437
KWT,Kuwait,2015,59263.20849722021,0.5769909507570674,59263.20849722021
KWT,Kuwait,2016,56576.12701865223,0.5807564951805095,56576.12701865223
KWT,Kuwait,2017,59033.04417182049,0.5829390023370148,59033.04417182049
KWT,Kuwait,2018,63150.9580914223,0.5825586952800871,63150.9580914223
KWT,Kuwait,2019,62406.71135704564,0.5828715251173948,62406.71135704564
KWT,Kuwait,2020,59145.4791025021,0.5331055150817973,59145.4791025021
KWT,Kuwait,2021,58683.06070388938,0.539627457194982,58683.06070388938
KWT,Kuwait,2022,61020.131011778816,0.6059252234852559,61020.131011778816
KWT,Kuwait,2023,54995.75487178385,0.6346625373659094,54995.75487178385
LAO,Lao People's DR,1970,886.1587492372744,,886.1587492372744
LAO,Lao People's DR,1971,908.1490978560448,,908.1490978560448
LAO,Lao People's DR,1972,917.0550199479951,,917.0550199479951
LAO,Lao People's DR,1973,974.107888123514,,974.107888123514
LAO,Lao People's DR,1974,984.9071409418998,,984.9071409418998
LAO,Lao People's DR,1975,1027.1707799111634,,1027.1707799111634
LAO,Lao People's DR,1976,1036.72421081432,,1036.72421081432
LAO,Lao People's DR,1977,999.4544384541971,,999.4544384541971
LAO,Lao People's DR,1978,997.969276253927,,997.969276253927
LAO,Lao People's DR,1979,951.0697785727566,,951.0697785727566
LAO,Lao People's DR,1980,1027.857662295946,0.4657135578835154,1027.857662295946
LAO,Lao People's DR,1981,1159.934018375863,0.4612558904797645,1159.934018375863
LAO,Lao People's DR,1982,1220.931837044489,0.45987601554185686,1220.931837044489
LAO,Lao People's DR,1983,1277.8567670112914,0.46021320696140444,1277.8567670112914
LAO,Lao People's DR,1984,1221.5121525568172,0.46025091752863717,1221.5121525568172
LAO,Lao People's DR,1985,1328.276158903378,0.4603132819369249,1328.276158903378
LAO,Lao People's DR,1986,1346.7257685697407,0.46039091450253006,1346.7257685697407
LAO,Lao People's DR,1987,1346.0274021856487,0.4622171362174715,1346.0274021856487
LAO,Lao People's DR,1988,1449.027306773669,0.46456811162992157,1449.027306773669
LAO,Lao People's DR,1989,1568.840728461928,0.4628140083134589,1568.840728461928
LAO,Lao People's DR,1990,1575.4634815805707,0.4619873464213611,1575.4634815805707
LAO,Lao People's DR,1991,1577.7844369078794,0.44405837866104797,1577.7844369078794
LAO,Lao People's DR,1992,1592.6580772388909,0.44366329092652146,1592.6580772388909
LAO,Lao People's DR,1993,1638.2296281290955,0.44120846416827747,1638.2296281290955
LAO,Lao People's DR,1994,1742.8465368344555,0.4424125081432582,1742.8465368344555
LAO,Lao People's DR,1995,1820.4917145620298,0.4391908007723259,1820.4917145620298
LAO,Lao People's DR,1996,1967.4912169261495,0.4339125544550683,1967.4912169261495
LAO,Lao People's DR,1997,2048.792853957901,0.4336757592973637,2048.792853957901
LAO,Lao People's DR,1998,2038.478898018412,0.44287354538575024,2038.478898018412
LAO,Lao People's DR,1999,2192.355004667854,0.4463092836930945,2192.355004667854
LAO,Lao People's DR,2000,2175.6242192695663,0.44809187431355463,2175.6242192695663
LAO,Lao People's DR,2001,2537.161155001049,0.45226724793700496,2537.161155001049
LAO,Lao People's DR,2002,2811.6629487657838,0.4535275523621087,2811.6629487657838
LAO,Lao People's DR,2003,2785.0240854378203,0.4610601229869962,2785.0240854378203
LAO,Lao People's DR,2004,2962.831628161351,0.4670614878392445,2962.831628161351
LAO,Lao People's DR,2005,3072.829089454969,0.4935113234137765,3072.829089454969
LAO,Lao People's DR,2006,3643.3206347892074,0.4936954211958429,3643.3206347892074
LAO,Lao People's DR,2007,4038.5816397552867,0.4705569473449433,4038.5816397552867
LAO,Lao People's DR,2008,4197.286467861522,0.48777434093038036,4197.286467861522
LAO,Lao People's DR,2009,4600.673638843753,0.4880974479918714,4600.673638843753
LAO,Lao People's DR,2010,4781.599383441681,0.4884862629209446,4781.599383441681
LAO,Lao People's DR,2011,5408.87182199269,0.49118562657089687,5408.87182199269
LAO,Lao People's DR,2012,6282.26828653203,0.49230731755149043,6282.26828653203
LAO,Lao People's DR,2013,6670.942907575341,0.4931882006670705,6670.942907575341
LAO,Lao People's DR,2014,7109.569031273552,0.4950090392403238,7109.569031273552
LAO,Lao People's DR,2015,7149.742130396397,0.4903166433130662,7149.742130396397
LAO,Lao People's DR,2016,7651.364407135999,0.4915188698387376,7651.364407135999
LAO,Lao People's DR,2017,7991.159605591049,0.4916870157183912,7991.159605591049
LAO,Lao People's DR,2018,8118.438878577506,0.49861044362036855,8118.438878577506
LAO,Lao People's DR,2019,8252.17222170333,0.5163218271569805,8252.17222170333
LAO,Lao People's DR,2020,8101.443161182288,0.5340331500633265,8101.443161182288
LAO,Lao People's DR,2021,7746.081327683139,0.5517445792998237,7746.081327683139
LAO,Lao People's DR,2022,7971.284600444212,0.569455956406569,7971.284600444212
LAO,Lao People's DR,2023,8414.737279440438,0.5739602355666509,8414.737279440438
LBN,Lebanon,1970,7717.770596354575,0.25553601038815704,7717.770596354575
LBN,Lebanon,1971,8209.140268021603,0.25663771644806305,8209.140268021603
LBN,Lebanon,1972,8859.074805735998,0.2577414040938209,8859.074805735998
LBN,Lebanon,1973,9338.872727060729,0.25884247717229386,9338.872727060729
LBN,Lebanon,1974,9076.51081660301,0.259944795142867,9076.51081660301
LBN,Lebanon,1975,6119.702369326943,0.26104874480768797,6119.702369326943
LBN,Lebanon,1976,2572.6063078862257,0.26215067927027413,2572.6063078862257
LBN,Lebanon,1977,5541.272843916254,0.26325259797208594,5541.272843916254
LBN,Lebanon,1978,4923.904015533808,0.26435699577466076,4923.904015533808
LBN,Lebanon,1979,5731.842079815863,0.26546101001367467,5731.842079815863
LBN,Lebanon,1980,6019.089147624104,0.26656129973633363,6019.089147624104
LBN,Lebanon,1981,5807.02845290482,0.2693441560327948,5807.02845290482
LBN,Lebanon,1982,3814.412371854716,0.2721239037331174,3814.412371854716
LBN,Lebanon,1983,5396.608095373952,0.27490312040980924,5396.608095373952
LBN,Lebanon,1984,6337.190416507017,0.2776843467287252,6337.190416507017
LBN,Lebanon,1985,7994.865468397228,0.28046493619529517,7994.865468397228
LBN,Lebanon,1986,6675.206875792525,0.28324805386987256,6675.206875792525
LBN,Lebanon,1987,7587.103056219733,0.28602710150814065,7587.103056219733
LBN,Lebanon,1988,4998.382817798567,0.28880625356087725,4998.382817798567
LBN,Lebanon,1989,2778.990464157508,0.2915885561308291,2778.990464157508
LBN,Lebanon,1990,3990.7586100641834,0.29437054056327167,3990.7586100641834
LBN,Lebanon,1991,5579.8670057022355,0.29860333118278115,5579.8670057022355
LBN,Lebanon,1992,4231.088671064328,0.29852392012850876,4231.088671064328
LBN,Lebanon,1993,3956.5124702700878,0.29845063537372596,3956.5124702700878
LBN,Lebanon,1994,4029.7325412894083,0.2985035027759892,4029.7325412894083
LBN,Lebanon,1995,4015.707025889765,0.2988425905081683,4015.707025889765
LBN,Lebanon,1996,3959.0436317206563,0.2984835562557968,3959.0436317206563
LBN,Lebanon,1997,3193.635973084445,0.30006459778054984,3193.635973084445
LBN,Lebanon,1998,3754.7976942502787,0.30191613919096083,3754.7976942502787
LBN,Lebanon,1999,4546.879655983617,0.30410881914460797,4546.879655983617
LBN,Lebanon,2000,5223.678905156444,0.3069329847839209,5223.678905156444
LBN,Lebanon,2001,5847.821531290451,0.3091437729269945,5847.821531290451
LBN,Lebanon,2002,7598.073453053923,0.31184812392029665,7598.073453053923
LBN,Lebanon,2003,8986.637867505702,0.3145518899498664,8986.637867505702
LBN,Lebanon,2004,11158.18744361888,0.3166814562669736,11158.18744361888
LBN,Lebanon,2005,14068.89972109365,0.3159003477144858,14068.89972109365
LBN,Lebanon,2006,13697.571979364515,0.314928830265305,13697.571979364515
LBN,Lebanon,2007,14799.99009881675,0.3141319834096259,14799.99009881675
LBN,Lebanon,2008,16556.005416057407,0.32363780103458356,16556.005416057407
LBN,Lebanon,2009,18840.41478634942,0.3348016049933988,18840.41478634942
LBN,Lebanon,2010,20102.072315150413,0.3412312022803855,20102.072315150413
LBN,Lebanon,2011,19448.602782171183,0.3464821947129446,19448.602782171183
LBN,Lebanon,2012,20015.30865873452,0.3512183232028679,20015.30865873452
LBN,Lebanon,2013,19434.547216161198,0.354658095233174,19434.547216161198
LBN,Lebanon,2014,18694.72281349112,0.35835976638579076,18694.72281349112
LBN,Lebanon,2015,19831.37032985403,0.35756780787905507,19831.37032985403
LBN,Lebanon,2016,21981.967097418023,0.3511378017113186,21981.967097418023
LBN,Lebanon,2017,23361.124253424605,0.3433068730817963,23361.124253424605
LBN,Lebanon,2018,24746.061199651947,0.33550867024679326,24746.061199651947
LBN,Lebanon,2019,25750.620427419075,0.3287932252698118,25750.620427419075
LBN,Lebanon,2020,12521.394782072384,0.29471323329900156,12521.394782072384
LBN,Lebanon,2021,13021.626680927759,0.3044438559982263,13021.626680927759
LBN,Lebanon,2022,13079.360442242993,0.31465809290620805,13079.360442242993
LBN,Lebanon,2023,12818.554718521353,0.3219491158177294,12818.554718521353
LBR,Liberia,1964,1762.862754799631,,1762.862754799631
LBR,Liberia,1965,1836.1422897824102,,1836.1422897824102
LBR,Liberia,1966,1943.4147371499853,,1943.4147371499853
LBR,Liberia,1967,2000.799105107776,,2000.799105107776
LBR,Liberia,1968,2005.062327318012,,2005.062327318012
LBR,Liberia,1969,2082.554066086847,,2082.554066086847
LBR,Liberia,1970,2159.7518811243926,,2159.7518811243926
LBR,Liberia,1971,2231.240501338196,,2231.240501338196
LBR,Liberia,1972,2277.699078292428,,2277.699078292428
LBR,Liberia,1973,2345.502473062754,,2345.502473062754
LBR,Liberia,1974,2432.996531810722,,2432.996531810722
LBR,Liberia,1975,2181.3538700473932,,2181.3538700473932
LBR,Liberia,1976,2308.8904394539213,,2308.8904394539213
LBR,Liberia,1977,2418.013240072021,,2418.013240072021
LBR,Liberia,1978,2461.2960398807204,,2461.2960398807204
LBR,Liberia,1979,2019.9849367101365,,2019.9849367101365
LBR,Liberia,1980,2189.041733785693,0.1683602675434554,2189.041733785693
LBR,Liberia,1981,1872.9422298397428,0.16831736974650038,1872.9422298397428
LBR,Liberia,1982,1809.5525158209512,0.16872197491597268,1809.5525158209512
LBR,Liberia,1983,1759.9725014747667,0.16904597261900192,1759.9725014747667
LBR,Liberia,1984,1663.6343219689027,0.1692253132200724,1663.6343219689027
LBR,Liberia,1985,1551.0748317006532,0.16922798233882203,1551.0748317006532
LBR,Liberia,1986,1508.044219811766,0.16902789750467334,1508.044219811766
LBR,Liberia,1987,1557.2227160277787,0.16842582296366485,1557.2227160277787
LBR,Liberia,1988,1541.1328001599754,0.1680000464530146,1541.1328001599754
LBR,Liberia,1989,1546.1608350170582,0.16741945438184083,1546.1608350170582
LBR,Liberia,1990,910.9029912639797,0.16702724044341846,910.9029912639797
LBR,Liberia,1991,961.2935255067932,0.16686898703753353,961.2935255067932
LBR,Liberia,1992,565.8739580548826,0.1671444338542139,565.8739580548826
LBR,Liberia,1993,369.30137319624833,0.167680409985805,369.30137319624833
LBR,Liberia,1994,284.98493089979337,0.1680734691495813,284.98493089979337
LBR,Liberia,1995,276.0494418916872,0.1688623919522862,276.0494418916872
LBR,Liberia,1996,256.5786192533901,0.16970786013942235,256.5786192533901
LBR,Liberia,1997,505.2835011984887,0.17062343328976676,505.2835011984887
LBR,Liberia,1998,618.3014452962897,0.17124307848133832,618.3014452962897
LBR,Liberia,1999,690.0573052214777,0.17143290378975215,690.0573052214777
LBR,Liberia,2000,1041.7783765503154,0.17126327617583825,1041.7783765503154
LBR,Liberia,2001,883.3620820970153,0.17106149449184138,883.3620820970153
LBR,Liberia,2002,883.5727647022085,0.17070842202590072,883.5727647022085
LBR,Liberia,2003,648.6769821613082,0.1698545281149249,648.6769821613082
LBR,Liberia,2004,1210.7589069951966,0.16945900797430513,1210.7589069951966
LBR,Liberia,2005,1155.0474194821531,0.16910466891093193,1155.0474194821531
LBR,Liberia,2006,1050.1507365137145,0.16898867615069754,1050.1507365137145
LBR,Liberia,2007,974.3262715527535,0.16864512086627792,974.3262715527535
LBR,Liberia,2008,1025.9442314827102,0.17421472436821142,1025.9442314827102
LBR,Liberia,2009,985.5659807164697,0.17978433579716224,985.5659807164697
LBR,Liberia,2010,993.7588506532895,0.18535397019277314,993.7588506532895
LBR,Liberia,2011,1004.9534519377647,0.19092357371104865,1004.9534519377647
LBR,Liberia,2012,1089.195024994609,0.19649319598886267,1089.195024994609
LBR,Liberia,2013,1172.120591245233,0.2020627963965345,1172.120591245233
LBR,Liberia,2014,1299.3704653779348,0.20763241879408179,1299.3704653779348
LBR,Liberia,2015,1632.4732535743099,0.2103888095858767,1632.4732535743099
LBR,Liberia,2016,1766.5069225901295,0.21314517935882016,1766.5069225901295
LBR,Liberia,2017,1898.9010773006387,0.21314517961853194,1898.9010773006387
LBR,Liberia,2018,1985.5540039655382,0.2135955876331489,1985.5540039655382
LBR,Liberia,2019,2075.5515480906856,0.2142281541789881,2075.5515480906856
LBR,Liberia,2020,1959.2929671744414,0.21113937609060787,1959.2929671744414
LBR,Liberia,2021,1779.0327410010755,0.2140819072249299,1779.0327410010755
LBR,Liberia,2022,1688.9510361335153,0.21880394460206348,1688.9510361335153
LBR,Liberia,2023,1666.133692571096,0.22158807158492824,1666.133692571096
LCA,Saint Lucia,1970,5606.7025280724465,0.29476362646206755,5606.7025280724465
LCA,Saint Lucia,1971,5814.807498278566,0.2947636304926906,5814.807498278566
LCA,Saint Lucia,1972,5826.514522205363,0.29476362122348726,5826.514522205363
LCA,Saint Lucia,1973,5923.221232349961,0.2947636208566801,5923.221232349961
LCA,Saint Lucia,1974,5947.758915479519,0.2947636119423796,5947.758915479519
LCA,Saint Lucia,1975,5715.874994708177,0.2947636411270246,5715.874994708177
LCA,Saint Lucia,1976,7236.718467693742,0.29476362385960864,7236.718467693742
LCA,Saint Lucia,1977,7857.631309516966,0.29476363158504926,7857.631309516966
LCA,Saint Lucia,1978,9346.070872433827,0.294763618986245,9346.070872433827
LCA,Saint Lucia,1979,9397.411547673746,0.2947636265628437,9397.411547673746
LCA,Saint Lucia,1980,8966.181621796128,0.2947636182874416,8966.181621796128
LCA,Saint Lucia,1981,8190.4201810751865,0.29930727240562455,8190.4201810751865
LCA,Saint Lucia,1982,8267.493989737664,0.3067114215324185,8267.493989737664
LCA,Saint Lucia,1983,8416.099056569608,0.311565132568743,8416.099056569608
LCA,Saint Lucia,1984,8905.800095864779,0.3151621919638694,8905.800095864779
LCA,Saint Lucia,1985,8950.633960007664,0.32207128956558273,8950.633960007664
LCA,Saint Lucia,1986,9726.99546039333,0.327868805832421,9726.99546039333
LCA,Saint Lucia,1987,10260.054341579635,0.33466904438076966,10260.054341579635
LCA,Saint Lucia,1988,10612.02980324074,0.34087581766976216,10612.02980324074
LCA,Saint Lucia,1989,10550.81327700356,0.3465144352291425,10550.81327700356
LCA,Saint Lucia,1990,11071.600335288596,0.3500295540842634,11071.600335288596
LCA,Saint Lucia,1991,10503.289458948537,0.3543895735499369,10503.289458948537
LCA,Saint Lucia,1992,10808.85609381289,0.359807296450686,10808.85609381289
LCA,Saint Lucia,1993,10694.98702446412,0.36520879786337335,10694.98702446412
LCA,Saint Lucia,1994,9573.405885052505,0.3584207280927939,9573.405885052505
LCA,Saint Lucia,1995,10457.640652727112,0.3875634346157717,10457.640652727112
LCA,Saint Lucia,1996,11784.233489449003,0.37700417732995295,11784.233489449003
LCA,Saint Lucia,1997,11100.560667171509,0.36622773704074746,11100.560667171509
LCA,Saint Lucia,1998,11272.873774866333,0.3647601027131629,11272.873774866333
LCA,Saint Lucia,1999,11035.101097046496,0.38193513704373844,11035.101097046496
LCA,Saint Lucia,2000,10985.931013225336,0.4001487777935019,10985.931013225336
LCA,Saint Lucia,2001,9475.781808255148,0.38110828480303055,9475.781808255148
LCA,Saint Lucia,2002,9581.19152261029,0.36206779076807183,9581.19152261029
LCA,Saint Lucia,2003,10648.355534566806,0.3918859286238538,10648.355534566806
LCA,Saint Lucia,2004,11770.006613599327,0.3791121550751795,11770.006613599327
LCA,Saint Lucia,2005,12609.791713886369,0.39754005925249736,12609.791713886369
LCA,Saint Lucia,2006,9738.802920581677,0.40665749003714496,9738.802920581677
LCA,Saint Lucia,2007,11447.425558226018,0.4243195763254379,11447.425558226018
LCA,Saint Lucia,2008,12923.804568281716,0.4092460284328681,12923.804568281716
LCA,Saint Lucia,2009,13737.057639361097,0.40676637514941927,13737.057639361097
LCA,Saint Lucia,2010,12077.142712039074,0.4113126704087761,12077.142712039074
LCA,Saint Lucia,2011,15460.248669336208,0.41585906456827143,15460.248669336208
LCA,Saint Lucia,2012,14996.099566812682,0.43625533026477253,14996.099566812682
LCA,Saint Lucia,2013,11713.102358399945,0.4262699990602876,11713.102358399945
LCA,Saint Lucia,2014,16160.43735562818,0.4336897830890627,16160.43735562818
LCA,Saint Lucia,2015,14021.876663849689,0.4411095997770641,14021.876663849689
LCA,Saint Lucia,2016,14279.634290170286,0.44852943977642307,14279.634290170286
LCA,Saint Lucia,2017,13962.207160836613,0.45594923566903117,13962.207160836613
LCA,Saint Lucia,2018,17767.10479696159,0.4547585781317026,17767.10479696159
LCA,Saint Lucia,2019,19484.712930718502,0.46487972722818,19484.712930718502
LCA,Saint Lucia,2020,15252.902294442525,0.31726789591523086,15252.902294442525
LCA,Saint Lucia,2021,18937.054862723533,0.4198586342054582,18937.054862723533
LCA,Saint Lucia,2022,22622.178931118968,0.49889530425214934,22622.178931118968
LCA,Saint Lucia,2023,23217.354700616335,0.492832063049428,23217.354700616335
LKA,Sri Lanka,1950,3131.9665055873165,0.3407152980172496,3131.9665055873165
LKA,Sri Lanka,1951,3299.71196483002,0.33838993175503956,3299.71196483002
LKA,Sri Lanka,1952,3065.6893612900017,0.3360641460652804,3065.6893612900017
LKA,Sri Lanka,1953,3037.535879163474,0.3337387275036967,3037.535879163474
LKA,Sri Lanka,1954,3155.3589991311615,0.3314127232536114,3155.3589991311615
LKA,Sri Lanka,1955,3326.682561807416,0.3290865748501812,3326.682561807416
LKA,Sri Lanka,1956,3023.189841262492,0.32676176314769456,3023.189841262492
LKA,Sri Lanka,1957,3068.9118758840364,0.32443537294480096,3068.9118758840364
LKA,Sri Lanka,1958,3134.200410221531,0.32211019020743353,3134.200410221531
LKA,Sri Lanka,1959,3212.5497620654883,0.3197840922862782,3212.5497620654883
LKA,Sri Lanka,1960,3322.35707294156,0.31745818151755584,3322.35707294156
LKA,Sri Lanka,1961,3200.336419463475,0.31643267425862576,3200.336419463475
LKA,Sri Lanka,1962,3335.782303663149,0.3154073986321688,3335.782303663149
LKA,Sri Lanka,1963,3141.16346439687,0.3143813613787549,3141.16346439687
LKA,Sri Lanka,1964,3256.236276788385,0.313355164482684,3256.236276788385
LKA,Sri Lanka,1965,3153.366824418021,0.312329852536218,3153.366824418021
LKA,Sri Lanka,1966,3338.766838905771,0.3113038772650913,3338.766838905771
LKA,Sri Lanka,1967,3291.9337386827915,0.31027840829560427,3291.9337386827915
LKA,Sri Lanka,1968,3498.3256783525194,0.30925222702661576,3498.3256783525194
LKA,Sri Lanka,1969,3655.6402517254337,0.3082271726583976,3655.6402517254337
LKA,Sri Lanka,1970,3694.7904653738756,0.30720132560656327,3694.7904653738756
LKA,Sri Lanka,1971,3604.413466755259,0.3102788947652915,3604.413466755259
LKA,Sri Lanka,1972,3638.9123461409195,0.3114620576774156,3638.9123461409195
LKA,Sri Lanka,1973,3790.1662462839513,0.31120503944963124,3790.1662462839513
LKA,Sri Lanka,1974,3924.085117175032,0.3115035154814003,3924.085117175032
LKA,Sri Lanka,1975,3751.094800724541,0.3108706729136642,3751.094800724541
LKA,Sri Lanka,1976,3417.6715365263026,0.3102661796703097,3417.6715365263026
LKA,Sri Lanka,1977,3261.7663541663183,0.3089108072364008,3261.7663541663183
LKA,Sri Lanka,1978,3209.2810529891835,0.30661224717119584,3209.2810529891835
LKA,Sri Lanka,1979,2893.7084578336576,0.3034733176347344,2893.7084578336576
LKA,Sri Lanka,1980,2850.1905167331247,0.3004761792895906,2850.1905167331247
LKA,Sri Lanka,1981,3015.824043320489,0.2998677157962064,3015.824043320489
LKA,Sri Lanka,1982,2950.119999555819,0.3037796079205952,2950.119999555819
LKA,Sri Lanka,1983,2980.038287113337,0.30769156055133623,2980.038287113337
LKA,Sri Lanka,1984,3042.5447958503705,0.31160352536683983,3042.5447958503705
LKA,Sri Lanka,1985,3254.2738314191943,0.315515426302646,3254.2738314191943
LKA,Sri Lanka,1986,3469.2785734972463,0.31408753386712157,3469.2785734972463
LKA,Sri Lanka,1987,3593.8965355205796,0.31265961161674916,3593.8965355205796
LKA,Sri Lanka,1988,3649.237763456207,0.31123173395938997,3649.237763456207
LKA,Sri Lanka,1989,3758.2010359442993,0.3098038167312697,3758.2010359442993
LKA,Sri Lanka,1990,3882.5936271323862,0.30837593848058564,3882.5936271323862
LKA,Sri Lanka,1991,3944.036792396085,0.30419568675752096,3944.036792396085
LKA,Sri Lanka,1992,4184.811608429607,0.29617616997927926,4184.811608429607
LKA,Sri Lanka,1993,4459.353895044014,0.3052155079755823,4459.353895044014
LKA,Sri Lanka,1994,4738.050017356676,0.30542806664066724,4738.050017356676
LKA,Sri Lanka,1995,4772.836776053247,0.3047381341772629,4772.836776053247
LKA,Sri Lanka,1996,4925.74728213063,0.3089797816081822,4925.74728213063
LKA,Sri Lanka,1997,5056.285517201696,0.30705645572475365,5056.285517201696
LKA,Sri Lanka,1998,5352.667805146085,0.3250081390745178,5352.667805146085
LKA,Sri Lanka,1999,5263.3322723083265,0.3207659263270838,5263.3322723083265
LKA,Sri Lanka,2000,5245.686073728918,0.32678233968902487,5245.686073728918
LKA,Sri Lanka,2001,5170.895010127874,0.3178865975346374,5170.895010127874
LKA,Sri Lanka,2002,5469.379394178015,0.328866711544567,5469.379394178015
LKA,Sri Lanka,2003,5886.91215885245,0.3512029180336266,5886.91215885245
LKA,Sri Lanka,2004,6070.449367283954,0.36777444151585564,6070.449367283954
LKA,Sri Lanka,2005,6205.313781934026,0.37155754000520763,6205.313781934026
LKA,Sri Lanka,2006,6897.346216131346,0.3488016334155511,6897.346216131346
LKA,Sri Lanka,2007,7571.847316914517,0.34334471035638714,7571.847316914517
LKA,Sri Lanka,2008,8186.454712788724,0.37041794909927045,8186.454712788724
LKA,Sri Lanka,2009,9138.485998438557,0.365936178825927,9138.485998438557
LKA,Sri Lanka,2010,10128.153819354857,0.36881117564437943,10128.153819354857
LKA,Sri Lanka,2011,11354.173449458538,0.36136811185492035,11354.173449458538
LKA,Sri Lanka,2012,12353.527632828389,0.3537643864304212,12353.527632828389
LKA,Sri Lanka,2013,12693.737523600897,0.3596170931588247,12693.737523600897
LKA,Sri Lanka,2014,12911.979609100954,0.35735078359609135,12911.979609100954
LKA,Sri Lanka,2015,13502.303166902524,0.3603778764776594,13502.303166902524
LKA,Sri Lanka,2016,14258.575930140662,0.3627439704571245,14258.575930140662
LKA,Sri Lanka,2017,14719.276510511228,0.3716124981983561,14719.276510511228
LKA,Sri Lanka,2018,15119.4458457462,0.3601742615719177,15119.4458457462
LKA,Sri Lanka,2019,14914.715175244233,0.36503000338302644,14914.715175244233
LKA,Sri Lanka,2020,13142.31917461221,0.3545339748892471,13142.31917461221
LKA,Sri Lanka,2021,14241.532859020988,0.35740993453582964,14241.532859020988
LKA,Sri Lanka,2022,13234.874949447043,0.35680199524296274,13234.874949447043
LKA,Sri Lanka,2023,12740.032895812255,0.353484539876061,12740.032895812255
LSO,Lesotho,1960,1124.503331227914,,1124.503331227914
LSO,Lesotho,1961,1119.2157325643086,,1119.2157325643086
LSO,Lesotho,1962,1266.0204387045183,,1266.0204387045183
LSO,Lesotho,1963,1388.7814319945119,,1388.7814319945119
LSO,Lesotho,1964,1461.8728481261596,,1461.8728481261596
LSO,Lesotho,1965,1462.3113513398166,,1462.3113513398166
LSO,Lesotho,1966,1520.479042438349,,1520.479042438349
LSO,Lesotho,1967,1601.8328995871395,,1601.8328995871395
LSO,Lesotho,1968,1570.4740296833731,,1570.4740296833731
LSO,Lesotho,1969,1538.1630253652552,,1538.1630253652552
LSO,Lesotho,1970,1575.6888771764286,0.17690567847178135,1575.6888771764286
LSO,Lesotho,1971,1424.7668600638488,0.17617992103364272,1424.7668600638488
LSO,Lesotho,1972,1693.629840457661,0.1755681470871321,1693.629840457661
LSO,Lesotho,1973,2023.3881984215548,0.17507251871058366,2023.3881984215548
LSO,Lesotho,1974,2106.4039234153547,0.17465017047725304,2106.4039234153547
LSO,Lesotho,1975,2024.0590580771116,0.17424421853652597,2024.0590580771116
LSO,Lesotho,1976,2300.5539562925806,0.17429999829926812,2300.5539562925806
LSO,Lesotho,1977,2470.646528348694,0.17774313721338839,2470.646528348694
LSO,Lesotho,1978,2680.091585439996,0.18142448923858762,2680.091585439996
LSO,Lesotho,1979,2424.3907169656536,0.18519926277829024,2424.3907169656536
LSO,Lesotho,1980,2147.3214303568025,0.18911222574552958,2147.3214303568025
LSO,Lesotho,1981,2169.0274200935864,0.19241065775053745,2169.0274200935864
LSO,Lesotho,1982,2201.435104270506,0.19524042508531783,2201.435104270506
LSO,Lesotho,1983,2088.7463230034873,0.1985955632062124,2088.7463230034873
LSO,Lesotho,1984,2090.8858547115046,0.20247979276844127,2090.8858547115046
LSO,Lesotho,1985,2076.765398692362,0.2066044088238459,2076.765398692362
LSO,Lesotho,1986,1987.3927056537334,0.21098897617931828,1987.3927056537334
LSO,Lesotho,1987,2059.5007935003905,0.20121395602267772,2059.5007935003905
LSO,Lesotho,1988,2295.143670366286,0.19215499835179248,2295.143670366286
LSO,Lesotho,1989,2442.33416907875,0.1837583102827863,2442.33416907875
LSO,Lesotho,1990,2467.029672645986,0.176238037677831,2467.029672645986
LSO,Lesotho,1991,2496.854525453232,0.16910585950120793,2496.854525453232
LSO,Lesotho,1992,2433.8698854418785,0.16256161924983584,2433.8698854418785
LSO,Lesotho,1993,2650.250080203918,0.15660465044866764,2650.250080203918
LSO,Lesotho,1994,2603.3447198374806,0.15138150404524078,2603.3447198374806
LSO,Lesotho,1995,2704.97353961145,0.14645002612432478,2704.97353961145
LSO,Lesotho,1996,2941.938732132971,0.142003869201327,2941.938732132971
LSO,Lesotho,1997,3008.4577357240223,0.1463184256531419,3008.4577357240223
LSO,Lesotho,1998,2619.4656891704108,0.15123214373649596,2619.4656891704108
LSO,Lesotho,1999,2656.6253793397327,0.15688460561380999,2656.6253793397327
LSO,Lesotho,2000,2713.706502368741,0.16312841304089898,2713.706502368741
LSO,Lesotho,2001,2890.9552400120097,0.17015005613743286,2890.9552400120097
LSO,Lesotho,2002,2934.4793013217914,0.17775559486085832,2934.4793013217914
LSO,Lesotho,2003,2968.5063044725625,0.18602236886738127,2968.5063044725625
LSO,Lesotho,2004,2980.1654419085457,0.19558239650489084,2980.1654419085457
LSO,Lesotho,2005,3080.0857731918777,0.20607050803167107,3080.0857731918777
LSO,Lesotho,2006,3155.6891268592585,0.21655339234679855,3155.6891268592585
LSO,Lesotho,2007,3217.362937555164,0.21415526462201245,3217.362937555164
LSO,Lesotho,2008,3443.1991922937277,0.21282891242273105,3443.1991922937277
LSO,Lesotho,2009,3243.8483656183885,0.2125112787053708,3243.8483656183885
LSO,Lesotho,2010,2936.3540491808144,0.2127647528412434,2936.3540491808144
LSO,Lesotho,2011,2967.349235483183,0.21429471316681453,2967.349235483183
LSO,Lesotho,2012,3214.4890669992783,0.2133621904954654,3214.4890669992783
LSO,Lesotho,2013,3213.393906296803,0.21519756474623294,3213.393906296803
LSO,Lesotho,2014,3412.46291024086,0.217209488979448,3412.46291024086
LSO,Lesotho,2015,3622.354890865224,0.2200184104645956,3622.354890865224
LSO,Lesotho,2016,3414.1636610023743,0.24348637643750584,3414.1636610023743
LSO,Lesotho,2017,3228.0313706765073,0.2211928171429584,3228.0313706765073
LSO,Lesotho,2018,2933.6277784783906,0.21951164106811905,2933.6277784783906
LSO,Lesotho,2019,2706.6285150159206,0.2190526168372159,2706.6285150159206
LSO,Lesotho,2020,2404.829387571694,0.2135803489553868,2404.829387571694
LSO,Lesotho,2021,2283.525172620053,0.21393724625920768,2283.525172620053
LSO,Lesotho,2022,2292.072423242976,0.22211775387238847,2292.072423242976
LSO,Lesotho,2023,2316.147653624508,0.22398549345090227,2316.147653624508
LTU,Lithuania,1990,16757.36375314884,0.4614678883301353,16757.36375314884
LTU,Lithuania,1991,13821.716140645976,0.46557220116542436,13821.716140645976
LTU,Lithuania,1992,11894.322623341332,0.4612719471056436,11894.322623341332
LTU,Lithuania,1993,11025.992418000993,0.4497172980555225,11025.992418000993
LTU,Lithuania,1994,10145.650333689842,0.4276130493469627,10145.650333689842
LTU,Lithuania,1995,10839.09153281548,0.4213232193440653,10839.09153281548
LTU,Lithuania,1996,11330.758783482896,0.4285256027487762,11330.758783482896
LTU,Lithuania,1997,12153.634316698704,0.4343199747913883,12153.634316698704
LTU,Lithuania,1998,12822.984267798007,0.434060101634398,12822.984267798007
LTU,Lithuania,1999,13449.21415617413,0.4275225471505132,13449.21415617413
LTU,Lithuania,2000,14364.354615555585,0.4124821260776934,14364.354615555585
LTU,Lithuania,2001,15575.57750257414,0.400479971971973,15575.57750257414
LTU,Lithuania,2002,16132.69511004486,0.4182026497403697,16132.69511004486
LTU,Lithuania,2003,17559.89350464296,0.4313317127214388,17559.89350464296
LTU,Lithuania,2004,17902.84984129471,0.4314082274349002,17902.84984129471
LTU,Lithuania,2005,19676.277745395233,0.44182742232719385,19676.277745395233
LTU,Lithuania,2006,21065.679257772936,0.4476949003168688,21065.679257772936
LTU,Lithuania,2007,23120.74958283999,0.4622752024417322,23120.74958283999
LTU,Lithuania,2008,24389.936973206968,0.4609424048794599,24389.936973206968
LTU,Lithuania,2009,21632.599294903288,0.43046002655034976,21632.599294903288
LTU,Lithuania,2010,23150.887991813335,0.41622672401109856,23150.887991813335
LTU,Lithuania,2011,26947.75465786316,0.4280656244838413,26947.75465786316
LTU,Lithuania,2012,29034.675921727496,0.44186277737882274,29034.675921727496
LTU,Lithuania,2013,29065.51264890007,0.4521335357118032,29065.51264890007
LTU,Lithuania,2014,30378.336878419508,0.46512682703739777,30378.336878419508
LTU,Lithuania,2015,30749.54534332451,0.47590326258485205,30749.54534332451
LTU,Lithuania,2016,31724.616366225066,0.4923899877887881,31724.616366225066
LTU,Lithuania,2017,33595.48987687117,0.49482666869364755,33595.48987687117
LTU,Lithuania,2018,35207.21215295892,0.505794119515411,35207.21215295892
LTU,Lithuania,2019,38321.926705098784,0.5099145119249369,38321.926705098784
LTU,Lithuania,2020,37727.710483534924,0.5021367663859838,37727.710483534924
LTU,Lithuania,2021,41670.3234188159,0.5090045228532991,41670.3234188159
LTU,Lithuania,2022,41934.33776849814,0.5297115743250267,41934.33776849814
LTU,Lithuania,2023,41715.953419100035,0.5298170412547603,41715.953419100035
LUX,Luxembourg,1950,16034.345479210244,0.46087488325027554,16034.345479210244
LUX,Luxembourg,1951,17210.934114695436,0.4569296203362453,17210.934114695436
LUX,Luxembourg,1952,18831.00217069298,0.45298404477782417,18831.00217069298
LUX,Luxembourg,1953,16800.365792244294,0.4490203051211674,16800.365792244294
LUX,Luxembourg,1954,16310.064854932563,0.44507162386992477,16310.064854932563
LUX,Luxembourg,1955,17439.616525267225,0.44110503506111026,17439.616525267225
LUX,Luxembourg,1956,19096.979636836724,0.4371534554339748,19096.979636836724
LUX,Luxembourg,1957,19595.88670013488,0.43319826767751796,19595.88670013488
LUX,Luxembourg,1958,18868.32614312198,0.4292436159796127,18868.32614312198
LUX,Luxembourg,1959,18854.755973432617,0.4277063682617366,18854.755973432617
LUX,Luxembourg,1960,20463.01407001328,0.4258368265474981,20463.01407001328
LUX,Luxembourg,1961,20268.98035889236,0.42638473441941604,20268.98035889236
LUX,Luxembourg,1962,19662.382393687207,0.4224473921137348,19662.382393687207
LUX,Luxembourg,1963,19682.291414623574,0.4165381248158378,19682.291414623574
LUX,Luxembourg,1964,21083.849709504873,0.41891685111415583,21083.849709504873
LUX,Luxembourg,1965,21219.192667125364,0.41779787994997225,21219.192667125364
LUX,Luxembourg,1966,21373.982252368038,0.4168912652716385,21373.982252368038
LUX,Luxembourg,1967,22061.6971928661,0.4110324999129967,22061.6971928661
LUX,Luxembourg,1968,23220.049309221435,0.4084913547401669,23220.049309221435
LUX,Luxembourg,1969,26286.420607375625,0.41214812159023256,26286.420607375625
LUX,Luxembourg,1970,26500.531973480247,0.41866913446099097,26500.531973480247
LUX,Luxembourg,1971,25481.50554731457,0.42786215599092287,25481.50554731457
LUX,Luxembourg,1972,26956.43446305971,0.4342181114248885,26956.43446305971
LUX,Luxembourg,1973,29853.76292504174,0.43743756816549495,29853.76292504174
LUX,Luxembourg,1974,31878.126222700434,0.4438811789504019,31878.126222700434
LUX,Luxembourg,1975,27412.240253371692,0.4443515903592202,27412.240253371692
LUX,Luxembourg,1976,28913.94401902229,0.4415800122490727,28913.94401902229
LUX,Luxembourg,1977,28980.355295433295,0.44044820187114964,28980.355295433295
LUX,Luxembourg,1978,30316.08701695906,0.437172060464553,30316.08701695906
LUX,Luxembourg,1979,31416.42471699725,0.43829199234303406,31416.42471699725
LUX,Luxembourg,1980,31787.89676300161,0.4396267620708679,31787.89676300161
LUX,Luxembourg,1981,30482.095563774914,0.43979200108076877,30482.095563774914
LUX,Luxembourg,1982,30373.684320008437,0.4383134423803444,30373.684320008437
LUX,Luxembourg,1983,30195.03515400558,0.4367551994981286,30195.03515400558
LUX,Luxembourg,1984,30062.79292311088,0.4387473765014007,30062.79292311088
LUX,Luxembourg,1985,30131.611799625538,0.44175722353881647,30131.611799625538
LUX,Luxembourg,1986,34097.6618272368,0.4498401238285478,34097.6618272368
LUX,Luxembourg,1987,35085.04434787885,0.4590217126264894,35085.04434787885
LUX,Luxembourg,1988,38679.05507256216,0.4677599529881429,38679.05507256216
LUX,Luxembourg,1989,43106.37762436502,0.48143638537482936,43106.37762436502
LUX,Luxembourg,1990,44986.66532944721,0.4945557202410873,44986.66532944721
LUX,Luxembourg,1991,49217.798726529596,0.5075749611887042,49217.798726529596
LUX,Luxembourg,1992,49626.289021440745,0.5146067835983407,49626.289021440745
LUX,Luxembourg,1993,52607.067834214504,0.5167569638739175,52607.067834214504
LUX,Luxembourg,1994,55143.37632579051,0.5236456959106461,55143.37632579051
LUX,Luxembourg,1995,55411.328478089396,0.5295136593335497,55411.328478089396
LUX,Luxembourg,1996,55610.10063415955,0.5366829795487245,55610.10063415955
LUX,Luxembourg,1997,58822.4829880015,0.5470535307187597,58822.4829880015
LUX,Luxembourg,1998,62720.19475090416,0.5638645291527983,62720.19475090416
LUX,Luxembourg,1999,69289.72139692763,0.5811981463632684,69289.72139692763
LUX,Luxembourg,2000,77455.46897212311,0.6035901665874528,77455.46897212311
LUX,Luxembourg,2001,73855.9280008919,0.6311539980249462,73855.9280008919
LUX,Luxembourg,2002,73206.54777839508,0.6416618154103977,73206.54777839508
LUX,Luxembourg,2003,70001.56081244827,0.6463686938946858,70001.56081244827
LUX,Luxembourg,2004,67458.53883870905,0.6523046585381784,67458.53883870905
LUX,Luxembourg,2005,71924.27940661376,0.6598575630559906,71924.27940661376
LUX,Luxembourg,2006,71747.52433829034,0.6745900686398705,71747.52433829034
LUX,Luxembourg,2007,75406.07854696317,0.6927761968111916,75406.07854696317
LUX,Luxembourg,2008,76601.70709012455,0.7129638979397371,76601.70709012455
LUX,Luxembourg,2009,72310.0007502203,0.7070338025868259,72310.0007502203
LUX,Luxembourg,2010,80832.6615187915,0.7068575096953588,80832.6615187915
LUX,Luxembourg,2011,72215.51860450766,0.7110867890282846,72215.51860450766
LUX,Luxembourg,2012,76712.51055896352,0.7119141200458898,76712.51055896352
LUX,Luxembourg,2013,73339.48177661341,0.7064665988307438,73339.48177661341
LUX,Luxembourg,2014,82260.19873795344,0.7071625717723283,82260.19873795344
LUX,Luxembourg,2015,91574.59976191145,0.7111718998502938,91574.59976191145
LUX,Luxembourg,2016,93274.17878950688,0.7142466058034931,93274.17878950688
LUX,Luxembourg,2017,98436.380177118,0.7234274377259223,98436.380177118
LUX,Luxembourg,2018,91719.32504838835,0.7348586837349832,91719.32504838835
LUX,Luxembourg,2019,99162.91664449507,0.7449154786442967,99162.91664449507
LUX,Luxembourg,2020,92934.72594224205,0.7466356148049215,92934.72594224205
LUX,Luxembourg,2021,101483.4932974008,0.7561135272019744,101483.4932974008
LUX,Luxembourg,2022,97396.36667263624,0.7646700426967471,97396.36667263624
LUX,Luxembourg,2023,94404.10355879886,0.7670482159115424,94404.10355879886
LVA,Latvia,1990,18322.099022097034,0.470736856015497,18322.099022097034
LVA,Latvia,1991,16475.40796979169,0.4689385200854228,16475.40796979169
LVA,Latvia,1992,11667.085492175964,0.4407361000076869,11667.085492175964
LVA,Latvia,1993,10557.569948114531,0.4185108949860754,10557.569948114531
LVA,Latvia,1994,10647.652513918785,0.38299622569693875,10647.652513918785
LVA,Latvia,1995,10502.961312510835,0.3750100761310936,10502.961312510835
LVA,Latvia,1996,10657.641651375869,0.38132822674771283,10657.641651375869
LVA,Latvia,1997,11272.867325122439,0.40218094011926114,11272.867325122439
LVA,Latvia,1998,12217.207485948315,0.40457870381008826,12217.207485948315
LVA,Latvia,1999,12917.696135209982,0.4006085101404454,12917.696135209982
LVA,Latvia,2000,13598.311791452395,0.390779778522827,13598.311791452395
LVA,Latvia,2001,14696.830425702252,0.4022109411145494,14696.830425702252
LVA,Latvia,2002,15569.310167516745,0.41287280308933383,15569.310167516745
LVA,Latvia,2003,15807.050611756133,0.4195033907521594,15807.050611756133
LVA,Latvia,2004,16468.661005072932,0.42519046458006493,16468.661005072932
LVA,Latvia,2005,18161.57272308401,0.43361251798987716,18161.57272308401
LVA,Latvia,2006,19702.98873562887,0.46273139461557117,19702.98873562887
LVA,Latvia,2007,21460.638699145213,0.484240423982718,21460.638699145213
LVA,Latvia,2008,22262.67662754608,0.4852815037638511,22262.67662754608
LVA,Latvia,2009,20245.751150303706,0.4226031681152493,20245.751150303706
LVA,Latvia,2010,21048.088254606784,0.4028550729320665,21048.088254606784
LVA,Latvia,2011,22861.230081953807,0.41656286789223773,22861.230081953807
LVA,Latvia,2012,24542.17941269998,0.4278333319424255,24542.17941269998
LVA,Latvia,2013,24452.483470027473,0.4422166843869017,24452.483470027473
LVA,Latvia,2014,25683.778519057505,0.4403051701942267,25683.778519057505
LVA,Latvia,2015,26808.49258949161,0.45034319138757356,26808.49258949161
LVA,Latvia,2016,27663.06839751044,0.4530931438989613,27663.06839751044
LVA,Latvia,2017,29379.31751951257,0.457176616164895,29379.31751951257
LVA,Latvia,2018,30247.55711542093,0.4700192547314099,30247.55711542093
LVA,Latvia,2019,32114.358437163544,0.4828118430052845,32114.358437163544
LVA,Latvia,2020,31807.106986896695,0.4826450528138695,31807.106986896695
LVA,Latvia,2021,33360.03382169585,0.4805967401379369,33360.03382169585
LVA,Latvia,2022,33750.56832891828,0.4811536130614886,33750.56832891828
LVA,Latvia,2023,34539.615668010345,0.48307105608654344,34539.615668010345
MAC,"China, Macao SAR",1970,6638.1231362314875,,6638.1231362314875
MAC,"China, Macao SAR",1971,6999.369909816366,,6999.369909816366
MAC,"China, Macao SAR",1972,7321.40852456225,,7321.40852456225
MAC,"China, Macao SAR",1973,9867.678285816583,,9867.678285816583
MAC,"China, Macao SAR",1974,11585.09776573376,,11585.09776573376
MAC,"China, Macao SAR",1975,12346.551392113959,,12346.551392113959
MAC,"China, Macao SAR",1976,12660.02771209819,,12660.02771209819
MAC,"China, Macao SAR",1977,13546.519624866136,,13546.519624866136
MAC,"China, Macao SAR",1978,14464.613946268528,,14464.613946268528
MAC,"China, Macao SAR",1979,15022.648027577578,,15022.648027577578
MAC,"China, Macao SAR",1980,15652.200037612201,0.46763011436410035,15652.200037612201
MAC,"China, Macao SAR",1981,16509.7036290123,0.4675769042983862,16509.7036290123
MAC,"China, Macao SAR",1982,16446.830529007297,0.4688286438371148,16446.830529007297
MAC,"China, Macao SAR",1983,18177.444326518562,0.46807531750750275,18177.444326518562
MAC,"China, Macao SAR",1984,18848.949018715448,0.469737360937592,18848.949018715448
MAC,"China, Macao SAR",1985,18172.73357115821,0.4719603131537437,18172.73357115821
MAC,"China, Macao SAR",1986,19370.043139495985,0.4700781939290977,19370.043139495985
MAC,"China, Macao SAR",1987,22023.505041796452,0.4754525655315174,22023.505041796452
MAC,"China, Macao SAR",1988,23576.758849092243,0.47700098186238504,23576.758849092243
MAC,"China, Macao SAR",1989,24476.58186871173,0.4775265976719621,24476.58186871173
MAC,"China, Macao SAR",1990,27182.529007819197,0.4650279445635547,27182.529007819197
MAC,"China, Macao SAR",1991,29214.6912489614,0.4685246131341469,29214.6912489614
MAC,"China, Macao SAR",1992,33281.5888408064,0.4545356943412053,33281.5888408064
MAC,"China, Macao SAR",1993,34470.66869035631,0.4494829783483047,34470.66869035631
MAC,"China, Macao SAR",1994,35225.111171152865,0.44345100498472784,35225.111171152865
MAC,"China, Macao SAR",1995,36816.364365094196,0.452478470960072,36816.364365094196
MAC,"China, Macao SAR",1996,35554.687903073245,0.476378842857079,35554.687903073245
MAC,"China, Macao SAR",1997,34568.47827936439,0.4717288122929392,34568.47827936439
MAC,"China, Macao SAR",1998,32993.39768823467,0.4647477669351718,32993.39768823467
MAC,"China, Macao SAR",1999,32191.610690508118,0.455546969854878,32191.610690508118
MAC,"China, Macao SAR",2000,33547.94071526083,0.44659496586111425,33547.94071526083
MAC,"China, Macao SAR",2001,33579.54884512777,0.4605447867719427,33579.54884512777
MAC,"China, Macao SAR",2002,36383.263109794876,0.4493283024624003,36383.263109794876
MAC,"China, Macao SAR",2003,41378.019914593875,0.4376904172666543,41378.019914593875
MAC,"China, Macao SAR",2004,50808.46089537536,0.4543757745211966,50808.46089537536
MAC,"China, Macao SAR",2005,52874.98978121197,0.4789962145253618,52874.98978121197
MAC,"China, Macao SAR",2006,60058.777066498675,0.5189219760892724,60058.777066498675
MAC,"China, Macao SAR",2007,70215.64309989948,0.560815654669,70215.64309989948
MAC,"China, Macao SAR",2008,77235.13331964995,0.5918683504459052,77235.13331964995
MAC,"China, Macao SAR",2009,82998.50865495382,0.5776339003026808,82998.50865495382
MAC,"China, Macao SAR",2010,108222.18268817318,0.565559018158662,108222.18268817318
MAC,"China, Macao SAR",2011,143897.10436163322,0.5692863145101636,143897.10436163322
MAC,"China, Macao SAR",2012,149572.8171185096,0.5842239084789665,149572.8171185096
MAC,"China, Macao SAR",2013,145396.48062691337,0.602762712940704,145396.48062691337
MAC,"China, Macao SAR",2014,149888.64668263687,0.6360764714464202,149888.64668263687
MAC,"China, Macao SAR",2015,103553.8318253268,0.6375978533548624,103553.8318253268
MAC,"China, Macao SAR",2016,95538.09013742449,0.6143664245950431,95538.09013742449
MAC,"China, Macao SAR",2017,97859.81115846473,0.5875766575449847,97859.81115846473
MAC,"China, Macao SAR",2018,104573.80835099245,0.5851797189745132,104573.80835099245
MAC,"China, Macao SAR",2019,98561.82486206619,0.5779657307976553,98561.82486206619
MAC,"China, Macao SAR",2020,43647.02122009993,0.5784205612633124,43647.02122009993
MAC,"China, Macao SAR",2021,41606.64049786723,0.5841408319295912,41606.64049786723
MAC,"China, Macao SAR",2022,31899.970394054995,0.5767992661612097,31899.970394054995
MAC,"China, Macao SAR",2023,64662.12966374007,0.5813303008094654,64662.12966374007
MAR,Morocco,1950,1625.4530250362059,0.3228885865853489,1625.4530250362059
MAR,Morocco,1951,1592.334093343979,0.3216399308320294,1592.334093343979
MAR,Morocco,1952,1655.713577501944,0.32039229354693544,1655.713577501944
MAR,Morocco,1953,1644.5596110955298,0.3191438101150249,1644.5596110955298
MAR,Morocco,1954,1690.6464126660737,0.31789566923158147,1690.6464126660737
MAR,Morocco,1955,1632.6677875185933,0.31664857514375716,1632.6677875185933
MAR,Morocco,1956,1625.947001191312,0.31540024351613216,1625.947001191312
MAR,Morocco,1957,1568.5907219903515,0.31415236361050874,1568.5907219903515
MAR,Morocco,1958,1621.8824398398676,0.3129034840307328,1621.8824398398676
MAR,Morocco,1959,1655.6274663105548,0.3116556954991454,1655.6274663105548
MAR,Morocco,1960,1643.357830166053,0.31040754944618015,1643.357830166053
MAR,Morocco,1961,2052.4656450382327,0.26865408145512026,2052.4656450382327
MAR,Morocco,1962,2289.7460529874566,0.3076527649069693,2289.7460529874566
MAR,Morocco,1963,2614.097117732781,0.3054647050125728,2614.097117732781
MAR,Morocco,1964,2713.7671947664935,0.29634171412596433,2713.7671947664935
MAR,Morocco,1965,2605.627272826337,0.2934862110831255,2605.627272826337
MAR,Morocco,1966,2455.2458143270105,0.2888064228781933,2455.2458143270105
MAR,Morocco,1967,2468.224879851383,0.2877820637339809,2468.224879851383
MAR,Morocco,1968,2570.237233700239,0.28599364538379024,2570.237233700239
MAR,Morocco,1969,2795.409483156086,0.28396214812746756,2795.409483156086
MAR,Morocco,1970,2589.312220656549,0.28401017370210113,2589.312220656549
MAR,Morocco,1971,2696.4025083361644,0.2815820964863477,2696.4025083361644
MAR,Morocco,1972,2695.4659370335075,0.28254155648672574,2695.4659370335075
MAR,Morocco,1973,2703.576929839267,0.2830870082014005,2703.576929839267
MAR,Morocco,1974,2846.4391668840904,0.28543823292689513,2846.4391668840904
MAR,Morocco,1975,2923.42970097697,0.29596354162313143,2923.42970097697
MAR,Morocco,1976,3163.147534761504,0.30542435914464244,3163.147534761504
MAR,Morocco,1977,3180.855729811162,0.3119923860826625,3180.855729811162
MAR,Morocco,1978,3300.9961822925698,0.30630026458986,3300.9961822925698
MAR,Morocco,1979,3415.14958332342,0.3054758872699635,3415.14958332342
MAR,Morocco,1980,3354.166187048955,0.30608685849524125,3354.166187048955
MAR,Morocco,1981,3324.3957833270397,0.30255033918906055,3324.3957833270397
MAR,Morocco,1982,3629.1812400275667,0.30466259623224945,3629.1812400275667
MAR,Morocco,1983,3789.512256622478,0.3024228182562115,3789.512256622478
MAR,Morocco,1984,4003.7907563002636,0.3022428311564331,4003.7907563002636
MAR,Morocco,1985,4294.040904853149,0.3065750315340668,4294.040904853149
MAR,Morocco,1986,4637.818828273491,0.30756036927895486,4637.818828273491
MAR,Morocco,1987,4668.708773039862,0.3069860339696497,4668.708773039862
MAR,Morocco,1988,5095.8178900606645,0.3142527045655667,5095.8178900606645
MAR,Morocco,1989,5100.011272205744,0.3145912757392662,5100.011272205744
MAR,Morocco,1990,5092.7592364989,0.32033135531045187,5092.7592364989
MAR,Morocco,1991,5584.558598781387,0.32361625031217534,5584.558598781387
MAR,Morocco,1992,5524.6562434903235,0.32466413317007836,5524.6562434903235
MAR,Morocco,1993,5505.9351730299295,0.32237214854555174,5505.9351730299295
MAR,Morocco,1994,6075.6228206938995,0.3274014107291485,6075.6228206938995
MAR,Morocco,1995,5900.562044353307,0.3255269348616506,5900.562044353307
MAR,Morocco,1996,6796.151370367181,0.3302103706552518,6796.151370367181
MAR,Morocco,1997,6218.275091547942,0.33147897136976734,6218.275091547942
MAR,Morocco,1998,6176.514725877326,0.33606492849500436,6176.514725877326
MAR,Morocco,1999,5839.389865102014,0.3396551297231362,5839.389865102014
MAR,Morocco,2000,5548.3056938754935,0.33618855514549456,5548.3056938754935
MAR,Morocco,2001,5601.145223281093,0.33254792160425034,5601.145223281093
MAR,Morocco,2002,5461.476581283836,0.33386806788079254,5461.476581283836
MAR,Morocco,2003,5591.8232184695935,0.3453550311215003,5591.8232184695935
MAR,Morocco,2004,5509.179826219849,0.3474561738846683,5509.179826219849
MAR,Morocco,2005,5403.652455663956,0.34692649230155836,5403.652455663956
MAR,Morocco,2006,5792.620796805374,0.33986117325543075,5792.620796805374
MAR,Morocco,2007,6040.499480415672,0.33976084082060204,6040.499480415672
MAR,Morocco,2008,6790.124247759981,0.3371985754006381,6790.124247759981
MAR,Morocco,2009,7403.720805657609,0.33576345091851345,7403.720805657609
MAR,Morocco,2010,7886.844682615735,0.33608868058044505,7886.844682615735
MAR,Morocco,2011,8799.293791481849,0.33384205607240613,8799.293791481849
MAR,Morocco,2012,9029.700722294287,0.32947375423025427,9029.700722294287
MAR,Morocco,2013,9057.350556510853,0.32984027428595564,9057.350556510853
MAR,Morocco,2014,8527.114119722448,0.3285941749284018,8527.114119722448
MAR,Morocco,2015,9224.80497629595,0.3241302244147324,9224.80497629595
MAR,Morocco,2016,9177.754426126467,0.31767401961570496,9177.754426126467
MAR,Morocco,2017,9351.467456828892,0.31573755665029035,9351.467456828892
MAR,Morocco,2018,8651.938691832758,0.31864571757136767,8651.938691832758
MAR,Morocco,2019,8739.219025995986,0.31570066715778217,8739.219025995986
MAR,Morocco,2020,8239.972695322529,0.31275566695629714,8239.972695322529
MAR,Morocco,2021,8819.441279887273,0.3098106118952899,8819.441279887273
MAR,Morocco,2022,8938.088261468329,0.30602341842569636,8938.088261468329
MAR,Morocco,2023,9063.815503637321,0.306178284064254,9063.815503637321
MDA,Republic of Moldova,1990,6874.942535891864,0.47132452116567464,6874.942535891864
MDA,Republic of Moldova,1991,6561.671157235242,0.47039362102948223,6561.671157235242
MDA,Republic of Moldova,1992,3823.5335610579323,0.4656604019086583,3823.5335610579323
MDA,Republic of Moldova,1993,3892.2521853591948,0.3835666092824868,3892.2521853591948
MDA,Republic of Moldova,1994,3520.692824976728,0.3827465864508882,3520.692824976728
MDA,Republic of Moldova,1995,3706.8626813347846,0.38240088106822034,3706.8626813347846
MDA,Republic of Moldova,1996,3660.2960376186143,0.381276987912794,3660.2960376186143
MDA,Republic of Moldova,1997,3472.750838630612,0.3806625261906956,3472.750838630612
MDA,Republic of Moldova,1998,3150.024397809881,0.3831345987060086,3150.024397809881
MDA,Republic of Moldova,1999,2654.5347059527853,0.3522470865045314,2654.5347059527853
MDA,Republic of Moldova,2000,2883.979868157768,0.3607718376039837,2883.979868157768
MDA,Republic of Moldova,2001,3063.2046739737502,0.360856995952816,3063.2046739737502
MDA,Republic of Moldova,2002,3415.843753696056,0.36615146248277186,3415.843753696056
MDA,Republic of Moldova,2003,3822.8498414936303,0.3340370319615624,3822.8498414936303
MDA,Republic of Moldova,2004,4052.9495524590725,0.32794400674550356,4052.9495524590725
MDA,Republic of Moldova,2005,4570.275059957345,0.3310701445741424,4570.275059957345
MDA,Republic of Moldova,2006,4979.814871939675,0.31646926082730903,4979.814871939675
MDA,Republic of Moldova,2007,5137.292060787829,0.3148353911427571,5137.292060787829
MDA,Republic of Moldova,2008,5529.9258720522585,0.31716112825691944,5529.9258720522585
MDA,Republic of Moldova,2009,5580.14875708608,0.3155768103384455,5580.14875708608
MDA,Republic of Moldova,2010,6464.9053122914365,0.3245361240966527,6464.9053122914365
MDA,Republic of Moldova,2011,7550.066737523986,0.3250076152062483,7550.066737523986
MDA,Republic of Moldova,2012,8441.83719950118,0.3223783152625576,8441.83719950118
MDA,Republic of Moldova,2013,8709.71162934787,0.31882315426165053,8709.71162934787
MDA,Republic of Moldova,2014,9494.735758295143,0.3338771212435632,9494.735758295143
MDA,Republic of Moldova,2015,9911.797853141796,0.3326830733879934,9911.797853141796
MDA,Republic of Moldova,2016,11064.703458203332,0.32882981404278033,11064.703458203332
MDA,Republic of Moldova,2017,12353.73058515477,0.32043856687907646,12353.73058515477
MDA,Republic of Moldova,2018,12242.272242247618,0.3154831042736094,12242.272242247618
MDA,Republic of Moldova,2019,13856.286487224994,0.3246787709545609,13856.286487224994
MDA,Republic of Moldova,2020,13589.188600942742,0.32533947447929135,13589.188600942742
MDA,Republic of Moldova,2021,15157.702497918166,0.3364937110896369,15157.702497918166
MDA,Republic of Moldova,2022,14392.854734480597,0.3353101325575817,14392.854734480597
MDA,Republic of Moldova,2023,11371.88622814282,0.32542376905105325,11371.88622814282
MDG,Madagascar,1960,1759.5251659262535,0.49852051196793695,1759.5251659262535
MDG,Madagascar,1961,1804.0550347556807,0.49722099454217833,1804.0550347556807
MDG,Madagascar,1962,1850.601831325642,0.49591989106409706,1850.601831325642
MDG,Madagascar,1963,1812.783322982117,0.49461964068391717,1812.783322982117
MDG,Madagascar,1964,1804.74019044295,0.49331901255157296,1804.74019044295
MDG,Madagascar,1965,1747.6494688593964,0.49201814018345286,1747.6494688593964
MDG,Madagascar,1966,1794.2892418725562,0.49071772132517566,1794.2892418725562
MDG,Madagascar,1967,1838.8920420797433,0.4894167855092358,1838.8920420797433
MDG,Madagascar,1968,1947.4186209930626,0.48811712023152665,1947.4186209930626
MDG,Madagascar,1969,1977.1419506180464,0.4868173293151815,1977.1419506180464
MDG,Madagascar,1970,2045.9796295898698,0.4855165268158557,2045.9796295898698
MDG,Madagascar,1971,2071.856325844011,0.48424604772142804,2071.856325844011
MDG,Madagascar,1972,1968.3188447183068,0.4829740522768679,1968.3188447183068
MDG,Madagascar,1973,1849.985644947385,0.48170184005007516,1849.985644947385
MDG,Madagascar,1974,1798.6738599467544,0.4804319177022744,1798.6738599467544
MDG,Madagascar,1975,1752.0672205034773,0.4791597515564539,1752.0672205034773
MDG,Madagascar,1976,1719.0168176591683,0.47788888826502907,1719.0168176591683
MDG,Madagascar,1977,1695.896657837463,0.4766167245939951,1695.896657837463
MDG,Madagascar,1978,1617.3100004170667,0.4753461461713296,1617.3100004170667
MDG,Madagascar,1979,1684.2011250024461,0.47407526658352234,1684.2011250024461
MDG,Madagascar,1980,1659.6222762838286,0.47280311747124043,1659.6222762838286
MDG,Madagascar,1981,1559.5484672679554,0.47101835399430386,1559.5484672679554
MDG,Madagascar,1982,1534.0787234214802,0.4692323465262113,1534.0787234214802
MDG,Madagascar,1983,1563.3652009416496,0.46744695255155416,1563.3652009416496
MDG,Madagascar,1984,1567.6456095731926,0.4656610292643344,1567.6456095731926
MDG,Madagascar,1985,1598.9700178527235,0.4638759381128753,1598.9700178527235
MDG,Madagascar,1986,1857.9701457908025,0.4620896501928162,1857.9701457908025
MDG,Madagascar,1987,1651.631933453188,0.46030415983681244,1651.631933453188
MDG,Madagascar,1988,1587.972463263873,0.4585182375875261,1587.972463263873
MDG,Madagascar,1989,1492.2610075947898,0.4567328365345633,1492.2610075947898
MDG,Madagascar,1990,1503.8430615332793,0.4549470430193124,1503.8430615332793
MDG,Madagascar,1991,1372.283381762476,0.4546368463445943,1372.283381762476
MDG,Madagascar,1992,1287.538982946081,0.4549655655476159,1287.538982946081
MDG,Madagascar,1993,1274.5587097726852,0.4556682302268941,1274.5587097726852
MDG,Madagascar,1994,1236.3370127205017,0.4577499767535716,1236.3370127205017
MDG,Madagascar,1995,1239.7643296604756,0.45891883657466176,1239.7643296604756
MDG,Madagascar,1996,1263.2787094736432,0.4600387880715383,1263.2787094736432
MDG,Madagascar,1997,1276.5093384855552,0.4617294934375985,1276.5093384855552
MDG,Madagascar,1998,1302.4045382851098,0.46321869622513356,1302.4045382851098
MDG,Madagascar,1999,1329.8475920074027,0.46485366572111403,1329.8475920074027
MDG,Madagascar,2000,1341.1865411312724,0.46644794488428726,1341.1865411312724
MDG,Madagascar,2001,1378.8024834557325,0.46992348456013255,1378.8024834557325
MDG,Madagascar,2002,1236.473032124148,0.4706571278053054,1236.473032124148
MDG,Madagascar,2003,1352.685191949592,0.4737922043355829,1352.685191949592
MDG,Madagascar,2004,1434.023571256244,0.48014000485573455,1434.023571256244
MDG,Madagascar,2005,1483.2069481477456,0.4882708975974805,1483.2069481477456
MDG,Madagascar,2006,1523.9213518051804,0.4889565533248347,1523.9213518051804
MDG,Madagascar,2007,1544.1080655390683,0.49016463016838924,1544.1080655390683
MDG,Madagascar,2008,1690.2045854154878,0.49168950497319336,1690.2045854154878
MDG,Madagascar,2009,1638.7411340317665,0.49231678149970204,1638.7411340317665
MDG,Madagascar,2010,1764.2506789441986,0.4934374919158476,1764.2506789441986
MDG,Madagascar,2011,1878.3412016426917,0.5059533023029011,1878.3412016426917
MDG,Madagascar,2012,1874.6283554377428,0.5195107873820359,1874.6283554377428
MDG,Madagascar,2013,1800.0434492782656,0.5211350722733393,1800.0434492782656
MDG,Madagascar,2014,1750.848166131812,0.522628671208069,1750.848166131812
MDG,Madagascar,2015,1747.8726387224738,0.5237578318616823,1747.8726387224738
MDG,Madagascar,2016,1785.095775750852,0.5252654136816267,1785.095775750852
MDG,Madagascar,2017,1717.3270996747658,0.5267152679142464,1717.3270996747658
MDG,Madagascar,2018,1635.7793729832188,0.5282156981803953,1635.7793729832188
MDG,Madagascar,2019,1707.4438769478782,0.5298237959427992,1707.4438769478782
MDG,Madagascar,2020,1545.6850317453234,0.5235232193438277,1545.6850317453234
MDG,Madagascar,2021,1584.6944002935159,0.5286160748655514,1584.6944002935159
MDG,Madagascar,2022,1587.2188285930197,0.5345254684933279,1587.2188285930197
MDG,Madagascar,2023,1605.772143424021,0.5387561786546913,1605.772143424021
MDV,Maldives,1970,3110.168911256965,,3110.168911256965
MDV,Maldives,1971,3205.6314124029514,,3205.6314124029514
MDV,Maldives,1972,3191.2171420511577,,3191.2171420511577
MDV,Maldives,1973,3100.0526623152386,,3100.0526623152386
MDV,Maldives,1974,3086.6693000083687,,3086.6693000083687
MDV,Maldives,1975,2779.0224397769875,,2779.0224397769875
MDV,Maldives,1976,2917.416961571659,,2917.416961571659
MDV,Maldives,1977,2992.5702221263477,,2992.5702221263477
MDV,Maldives,1978,3123.867387241331,,3123.867387241331
MDV,Maldives,1979,3234.9043874914255,,3234.9043874914255
MDV,Maldives,1980,4065.5601446617097,0.2566422513073176,4065.5601446617097
MDV,Maldives,1981,3799.6832911476536,0.2550842497152632,3799.6832911476536
MDV,Maldives,1982,5317.684268397263,0.25371031956654794,5317.684268397263
MDV,Maldives,1983,4138.170850265765,0.2531385377231125,4138.170850265765
MDV,Maldives,1984,4769.536713401644,0.2520184834788684,4769.536713401644
MDV,Maldives,1985,5077.998929981359,0.251483570175434,5077.998929981359
MDV,Maldives,1986,5463.458333928403,0.2511091384478011,5463.458333928403
MDV,Maldives,1987,6124.797604520114,0.2504966013843428,6124.797604520114
MDV,Maldives,1988,6539.466720976504,0.2502441698782934,6539.466720976504
MDV,Maldives,1989,6996.0431498377875,0.24952426867442157,6996.0431498377875
MDV,Maldives,1990,7872.636310505691,0.24892552468414814,7872.636310505691
MDV,Maldives,1991,8202.788282638588,0.2513089526540038,8202.788282638588
MDV,Maldives,1992,7930.0082132728685,0.2536923583413024,7930.0082132728685
MDV,Maldives,1993,7987.270348058918,0.25607581375857225,7987.270348058918
MDV,Maldives,1994,8234.318140080415,0.2584592097370825,8234.318140080415
MDV,Maldives,1995,7930.184991375614,0.2608426352059178,7930.184991375614
MDV,Maldives,1996,8499.81001575444,0.26983661819774,8499.81001575444
MDV,Maldives,1997,8603.230470369659,0.2788306460404977,8603.230470369659
MDV,Maldives,1998,9211.501165731823,0.2878246845434991,9211.501165731823
MDV,Maldives,1999,9125.836139309511,0.2968186938306991,9125.836139309511
MDV,Maldives,2000,10191.939396425878,0.3058127302146174,10191.939396425878
MDV,Maldives,2001,10343.497780863907,0.31946936133638115,10343.497780863907
MDV,Maldives,2002,11401.85175828401,0.3331260011458545,11401.85175828401
MDV,Maldives,2003,13004.711054150885,0.3467826602889902,13004.711054150885
MDV,Maldives,2004,16213.20611171383,0.36043931568797966,16213.20611171383
MDV,Maldives,2005,15116.513722897473,0.37409593511947953,15116.513722897473
MDV,Maldives,2006,20779.70424510755,0.387752593501993,20779.70424510755
MDV,Maldives,2007,24305.983592158504,0.40140925738148847,24305.983592158504
MDV,Maldives,2008,22549.99650242065,0.41506588982064724,22549.99650242065
MDV,Maldives,2009,15873.519769309454,0.42872254842148017,15873.519769309454
MDV,Maldives,2010,16148.605284086814,0.4423791522205149,16148.605284086814
MDV,Maldives,2011,21069.410288948387,0.45603581126469867,21069.410288948387
MDV,Maldives,2012,21586.22512315223,0.46969240701103104,21586.22512315223
MDV,Maldives,2013,21867.48910737496,0.4833490554086235,21867.48910737496
MDV,Maldives,2014,24079.67914383959,0.4970056777885048,24079.67914383959
MDV,Maldives,2015,21331.36757232795,0.5071851611318358,21331.36757232795
MDV,Maldives,2016,22301.930087969315,0.5173646944528884,22301.930087969315
MDV,Maldives,2017,23453.59892859169,0.5529823985193012,23453.59892859169
MDV,Maldives,2018,25554.603628151825,0.5886001349895963,25554.603628151825
MDV,Maldives,2019,26684.416989718717,0.6242177817706092,26684.416989718717
MDV,Maldives,2020,15930.121567539902,0.5751706722737943,15930.121567539902
MDV,Maldives,2021,19654.248810674722,0.5889889845443841,19654.248810674722
MDV,Maldives,2022,18566.867839592564,0.6052086378440068,18566.867839592564
MDV,Maldives,2023,18539.81424633646,0.6027315928624091,18539.81424633646
MEX,Mexico,1950,5982.6493965839245,0.28336373099373874,5982.6493965839245
MEX,Mexico,1951,6297.60174881207,0.27893483484553894,6297.60174881207
MEX,Mexico,1952,6378.90317743867,0.2741579692710533,6378.90317743867
MEX,Mexico,1953,6099.899389059938,0.2694955679674986,6099.899389059938
MEX,Mexico,1954,6575.815732017176,0.2646123590443822,6575.815732017176
MEX,Mexico,1955,6907.159468320184,0.2598878009830225,6907.159468320184
MEX,Mexico,1956,7153.797289005384,0.25578666466763234,7153.797289005384
MEX,Mexico,1957,7458.139428852087,0.25153453386931485,7458.139428852087
MEX,Mexico,1958,7595.682541251814,0.24717986759944566,7595.682541251814
MEX,Mexico,1959,7551.645315019,0.24277726197936203,7551.645315019
MEX,Mexico,1960,7869.147511931014,0.23843520527406387,7869.147511931014
MEX,Mexico,1961,7833.345641029325,0.2374041584216175,7833.345641029325
MEX,Mexico,1962,7881.862986206111,0.23635394728746015,7881.862986206111
MEX,Mexico,1963,8342.416583066693,0.23558287098870317,8342.416583066693
MEX,Mexico,1964,9169.903658066887,0.2349499115480524,9169.903658066887
MEX,Mexico,1965,9364.77120370428,0.23474437416310862,9364.77120370428
MEX,Mexico,1966,9635.724543674014,0.23488279999150669,9635.724543674014
MEX,Mexico,1967,9852.246267661827,0.23493435953757824,9852.246267661827
MEX,Mexico,1968,10352.816325360487,0.2347610837771618,10352.816325360487
MEX,Mexico,1969,10466.249551952464,0.23445462786970053,10466.249551952464
MEX,Mexico,1970,10822.518127685762,0.23462380479866624,10822.518127685762
MEX,Mexico,1971,10966.685932405742,0.24001360843429165,10966.685932405742
MEX,Mexico,1972,11532.007683189138,0.2453911998892415,11532.007683189138
MEX,Mexico,1973,12124.737170579401,0.25104084407801536,12124.737170579401
MEX,Mexico,1974,12515.632810026365,0.25722199877565566,12515.632810026365
MEX,Mexico,1975,12850.516637166342,0.2654517690340678,12850.516637166342
MEX,Mexico,1976,13216.792118104306,0.26935520137565994,13216.792118104306
MEX,Mexico,1977,13380.837384399587,0.27342719754344724,13380.837384399587
MEX,Mexico,1978,14243.057797391979,0.27901361060753394,14243.057797391979
MEX,Mexico,1979,15355.308313403439,0.2886991012838638,15355.308313403439
MEX,Mexico,1980,16532.88600321062,0.29922725121043675,16532.88600321062
MEX,Mexico,1981,17449.437024049257,0.3021447074675288,17449.437024049257
MEX,Mexico,1982,16933.754024732065,0.3057014734385998,16933.754024732065
MEX,Mexico,1983,15607.687529074115,0.3010559738845392,15607.687529074115
MEX,Mexico,1984,15755.311416844086,0.30726810714995717,15755.311416844086
MEX,Mexico,1985,15521.192172840112,0.3158686923714518,15521.192172840112
MEX,Mexico,1986,14314.002506762461,0.3196464082619551,14314.002506762461
MEX,Mexico,1987,14232.568657184962,0.32448000294330503,14232.568657184962
MEX,Mexico,1988,13933.791030264922,0.3295618958925978,13933.791030264922
MEX,Mexico,1989,14199.120161484494,0.3354857614672334,14199.120161484494
MEX,Mexico,1990,14784.763482132432,0.34077145350079574,14784.763482132432
MEX,Mexico,1991,15071.4009138775,0.3451448330889195,15071.4009138775
MEX,Mexico,1992,15302.69972474458,0.3495005063604186,15302.69972474458
MEX,Mexico,1993,14855.384432988747,0.3517883536444709,14855.384432988747
MEX,Mexico,1994,15300.472371448974,0.35517789025976765,15300.472371448974
MEX,Mexico,1995,14403.88799752329,0.3522350771576258,14403.88799752329
MEX,Mexico,1996,14460.855075928446,0.3579273079625374,14460.855075928446
MEX,Mexico,1997,15117.401917633326,0.36083574539508945,15117.401917633326
MEX,Mexico,1998,15985.864069718054,0.36874778869573077,15985.864069718054
MEX,Mexico,1999,16263.601159800031,0.3772465576769101,16263.601159800031
MEX,Mexico,2000,17156.14985860865,0.3840722077387592,17156.14985860865
MEX,Mexico,2001,17013.195093794002,0.38723828289955636,17013.195093794002
MEX,Mexico,2002,16582.618834894307,0.39004713042343536,16582.618834894307
MEX,Mexico,2003,16703.809527647587,0.3911429833483315,16703.809527647587
MEX,Mexico,2004,17245.668963899894,0.3987734535986214,17245.668963899894
MEX,Mexico,2005,18092.06988495315,0.3976801605123711,18092.06988495315
MEX,Mexico,2006,18729.22460291474,0.40444730453989985,18729.22460291474
MEX,Mexico,2007,18938.03604084639,0.4066330240715018,18938.03604084639
MEX,Mexico,2008,19049.606462693555,0.40719196672854097,19049.606462693555
MEX,Mexico,2009,18101.63884247533,0.40567376512252384,18101.63884247533
MEX,Mexico,2010,19236.6755249853,0.40591482973647314,19236.6755249853
MEX,Mexico,2011,20995.022851786944,0.4090372791228571,20995.022851786944
MEX,Mexico,2012,21866.48420424323,0.4169447413395572,21866.48420424323
MEX,Mexico,2013,21229.239039453372,0.41596944331454394,21229.239039453372
MEX,Mexico,2014,21171.775647553564,0.4125368083001263,21171.775647553564
MEX,Mexico,2015,21171.177246760297,0.4180256708722249,21171.177246760297
MEX,Mexico,2016,21735.41215098719,0.4220383074979752,21735.41215098719
MEX,Mexico,2017,21687.639901171195,0.4241549729045263,21687.639901171195
MEX,Mexico,2018,21481.372181326442,0.4312402254834272,21481.372181326442
MEX,Mexico,2019,20804.27569696145,0.43883535869601437,20804.27569696145
MEX,Mexico,2020,18894.097979626884,0.40521978172922013,18894.097979626884
MEX,Mexico,2021,19665.512499249107,0.4220215539311279,19665.512499249107
MEX,Mexico,2022,20043.412446026017,0.4500660052012269,20043.412446026017
MEX,Mexico,2023,20015.14431670865,0.45844054873413015,20015.14431670865
MKD,North Macedonia,1990,7014.27171953962,0.48033160274495523,7014.27171953962
MKD,North Macedonia,1991,6914.817001229088,0.46460640015338805,6914.817001229088
MKD,North Macedonia,1992,6544.853578378941,0.43814308180328637,6544.853578378941
MKD,North Macedonia,1993,6660.746376075439,0.4080341675087624,6660.746376075439
MKD,North Macedonia,1994,6779.7279616541355,0.38323951847723503,6779.7279616541355
MKD,North Macedonia,1995,6902.724247654781,0.34327679961132407,6902.724247654781
MKD,North Macedonia,1996,6929.459396535147,0.3251128733406385,6929.459396535147
MKD,North Macedonia,1997,7171.363655155731,0.3054825027730846,7171.363655155731
MKD,North Macedonia,1998,7521.417402541903,0.29566971612125637,7521.417402541903
MKD,North Macedonia,1999,8178.660096897738,0.2994565557421681,8178.660096897738
MKD,North Macedonia,2000,8974.598423844805,0.2938528894726166,8974.598423844805
MKD,North Macedonia,2001,9299.395203978025,0.2863179249973697,9299.395203978025
MKD,North Macedonia,2002,9358.85310063852,0.29759198116144686,9358.85310063852
MKD,North Macedonia,2003,9459.906344782457,0.29759109678160245,9459.906344782457
MKD,North Macedonia,2004,9708.819490472693,0.27895239187357884,9708.819490472693
MKD,North Macedonia,2005,10726.053104126362,0.29426376291597023,10726.053104126362
MKD,North Macedonia,2006,11186.557085183893,0.30954192768776534,11186.557085183893
MKD,North Macedonia,2007,12001.276801813377,0.3205953082796877,12001.276801813377
MKD,North Macedonia,2008,13342.258028649327,0.3479607803181013,13342.258028649327
MKD,North Macedonia,2009,14030.849805384261,0.3656633052854466,14030.849805384261
MKD,North Macedonia,2010,14492.350204484024,0.35474567223246495,14492.350204484024
MKD,North Macedonia,2011,14427.958741924558,0.3614093656757708,14427.958741924558
MKD,North Macedonia,2012,15101.470447417709,0.3671425538914156,15101.470447417709
MKD,North Macedonia,2013,14988.76755220337,0.3891129517113755,14988.76755220337
MKD,North Macedonia,2014,15914.522682201165,0.39941648472592206,15914.522682201165
MKD,North Macedonia,2015,16731.146146091178,0.4079676303795354,16731.146146091178
MKD,North Macedonia,2016,17820.325330565724,0.41568925786500965,17820.325330565724
MKD,North Macedonia,2017,18165.75239556407,0.42974210028059145,18165.75239556407
MKD,North Macedonia,2018,18955.956911604142,0.4324446562408898,18955.956911604142
MKD,North Macedonia,2019,20531.12629377738,0.44491019412386645,20531.12629377738
MKD,North Macedonia,2020,19752.34573440918,0.4185746897435555,19752.34573440918
MKD,North Macedonia,2021,21396.150812108208,0.4333750597109585,21396.150812108208
MKD,North Macedonia,2022,21970.69780022421,0.40768483160501634,21970.69780022421
MKD,North Macedonia,2023,22247.982280563076,0.40818916654897747,22247.982280563076
MLI,Mali,1960,812.6348952760819,0.31785875659573515,812.6348952760819
MLI,Mali,1961,793.1874867842358,0.31710779679456097,793.1874867842358
MLI,Mali,1962,775.3751518407131,0.3163556830194857,775.3751518407131
MLI,Mali,1963,745.3032474365774,0.3156034668795867,745.3032474365774
MLI,Mali,1964,589.0521948149965,0.31485149716850275,589.0521948149965
MLI,Mali,1965,628.5683223499343,0.31409960942830584,628.5683223499343
MLI,Mali,1966,614.4373211297587,0.31334762579237163,614.4373211297587
MLI,Mali,1967,623.2709264406686,0.31259557260147847,623.2709264406686
MLI,Mali,1968,660.7191234238965,0.31184369300436976,660.7191234238965
MLI,Mali,1969,663.234926772724,0.3110914668143464,663.234926772724
MLI,Mali,1970,688.9523192975688,0.3103406097696588,688.9523192975688
MLI,Mali,1971,705.3005915042919,0.30954741305762795,705.3005915042919
MLI,Mali,1972,605.5601567389646,0.3087542232242695,605.5601567389646
MLI,Mali,1973,613.4458480970671,0.30796188797528945,613.4458480970671
MLI,Mali,1974,599.9321789893835,0.30716831707960734,599.9321789893835
MLI,Mali,1975,644.4207342540018,0.3063753578737656,644.4207342540018
MLI,Mali,1976,702.1242511963834,0.3055820934933865,702.1242511963834
MLI,Mali,1977,714.8670068820892,0.3047887115248121,714.8670068820892
MLI,Mali,1978,696.4235775782953,0.3039955265897593,696.4235775782953
MLI,Mali,1979,780.6386210977001,0.30320221599891994,780.6386210977001
MLI,Mali,1980,740.2506667870657,0.30241037185981573,740.2506667870657
MLI,Mali,1981,828.03505043732,0.3016393283242413,828.03505043732
MLI,Mali,1982,884.4170325980504,0.300868721852551,884.4170325980504
MLI,Mali,1983,861.5704545649022,0.29896133083467713,861.5704545649022
MLI,Mali,1984,801.4946810655509,0.2970319550768189,801.4946810655509
MLI,Mali,1985,1034.698234834942,0.29787177572480944,1034.698234834942
MLI,Mali,1986,1020.1925130171018,0.29533250842847797,1020.1925130171018
MLI,Mali,1987,912.1278601543237,0.29391190621575863,912.1278601543237
MLI,Mali,1988,764.1961533284314,0.29303548551182385,764.1961533284314
MLI,Mali,1989,775.565726900702,0.2899180092351825,775.565726900702
MLI,Mali,1990,759.9409349932126,0.28899409908754276,759.9409349932126
MLI,Mali,1991,813.2318500946236,0.2880426781770176,813.2318500946236
MLI,Mali,1992,736.5415439263875,0.287075156444318,736.5415439263875
MLI,Mali,1993,763.7398352299836,0.28696670160423304,763.7398352299836
MLI,Mali,1994,753.1498566373476,0.286311883505112,753.1498566373476
MLI,Mali,1995,1007.0762759238379,0.28641074156240454,1007.0762759238379
MLI,Mali,1996,1253.4916933551212,0.28681518110709253,1253.4916933551212
MLI,Mali,1997,1324.3717291171884,0.28708087191548487,1324.3717291171884
MLI,Mali,1998,1348.5301162302776,0.2867919105112187,1348.5301162302776
MLI,Mali,1999,1413.1606095436928,0.2865030068032517,1413.1606095436928
MLI,Mali,2000,1439.9720646769827,0.2862141275288854,1439.9720646769827
MLI,Mali,2001,1534.4546316146075,0.28592519261689864,1534.4546316146075
MLI,Mali,2002,1514.9503099556073,0.28563624747984667,1514.9503099556073
MLI,Mali,2003,1634.0696210096921,0.2853473407997064,1634.0696210096921
MLI,Mali,2004,1468.601594561733,0.2850584355426556,1468.601594561733
MLI,Mali,2005,1530.5766890886512,0.2847694934469877,1530.5766890886512
MLI,Mali,2006,1684.7527948971774,0.28448057388521014,1684.7527948971774
MLI,Mali,2007,1665.8987605717339,0.2841916844320374,1665.8987605717339
MLI,Mali,2008,1774.2834103747045,0.2828079119806989,1774.2834103747045
MLI,Mali,2009,2071.4491145239567,0.2814241590336372,2071.4491145239567
MLI,Mali,2010,2119.6019426193393,0.280040428670776,2119.6019426193393
MLI,Mali,2011,2083.809652958711,0.2933330808330998,2083.809652958711
MLI,Mali,2012,1995.1313306107265,0.30662571770591235,1995.1313306107265
MLI,Mali,2013,2019.8554456956813,0.31991838734944844,2019.8554456956813
MLI,Mali,2014,2137.3057520457382,0.31794795101825624,2137.3057520457382
MLI,Mali,2015,2082.4661985421194,0.3132292730630986,2082.4661985421194
MLI,Mali,2016,2273.4126274686396,0.28438837055193217,2273.4126274686396
MLI,Mali,2017,2419.5795505286906,0.30341885065037366,2419.5795505286906
MLI,Mali,2018,2471.007916960791,0.2910149560685676,2471.007916960791
MLI,Mali,2019,2534.199944478474,0.28910766018628276,2534.199944478474
MLI,Mali,2020,2329.838651033378,0.2872003726247965,2329.838651033378
MLI,Mali,2021,2285.422053515557,0.29526451804196235,2285.422053515557
MLI,Mali,2022,2382.648716997708,0.3033286341185482,2382.648716997708
MLI,Mali,2023,2574.151420506525,0.3058845377510238,2574.151420506525
MLT,Malta,1954,1274.7860451541383,0.27624378002223676,1274.7860451541383
MLT,Malta,1955,1330.668723499178,0.2738811146429434,1330.668723499178
MLT,Malta,1956,1613.8825586497862,0.27149999076808434,1613.8825586497862
MLT,Malta,1957,1565.8890997064434,0.26911977107281676,1565.8890997064434
MLT,Malta,1958,1800.6764896530444,0.26675780463075977,1800.6764896530444
MLT,Malta,1959,1917.1538603418715,0.264376307754517,1917.1538603418715
MLT,Malta,1960,1469.0223029203653,0.26199316550508234,1469.0223029203653
MLT,Malta,1961,1407.983474049286,0.2651968851297115,1407.983474049286
MLT,Malta,1962,1714.6942449632913,0.26838091160919236,1714.6942449632913
MLT,Malta,1963,919.3053503732722,0.2715469819008215,919.3053503732722
MLT,Malta,1964,1660.0101273832104,0.2747612748831902,1660.0101273832104
MLT,Malta,1965,2757.3817607021483,0.2779483471250906,2757.3817607021483
MLT,Malta,1966,3143.4490784069103,0.28112005509059224,3143.4490784069103
MLT,Malta,1967,3429.5136704386596,0.28433311240240916,3429.5136704386596
MLT,Malta,1968,3897.4350235210777,0.287517619791696,3897.4350235210777
MLT,Malta,1969,4150.853428114788,0.290689380340095,4150.853428114788
MLT,Malta,1970,4589.673156877774,0.29388456600332685,4589.673156877774
MLT,Malta,1971,4825.323724413232,0.2966172125660225,4825.323724413232
MLT,Malta,1972,5216.343219758315,0.2993770339291498,5216.343219758315
MLT,Malta,1973,5712.125625941137,0.30213769935107243,5712.125625941137
MLT,Malta,1974,6560.577725376042,0.3048652307338089,6560.577725376042
MLT,Malta,1975,8005.264563652721,0.3076195806233588,8005.264563652721
MLT,Malta,1976,9609.589835245135,0.31036888254690626,9609.589835245135
MLT,Malta,1977,10460.417208877954,0.31309663890725503,10460.417208877954
MLT,Malta,1978,11909.059741692881,0.31587155938356226,11909.059741692881
MLT,Malta,1979,13244.29900196791,0.31861160630991786,13244.29900196791
MLT,Malta,1980,13598.975372819554,0.3213461702098187,13598.975372819554
MLT,Malta,1981,15029.060971727502,0.3204454837342989,15029.060971727502
MLT,Malta,1982,15998.952579501592,0.310754533829811,15998.952579501592
MLT,Malta,1983,15598.55144980077,0.3149506704393573,15598.55144980077
MLT,Malta,1984,15332.384488544463,0.3208207877552425,15332.384488544463
MLT,Malta,1985,15547.354963326015,0.3290975079572931,15547.354963326015
MLT,Malta,1986,15642.80121151539,0.3365645459943027,15642.80121151539
MLT,Malta,1987,15981.8333957321,0.35519265570578645,15981.8333957321
MLT,Malta,1988,17441.82491118738,0.3613013466170188,17441.82491118738
MLT,Malta,1989,18722.80417488519,0.36111109612329567,18722.80417488519
MLT,Malta,1990,19010.77128996923,0.3601960860603384,19010.77128996923
MLT,Malta,1991,20110.328219591902,0.36575678892594765,20110.328219591902
MLT,Malta,1992,19527.547455108794,0.36597024475390016,19527.547455108794
MLT,Malta,1993,20761.551125494756,0.36361674728750426,20761.551125494756
MLT,Malta,1994,21282.523478420728,0.36434838008876036,21282.523478420728
MLT,Malta,1995,21150.34008906514,0.3768772394445404,21150.34008906514
MLT,Malta,1996,20288.50263883299,0.3860776368755804,20288.50263883299
MLT,Malta,1997,22882.13177410355,0.39014370599941384,22882.13177410355
MLT,Malta,1998,23032.241963346994,0.3902705671391432,23032.241963346994
MLT,Malta,1999,24510.414908198516,0.3948894632832832,24510.414908198516
MLT,Malta,2000,29425.824864964554,0.39482116997320293,29425.824864964554
MLT,Malta,2001,26546.947115265255,0.39152488055624607,26546.947115265255
MLT,Malta,2002,26929.797204208942,0.393998033115979,26929.797204208942
MLT,Malta,2003,27039.6043643717,0.3979450977236457,27039.6043643717
MLT,Malta,2004,25656.520871419772,0.3957318613333366,25656.520871419772
MLT,Malta,2005,27725.82665217023,0.39652237977061355,27725.82665217023
MLT,Malta,2006,26901.37344477367,0.4021180860131784,26901.37344477367
MLT,Malta,2007,27973.283885520512,0.4091128580242715,27973.283885520512
MLT,Malta,2008,29007.569679230444,0.41619689501290547,29007.569679230444
MLT,Malta,2009,29911.87068525054,0.41477991887902427,29911.87068525054
MLT,Malta,2010,31008.742382160457,0.41362969511844766,31008.742382160457
MLT,Malta,2011,30782.893074202595,0.4219081375390648,30782.893074202595
MLT,Malta,2012,32427.162402487276,0.42723080903176897,32427.162402487276
MLT,Malta,2013,30865.42831446113,0.4406172630928529,30865.42831446113
MLT,Malta,2014,30912.43035936223,0.4495585177525484,30912.43035936223
MLT,Malta,2015,36557.75383527611,0.45686245402879894,36557.75383527611
MLT,Malta,2016,35952.937301902835,0.4724365158934718,35952.937301902835
MLT,Malta,2017,39535.66849334903,0.4814939502142094,39535.66849334903
MLT,Malta,2018,40854.22226931554,0.49652192678421575,40854.22226931554
MLT,Malta,2019,42917.14485803994,0.5057920909652371,42917.14485803994
MLT,Malta,2020,40218.93639993285,0.5098073291997387,40218.93639993285
MLT,Malta,2021,46163.74912157498,0.521081367204567,46163.74912157498
MLT,Malta,2022,44238.85883944664,0.5325540700717712,44238.85883944664
MLT,Malta,2023,46795.16446362364,0.5467676783743592,46795.16446362364
MMR,Myanmar,1962,764.9114141195508,0.39687148914094655,764.9114141195508
MMR,Myanmar,1963,846.2899479107896,0.3961263404264,846.2899479107896
MMR,Myanmar,1964,777.8030063406626,0.3953811307630475,777.8030063406626
MMR,Myanmar,1965,817.7745077013783,0.39463626065032353,817.7745077013783
MMR,Myanmar,1966,799.8249709874897,0.39389079283514933,799.8249709874897
MMR,Myanmar,1967,716.084081982125,0.39314555309330773,716.084081982125
MMR,Myanmar,1968,734.7436468930912,0.39240057519860705,734.7436468930912
MMR,Myanmar,1969,749.2347928856061,0.3916552610416806,749.2347928856061
MMR,Myanmar,1970,787.2714507375717,0.39090997097474955,787.2714507375717
MMR,Myanmar,1971,796.9369252414274,0.38962805508346593,796.9369252414274
MMR,Myanmar,1972,776.0517842170365,0.3890102496439361,776.0517842170365
MMR,Myanmar,1973,763.8476506704865,0.3888710287447649,763.8476506704865
MMR,Myanmar,1974,770.2020977346334,0.3890794620711918,770.2020977346334
MMR,Myanmar,1975,787.0396230899706,0.38941744312538223,787.0396230899706
MMR,Myanmar,1976,811.4594333230241,0.3912126365979101,811.4594333230241
MMR,Myanmar,1977,826.6223712817523,0.3931844463380111,826.6223712817523
MMR,Myanmar,1978,844.6654684255855,0.3953338701822064,844.6654684255855
MMR,Myanmar,1979,859.6330075575482,0.3968211488521546,859.6330075575482
MMR,Myanmar,1980,912.0716806889619,0.3975056156727933,912.0716806889619
MMR,Myanmar,1981,948.1419811736884,0.39915788890943893,948.1419811736884
MMR,Myanmar,1982,992.1752532373594,0.39990760544671844,992.1752532373594
MMR,Myanmar,1983,1024.9759581989047,0.40341027192060397,1024.9759581989047
MMR,Myanmar,1984,1072.4791759942593,0.40382387653492424,1072.4791759942593
MMR,Myanmar,1985,1068.05547636997,0.40390109198545754,1068.05547636997
MMR,Myanmar,1986,1041.9909620232445,0.40546829911760396,1041.9909620232445
MMR,Myanmar,1987,992.1981086703918,0.40833155738578947,992.1981086703918
MMR,Myanmar,1988,849.4249333377409,0.40965336727125234,849.4249333377409
MMR,Myanmar,1989,853.7327760658028,0.40892912173964563,853.7327760658028
MMR,Myanmar,1990,855.3563253274316,0.38227148623877627,855.3563253274316
MMR,Myanmar,1991,815.0518048973126,0.38319901665851697,815.0518048973126
MMR,Myanmar,1992,867.0966006523219,0.3842947261684188,867.0966006523219
MMR,Myanmar,1993,1090.2178159259065,0.3968201442539881,1090.2178159259065
MMR,Myanmar,1994,1039.473786832683,0.399879734933366,1039.473786832683
MMR,Myanmar,1995,1139.4892400278575,0.4032787521874841,1139.4892400278575
MMR,Myanmar,1996,1140.8534541358727,0.406998138277179,1140.8534541358727
MMR,Myanmar,1997,1136.0842043745974,0.41099283053386415,1136.0842043745974
MMR,Myanmar,1998,1291.4706484573237,0.41427730217981495,1291.4706484573237
MMR,Myanmar,1999,1240.970802903492,0.41660744598790067,1240.970802903492
MMR,Myanmar,2000,1207.8920175604599,0.41847525838105987,1207.8920175604599
MMR,Myanmar,2001,1329.4253503282932,0.4193925661201724,1329.4253503282932
MMR,Myanmar,2002,1392.200973871216,0.41979972239575997,1392.200973871216
MMR,Myanmar,2003,1630.5958182570744,0.41998698335432955,1630.5958182570744
MMR,Myanmar,2004,1740.13031134528,0.4202636083573606,1740.13031134528
MMR,Myanmar,2005,1955.880343367652,0.4204140297872197,1955.880343367652
MMR,Myanmar,2006,2154.001448358365,0.41990234367745116,2154.001448358365
MMR,Myanmar,2007,2434.778831002811,0.41941550295092517,2434.778831002811
MMR,Myanmar,2008,2878.0465144474897,0.4196048564293542,2878.0465144474897
MMR,Myanmar,2009,3133.210336651366,0.41909839681587463,3133.210336651366
MMR,Myanmar,2010,3940.195640813993,0.4186117914132645,3940.195640813993
MMR,Myanmar,2011,4482.6878163457495,0.4200536156407976,4482.6878163457495
MMR,Myanmar,2012,3519.222523963206,0.4211700923195001,3519.222523963206
MMR,Myanmar,2013,4985.392187178004,0.4221506611656033,4985.392187178004
MMR,Myanmar,2014,5310.652202926211,0.42336020258874446,5310.652202926211
MMR,Myanmar,2015,5405.627503667321,0.42475434091650077,5405.627503667321
MMR,Myanmar,2016,5293.32830067973,0.4236197578298349,5293.32830067973
MMR,Myanmar,2017,5323.915215006134,0.42280425362400664,5323.915215006134
MMR,Myanmar,2018,6403.8624788790885,0.43265407851213855,6403.8624788790885
MMR,Myanmar,2019,6603.219593549198,0.42123358066979455,6603.219593549198
MMR,Myanmar,2020,6305.287364003244,0.41523570328626797,6305.287364003244
MMR,Myanmar,2021,8026.493927316003,0.37113946007373844,8026.493927316003
MMR,Myanmar,2022,7873.762177229825,0.37766429603135876,7873.762177229825
MMR,Myanmar,2023,7321.15521434502,0.38110788778075577,7321.15521434502
MNE,Montenegro,1990,13024.266138927747,0.26980934173313653,13024.266138927747
MNE,Montenegro,1991,11571.635030476267,0.26980935596704725,11571.635030476267
MNE,Montenegro,1992,8808.614216631204,0.270757497253577,8808.614216631204
MNE,Montenegro,1993,5573.156296195951,0.27146293528161486,5573.156296195951
MNE,Montenegro,1994,5637.069425547486,0.27224106718216223,5637.069425547486
MNE,Montenegro,1995,6440.57709657481,0.2732705505110623,6440.57709657481
MNE,Montenegro,1996,8198.48084034452,0.27458174840486865,8198.48084034452
MNE,Montenegro,1997,8689.737316860368,0.2755434940119441,8689.737316860368
MNE,Montenegro,1998,9170.788965769503,0.27580817004435165,9170.788965769503
MNE,Montenegro,1999,8361.501262793972,0.2777118306358124,8361.501262793972
MNE,Montenegro,2000,9412.944537634836,0.2782337840667005,9412.944537634836
MNE,Montenegro,2001,9960.591385317379,0.27918316449711905,9960.591385317379
MNE,Montenegro,2002,9649.909695327218,0.2804984194549455,9649.909695327218
MNE,Montenegro,2003,9727.842409901841,0.2811172846311141,9727.842409901841
MNE,Montenegro,2004,10255.618209115839,0.2815889750602694,10255.618209115839
MNE,Montenegro,2005,10965.01178559459,0.28202038027117576,10965.01178559459
MNE,Montenegro,2006,13986.729518407532,0.30891912983633735,13986.729518407532
MNE,Montenegro,2007,17319.382863084345,0.3358178822550905,17319.382863084345
MNE,Montenegro,2008,18765.567101738972,0.3336470639981907,18765.567101738972
MNE,Montenegro,2009,17211.790918635503,0.33147625276871573,17211.790918635503
MNE,Montenegro,2010,17281.130653484957,0.3293054121896192,17281.130653484957
MNE,Montenegro,2011,19267.241268603164,0.30969135821041965,19267.241268603164
MNE,Montenegro,2012,18835.731687225747,0.31730434424679105,18835.731687225747
MNE,Montenegro,2013,18164.10383258423,0.31889664430260484,18164.10383258423
MNE,Montenegro,2014,18212.315630568202,0.3425175306750299,18212.315630568202
MNE,Montenegro,2015,19771.575059301595,0.3529455717398165,19771.575059301595
MNE,Montenegro,2016,20516.2820520137,0.3591611689670035,20516.2820520137
MNE,Montenegro,2017,21838.253984348037,0.36975136327862457,21838.253984348037
MNE,Montenegro,2018,22621.253318880474,0.38556174738521587,22621.253318880474
MNE,Montenegro,2019,25986.982921773615,0.39856980584649654,25986.982921773615
MNE,Montenegro,2020,21159.15455599694,0.3608099498756775,21159.15455599694
MNE,Montenegro,2021,24531.819068880402,0.3527575400814505,24531.819068880402
MNE,Montenegro,2022,25889.756273611078,0.4087591520059384,25889.756273611078
MNE,Montenegro,2023,26334.919652412114,0.40233078775319947,26334.919652412114
MNG,Mongolia,1970,1526.0333705186556,,1526.0333705186556
MNG,Mongolia,1971,1556.3994900812663,,1556.3994900812663
MNG,Mongolia,1972,1568.4202656085763,,1568.4202656085763
MNG,Mongolia,1973,1659.7446421723341,,1659.7446421723341
MNG,Mongolia,1974,1683.3467814261262,,1683.3467814261262
MNG,Mongolia,1975,1732.3680015181792,,1732.3680015181792
MNG,Mongolia,1976,1744.9481220156404,,1744.9481220156404
MNG,Mongolia,1977,1862.6456165404174,,1862.6456165404174
MNG,Mongolia,1978,1895.0099409092247,,1895.0099409092247
MNG,Mongolia,1979,1929.0740481263763,,1929.0740481263763
MNG,Mongolia,1980,2177.2079903428776,0.32923295138606157,2177.2079903428776
MNG,Mongolia,1981,1931.4875750707029,0.32887975953488435,1931.4875750707029
MNG,Mongolia,1982,2234.386578521243,0.3286250538345788,2234.386578521243
MNG,Mongolia,1983,2502.5774187069323,0.3292697049196044,2502.5774187069323
MNG,Mongolia,1984,2782.5650649238746,0.3288599903794966,2782.5650649238746
MNG,Mongolia,1985,2724.5158310061756,0.32823854155926474,2724.5158310061756
MNG,Mongolia,1986,2873.381305287004,0.3255407668191749,2873.381305287004
MNG,Mongolia,1987,3063.961947084487,0.32407951161680837,3063.961947084487
MNG,Mongolia,1988,3160.648692284964,0.32178686138772844,3160.648692284964
MNG,Mongolia,1989,3076.4459920804916,0.32076975943580427,3076.4459920804916
MNG,Mongolia,1990,4335.326127976511,0.3230675102117817,4335.326127976511
MNG,Mongolia,1991,3122.2619233363434,0.3288144435738348,3122.2619233363434
MNG,Mongolia,1992,2942.8705876139898,0.33306116331026653,2942.8705876139898
MNG,Mongolia,1993,2335.639312177041,0.3366597548048891,2335.639312177041
MNG,Mongolia,1994,2441.4570741591438,0.32952488085409093,2441.4570741591438
MNG,Mongolia,1995,3126.816435558812,0.3286359850857802,3126.816435558812
MNG,Mongolia,1996,2916.0302974129086,0.3256235967765234,2916.0302974129086
MNG,Mongolia,1997,3025.8253155021416,0.32024236553621993,3025.8253155021416
MNG,Mongolia,1998,3006.66819655997,0.3284877531210639,3006.66819655997
MNG,Mongolia,1999,3150.7023495402705,0.3342590934082143,3150.7023495402705
MNG,Mongolia,2000,3524.6503937895436,0.3350877185289351,3524.6503937895436
MNG,Mongolia,2001,3883.9187742160066,0.3359163770203382,3883.9187742160066
MNG,Mongolia,2002,4212.6966659750215,0.3483095580374777,4212.6966659750215
MNG,Mongolia,2003,4540.524885696951,0.36105554255654027,4540.524885696951
MNG,Mongolia,2004,5311.489976278053,0.373801568371508,5311.489976278053
MNG,Mongolia,2005,6235.493473837713,0.37773150632365615,6235.493473837713
MNG,Mongolia,2006,7290.795624180773,0.3798293164608888,7290.795624180773
MNG,Mongolia,2007,8358.029812037354,0.3764490648796637,8358.029812037354
MNG,Mongolia,2008,8999.550132922794,0.3730077134102316,8999.550132922794
MNG,Mongolia,2009,8444.256824728007,0.3826370654228939,8444.256824728007
MNG,Mongolia,2010,9951.320405299268,0.4178419883558769,9951.320405299268
MNG,Mongolia,2011,12394.515398352749,0.4128097696651513,12394.515398352749
MNG,Mongolia,2012,14118.840814692685,0.4127134321473719,14118.840814692685
MNG,Mongolia,2013,13580.462607398415,0.4226075426556017,13580.462607398415
MNG,Mongolia,2014,12874.232245088377,0.41639570652010843,12874.232245088377
MNG,Mongolia,2015,12126.66707556057,0.42238287845963385,12126.66707556057
MNG,Mongolia,2016,11780.109278788035,0.41223937002625943,11780.109278788035
MNG,Mongolia,2017,11913.151232426353,0.4187608169755255,11913.151232426353
MNG,Mongolia,2018,12820.020130498222,0.41915569428265126,12820.020130498222
MNG,Mongolia,2019,13858.67653567496,0.4384574980343137,13858.67653567496
MNG,Mongolia,2020,13556.621226014462,0.41781307632655124,13556.621226014462
MNG,Mongolia,2021,13052.945296831367,0.3968355620242275,13052.945296831367
MNG,Mongolia,2022,13824.411310197976,0.41663342426964145,13824.411310197976
MNG,Mongolia,2023,15172.208622213377,0.4185652038225903,15172.208622213377
MOZ,Mozambique,1960,801.1579988716816,0.3183767118047338,801.1579988716816
MOZ,Mozambique,1961,797.3640035070332,0.3173249566284082,797.3640035070332
MOZ,Mozambique,1962,847.0339086237126,0.3162747954782082,847.0339086237126
MOZ,Mozambique,1963,846.0690827773134,0.31522502184235096,846.0690827773134
MOZ,Mozambique,1964,862.3675988691817,0.3141743916915272,862.3675988691817
MOZ,Mozambique,1965,854.4858115847106,0.31312227682626254,854.4858115847106
MOZ,Mozambique,1966,847.0573780668402,0.31207192290965907,847.0573780668402
MOZ,Mozambique,1967,921.7728701978345,0.3110213203017865,921.7728701978345
MOZ,Mozambique,1968,946.2032805185398,0.3099706077973565,946.2032805185398
MOZ,Mozambique,1969,980.5653816003432,0.30892038449662973,980.5653816003432
MOZ,Mozambique,1970,935.6760990818321,0.30786940844180344,935.6760990818321
MOZ,Mozambique,1971,980.9528246014193,0.3134604384783659,980.9528246014193
MOZ,Mozambique,1972,1000.8628325042117,0.318435474957313,1000.8628325042117
MOZ,Mozambique,1973,1016.6631907187118,0.323012418222629,1016.6631907187118
MOZ,Mozambique,1974,1043.7186819686635,0.32739621451091927,1043.7186819686635
MOZ,Mozambique,1975,1032.35782736164,0.33153267830419764,1032.35782736164
MOZ,Mozambique,1976,1057.9464279742124,0.33551133505523295,1057.9464279742124
MOZ,Mozambique,1977,1009.8126959051244,0.3390122753603495,1009.8126959051244
MOZ,Mozambique,1978,991.489262296047,0.3419699657769717,991.489262296047
MOZ,Mozambique,1979,993.7793940397371,0.34502414042656915,993.7793940397371
MOZ,Mozambique,1980,961.5033487019175,0.3519295001848623,961.5033487019175
MOZ,Mozambique,1981,1014.986368228625,0.35291448525515756,1014.986368228625
MOZ,Mozambique,1982,972.7772824788974,0.3533772992431774,972.7772824788974
MOZ,Mozambique,1983,805.2644901662043,0.3542770647172544,805.2644901662043
MOZ,Mozambique,1984,871.6680679486949,0.3556120084195451,871.6680679486949
MOZ,Mozambique,1985,563.5830538477765,0.35743214955326935,563.5830538477765
MOZ,Mozambique,1986,769.7582531111748,0.35978979976294334,769.7582531111748
MOZ,Mozambique,1987,766.2585707489386,0.36712478494079664,766.2585707489386
MOZ,Mozambique,1988,783.9935327428694,0.37687349984624263,783.9935327428694
MOZ,Mozambique,1989,848.9929883216205,0.3831265555475949,848.9929883216205
MOZ,Mozambique,1990,835.7857585237645,0.38715302533172113,835.7857585237645
MOZ,Mozambique,1991,871.2971299109353,0.389356807128314,871.2971299109353
MOZ,Mozambique,1992,776.380944997163,0.3989343954294993,776.380944997163
MOZ,Mozambique,1993,818.2283741034213,0.40434631038805463,818.2283741034213
MOZ,Mozambique,1994,841.7678203900889,0.3956387732866225,841.7678203900889
MOZ,Mozambique,1995,797.3974386932953,0.3886026270063444,797.3974386932953
MOZ,Mozambique,1996,821.8334228122453,0.38736901240427574,821.8334228122453
MOZ,Mozambique,1997,875.6323250630886,0.387459437786767,875.6323250630886
MOZ,Mozambique,1998,915.7518232175044,0.38332859375832273,915.7518232175044
MOZ,Mozambique,1999,963.273941772046,0.37941783656208583,963.273941772046
MOZ,Mozambique,2000,962.4892270759401,0.37280776251071324,962.4892270759401
MOZ,Mozambique,2001,1018.8520462781606,0.37199933155948395,1018.8520462781606
MOZ,Mozambique,2002,1186.4253260887108,0.36569603941460477,1186.4253260887108
MOZ,Mozambique,2003,1287.2852219417582,0.3626172687114048,1287.2852219417582
MOZ,Mozambique,2004,1282.9238796850132,0.3603509227730556,1282.9238796850132
MOZ,Mozambique,2005,1372.172205889965,0.3621333474363415,1372.172205889965
MOZ,Mozambique,2006,1383.6365546312477,0.36467051204516004,1383.6365546312477
MOZ,Mozambique,2007,1419.7226281536205,0.3705493680989363,1419.7226281536205
MOZ,Mozambique,2008,1458.4441633042359,0.38003594369185417,1458.4441633042359
MOZ,Mozambique,2009,1440.3485734921508,0.3774341970033644,1440.3485734921508
MOZ,Mozambique,2010,1439.6149684435156,0.3756451120676584,1439.6149684435156
MOZ,Mozambique,2011,1380.6463334250072,0.37400283473746654,1380.6463334250072
MOZ,Mozambique,2012,1408.879719932898,0.37302667349186946,1408.879719932898
MOZ,Mozambique,2013,1407.3321472219889,0.3705153438528528,1407.3321472219889
MOZ,Mozambique,2014,1491.5495802873183,0.37093719645343787,1491.5495802873183
MOZ,Mozambique,2015,1546.1224429488318,0.3693087173278509,1546.1224429488318
MOZ,Mozambique,2016,1653.7003060949578,0.3711250669855641,1653.7003060949578
MOZ,Mozambique,2017,1443.9126976606483,0.3665618170344957,1443.9126976606483
MOZ,Mozambique,2018,1451.128227683554,0.3669061369104773,1451.128227683554
MOZ,Mozambique,2019,1575.1558067291342,0.36751544423562743,1575.1558067291342
MOZ,Mozambique,2020,1509.489452457743,0.36372169987425806,1509.489452457743
MOZ,Mozambique,2021,1464.4351113921496,0.3638647178589401,1464.4351113921496
MOZ,Mozambique,2022,1514.5053290494563,0.36977187309989945,1514.5053290494563
MOZ,Mozambique,2023,1542.866759441608,0.3716309222825579,1542.866759441608
MRT,Mauritania,1960,2384.116129518826,,2384.116129518826
MRT,Mauritania,1961,2318.133381162396,,2318.133381162396
MRT,Mauritania,1962,2598.6997360237565,,2598.6997360237565
MRT,Mauritania,1963,2407.488056402035,,2407.488056402035
MRT,Mauritania,1964,3229.727930014106,,3229.727930014106
MRT,Mauritania,1965,3703.9907600808788,,3703.9907600808788
MRT,Mauritania,1966,3631.813655106211,,3631.813655106211
MRT,Mauritania,1967,3981.794378472593,,3981.794378472593
MRT,Mauritania,1968,4528.817489259093,,4528.817489259093
MRT,Mauritania,1969,4186.501235759255,,4186.501235759255
MRT,Mauritania,1970,4669.263207698676,,4669.263207698676
MRT,Mauritania,1971,4600.355840589062,,4600.355840589062
MRT,Mauritania,1972,4599.361923388011,,4599.361923388011
MRT,Mauritania,1973,4328.146078417528,,4328.146078417528
MRT,Mauritania,1974,4654.527192273469,,4654.527192273469
MRT,Mauritania,1975,5121.7600262852975,,5121.7600262852975
MRT,Mauritania,1976,5408.225570548134,,5408.225570548134
MRT,Mauritania,1977,5210.650361620307,0.22448261506318434,5210.650361620307
MRT,Mauritania,1978,4485.035107174809,0.22448259799157685,4485.035107174809
MRT,Mauritania,1979,4740.826115065314,0.22448261046879933,4740.826115065314
MRT,Mauritania,1980,4561.806424999135,0.2244826190379582,4561.806424999135
MRT,Mauritania,1981,4663.031745796627,0.22465617702051846,4663.031745796627
MRT,Mauritania,1982,4279.851887795643,0.22519831992850134,4279.851887795643
MRT,Mauritania,1983,4193.162254449366,0.2254111568752547,4193.162254449366
MRT,Mauritania,1984,3979.3903350901587,0.2262841509341988,3979.3903350901587
MRT,Mauritania,1985,3924.111880616935,0.22645100246375638,3924.111880616935
MRT,Mauritania,1986,3900.2178207065735,0.22658589170246682,3900.2178207065735
MRT,Mauritania,1987,3927.3436945373137,0.22671205990984986,3927.3436945373137
MRT,Mauritania,1988,3926.3983938839106,0.22687871206408194,3926.3983938839106
MRT,Mauritania,1989,3876.0494246433877,0.22714511315175864,3876.0494246433877
MRT,Mauritania,1990,3757.904786921877,0.22823099864839144,3757.904786921877
MRT,Mauritania,1991,3730.91085520227,0.2291235651706705,3730.91085520227
MRT,Mauritania,1992,3767.123627213997,0.23039425168723193,3767.123627213997
MRT,Mauritania,1993,3890.3861726186205,0.23262302517203612,3890.3861726186205
MRT,Mauritania,1994,3958.4614547018964,0.2326178779466826,3958.4614547018964
MRT,Mauritania,1995,3764.4889721831632,0.23286773112746748,3764.4889721831632
MRT,Mauritania,1996,4020.914061585632,0.2316399632859352,4020.914061585632
MRT,Mauritania,1997,3716.609915565465,0.23106873388563995,3716.609915565465
MRT,Mauritania,1998,3766.744848566525,0.23072264262836173,3766.744848566525
MRT,Mauritania,1999,3687.330695734702,0.23100923073076307,3687.330695734702
MRT,Mauritania,2000,3587.699592582155,0.23167608904769,3587.699592582155
MRT,Mauritania,2001,3457.3745175006347,0.2307015002627376,3457.3745175006347
MRT,Mauritania,2002,3583.1628573149956,0.22946128173902336,3583.1628573149956
MRT,Mauritania,2003,3708.482611344532,0.22956486076891425,3708.482611344532
MRT,Mauritania,2004,4158.92505840698,0.229271799446039,4158.92505840698
MRT,Mauritania,2005,4219.400293172066,0.22915051668192474,4219.400293172066
MRT,Mauritania,2006,4446.625104005595,0.22935705761572672,4446.625104005595
MRT,Mauritania,2007,4524.134850200077,0.22826100826667808,4524.134850200077
MRT,Mauritania,2008,4447.736523955406,0.22715565753001615,4447.736523955406
MRT,Mauritania,2009,4379.913056832534,0.2249301311481695,4379.913056832534
MRT,Mauritania,2010,5152.320324929629,0.22397053477391127,5152.320324929629
MRT,Mauritania,2011,5213.3151952817325,0.22232284013184184,5213.3151952817325
MRT,Mauritania,2012,5057.130101913936,0.2201449450049886,5057.130101913936
MRT,Mauritania,2013,5550.981694482098,0.2169825262712064,5550.981694482098
MRT,Mauritania,2014,5106.080493828267,0.21481006822898316,5106.080493828267
MRT,Mauritania,2015,5285.211872777808,0.21279539557410632,5285.211872777808
MRT,Mauritania,2016,5442.1038317505,0.21057763581120342,5442.1038317505
MRT,Mauritania,2017,6041.871073896831,0.20890812214064217,6041.871073896831
MRT,Mauritania,2018,5586.774955275683,0.20930257750255382,5586.774955275683
MRT,Mauritania,2019,5773.831889164421,0.22175404305797378,5773.831889164421
MRT,Mauritania,2020,5400.746332006632,0.20772841250530516,5400.746332006632
MRT,Mauritania,2021,5477.430933220187,0.20761117103510213,5477.430933220187
MRT,Mauritania,2022,5547.568787550222,0.21371763157435017,5547.568787550222
MRT,Mauritania,2023,5782.565828672751,0.21661089110498857,5782.565828672751
MSR,Montserrat,1970,16976.897471623546,,16976.897471623546
MSR,Montserrat,1971,17353.4945765381,,17353.4945765381
MSR,Montserrat,1972,17683.008672907486,,17683.008672907486
MSR,Montserrat,1973,18084.787680568716,,18084.787680568716
MSR,Montserrat,1974,18747.4005529424,,18747.4005529424
MSR,Montserrat,1975,19838.70476946656,0.3546323143654317,19838.70476946656
MSR,Montserrat,1976,19060.360990833917,0.35405358600649883,19060.360990833917
MSR,Montserrat,1977,18857.36908177847,0.3499212843076491,18857.36908177847
MSR,Montserrat,1978,19312.896021410772,0.3622453540884095,19312.896021410772
MSR,Montserrat,1979,21905.791217203085,0.387325785608105,21905.791217203085
MSR,Montserrat,1980,24174.77174498686,0.40338653356522886,24174.77174498686
MSR,Montserrat,1981,24808.75162890589,0.4144672641730418,24808.75162890589
MSR,Montserrat,1982,26078.02792020222,0.42509615445284143,26078.02792020222
MSR,Montserrat,1983,25221.526880058453,0.42652877938779593,25221.526880058453
MSR,Montserrat,1984,25969.757875036725,0.4431982686427759,25969.757875036725
MSR,Montserrat,1985,27334.779303092317,0.4592996637839627,27334.779303092317
MSR,Montserrat,1986,28638.432597556286,0.4618055403657392,28638.432597556286
MSR,Montserrat,1987,30136.25825529197,0.4781092106338595,30136.25825529197
MSR,Montserrat,1988,34080.194455329154,0.46685059980264154,34080.194455329154
MSR,Montserrat,1989,40744.32806301902,0.45559190748086764,40744.32806301902
MSR,Montserrat,1990,49166.0849548094,0.444333285087725,49166.0849548094
MSR,Montserrat,1991,38452.61335030267,0.4330746343369522,38452.61335030267
MSR,Montserrat,1992,37293.68137074287,0.428111418593786,37293.68137074287
MSR,Montserrat,1993,38358.57975029159,0.423148154735237,38358.57975029159
MSR,Montserrat,1994,40177.41989625735,0.4181849234453133,40177.41989625735
MSR,Montserrat,1995,38460.434691864,0.4132216910503097,38460.434691864
MSR,Montserrat,1996,28458.897782776698,0.4082584598330471,28458.897782776698
MSR,Montserrat,1997,28385.38494148491,0.40329523362084363,28385.38494148491
MSR,Montserrat,1998,24612.220917934614,0.3983319566006173,24612.220917934614
MSR,Montserrat,1999,26782.426633563526,0.3933687096145344,26782.426633563526
MSR,Montserrat,2000,27611.356816013922,0.38840549633715854,27611.356816013922
MSR,Montserrat,2001,28461.59758391198,0.3834422687900479,28461.59758391198
MSR,Montserrat,2002,29745.3286287719,0.4199358145269415,29745.3286287719
MSR,Montserrat,2003,29068.38058097862,0.45642937079304235,29068.38058097862
MSR,Montserrat,2004,29555.96349300067,0.4929229452100443,29555.96349300067
MSR,Montserrat,2005,30682.612650468443,0.5294165338674489,30682.612650468443
MSR,Montserrat,2006,29579.152607178963,0.5659100728451768,29579.152607178963
MSR,Montserrat,2007,28707.264564575165,0.5580785839608695,28707.264564575165
MSR,Montserrat,2008,30005.96009540539,0.5502470123613642,30005.96009540539
MSR,Montserrat,2009,26647.435221526084,0.5424154947935713,26647.435221526084
MSR,Montserrat,2010,25442.253115975804,0.5345839174043951,25442.253115975804
MSR,Montserrat,2011,30192.13112791954,0.5267524364787184,30192.13112791954
MSR,Montserrat,2012,25744.25443596789,0.5267524363176335,25744.25443596789
MSR,Montserrat,2013,20861.910790512244,0.5267524134384157,20861.910790512244
MSR,Montserrat,2014,21219.074182058946,0.5267523711488347,21219.074182058946
MSR,Montserrat,2015,18718.578257806654,0.5267524010372865,18718.578257806654
MSR,Montserrat,2016,21865.000854334197,0.5267524237151336,21865.000854334197
MSR,Montserrat,2017,20283.941235356873,0.5267523961554855,20283.941235356873
MSR,Montserrat,2018,21023.62235543712,0.5267523995542132,21023.62235543712
MSR,Montserrat,2019,22856.289699739205,0.5267524583027224,22856.289699739205
MSR,Montserrat,2020,25934.29044166704,0.5267524224901841,25934.29044166704
MSR,Montserrat,2021,23392.75246833311,0.5267523782218396,23392.75246833311
MSR,Montserrat,2022,24758.702793631033,0.5267523777081989,24758.702793631033
MSR,Montserrat,2023,26972.060397739366,0.5267524135159954,26972.060397739366
MUS,Mauritius,1950,5710.652260212095,0.22640251985893844,5710.652260212095
MUS,Mauritius,1951,5720.456518253779,0.22498765275714744,5720.456518253779
MUS,Mauritius,1952,5693.357285262339,0.22358773251976477,5693.357285262339
MUS,Mauritius,1953,5420.205851946712,0.22217686195139497,5420.205851946712
MUS,Mauritius,1954,5181.896250480961,0.2207608111983949,5181.896250480961
MUS,Mauritius,1955,5275.9617587539515,0.21933978182581193,5275.9617587539515
MUS,Mauritius,1956,5275.991362926351,0.21793506513787125,5275.991362926351
MUS,Mauritius,1957,5359.922747157853,0.21652164830650242,5359.922747157853
MUS,Mauritius,1958,5074.289852037644,0.21511428151106704,5074.289852037644
MUS,Mauritius,1959,5133.901434472181,0.21370108887574454,5133.901434472181
MUS,Mauritius,1960,4500.4478767298515,0.21229094980548327,4500.4478767298515
MUS,Mauritius,1961,4897.9319326343575,0.21274732819161934,4897.9319326343575
MUS,Mauritius,1962,5190.035642709316,0.21320590144707352,5190.035642709316
MUS,Mauritius,1963,5201.741189399143,0.21366506846092673,5201.741189399143
MUS,Mauritius,1964,5795.980818869062,0.2141238431359381,5795.980818869062
MUS,Mauritius,1965,5315.556470405393,0.21457381512359955,5315.556470405393
MUS,Mauritius,1966,5330.084136143118,0.21503024645862678,5330.084136143118
MUS,Mauritius,1967,5643.152469820877,0.2154805019975768,5643.152469820877
MUS,Mauritius,1968,4506.695744966471,0.21594193795959024,4506.695744966471
MUS,Mauritius,1969,4478.85260864559,0.21639925461103293,4478.85260864559
MUS,Mauritius,1970,5351.35770050991,0.21685067782375533,5351.35770050991
MUS,Mauritius,1971,5613.638517692776,0.2330045055341396,5613.638517692776
MUS,Mauritius,1972,5775.504965563657,0.24564449118174467,5775.504965563657
MUS,Mauritius,1973,5993.583149163607,0.2531997068762796,5993.583149163607
MUS,Mauritius,1974,5879.00735327675,0.2547573167657311,5879.00735327675
MUS,Mauritius,1975,5833.464872601836,0.2553710132342653,5833.464872601836
MUS,Mauritius,1976,7675.742484944747,0.2608710196308148,7675.742484944747
MUS,Mauritius,1977,7921.552246718456,0.2663185161038045,7921.552246718456
MUS,Mauritius,1978,8017.317255062538,0.2721687364108402,8017.317255062538
MUS,Mauritius,1979,7451.866508092512,0.2781416208806147,7451.866508092512
MUS,Mauritius,1980,7447.655326466964,0.2816345325948643,7447.655326466964
MUS,Mauritius,1981,7621.766034092691,0.2827736784056239,7621.766034092691
MUS,Mauritius,1982,7748.589717501093,0.2835540344099908,7748.589717501093
MUS,Mauritius,1983,7784.010407632454,0.2839414303798114,7784.010407632454
MUS,Mauritius,1984,8901.466298302179,0.275654374097611,8901.466298302179
MUS,Mauritius,1985,8531.117226148539,0.2825943323340243,8531.117226148539
MUS,Mauritius,1986,9130.269305319336,0.30448287547497555,9130.269305319336
MUS,Mauritius,1987,11182.442464449521,0.31336900520941846,11182.442464449521
MUS,Mauritius,1988,11232.981330734594,0.33721521696992646,11232.981330734594
MUS,Mauritius,1989,11657.82818044354,0.3483611578805659,11657.82818044354
MUS,Mauritius,1990,12588.301902093066,0.3707328842813611,12588.301902093066
MUS,Mauritius,1991,13311.007400506873,0.3719794095300184,13311.007400506873
MUS,Mauritius,1992,13669.131429670655,0.37262430277817604,13669.131429670655
MUS,Mauritius,1993,14384.997702321543,0.37311119723187536,14384.997702321543
MUS,Mauritius,1994,15086.54095543754,0.37304665618894284,15086.54095543754
MUS,Mauritius,1995,15929.32363054299,0.3940582483422381,15929.32363054299
MUS,Mauritius,1996,17838.668722699837,0.3883451437386878,17838.668722699837
MUS,Mauritius,1997,17614.256935959584,0.3855321567040376,17614.256935959584
MUS,Mauritius,1998,17881.16289991256,0.3863567533341463,17881.16289991256
MUS,Mauritius,1999,17686.666047138588,0.38468694327964137,17686.666047138588
MUS,Mauritius,2000,17737.925538002957,0.38209840682872426,17737.925538002957
MUS,Mauritius,2001,17221.451333148692,0.38259204638971905,17221.451333148692
MUS,Mauritius,2002,17113.09169597313,0.38245562284312745,17113.09169597313
MUS,Mauritius,2003,16815.292349885152,0.38339318597762495,16815.292349885152
MUS,Mauritius,2004,16688.673312730036,0.38444168435266285,16688.673312730036
MUS,Mauritius,2005,16073.18029086115,0.38695265316107663,16073.18029086115
MUS,Mauritius,2006,16898.25480789393,0.39262235339572676,16898.25480789393
MUS,Mauritius,2007,18572.689226344173,0.3802055954677193,18572.689226344173
MUS,Mauritius,2008,18667.074912622043,0.39131460409152424,18667.074912622043
MUS,Mauritius,2009,18025.189676259528,0.39617534855099484,18025.189676259528
MUS,Mauritius,2010,18477.101307174893,0.4054100404134429,18477.101307174893
MUS,Mauritius,2011,20519.260812004817,0.4051678123235767,20519.260812004817
MUS,Mauritius,2012,21113.545318887347,0.4095793430620105,21113.545318887347
MUS,Mauritius,2013,21349.066087863986,0.4213244622490628,21349.066087863986
MUS,Mauritius,2014,21984.061654656907,0.42598402840940397,21984.061654656907
MUS,Mauritius,2015,22201.897453134974,0.4312833937407533,22201.897453134974
MUS,Mauritius,2016,24282.55344710068,0.43179782828265995,24282.55344710068
MUS,Mauritius,2017,24925.96419066288,0.4370496821780995,24925.96419066288
MUS,Mauritius,2018,24687.44677840341,0.45303868921746726,24687.44677840341
MUS,Mauritius,2019,25432.98646473913,0.46011062880145925,25432.98646473913
MUS,Mauritius,2020,22432.294869052377,0.42153263834707533,22432.294869052377
MUS,Mauritius,2021,23366.003722385423,0.40565215768893964,23366.003722385423
MUS,Mauritius,2022,27181.779579666647,0.4370464232791973,27181.779579666647
MUS,Mauritius,2023,27779.891706540893,0.46799676446916433,27779.891706540893
MWI,Malawi,1954,853.4899536884105,0.40158657858253777,853.4899536884105
MWI,Malawi,1955,890.3167956960901,0.40097107373139096,890.3167956960901
MWI,Malawi,1956,935.3212776064487,0.400353923918209,935.3212776064487
MWI,Malawi,1957,988.8803906484068,0.3997384819475423,988.8803906484068
MWI,Malawi,1958,984.500574357547,0.3991214308222349,984.500574357547
MWI,Malawi,1959,937.7414381140144,0.3985087627934634,937.7414381140144
MWI,Malawi,1960,995.6790160258586,0.39789125297104405,995.6790160258586
MWI,Malawi,1961,996.0842341557158,0.3963882646998022,996.0842341557158
MWI,Malawi,1962,991.2705234081792,0.39488533656645536,991.2705234081792
MWI,Malawi,1963,983.080372067924,0.39338485223357056,983.080372067924
MWI,Malawi,1964,956.5420404433149,0.3918798134089247,956.5420404433149
MWI,Malawi,1965,1079.971762256189,0.3903784741135998,1079.971762256189
MWI,Malawi,1966,1213.8648190964507,0.3888752988641174,1213.8648190964507
MWI,Malawi,1967,1213.125661383218,0.38006553607161436,1213.125661383218
MWI,Malawi,1968,1206.178351211068,0.3765291606981216,1206.178351211068
MWI,Malawi,1969,1259.6375867966012,0.37573435975747016,1259.6375867966012
MWI,Malawi,1970,1269.0455549648962,0.3729976921427234,1269.0455549648962
MWI,Malawi,1971,1409.0266165238222,0.37733780469338524,1409.0266165238222
MWI,Malawi,1972,1508.464934044179,0.37877251848670473,1508.464934044179
MWI,Malawi,1973,1439.3143452404388,0.3802434422848145,1439.3143452404388
MWI,Malawi,1974,1493.0422569921986,0.38381330965516947,1493.0422569921986
MWI,Malawi,1975,1522.1390741660737,0.38638038452064516,1522.1390741660737
MWI,Malawi,1976,1490.0193626967618,0.38395271396185165,1490.0193626967618
MWI,Malawi,1977,1455.7337769600106,0.38164934567680797,1455.7337769600106
MWI,Malawi,1978,1461.8065583535795,0.3855345601884707,1461.8065583535795
MWI,Malawi,1979,1389.8988932032166,0.3840407364514694,1389.8988932032166
MWI,Malawi,1980,1375.3114399338826,0.41469400754486335,1375.3114399338826
MWI,Malawi,1981,1374.3853851534898,0.4091947339828164,1374.3853851534898
MWI,Malawi,1982,1388.7234572633618,0.4067263895836406,1388.7234572633618
MWI,Malawi,1983,1441.062183915275,0.4105996001749817,1441.062183915275
MWI,Malawi,1984,1485.2717880747625,0.40584513830577906,1485.2717880747625
MWI,Malawi,1985,1603.790744043901,0.40481689577141444,1603.790744043901
MWI,Malawi,1986,1447.2305025039586,0.4076428545638147,1447.2305025039586
MWI,Malawi,1987,1316.768988078328,0.39897547558648594,1316.768988078328
MWI,Malawi,1988,1196.0910392248627,0.4015101190557269,1196.0910392248627
MWI,Malawi,1989,1232.4159536143422,0.4043742498556061,1232.4159536143422
MWI,Malawi,1990,1138.4101415528442,0.4057809012138403,1138.4101415528442
MWI,Malawi,1991,1180.15203939451,0.4045718863327146,1180.15203939451
MWI,Malawi,1992,1014.5760673153115,0.39781905849987065,1014.5760673153115
MWI,Malawi,1993,1073.0049437603411,0.3902700408738243,1073.0049437603411
MWI,Malawi,1994,1266.0053854840985,0.39647037782947964,1266.0053854840985
MWI,Malawi,1995,1215.665924559047,0.3997481827700193,1215.665924559047
MWI,Malawi,1996,1149.1105578613126,0.39785127400026926,1149.1105578613126
MWI,Malawi,1997,1242.2493074547187,0.40056960543739156,1242.2493074547187
MWI,Malawi,1998,1039.4462289581109,0.3971263705358007,1039.4462289581109
MWI,Malawi,1999,1055.840751672233,0.39212631973406936,1055.840751672233
MWI,Malawi,2000,1019.6946629862985,0.3861489321728867,1019.6946629862985
MWI,Malawi,2001,915.3556796123163,0.3803933048655635,915.3556796123163
MWI,Malawi,2002,1083.587813245974,0.3763952513116863,1083.587813245974
MWI,Malawi,2003,1092.8245596330573,0.3671514601704517,1092.8245596330573
MWI,Malawi,2004,1226.167080188952,0.3707463445308776,1226.167080188952
MWI,Malawi,2005,1277.702997270801,0.3724488063194848,1277.702997270801
MWI,Malawi,2006,1304.5749966227738,0.36521846338841374,1304.5749966227738
MWI,Malawi,2007,1536.2259246193912,0.3692072710947322,1536.2259246193912
MWI,Malawi,2008,1747.139904266952,0.37788466361780704,1747.139904266952
MWI,Malawi,2009,1287.1469169054865,0.3649464794921939,1287.1469169054865
MWI,Malawi,2010,1250.4228187295919,0.35389310662293827,1250.4228187295919
MWI,Malawi,2011,1352.0388207596425,0.3431846590654779,1352.0388207596425
MWI,Malawi,2012,1291.9651854725305,0.3338163063489755,1291.9651854725305
MWI,Malawi,2013,1474.9389181419958,0.3260286829030395,1474.9389181419958
MWI,Malawi,2014,1395.1596548255643,0.3178821630450612,1395.1596548255643
MWI,Malawi,2015,1462.1860308706396,0.31029001046286203,1462.1860308706396
MWI,Malawi,2016,1431.9732677781005,0.30310847051904005,1431.9732677781005
MWI,Malawi,2017,1491.6931198746763,0.29692915408646364,1491.6931198746763
MWI,Malawi,2018,1478.281044728809,0.2908807959035509,1478.281044728809
MWI,Malawi,2019,1586.2874960211823,0.3043257719712677,1586.2874960211823
MWI,Malawi,2020,1655.1337483671964,0.3177707031561909,1655.1337483671964
MWI,Malawi,2021,1823.5450516474623,0.32120966450162014,1823.5450516474623
MWI,Malawi,2022,1761.82105032212,0.32939342213256845,1761.82105032212
MWI,Malawi,2023,1747.6582403207053,0.3330399439257296,1747.6582403207053
MYS,Malaysia,1955,2892.732876601312,0.3405255672133075,2892.732876601312
MYS,Malaysia,1956,3003.093420605057,0.33707562834862403,3003.093420605057
MYS,Malaysia,1957,2984.040079208609,0.3336242191443882,2984.040079208609
MYS,Malaysia,1958,2898.803617666767,0.33017370928242157,2898.803617666767
MYS,Malaysia,1959,3019.198399517039,0.3267234240199184,3019.198399517039
MYS,Malaysia,1960,3200.09440710777,0.32327242253406613,3200.09440710777
MYS,Malaysia,1961,3401.3220222339346,0.32313220014810934,3401.3220222339346
MYS,Malaysia,1962,3545.543430937138,0.3229925125593949,3545.543430937138
MYS,Malaysia,1963,3683.019380193734,0.32285246461692524,3683.019380193734
MYS,Malaysia,1964,3913.9754359659423,0.3227123052756897,3913.9754359659423
MYS,Malaysia,1965,4075.921463364213,0.3225716339823953,4075.921463364213
MYS,Malaysia,1966,4225.631340412992,0.32243103337532136,4225.631340412992
MYS,Malaysia,1967,4233.812097735615,0.3222909024582719,4233.812097735615
MYS,Malaysia,1968,4319.019546308547,0.32215027475974367,4319.019546308547
MYS,Malaysia,1969,4364.480864057259,0.3220107905280341,4364.480864057259
MYS,Malaysia,1970,4625.576194403821,0.321870007654337,4625.576194403821
MYS,Malaysia,1971,5513.547489972852,0.32619379206455673,5513.547489972852
MYS,Malaysia,1972,5787.036549220813,0.33051761375654487,5787.036549220813
MYS,Malaysia,1973,6347.338293591192,0.3348414375942043,6347.338293591192
MYS,Malaysia,1974,6846.526243055696,0.33916524816167637,6846.526243055696
MYS,Malaysia,1975,6482.308390299997,0.34348903382295926,6482.308390299997
MYS,Malaysia,1976,7049.638611494016,0.3645521464829737,7049.638611494016
MYS,Malaysia,1977,7449.674200855405,0.3629274105107425,7449.674200855405
MYS,Malaysia,1978,7786.080550199029,0.3604682104069773,7786.080550199029
MYS,Malaysia,1979,8248.642466159354,0.3644882928601849,8248.642466159354
MYS,Malaysia,1980,8768.017312810247,0.36732608075150947,8768.017312810247
MYS,Malaysia,1981,9049.70103445705,0.3745178671186562,9049.70103445705
MYS,Malaysia,1982,9315.981752209495,0.3772324082776883,9315.981752209495
MYS,Malaysia,1983,9568.469515096242,0.37882095000048926,9568.469515096242
MYS,Malaysia,1984,9962.022390866487,0.375995610893188,9962.022390866487
MYS,Malaysia,1985,8959.02286238536,0.36746834619570756,8959.02286238536
MYS,Malaysia,1986,8032.391738760244,0.36095516410222594,8032.391738760244
MYS,Malaysia,1987,8383.032906103968,0.3595957801861128,8383.032906103968
MYS,Malaysia,1988,8890.418257141846,0.3601736788448386,8890.418257141846
MYS,Malaysia,1989,9586.120993841349,0.36375033902995935,9586.120993841349
MYS,Malaysia,1990,10520.88724153433,0.36855370003436344,10520.88724153433
MYS,Malaysia,1991,11341.31638475616,0.3681969716843146,11341.31638475616
MYS,Malaysia,1992,11754.851331370843,0.36810465073594717,11754.851331370843
MYS,Malaysia,1993,12491.417785352993,0.3725122182246661,12491.417785352993
MYS,Malaysia,1994,13167.26724388543,0.3724129161754019,13167.26724388543
MYS,Malaysia,1995,14318.607877711818,0.3772005249804396,14318.607877711818
MYS,Malaysia,1996,15235.84919573717,0.3789761507816097,15235.84919573717
MYS,Malaysia,1997,15640.758611210422,0.380255317804043,15640.758611210422
MYS,Malaysia,1998,13020.594988394654,0.3709468176031968,13020.594988394654
MYS,Malaysia,1999,13353.897496341851,0.37286975591138893,13353.897496341851
MYS,Malaysia,2000,15079.467612419048,0.38371041411158247,15079.467612419048
MYS,Malaysia,2001,14528.306289688691,0.3772136296567022,14528.306289688691
MYS,Malaysia,2002,15077.374101425343,0.37913636094815895,15077.374101425343
MYS,Malaysia,2003,15678.960300899504,0.3815373967973317,15678.960300899504
MYS,Malaysia,2004,16800.21080088936,0.37819257947258894,16800.21080088936
MYS,Malaysia,2005,18754.41654808891,0.37087947479701305,18754.41654808891
MYS,Malaysia,2006,18709.791244265394,0.3737490244583695,18709.791244265394
MYS,Malaysia,2007,20227.764793669725,0.3757025633135629,20227.764793669725
MYS,Malaysia,2008,22256.41546505214,0.3691986036651789,22256.41546505214
MYS,Malaysia,2009,20516.95083602082,0.36921996895528203,20516.95083602082
MYS,Malaysia,2010,21909.690650150253,0.39140276683510505,21909.690650150253
MYS,Malaysia,2011,24438.40175236032,0.42224581901656466,24438.40175236032
MYS,Malaysia,2012,26044.60612677192,0.4217761622225606,26044.60612677192
MYS,Malaysia,2013,26470.20772502661,0.43865362108319456,26470.20772502661
MYS,Malaysia,2014,26496.630097135676,0.4441527856546021,26496.630097135676
MYS,Malaysia,2015,25814.139754625892,0.4503598758928643,25814.139754625892
MYS,Malaysia,2016,26292.663799594116,0.44551563636298064,26292.663799594116
MYS,Malaysia,2017,27028.653795300754,0.44742731781912615,27028.653795300754
MYS,Malaysia,2018,28971.717847123728,0.4489658092820731,28971.717847123728
MYS,Malaysia,2019,28381.538489924045,0.45074844201150005,28381.538489924045
MYS,Malaysia,2020,26834.57836776744,0.44133645720576525,26834.57836776744
MYS,Malaysia,2021,27444.828540149716,0.43941191348531355,27444.828540149716
MYS,Malaysia,2022,29429.431223242744,0.4436222353595062,29429.431223242744
MYS,Malaysia,2023,30394.716659296122,0.44282901768900046,30394.716659296122
NAM,Namibia,1960,4968.275296905861,0.29954134050090675,4968.275296905861
NAM,Namibia,1961,4847.888577951464,0.3010563634016994,4847.888577951464
NAM,Namibia,1962,5386.379975286264,0.3026446021913906,5386.379975286264
NAM,Namibia,1963,5594.728673498804,0.3043108234845847,5594.728673498804
NAM,Namibia,1964,6166.602409000049,0.3060614441546187,6166.602409000049
NAM,Namibia,1965,6243.416119395629,0.3083217144116847,6243.416119395629
NAM,Namibia,1966,6405.33446859909,0.31024368790351436,6405.33446859909
NAM,Namibia,1967,6230.511563731511,0.31226143634038844,6230.511563731511
NAM,Namibia,1968,6275.209890537638,0.31437930245393136,6275.209890537638
NAM,Namibia,1969,6546.062395733897,0.3165737231455649,6546.062395733897
NAM,Namibia,1970,6899.530780756016,0.318818053978652,6899.530780756016
NAM,Namibia,1971,7049.710987622729,0.3121534832940657,7049.710987622729
NAM,Namibia,1972,6975.039555929334,0.30557725504341626,6975.039555929334
NAM,Namibia,1973,7040.475606182021,0.2992482272904643,7040.475606182021
NAM,Namibia,1974,7321.982299336022,0.29311148495651396,7321.982299336022
NAM,Namibia,1975,7258.787559468611,0.2870212893899132,7258.787559468611
NAM,Namibia,1976,7170.207258248434,0.28177614116917576,7170.207258248434
NAM,Namibia,1977,6961.039957338277,0.27723437688619207,6961.039957338277
NAM,Namibia,1978,7047.842415109911,0.2754582923934131,7047.842415109911
NAM,Namibia,1979,7262.003049295043,0.2740071624818456,7262.003049295043
NAM,Namibia,1980,7470.617949888887,0.271909835975226,7470.617949888887
NAM,Namibia,1981,7574.715640743073,0.275901943370137,7574.715640743073
NAM,Namibia,1982,7657.413089003551,0.27735320706672717,7657.413089003551
NAM,Namibia,1983,7188.584834130674,0.2776480732321074,7188.584834130674
NAM,Namibia,1984,7209.455440264862,0.2826499034754167,7209.455440264862
NAM,Namibia,1985,7163.1988722091555,0.28850671680740736,7163.1988722091555
NAM,Namibia,1986,7275.2063346922105,0.29529904929382067,7275.2063346922105
NAM,Namibia,1987,7212.083584944717,0.29676206774221353,7212.083584944717
NAM,Namibia,1988,6954.371826682075,0.2969712577912963,6954.371826682075
NAM,Namibia,1989,6728.701376491818,0.2892696051170467,6728.701376491818
NAM,Namibia,1990,5844.836068057983,0.28168876629824374,5844.836068057983
NAM,Namibia,1991,6279.224361465906,0.28104541288395785,6279.224361465906
NAM,Namibia,1992,6390.376290056196,0.27764588426185466,6390.376290056196
NAM,Namibia,1993,6427.517109963101,0.27332926319238654,6427.517109963101
NAM,Namibia,1994,6301.633123051473,0.2708993311741826,6301.633123051473
NAM,Namibia,1995,6387.931826444759,0.2578386657489511,6387.931826444759
NAM,Namibia,1996,6602.928012022941,0.24498782383842624,6602.928012022941
NAM,Namibia,1997,6605.288558730311,0.232448213825022,6605.288558730311
NAM,Namibia,1998,6639.310701733377,0.23013358696818287,6639.310701733377
NAM,Namibia,1999,6730.637383237877,0.22612085637512555,6730.637383237877
NAM,Namibia,2000,6865.7330018208595,0.22274734783100184,6865.7330018208595
NAM,Namibia,2001,6934.702385351644,0.22138510642555012,6934.702385351644
NAM,Namibia,2002,7112.890887487632,0.21990970279103003,7112.890887487632
NAM,Namibia,2003,7023.742015984394,0.21924192055841674,7023.742015984394
NAM,Namibia,2004,7533.912361031872,0.21907362196002897,7533.912361031872
NAM,Namibia,2005,8127.904865523024,0.22561832962250492,8127.904865523024
NAM,Namibia,2006,8822.873465400664,0.23406602835282356,8822.873465400664
NAM,Namibia,2007,8984.936187208956,0.24158383200027592,8984.936187208956
NAM,Namibia,2008,9833.213488969037,0.24861296567698393,9833.213488969037
NAM,Namibia,2009,9477.041345130005,0.254752318858414,9477.041345130005
NAM,Namibia,2010,10101.709236336808,0.263337586601961,10101.709236336808
NAM,Namibia,2011,10831.066255692871,0.27529532639491266,10831.066255692871
NAM,Namibia,2012,11535.298175133757,0.28681059664725556,11535.298175133757
NAM,Namibia,2013,11021.23756330721,0.30439400500722613,11021.23756330721
NAM,Namibia,2014,12541.851465785578,0.30630251250736995,12541.851465785578
NAM,Namibia,2015,12280.119403613697,0.2915899489375096,12280.119403613697
NAM,Namibia,2016,11643.863525346085,0.27748986063112036,11643.863525346085
NAM,Namibia,2017,10981.488169629412,0.2791128684079645,10981.488169629412
NAM,Namibia,2018,10171.364223718992,0.2815723477468323,10171.364223718992
NAM,Namibia,2019,9688.241135426075,0.2782383049729601,9688.241135426075
NAM,Namibia,2020,9158.38849265711,0.2653240247373087,9158.38849265711
NAM,Namibia,2021,9355.562620705998,0.26416743071612053,9355.562620705998
NAM,Namibia,2022,9442.00637695689,0.2689200281795134,9442.00637695689
NAM,Namibia,2023,9698.578207499253,0.2689651511504137,9698.578207499253
NER,Niger,1960,2201.7180451482004,0.47314873204482577,2201.7180451482004
NER,Niger,1961,2302.765112850527,0.4720475955170148,2302.765112850527
NER,Niger,1962,2491.4016541924643,0.4709483149094293,2491.4016541924643
NER,Niger,1963,2648.5922724429297,0.4698469844650867,2648.5922724429297
NER,Niger,1964,2565.1662306905773,0.46874497988550906,2565.1662306905773
NER,Niger,1965,2611.6744345430266,0.4676448309659397,2611.6744345430266
NER,Niger,1966,2524.501809570683,0.4665451539817154,2524.501809570683
NER,Niger,1967,2516.009789693887,0.4654437874607266,2516.009789693887
NER,Niger,1968,2503.9099850997345,0.4643432044012512,2503.9099850997345
NER,Niger,1969,2263.2376285802898,0.4632420925414776,2263.2376285802898
NER,Niger,1970,2326.988138470306,0.4621423674893808,2326.988138470306
NER,Niger,1971,2339.8281903464554,0.4609501238487592,2339.8281903464554
NER,Niger,1972,2200.444033208491,0.4597589946397572,2200.444033208491
NER,Niger,1973,1831.540486086368,0.45856849575176384,1831.540486086368
NER,Niger,1974,1979.181245100197,0.4573767272157119,1979.181245100197
NER,Niger,1975,1752.6086177823513,0.45618597698091923,1752.6086177823513
NER,Niger,1976,1843.2438894360107,0.4549963811916002,1843.2438894360107
NER,Niger,1977,2007.3702275946862,0.4538048868232416,2007.3702275946862
NER,Niger,1978,2058.69732527116,0.4526128778373652,2058.69732527116
NER,Niger,1979,2242.2154452812633,0.4514225090901673,2242.2154452812633
NER,Niger,1980,2137.2636050594115,0.4502311354269928,2137.2636050594115
NER,Niger,1981,1982.7831533515628,0.4490575357124985,1982.7831533515628
NER,Niger,1982,1952.1521459811336,0.4478853329092722,1952.1521459811336
NER,Niger,1983,1863.7976150620007,0.4467117684275451,1863.7976150620007
NER,Niger,1984,1414.711470478675,0.44553963710643363,1414.711470478675
NER,Niger,1985,1479.6381061759591,0.444366953981485,1479.6381061759591
NER,Niger,1986,1441.9794712796581,0.4431937919355406,1441.9794712796581
NER,Niger,1987,1406.2449629437983,0.44202015948795487,1406.2449629437983
NER,Niger,1988,1362.1038980539274,0.4408477898867464,1362.1038980539274
NER,Niger,1989,1305.4425086156684,0.4396744435583053,1305.4425086156684
NER,Niger,1990,1326.1167039722986,0.4385014443160035,1326.1167039722986
NER,Niger,1991,1290.8476867343713,0.4366252617851115,1290.8476867343713
NER,Niger,1992,1241.7135765771834,0.4377471324117878,1241.7135765771834
NER,Niger,1993,1207.6630414612953,0.43856619872392705,1207.6630414612953
NER,Niger,1994,1186.3996331820215,0.4393894213044992,1186.3996331820215
NER,Niger,1995,1239.7922788510898,0.4397316856968711,1239.7922788510898
NER,Niger,1996,1193.3776383975094,0.4395186535401228,1193.3776383975094
NER,Niger,1997,1170.4719583860467,0.43923161224513857,1170.4719583860467
NER,Niger,1998,1256.1195648503135,0.4391862724505631,1256.1195648503135
NER,Niger,1999,1230.891100960916,0.43834096167069114,1230.891100960916
NER,Niger,2000,1158.437628017799,0.437123217616555,1158.437628017799
NER,Niger,2001,1215.799871747733,0.4355408214577807,1215.799871747733
NER,Niger,2002,1236.27962530743,0.43220361236810095,1236.27962530743
NER,Niger,2003,1239.599713128695,0.4286006802236128,1239.599713128695
NER,Niger,2004,1155.4835351594124,0.42381049253467257,1155.4835351594124
NER,Niger,2005,1162.3270695798299,0.42001761813913613,1162.3270695798299
NER,Niger,2006,1184.4228380611219,0.4202603002408439,1184.4228380611219
NER,Niger,2007,1133.0126728801285,0.4203446713243932,1133.0126728801285
NER,Niger,2008,1180.0887993537915,0.42046030399837653,1180.0887993537915
NER,Niger,2009,1193.7031848052598,0.42076150258069106,1193.7031848052598
NER,Niger,2010,1318.6621454395429,0.42193006106270625,1318.6621454395429
NER,Niger,2011,1265.9061625847687,0.4231500820764457,1265.9061625847687
NER,Niger,2012,1327.0869494007013,0.4051803596574099,1327.0869494007013
NER,Niger,2013,1291.2868094629894,0.39795343937736966,1291.2868094629894
NER,Niger,2014,1325.9190722840642,0.39063957484887807,1325.9190722840642
NER,Niger,2015,1345.6378766406256,0.39027231906835363,1345.6378766406256
NER,Niger,2016,1312.0459382418906,0.3901447257605488,1312.0459382418906
NER,Niger,2017,1283.0156050286987,0.390185981632741,1283.0156050286987
NER,Niger,2018,1362.5188433195788,0.39041413055905994,1362.5188433195788
NER,Niger,2019,1482.3575676699036,0.39052001212928916,1482.3575676699036
NER,Niger,2020,1519.201119385412,0.3874780692936364,1519.201119385412
NER,Niger,2021,1537.023111807785,0.3881303847098278,1537.023111807785
NER,Niger,2022,1875.2407395800399,0.3925408226439954,1875.2407395800399
NER,Niger,2023,1919.0070327956944,0.3943696298740816,1919.0070327956944
NGA,Nigeria,1950,1974.810603851938,0.3849464859305744,1974.810603851938
NGA,Nigeria,1951,1939.5097207964645,0.3842959933540672,1939.5097207964645
NGA,Nigeria,1952,1906.5092216548994,0.3836453970545783,1906.5092216548994
NGA,Nigeria,1953,1951.2002206767934,0.38299464792556365,1951.2002206767934
NGA,Nigeria,1954,2107.531352530794,0.38234398769166134,2107.531352530794
NGA,Nigeria,1955,1999.574520820428,0.3816933585523253,1999.574520820428
NGA,Nigeria,1956,1865.7777451492184,0.38104259160320014,1865.7777451492184
NGA,Nigeria,1957,1789.0390645035063,0.3803921322537209,1789.0390645035063
NGA,Nigeria,1958,1843.1462197318015,0.37974127204661196,1843.1462197318015
NGA,Nigeria,1959,1977.9643063715819,0.37909063602319926,1977.9643063715819
NGA,Nigeria,1960,2183.6429002323393,0.3784400388483994,2183.6429002323393
NGA,Nigeria,1961,2231.17223422884,0.3767289027118709,2231.17223422884
NGA,Nigeria,1962,2287.308624648098,0.37488933726439194,2287.308624648098
NGA,Nigeria,1963,2343.703026834051,0.3813680204284766,2343.703026834051
NGA,Nigeria,1964,2274.1336424585097,0.3873395162565552,2274.1336424585097
NGA,Nigeria,1965,2488.001228523524,0.39557578354342243,2488.001228523524
NGA,Nigeria,1966,2428.716886306713,0.3925236221664354,2428.716886306713
NGA,Nigeria,1967,2042.911783633172,0.36875548349003245,2042.911783633172
NGA,Nigeria,1968,1991.335885165802,0.3627122991411066,1991.335885165802
NGA,Nigeria,1969,2399.1568294936164,0.3708896843487358,2399.1568294936164
NGA,Nigeria,1970,3148.3828883785004,0.38185708728141377,3148.3828883785004
NGA,Nigeria,1971,3406.3816008317026,0.37200264442898784,3406.3816008317026
NGA,Nigeria,1972,3558.1196528472155,0.3658886632610089,3558.1196528472155
NGA,Nigeria,1973,4137.662692068936,0.36258200296473136,4137.662692068936
NGA,Nigeria,1974,4419.233367603156,0.3538010427323067,4419.233367603156
NGA,Nigeria,1975,4367.105989727462,0.3596130434635527,4367.105989727462
NGA,Nigeria,1976,4465.675048406702,0.36441758553590253,4465.675048406702
NGA,Nigeria,1977,4829.124227573932,0.3672474317054302,4829.124227573932
NGA,Nigeria,1978,4872.321104999165,0.35367963418113285,4872.321104999165
NGA,Nigeria,1979,4929.956005072125,0.3438973852207401,4929.956005072125
NGA,Nigeria,1980,5157.550688818509,0.3532668107480642,5157.550688818509
NGA,Nigeria,1981,4868.9728893331285,0.35794946281012163,4868.9728893331285
NGA,Nigeria,1982,4230.5877045601965,0.3516142078587434,4230.5877045601965
NGA,Nigeria,1983,3499.222959944683,0.33308146919376924,3499.222959944683
NGA,Nigeria,1984,3151.5413792885756,0.3123085307118241,3151.5413792885756
NGA,Nigeria,1985,4027.250155901838,0.3064097084641574,4027.250155901838
NGA,Nigeria,1986,2048.9804888702256,0.3000136433366814,2048.9804888702256
NGA,Nigeria,1987,1421.3980697445286,0.2998168588774279,1421.3980697445286
NGA,Nigeria,1988,1189.0443570529,0.3036665604744953,1189.0443570529
NGA,Nigeria,1989,1037.394160132462,0.3031233557037979,1037.394160132462
NGA,Nigeria,1990,1055.5557897281146,0.3031099451798209,1055.5557897281146
NGA,Nigeria,1991,912.2349675886006,0.3087803636330946,912.2349675886006
NGA,Nigeria,1992,868.4207022287274,0.3057735848140018,868.4207022287274
NGA,Nigeria,1993,715.5402383918072,0.29974262924175893,715.5402383918072
NGA,Nigeria,1994,570.0521365430537,0.2928644253307251,570.0521365430537
NGA,Nigeria,1995,503.1144138598153,0.29223378979182246,503.1144138598153
NGA,Nigeria,1996,492.2503354782132,0.28947748361475256,492.2503354782132
NGA,Nigeria,1997,518.210394953211,0.28602579500247327,518.210394953211
NGA,Nigeria,1998,504.01472993682387,0.27983902351596485,504.01472993682387
NGA,Nigeria,1999,749.6066858668681,0.27969774219113347,749.6066858668681
NGA,Nigeria,2000,995.383914187514,0.2800604730774628,995.383914187514
NGA,Nigeria,2001,1055.8960896322762,0.27686267456150326,1055.8960896322762
NGA,Nigeria,2002,1332.3440424267596,0.28313686213910993,1332.3440424267596
NGA,Nigeria,2003,1731.5137573077675,0.2794244707418467,1731.5137573077675
NGA,Nigeria,2004,2277.6727050392983,0.2830475152790384,2277.6727050392983
NGA,Nigeria,2005,3645.5843291970227,0.28751569636140395,3645.5843291970227
NGA,Nigeria,2006,4166.380349946424,0.2905326724093134,4166.380349946424
NGA,Nigeria,2007,4501.738877554549,0.29605011465332054,4501.738877554549
NGA,Nigeria,2008,4537.36555079084,0.3025600622420269,4537.36555079084
NGA,Nigeria,2009,4698.565371373274,0.30498849158880775,4698.565371373274
NGA,Nigeria,2010,5454.88482478634,0.3126551531852407,5454.88482478634
NGA,Nigeria,2011,5613.882566698518,0.3174716571457199,5613.882566698518
NGA,Nigeria,2012,5708.953926809283,0.3188646071284157,5708.953926809283
NGA,Nigeria,2013,5976.966744934974,0.31898588243163667,5976.966744934974
NGA,Nigeria,2014,6227.597294984696,0.32460497450693143,6227.597294984696
NGA,Nigeria,2015,6090.354734954674,0.33257190331444686,6090.354734954674
NGA,Nigeria,2016,5758.5202285875675,0.33704507636722086,5758.5202285875675
NGA,Nigeria,2017,5489.475598957465,0.34996986934144614,5489.475598957465
NGA,Nigeria,2018,5446.532062713078,0.3519851149449581,5446.532062713078
NGA,Nigeria,2019,5709.385351142038,0.3524794617609524,5709.385351142038
NGA,Nigeria,2020,5616.020198977289,0.3523843138111997,5616.020198977289
NGA,Nigeria,2021,5096.998189066521,0.3543744017795335,5096.998189066521
NGA,Nigeria,2022,4860.420771064258,0.36150852758960783,4860.420771064258
NGA,Nigeria,2023,4710.537355044275,0.37123073299742065,4710.537355044275
NIC,Nicaragua,1950,4059.988458172953,,4059.988458172953
NIC,Nicaragua,1951,4500.225484410223,,4500.225484410223
NIC,Nicaragua,1952,5045.90746434702,,5045.90746434702
NIC,Nicaragua,1953,5170.933668796355,,5170.933668796355
NIC,Nicaragua,1954,5446.026375946713,,5446.026375946713
NIC,Nicaragua,1955,5680.742474367862,,5680.742474367862
NIC,Nicaragua,1956,5495.897678372931,,5495.897678372931
NIC,Nicaragua,1957,5779.442908569959,,5779.442908569959
NIC,Nicaragua,1958,5644.594029845849,,5644.594029845849
NIC,Nicaragua,1959,5557.591657863008,,5557.591657863008
NIC,Nicaragua,1960,5423.911933351621,,5423.911933351621
NIC,Nicaragua,1961,5637.708966974269,,5637.708966974269
NIC,Nicaragua,1962,6175.429557731216,,6175.429557731216
NIC,Nicaragua,1963,6528.7155236482,,6528.7155236482
NIC,Nicaragua,1964,7116.737381153562,,7116.737381153562
NIC,Nicaragua,1965,7766.4954404579175,,7766.4954404579175
NIC,Nicaragua,1966,7632.602088419848,,7632.602088419848
NIC,Nicaragua,1967,7938.530968429133,,7938.530968429133
NIC,Nicaragua,1968,7819.785573839685,,7819.785573839685
NIC,Nicaragua,1969,7961.445672021773,,7961.445672021773
NIC,Nicaragua,1970,7872.170680522397,,7872.170680522397
NIC,Nicaragua,1971,7932.814672027042,,7932.814672027042
NIC,Nicaragua,1972,7561.24246695651,,7561.24246695651
NIC,Nicaragua,1973,8344.691724735947,,8344.691724735947
NIC,Nicaragua,1974,9369.211559666188,,9369.211559666188
NIC,Nicaragua,1975,8359.196088188508,,8359.196088188508
NIC,Nicaragua,1976,8761.191711454892,,8761.191711454892
NIC,Nicaragua,1977,9844.651749361912,,9844.651749361912
NIC,Nicaragua,1978,8001.793683817624,,8001.793683817624
NIC,Nicaragua,1979,4909.4965624777815,,4909.4965624777815
NIC,Nicaragua,1980,6427.504212846624,0.2511513722707026,6427.504212846624
NIC,Nicaragua,1981,6581.740307595719,0.2514033070011155,6581.740307595719
NIC,Nicaragua,1982,6141.301300510797,0.2512337480275042,6141.301300510797
NIC,Nicaragua,1983,6409.0511218367255,0.25115257540836794,6409.0511218367255
NIC,Nicaragua,1984,6288.409023338373,0.25125364805626116,6288.409023338373
NIC,Nicaragua,1985,6274.343036376303,0.25160024550099946,6274.343036376303
NIC,Nicaragua,1986,5873.061752419576,0.25522612633890346,5873.061752419576
NIC,Nicaragua,1987,6002.095013889161,0.2587018491944879,6002.095013889161
NIC,Nicaragua,1988,4434.732784462229,0.2620015708247901,4434.732784462229
NIC,Nicaragua,1989,3972.7315685928065,0.26551303323057607,3972.7315685928065
NIC,Nicaragua,1990,3992.248217983217,0.26964183460099905,3992.248217983217
NIC,Nicaragua,1991,3997.8263552739354,0.2622289138223609,3997.8263552739354
NIC,Nicaragua,1992,3884.6899955382405,0.2579052828001141,3884.6899955382405
NIC,Nicaragua,1993,3690.43599628918,0.25185620698476247,3690.43599628918
NIC,Nicaragua,1994,3828.1420183550667,0.2586322559680071,3828.1420183550667
NIC,Nicaragua,1995,3976.2106058382087,0.26453116766139106,3976.2106058382087
NIC,Nicaragua,1996,4092.99744234852,0.2731093283229971,4092.99744234852
NIC,Nicaragua,1997,4201.855926191369,0.2848277774709813,4201.855926191369
NIC,Nicaragua,1998,4345.607391518238,0.29522969953516165,4345.607391518238
NIC,Nicaragua,1999,4539.482048965103,0.31170656698108085,4539.482048965103
NIC,Nicaragua,2000,4579.793715144029,0.3259445755459298,4579.793715144029
NIC,Nicaragua,2001,4610.545840437712,0.33121704185386686,4610.545840437712
NIC,Nicaragua,2002,4537.936677618964,0.33554880701579,4537.936677618964
NIC,Nicaragua,2003,4580.576910040429,0.3406468182933078,4580.576910040429
NIC,Nicaragua,2004,4690.417031424003,0.3504098777839987,4690.417031424003
NIC,Nicaragua,2005,4937.702386863418,0.35960368697029166,4937.702386863418
NIC,Nicaragua,2006,4930.073514723129,0.36511401197739746,4930.073514723129
NIC,Nicaragua,2007,5097.946441629922,0.37218695800456886,5097.946441629922
NIC,Nicaragua,2008,5227.617107569084,0.37257419619196164,5227.617107569084
NIC,Nicaragua,2009,4995.233873111255,0.3702579690483172,4995.233873111255
NIC,Nicaragua,2010,5107.979563002727,0.37705457076838145,5107.979563002727
NIC,Nicaragua,2011,5343.225209746401,0.3874857542917754,5343.225209746401
NIC,Nicaragua,2012,5473.4706995906145,0.39866645339697937,5473.4706995906145
NIC,Nicaragua,2013,5491.174962544986,0.4034987156333345,5491.174962544986
NIC,Nicaragua,2014,5781.190013726219,0.41173899470136116,5781.190013726219
NIC,Nicaragua,2015,6014.083835101766,0.41460974765426056,6014.083835101766
NIC,Nicaragua,2016,6306.829112132754,0.4215916606034063,6306.829112132754
NIC,Nicaragua,2017,6425.164662082498,0.4276851683114281,6425.164662082498
NIC,Nicaragua,2018,6151.7138750609365,0.42045328465433873,6151.7138750609365
NIC,Nicaragua,2019,6131.366261548073,0.42017084508012376,6131.366261548073
NIC,Nicaragua,2020,6163.1335309744445,0.4149264930667054,6163.1335309744445
NIC,Nicaragua,2021,7002.864182366176,0.4182613323874535,7002.864182366176
NIC,Nicaragua,2022,7065.672035733823,0.4325632335770417,7065.672035733823
NIC,Nicaragua,2023,7336.313484146888,0.4378129091523025,7336.313484146888
NLD,Netherlands,1950,10224.056173597744,0.40568725714816334,10224.056173597744
NLD,Netherlands,1951,10555.9488999509,0.4014843934563022,10555.9488999509
NLD,Netherlands,1952,10687.16677498546,0.3956062755592529,10687.16677498546
NLD,Netherlands,1953,11421.642824938093,0.39909635948106464,11421.642824938093
NLD,Netherlands,1954,11958.545837003712,0.4057932753369197,11958.545837003712
NLD,Netherlands,1955,12795.147663082078,0.4085736622947541,12795.147663082078
NLD,Netherlands,1956,13131.348879793408,0.41009794418547496,13131.348879793408
NLD,Netherlands,1957,13430.837071448565,0.40779203340282977,13430.837071448565
NLD,Netherlands,1958,13203.703900427947,0.3990013075448195,13203.703900427947
NLD,Netherlands,1959,13738.176112896066,0.39802284392040155,13738.176112896066
NLD,Netherlands,1960,14841.755724443661,0.4012623943009685,14841.755724443661
NLD,Netherlands,1961,14991.996548129224,0.40511192342292013,14991.996548129224
NLD,Netherlands,1962,15435.63871983596,0.41088238689043216,15435.63871983596
NLD,Netherlands,1963,15345.848073956031,0.4141553059675093,15345.848073956031
NLD,Netherlands,1964,16844.11053151849,0.41914736231679983,16844.11053151849
NLD,Netherlands,1965,17325.95628282101,0.4205149949865347,17325.95628282101
NLD,Netherlands,1966,17395.670775024988,0.42183173968078064,17395.670775024988
NLD,Netherlands,1967,18131.62172341324,0.4195177791815347,18131.62172341324
NLD,Netherlands,1968,19082.468963731524,0.4228884625965758,19082.468963731524
NLD,Netherlands,1969,20596.63811407398,0.4285636571981471,20596.63811407398
NLD,Netherlands,1970,21599.237876145085,0.4298084429154477,21599.237876145085
NLD,Netherlands,1971,22524.601191791196,0.42892103742988263,22524.601191791196
NLD,Netherlands,1972,23206.939776082512,0.4221234209948892,23206.939776082512
NLD,Netherlands,1973,24786.00938147775,0.4215658101395069,24786.00938147775
NLD,Netherlands,1974,26152.62723227241,0.4211998400416972,26152.62723227241
NLD,Netherlands,1975,26323.116589248493,0.4174281407741391,26323.116589248493
NLD,Netherlands,1976,27469.99685274951,0.4171225486741937,27469.99685274951
NLD,Netherlands,1977,27806.68074090226,0.41503531750402134,27806.68074090226
NLD,Netherlands,1978,28372.61655702365,0.4179740559617401,28372.61655702365
NLD,Netherlands,1979,28836.22120488373,0.4240099721257623,28836.22120488373
NLD,Netherlands,1980,29813.0837434368,0.42846948590968265,29813.0837434368
NLD,Netherlands,1981,28778.818899437545,0.42349565934018757,28778.818899437545
NLD,Netherlands,1982,27851.655428738864,0.4152797927607881,27851.655428738864
NLD,Netherlands,1983,27783.524818987087,0.4101102993621891,27783.524818987087
NLD,Netherlands,1984,28170.3268252145,0.41181427052740455,28170.3268252145
NLD,Netherlands,1985,27412.399333404817,0.4174599251186498,27412.399333404817
NLD,Netherlands,1986,28537.057052086442,0.4249390041138273,28537.057052086442
NLD,Netherlands,1987,28700.056611409196,0.43127101824899877,28700.056611409196
NLD,Netherlands,1988,29653.980059116726,0.43621110316878353,29653.980059116726
NLD,Netherlands,1989,30769.068570028063,0.445281197601751,30769.068570028063
NLD,Netherlands,1990,32518.081279084297,0.45571653633186104,32518.081279084297
NLD,Netherlands,1991,33302.218924466964,0.4608170036340754,33302.218924466964
NLD,Netherlands,1992,33578.60881723478,0.4637799950831461,33578.60881723478
NLD,Netherlands,1993,34477.97052188084,0.4624943853396592,34477.97052188084
NLD,Netherlands,1994,35300.110607060866,0.4629031086983303,35300.110607060866
NLD,Netherlands,1995,36975.38977112286,0.4709877430966875,36975.38977112286
NLD,Netherlands,1996,38343.56791711421,0.4786864234141642,38343.56791711421
NLD,Netherlands,1997,40767.8849377071,0.4907437064709842,40767.8849377071
NLD,Netherlands,1998,41920.496746499535,0.499140495320201,41920.496746499535
NLD,Netherlands,1999,44702.95010396367,0.5101188709142637,44702.95010396367
NLD,Netherlands,2000,48757.43052390098,0.5157603486694688,48757.43052390098
NLD,Netherlands,2001,49455.03548386998,0.5220616099832557,49455.03548386998
NLD,Netherlands,2002,49886.75056948189,0.5223852983980717,49886.75056948189
NLD,Netherlands,2003,49109.18748753583,0.5169799715284148,49109.18748753583
NLD,Netherlands,2004,49824.82795417826,0.5093354590924228,49824.82795417826
NLD,Netherlands,2005,54966.54866385962,0.5113970799983188,54966.54866385962
NLD,Netherlands,2006,56313.414537731995,0.5216566684308268,56313.414537731995
NLD,Netherlands,2007,60450.59549557849,0.5357709794656972,60450.59549557849
NLD,Netherlands,2008,62829.342804697015,0.5423203018391183,62829.342804697015
NLD,Netherlands,2009,57950.082863076634,0.534785213161735,57950.082863076634
NLD,Netherlands,2010,57328.08660185132,0.5283779807980772,57328.08660185132
NLD,Netherlands,2011,58860.71419733492,0.5301623470239926,58860.71419733492
NLD,Netherlands,2012,59968.95823364485,0.5268278373240656,59968.95823364485
NLD,Netherlands,2013,62299.06289615357,0.5188645754821463,62299.06289615357
NLD,Netherlands,2014,59480.884098726674,0.5162169537092864,59480.884098726674
NLD,Netherlands,2015,58749.934166043495,0.5180637837562719,58749.934166043495
NLD,Netherlands,2016,58661.84665428207,0.5231356435971731,58661.84665428207
NLD,Netherlands,2017,61215.76524209416,0.5321347115756908,61215.76524209416
NLD,Netherlands,2018,61931.75817161541,0.543233523511559,61931.75817161541
NLD,Netherlands,2019,64367.06625405765,0.5519169231103269,64367.06625405765
NLD,Netherlands,2020,63366.76706131085,0.5460382701167467,63366.76706131085
NLD,Netherlands,2021,67772.54096372794,0.5526720785767046,67772.54096372794
NLD,Netherlands,2022,70491.78663750143,0.5688379600391322,70491.78663750143
NLD,Netherlands,2023,69837.5818100338,0.5724114592790038,69837.5818100338
NOR,Norway,1950,11181.022861489673,0.4615283365535675,11181.022861489673
NOR,Norway,1951,11660.983853015236,0.45774867547790693,11660.983853015236
NOR,Norway,1952,12115.857490312377,0.45397314301367514,12115.857490312377
NOR,Norway,1953,12578.39183633623,0.45019323784671633,12578.39183633623
NOR,Norway,1954,12776.655765295898,0.446416749180897,12776.655765295898
NOR,Norway,1955,13061.32187823593,0.4426374447156377,13061.32187823593
NOR,Norway,1956,13432.12581276834,0.4388625217802268,13432.12581276834
NOR,Norway,1957,13934.827786567608,0.4351477994294675,13934.827786567608
NOR,Norway,1958,13700.080846202109,0.42683063593074894,13700.080846202109
NOR,Norway,1959,13954.25025559888,0.4229477596182995,13954.25025559888
NOR,Norway,1960,14179.443866054573,0.42312160785999753,14179.443866054573
NOR,Norway,1961,14859.513482873468,0.4253698129013845,14859.513482873468
NOR,Norway,1962,15020.327468898462,0.42427973769723554,15020.327468898462
NOR,Norway,1963,15411.30993295597,0.42281277492158903,15411.30993295597
NOR,Norway,1964,16227.326392328712,0.4208113140842735,16227.326392328712
NOR,Norway,1965,16978.666480557167,0.42127769070790394,16978.666480557167
NOR,Norway,1966,17435.551025652483,0.4195458951153876,17435.551025652483
NOR,Norway,1967,18373.8451369869,0.4184420724909375,18373.8451369869
NOR,Norway,1968,18895.168730549158,0.4152181977559011,18895.168730549158
NOR,Norway,1969,19483.994044556544,0.4153955658157293,19483.994044556544
NOR,Norway,1970,15837.75121956884,0.41923045243986534,15837.75121956884
NOR,Norway,1971,16935.015438468916,0.4199521583957009,16935.015438468916
NOR,Norway,1972,18600.050163250664,0.42153825678798057,18600.050163250664
NOR,Norway,1973,18987.221421135673,0.42159920925184186,18987.221421135673
NOR,Norway,1974,20416.505788175487,0.42450933289294357,20416.505788175487
NOR,Norway,1975,22625.085701576972,0.42921561476171,22625.085701576972
NOR,Norway,1976,25242.284869555064,0.4418613287587389,25242.284869555064
NOR,Norway,1977,25966.77934487055,0.45261182092767666,25966.77934487055
NOR,Norway,1978,28072.37966079061,0.4590173553247897,28072.37966079061
NOR,Norway,1979,29748.674416820137,0.46384057945968077,29748.674416820137
NOR,Norway,1980,31549.167821942607,0.47385707477157596,31549.167821942607
NOR,Norway,1981,31686.822293344445,0.47832768431896505,31686.822293344445
NOR,Norway,1982,31202.37961499839,0.4768165596021762,31202.37961499839
NOR,Norway,1983,32564.53159941439,0.47427231689036214,32564.53159941439
NOR,Norway,1984,34389.06108543729,0.47655854059757163,34389.06108543729
NOR,Norway,1985,34612.5659257297,0.48838992900166645,34612.5659257297
NOR,Norway,1986,33430.51368143803,0.5025680444132392,33430.51368143803
NOR,Norway,1987,34165.84757921518,0.5107318310662952,34165.84757921518
NOR,Norway,1988,32640.04286762942,0.505140496987217,32640.04286762942
NOR,Norway,1989,33862.097617102605,0.4888621739290802,33862.097617102605
NOR,Norway,1990,37463.90892597797,0.48278997788862277,37463.90892597797
NOR,Norway,1991,37437.57439947175,0.47595478596381935,37437.57439947175
NOR,Norway,1992,38464.322401272344,0.47212280967111203,38464.322401272344
NOR,Norway,1993,38646.93489726712,0.4729864532716563,38646.93489726712
NOR,Norway,1994,39902.60821770349,0.47694458895344993,39902.60821770349
NOR,Norway,1995,42672.71420256927,0.48440032838083014,42672.71420256927
NOR,Norway,1996,47762.002597500425,0.492008297261632,47762.002597500425
NOR,Norway,1997,50242.09356170485,0.5040807756339611,50242.09356170485
NOR,Norway,1998,47476.06691289918,0.5144346350278123,47476.06691289918
NOR,Norway,1999,52620.154631989375,0.5155655686628138,52620.154631989375
NOR,Norway,2000,64513.593644612505,0.5153525879292841,64513.593644612505
NOR,Norway,2001,65668.08659807335,0.513170336461747,65668.08659807335
NOR,Norway,2002,63086.88944106386,0.5108964973857242,63086.88944106386
NOR,Norway,2003,67786.39781986382,0.5004292512774507,67786.39781986382
NOR,Norway,2004,72107.48320409047,0.4990104443824578,72107.48320409047
NOR,Norway,2005,87191.25855157682,0.5015029950265556,87191.25855157682
NOR,Norway,2006,93570.09015567877,0.5139303894686401,93570.09015567877
NOR,Norway,2007,94801.68071420531,0.5286489647321985,94801.68071420531
NOR,Norway,2008,106497.66542277524,0.5388823789694032,106497.66542277524
NOR,Norway,2009,88856.29117245227,0.5297972239745989,88856.29117245227
NOR,Norway,2010,95251.72718760393,0.5218642992768556,95251.72718760393
NOR,Norway,2011,103890.57379332957,0.5225900417068372,103890.57379332957
NOR,Norway,2012,108636.99317599152,0.5262749007200558,108636.99317599152
NOR,Norway,2013,104728.01697360144,0.5258589984887181,104728.01697360144
NOR,Norway,2014,97881.98225949144,0.5254737788876134,97881.98225949144
NOR,Norway,2015,81766.54133679501,0.5220343111873953,81766.54133679501
NOR,Norway,2016,78159.61324740741,0.5187847120236162,78159.61324740741
NOR,Norway,2017,81113.10837511053,0.5206270818940715,81113.10837511053
NOR,Norway,2018,88562.6107920701,0.5254777617547242,88562.6107920701
NOR,Norway,2019,89857.4021126721,0.5301657679116747,89857.4021126721
NOR,Norway,2020,88799.48297855808,0.5189320935547957,88799.48297855808
NOR,Norway,2021,97686.60743689409,0.5220657859091091,97686.60743689409
NOR,Norway,2022,104469.78229552443,0.5366149434731632,104469.78229552443
NOR,Norway,2023,98777.66653917158,0.5375536081793701,98777.66653917158
NPL,Nepal,1960,813.4286324669099,,813.4286324669099
NPL,Nepal,1961,800.5488661268233,,800.5488661268233
NPL,Nepal,1962,809.8874083404278,,809.8874083404278
NPL,Nepal,1963,804.212644155155,,804.212644155155
NPL,Nepal,1964,874.6578195014066,,874.6578195014066
NPL,Nepal,1965,845.2461793963419,,845.2461793963419
NPL,Nepal,1966,893.5272923924551,,893.5272923924551
NPL,Nepal,1967,853.7357589369774,,853.7357589369774
NPL,Nepal,1968,842.0974701746952,,842.0974701746952
NPL,Nepal,1969,870.9803388332448,,870.9803388332448
NPL,Nepal,1970,903.880378556455,,903.880378556455
NPL,Nepal,1971,864.2117133623514,,864.2117133623514
NPL,Nepal,1972,877.7926283849635,,877.7926283849635
NPL,Nepal,1973,847.7005014985042,,847.7005014985042
NPL,Nepal,1974,868.0894468945756,,868.0894468945756
NPL,Nepal,1975,862.6122375266705,,862.6122375266705
NPL,Nepal,1976,879.2943843113551,,879.2943843113551
NPL,Nepal,1977,880.2439136623291,,880.2439136623291
NPL,Nepal,1978,893.9132114280313,,893.9132114280313
NPL,Nepal,1979,917.4705488932622,,917.4705488932622
NPL,Nepal,1980,853.4952330459095,0.3701229305955126,853.4952330459095
NPL,Nepal,1981,925.4701098256214,0.3698377365678333,925.4701098256214
NPL,Nepal,1982,958.5558187914557,0.37069364290416174,958.5558187914557
NPL,Nepal,1983,975.3479057597348,0.3715972420321402,975.3479057597348
NPL,Nepal,1984,1019.4625087473153,0.3731215355804992,1019.4625087473153
NPL,Nepal,1985,1039.6780006765196,0.3741731109751596,1039.6780006765196
NPL,Nepal,1986,1083.057027454309,0.3753174490776099,1083.057027454309
NPL,Nepal,1987,1077.166255125543,0.37655548734489425,1077.166255125543
NPL,Nepal,1988,1137.1722028476188,0.37787810196711186,1137.1722028476188
NPL,Nepal,1989,1206.5595430917103,0.3792711792502909,1206.5595430917103
NPL,Nepal,1990,1212.275931559425,0.38072864313581606,1212.275931559425
NPL,Nepal,1991,1283.6371473623137,0.3818132806371048,1283.6371473623137
NPL,Nepal,1992,1266.4309824673878,0.3824892008537535,1266.4309824673878
NPL,Nepal,1993,1329.0379158626713,0.3839514404671396,1329.0379158626713
NPL,Nepal,1994,1563.5602059290584,0.38645753039665653,1563.5602059290584
NPL,Nepal,1995,1633.3367468607835,0.38903618231749076,1633.3367468607835
NPL,Nepal,1996,1742.302676502478,0.3897555804314251,1742.302676502478
NPL,Nepal,1997,1708.5807766096916,0.3905332018037291,1708.5807766096916
NPL,Nepal,1998,1617.1634495417445,0.39134933745741585,1617.1634495417445
NPL,Nepal,1999,1583.3266416786864,0.39228690914549474,1583.3266416786864
NPL,Nepal,2000,1589.4602046568007,0.39693902423895067,1589.4602046568007
NPL,Nepal,2001,1490.4425744189182,0.4018192326114891,1490.4425744189182
NPL,Nepal,2002,1479.8020854549973,0.40690176106146947,1479.8020854549973
NPL,Nepal,2003,1619.609703153029,0.4124204899245071,1619.609703153029
NPL,Nepal,2004,1574.66342186713,0.4185491343684368,1574.66342186713
NPL,Nepal,2005,1598.538430077123,0.4253298545580491,1598.538430077123
NPL,Nepal,2006,1693.998460875367,0.43478416820163424,1693.998460875367
NPL,Nepal,2007,1824.4536975522922,0.44442987943615486,1824.4536975522922
NPL,Nepal,2008,2014.2572945064876,0.4482551823780271,2014.2572945064876
NPL,Nepal,2009,2302.0924914625843,0.4539766424650504,2302.0924914625843
NPL,Nepal,2010,2590.4786237463954,0.45967140892620983,2590.4786237463954
NPL,Nepal,2011,2876.0241086182036,0.46350637557654983,2876.0241086182036
NPL,Nepal,2012,3165.949997031042,0.46815886830904324,3165.949997031042
NPL,Nepal,2013,3314.6545105515784,0.473887576885042,3314.6545105515784
NPL,Nepal,2014,3581.4017736825576,0.4809233043842793,3581.4017736825576
NPL,Nepal,2015,3505.8047581607702,0.48884127899116253,3505.8047581607702
NPL,Nepal,2016,3714.644442738954,0.5047386387544694,3714.644442738954
NPL,Nepal,2017,4205.972960943061,0.5244007627588593,4205.972960943061
NPL,Nepal,2018,4571.657982928515,0.5406054776381926,4571.657982928515
NPL,Nepal,2019,4860.206507242329,0.5472133243759569,4860.206507242329
NPL,Nepal,2020,4613.638356921326,0.5314500797729583,4613.638356921326
NPL,Nepal,2021,4801.498052926869,0.5457504659881337,4801.498052926869
NPL,Nepal,2022,5155.570176557396,0.5684379733619659,5155.570176557396
NPL,Nepal,2023,5080.186321836007,0.581330358427141,5080.186321836007
NZL,New Zealand,1950,13697.723536329444,0.44308316153392435,13697.723536329444
NZL,New Zealand,1951,12339.813255461484,0.4383354192523826,12339.813255461484
NZL,New Zealand,1952,12612.055402014836,0.4425979807875043,12612.055402014836
NZL,New Zealand,1953,12733.15464010528,0.4367512110034264,12733.15464010528
NZL,New Zealand,1954,13690.585279851113,0.4367300795571272,13690.585279851113
NZL,New Zealand,1955,13914.121948199041,0.4346564163563756,13914.121948199041
NZL,New Zealand,1956,13964.184788303242,0.4339183617475677,13964.184788303242
NZL,New Zealand,1957,14248.384180971352,0.432356529926686,14248.384180971352
NZL,New Zealand,1958,14410.019197706088,0.42949688064635677,14410.019197706088
NZL,New Zealand,1959,14778.861858344571,0.42721524398630584,14778.861858344571
NZL,New Zealand,1960,16446.17175822451,0.4265752789809257,16446.17175822451
NZL,New Zealand,1961,17004.10825255626,0.4245554666047973,17004.10825255626
NZL,New Zealand,1962,17096.452396622968,0.42443589669162923,17096.452396622968
NZL,New Zealand,1963,17729.318966685467,0.4218781450976606,17729.318966685467
NZL,New Zealand,1964,18154.75036433053,0.42516253876785876,18154.75036433053
NZL,New Zealand,1965,18948.846631674147,0.4301961747174808,18948.846631674147
NZL,New Zealand,1966,19820.093441256657,0.4381760195394217,19820.093441256657
NZL,New Zealand,1967,18641.905137214813,0.44437439804472034,18641.905137214813
NZL,New Zealand,1968,18416.93634125566,0.43982601968168034,18416.93634125566
NZL,New Zealand,1969,20113.054955615877,0.4368262806768633,20113.054955615877
NZL,New Zealand,1970,19397.384204640603,0.4413960346002785,19397.384204640603
NZL,New Zealand,1971,19676.23206416443,0.4460125824746326,19676.23206416443
NZL,New Zealand,1972,20428.25528139342,0.44297564659205185,20428.25528139342
NZL,New Zealand,1973,21561.859104920863,0.4423253096011766,21561.859104920863
NZL,New Zealand,1974,21936.465653217398,0.45074547719485963,21936.465653217398
NZL,New Zealand,1975,21200.436234983994,0.45639551939085315,21200.436234983994
NZL,New Zealand,1976,21548.232255752435,0.45655848653214176,21548.232255752435
NZL,New Zealand,1977,20626.715144310765,0.45557522172459886,20626.715144310765
NZL,New Zealand,1978,20499.586640948317,0.4838492461906428,20499.586640948317
NZL,New Zealand,1979,20415.53738245245,0.48604699875726737,20415.53738245245
NZL,New Zealand,1980,20576.72376790461,0.4880715228649311,20576.72376790461
NZL,New Zealand,1981,21148.511969751635,0.4775651639440668,21148.511969751635
NZL,New Zealand,1982,21165.933485928173,0.47735159098480345,21165.933485928173
NZL,New Zealand,1983,22146.98839304962,0.4700644408890099,22146.98839304962
NZL,New Zealand,1984,22953.830171935253,0.4682504437791385,22953.830171935253
NZL,New Zealand,1985,22516.82101943435,0.48001503614553487,22516.82101943435
NZL,New Zealand,1986,24030.950956846667,0.48234660107307065,24030.950956846667
NZL,New Zealand,1987,24976.6376286846,0.4823239874464387,24976.6376286846
NZL,New Zealand,1988,26030.805586265007,0.4656262882775889,26030.805586265007
NZL,New Zealand,1989,26119.755125192496,0.4491355711736815,26119.755125192496
NZL,New Zealand,1990,25878.644212254476,0.447606908835586,25878.644212254476
NZL,New Zealand,1991,24720.19156186933,0.4268728349499199,24720.19156186933
NZL,New Zealand,1992,25018.52620104953,0.4237799317289632,25018.52620104953
NZL,New Zealand,1993,26566.7127393588,0.4275559836623555,26566.7127393588
NZL,New Zealand,1994,27902.48259818339,0.44000340606050486,27902.48259818339
NZL,New Zealand,1995,28946.95871711189,0.45379542782968396,28946.95871711189
NZL,New Zealand,1996,29951.134361413617,0.46097600239603226,29951.134361413617
NZL,New Zealand,1997,30439.001294033547,0.45764540787681335,30439.001294033547
NZL,New Zealand,1998,30876.39961118978,0.450557118044171,30876.39961118978
NZL,New Zealand,1999,32534.82261693549,0.45515837941055726,32534.82261693549
NZL,New Zealand,2000,33105.04582996982,0.46107630824417883,33105.04582996982
NZL,New Zealand,2001,33898.735971007474,0.4699618963891857,33898.735971007474
NZL,New Zealand,2002,34420.16204776419,0.47695500620643416,34420.16204776419
NZL,New Zealand,2003,34777.36010491758,0.4794790581512862,34777.36010491758
NZL,New Zealand,2004,34467.439751365724,0.4892780776291152,34467.439751365724
NZL,New Zealand,2005,35393.7429851993,0.49801589950768166,35393.7429851993
NZL,New Zealand,2006,35536.049058570905,0.5036187559500065,35536.049058570905
NZL,New Zealand,2007,37735.760960829844,0.507429026558957,37735.760960829844
NZL,New Zealand,2008,37828.69362390376,0.5069711098033166,37828.69362390376
NZL,New Zealand,2009,37905.44229101848,0.4929666644232889,37905.44229101848
NZL,New Zealand,2010,39125.808316677285,0.4897989204682998,39125.808316677285
NZL,New Zealand,2011,40746.51114039291,0.4933826797216922,40746.51114039291
NZL,New Zealand,2012,40809.12574382162,0.489389964410877,40809.12574382162
NZL,New Zealand,2013,41475.87321062155,0.49503289435168346,41475.87321062155
NZL,New Zealand,2014,42241.14580466033,0.5049622222491219,42241.14580466033
NZL,New Zealand,2015,41906.47764134122,0.5073870465447464,41906.47764134122
NZL,New Zealand,2016,43691.914584380575,0.5149704166975696,43691.914584380575
NZL,New Zealand,2017,44436.39717463106,0.5288743352788717,44436.39717463106
NZL,New Zealand,2018,43631.36425703557,0.5315419438965101,43631.36425703557
NZL,New Zealand,2019,45616.88041635442,0.5285352146891642,45616.88041635442
NZL,New Zealand,2020,45186.74696418762,0.5263738056628037,45186.74696418762
NZL,New Zealand,2021,45787.43793435672,0.5307957716539372,45787.43793435672
NZL,New Zealand,2022,46632.510692292315,0.5433845708608552,46632.510692292315
NZL,New Zealand,2023,47160.545129402904,0.5573052192656871,47160.545129402904
OMN,Oman,1970,8643.822627672858,0.15490532610364127,8643.822627672858
OMN,Oman,1971,8498.080513922678,0.15516016578549122,8498.080513922678
OMN,Oman,1972,9027.620870150358,0.1556359631729378,9027.620870150358
OMN,Oman,1973,7539.249530976359,0.15617888246715173,7539.249530976359
OMN,Oman,1974,9319.465384442254,0.1565920361984985,9319.465384442254
OMN,Oman,1975,11516.215192495096,0.15673178037407687,11516.215192495096
OMN,Oman,1976,13106.59979665853,0.15790684617681702,13106.59979665853
OMN,Oman,1977,14679.255860274705,0.16931302723228894,14679.255860274705
OMN,Oman,1978,16005.806701819607,0.17201578765501097,16005.806701819607
OMN,Oman,1979,16429.00575542136,0.18173586916847467,16429.00575542136
OMN,Oman,1980,16973.654769472698,0.1990109453010343,16973.654769472698
OMN,Oman,1981,18818.839288247644,0.22423543086438164,18818.839288247644
OMN,Oman,1982,18698.089574434678,0.23590944987410864,18698.089574434678
OMN,Oman,1983,19647.168643812438,0.2818169329586054,19647.168643812438
OMN,Oman,1984,20582.957617658987,0.30624086346899937,20582.957617658987
OMN,Oman,1985,20896.01797556357,0.30548936352198974,20896.01797556357
OMN,Oman,1986,15170.023616050867,0.2779670829614877,15170.023616050867
OMN,Oman,1987,15694.786994768807,0.25666299001133713,15694.786994768807
OMN,Oman,1988,12125.294900029461,0.2732985420864269,12125.294900029461
OMN,Oman,1989,14020.416114335281,0.2725923750670941,14020.416114335281
OMN,Oman,1990,15636.39241903417,0.27770352465741455,15636.39241903417
OMN,Oman,1991,13739.320243260367,0.3166811823481838,13739.320243260367
OMN,Oman,1992,14923.181639393615,0.32874825924751505,14923.181639393615
OMN,Oman,1993,13869.306623839142,0.34076181871415434,13869.306623839142
OMN,Oman,1994,13452.996852775004,0.34400420097986,13452.996852775004
OMN,Oman,1995,15731.006175112989,0.33794589060221225,15731.006175112989
OMN,Oman,1996,17583.896741241933,0.3333011267637777,17583.896741241933
OMN,Oman,1997,18594.0224560875,0.32941589587409714,18594.0224560875
OMN,Oman,1998,17408.325755493053,0.32672748783854993,17408.325755493053
OMN,Oman,1999,19918.717797190213,0.3252063679375181,19918.717797190213
OMN,Oman,2000,23871.354709151226,0.32323838068409527,23871.354709151226
OMN,Oman,2001,26529.659132129145,0.32258984746813174,26529.659132129145
OMN,Oman,2002,26551.55078696612,0.3235572983401533,26551.55078696612
OMN,Oman,2003,31744.71208069563,0.3247072785327867,31744.71208069563
OMN,Oman,2004,38688.39146447906,0.32925984486158555,38688.39146447906
OMN,Oman,2005,43186.36787127582,0.33728369898261285,43186.36787127582
OMN,Oman,2006,54546.56840816051,0.34670982515487986,54546.56840816051
OMN,Oman,2007,62380.01785093149,0.35628618240120474,62380.01785093149
OMN,Oman,2008,76621.76845372733,0.3664988435683691,76621.76845372733
OMN,Oman,2009,70554.81720397265,0.3767269120805287,70554.81720397265
OMN,Oman,2010,69782.4352226662,0.38947905301414065,69782.4352226662
OMN,Oman,2011,71492.65924934745,0.46273412051080953,71492.65924934745
OMN,Oman,2012,66792.46493479473,0.5716339079684396,66792.46493479473
OMN,Oman,2013,63545.31339782619,0.628635568170728,63545.31339782619
OMN,Oman,2014,57120.522324012934,0.6499153033847886,57120.522324012934
OMN,Oman,2015,46301.85613975978,0.6728722251142287,46301.85613975978
OMN,Oman,2016,43031.88961453487,0.7021045019830071,43031.88961453487
OMN,Oman,2017,41488.04801807027,0.7190687354673077,41488.04801807027
OMN,Oman,2018,43204.11423032847,0.7118546296623398,43204.11423032847
OMN,Oman,2019,42955.951343002904,0.6778763563588494,42955.951343002904
OMN,Oman,2020,40696.043441267066,0.5970811771658466,40696.043441267066
OMN,Oman,2021,44697.79194693656,0.5795906525049062,44697.79194693656
OMN,Oman,2022,46164.988337766525,0.6143381258441309,46164.988337766525
OMN,Oman,2023,43672.05802463683,0.6545328301423613,43672.05802463683
PAK,Pakistan,1950,1480.037855199098,0.3246372303293734,1480.037855199098
PAK,Pakistan,1951,1473.17375828102,0.32105582290015067,1473.17375828102
PAK,Pakistan,1952,1412.4363748131564,0.31747422952927373,1412.4363748131564
PAK,Pakistan,1953,1437.1013267898998,0.3138928247684133,1437.1013267898998
PAK,Pakistan,1954,1416.7919129017505,0.31031140973486815,1416.7919129017505
PAK,Pakistan,1955,1362.1448500857293,0.30672992453748243,1362.1448500857293
PAK,Pakistan,1956,1424.0917532359117,0.30314827436512826,1424.0917532359117
PAK,Pakistan,1957,1390.5610513291797,0.2995669396010103,1390.5610513291797
PAK,Pakistan,1958,1358.2820707966516,0.29598543851051673,1358.2820707966516
PAK,Pakistan,1959,1428.0434232430027,0.2924038879297744,1428.0434232430027
PAK,Pakistan,1960,1393.73487225784,0.2888223757328078,1393.73487225784
PAK,Pakistan,1961,1416.7956810617566,0.28737712797277665,1416.7956810617566
PAK,Pakistan,1962,1470.0295684800415,0.2859317011380535,1470.0295684800415
PAK,Pakistan,1963,1528.0482255387278,0.28448644431568654,1528.0482255387278
PAK,Pakistan,1964,1601.0329520424161,0.28304125303543826,1601.0329520424161
PAK,Pakistan,1965,1708.4919322758599,0.28159587075815645,1708.4919322758599
PAK,Pakistan,1966,1837.2409478856719,0.28015053149922936,1837.2409478856719
PAK,Pakistan,1967,1823.5774263271742,0.2787052422534711,1823.5774263271742
PAK,Pakistan,1968,1869.0087989910514,0.277260017137862,1869.0087989910514
PAK,Pakistan,1969,1965.4589461596556,0.2758145840604113,1965.4589461596556
PAK,Pakistan,1970,2100.2599460342853,0.27706369409530873,2100.2599460342853
PAK,Pakistan,1971,2086.304196849112,0.27075525420390917,2086.304196849112
PAK,Pakistan,1972,2079.1839467831705,0.28371867586212646,2079.1839467831705
PAK,Pakistan,1973,2124.7961524557977,0.283851834956217,2124.7961524557977
PAK,Pakistan,1974,2145.7122215107634,0.28017242438610584,2145.7122215107634
PAK,Pakistan,1975,2161.7420181129964,0.2753161476403516,2161.7420181129964
PAK,Pakistan,1976,2209.299315316586,0.27497044111408764,2209.299315316586
PAK,Pakistan,1977,2206.4288748910094,0.27442754383997164,2206.4288748910094
PAK,Pakistan,1978,2283.4316914488704,0.2738477814224559,2283.4316914488704
PAK,Pakistan,1979,2304.0408672785825,0.27648815263299803,2304.0408672785825
PAK,Pakistan,1980,2373.9381206403955,0.2735459226289312,2373.9381206403955
PAK,Pakistan,1981,2418.3806569118183,0.27037137147592133,2418.3806569118183
PAK,Pakistan,1982,2446.6754242145007,0.2684505555998296,2446.6754242145007
PAK,Pakistan,1983,2515.422974392154,0.259265180869381,2515.422974392154
PAK,Pakistan,1984,2583.0931113640427,0.259056740536713,2583.0931113640427
PAK,Pakistan,1985,2663.640958752779,0.2538278735907393,2663.640958752779
PAK,Pakistan,1986,2653.895659938545,0.2460458044309806,2653.895659938545
PAK,Pakistan,1987,2730.3170347444693,0.2524887284862777,2730.3170347444693
PAK,Pakistan,1988,2826.2340781521675,0.24662611206559898,2826.2340781521675
PAK,Pakistan,1989,2862.828750629503,0.23917397524158304,2862.828750629503
PAK,Pakistan,1990,2833.471378076589,0.23723392861379208,2833.471378076589
PAK,Pakistan,1991,2747.843604243684,0.23655430939490577,2747.843604243684
PAK,Pakistan,1992,2839.66648627086,0.23843568469607496,2839.66648627086
PAK,Pakistan,1993,2850.0074618101635,0.23609556177244428,2850.0074618101635
PAK,Pakistan,1994,2803.257400339858,0.23588048630875527,2803.257400339858
PAK,Pakistan,1995,2888.0233376684514,0.23257777069468138,2888.0233376684514
PAK,Pakistan,1996,3120.4102403505985,0.23392274591058387,3120.4102403505985
PAK,Pakistan,1997,3156.3519062033342,0.23362868953237342,3156.3519062033342
PAK,Pakistan,1998,3344.5932817241896,0.23354525283152147,3344.5932817241896
PAK,Pakistan,1999,3475.223133469788,0.23366560305214457,3475.223133469788
PAK,Pakistan,2000,3624.154838501898,0.23450545207957038,3624.154838501898
PAK,Pakistan,2001,3599.4022593215973,0.2379191364130921,3599.4022593215973
PAK,Pakistan,2002,3613.1232548022517,0.24261355144514013,3613.1232548022517
PAK,Pakistan,2003,3691.5154509255467,0.24253615644324397,3691.5154509255467
PAK,Pakistan,2004,3924.9876668262436,0.2450813265039332,3924.9876668262436
PAK,Pakistan,2005,4209.100059108636,0.25635000772158334,4209.100059108636
PAK,Pakistan,2006,4422.422382478801,0.2611077028278467,4422.422382478801
PAK,Pakistan,2007,4525.951280022842,0.2580942908831468,4525.951280022842
PAK,Pakistan,2008,4568.5975717469455,0.25879230700237527,4568.5975717469455
PAK,Pakistan,2009,4629.290153923622,0.261296997559513,4629.290153923622
PAK,Pakistan,2010,4679.708001715146,0.2666121405288964,4679.708001715146
PAK,Pakistan,2011,4811.8064267891505,0.2642240663644169,4811.8064267891505
PAK,Pakistan,2012,5020.65836130779,0.2640465959878531,5020.65836130779
PAK,Pakistan,2013,4976.992000406606,0.2653306440799159,4976.992000406606
PAK,Pakistan,2014,5060.58285947658,0.2637859359867412,5060.58285947658
PAK,Pakistan,2015,5266.776425221669,0.26425406062225487,5266.776425221669
PAK,Pakistan,2016,5344.320293568874,0.26866269008825244,5344.320293568874
PAK,Pakistan,2017,5473.9705726642105,0.2700145512316745,5473.9705726642105
PAK,Pakistan,2018,5551.582100881187,0.27190825198401225,5551.582100881187
PAK,Pakistan,2019,5553.835602694078,0.26395083375164713,5553.835602694078
PAK,Pakistan,2020,5352.095341453335,0.26481003125035674,5352.095341453335
PAK,Pakistan,2021,5506.364763220788,0.26566919980587056,5506.364763220788
PAK,Pakistan,2022,5708.731297809702,0.26970070650413813,5708.731297809702
PAK,Pakistan,2023,5641.300070125999,0.2723683221721008,5641.300070125999
PAN,Panama,1950,2411.5272763315047,,2411.5272763315047
PAN,Panama,1951,2326.2224655494897,,2326.2224655494897
PAN,Panama,1952,2445.2835486648214,,2445.2835486648214
PAN,Panama,1953,2551.120312403246,,2551.120312403246
PAN,Panama,1954,2652.319002093867,,2652.319002093867
PAN,Panama,1955,2772.773994701515,,2772.773994701515
PAN,Panama,1956,2808.5680569696897,,2808.5680569696897
PAN,Panama,1957,3030.0512648683634,,3030.0512648683634
PAN,Panama,1958,3004.3833417546125,,3004.3833417546125
PAN,Panama,1959,3104.290755662673,,3104.290755662673
PAN,Panama,1960,3208.2425066870424,,3208.2425066870424
PAN,Panama,1961,3455.252965612486,,3455.252965612486
PAN,Panama,1962,3648.8717617889433,,3648.8717617889433
PAN,Panama,1963,3829.958394212869,,3829.958394212869
PAN,Panama,1964,3912.1548181363655,,3912.1548181363655
PAN,Panama,1965,4145.668222184815,,4145.668222184815
PAN,Panama,1966,4331.02198190258,,4331.02198190258
PAN,Panama,1967,4602.850184861612,,4602.850184861612
PAN,Panama,1968,4793.0737667314825,,4793.0737667314825
PAN,Panama,1969,5080.8749671196665,0.28566153047539383,5080.8749671196665
PAN,Panama,1970,5891.993131101007,0.2870323482973465,5891.993131101007
PAN,Panama,1971,6362.967588930139,0.28359706514036737,6362.967588930139
PAN,Panama,1972,6568.358826809392,0.28467427803550177,6568.358826809392
PAN,Panama,1973,6715.549312826627,0.2823525136993551,6715.549312826627
PAN,Panama,1974,6924.315652389382,0.28875673182769623,6924.315652389382
PAN,Panama,1975,6866.765029750824,0.26622196218954924,6866.765029750824
PAN,Panama,1976,6749.4714608651975,0.26540083114591023,6749.4714608651975
PAN,Panama,1977,6561.712999809777,0.2582974941412885,6561.712999809777
PAN,Panama,1978,6903.12855983006,0.2675331191059571,6903.12855983006
PAN,Panama,1979,7014.533482642639,0.27569221763968754,7014.533482642639
PAN,Panama,1980,7561.417296104435,0.2749268632510449,7561.417296104435
PAN,Panama,1981,7960.418365518071,0.274161507842503,7960.418365518071
PAN,Panama,1982,7758.379314915037,0.2733961639470396,7758.379314915037
PAN,Panama,1983,8098.7954602837735,0.2843002659289836,8098.7954602837735
PAN,Panama,1984,7861.220469752398,0.28544827895240843,7861.220469752398
PAN,Panama,1985,7466.685908190457,0.28486923545285026,7466.685908190457
PAN,Panama,1986,8074.012664764084,0.2859769340819202,8074.012664764084
PAN,Panama,1987,8505.733506246825,0.29466672917796327,8505.733506246825
PAN,Panama,1988,7443.548866097598,0.27813316348113737,7443.548866097598
PAN,Panama,1989,7330.55956898811,0.2855180562350359,7330.55956898811
PAN,Panama,1990,7747.033749215563,0.28531654025673786,7747.033749215563
PAN,Panama,1991,8449.602333435661,0.2851150012441803,8449.602333435661
PAN,Panama,1992,8870.546159797075,0.3051395875229326,8870.546159797075
PAN,Panama,1993,9048.46614435056,0.3118746137895208,9048.46614435056
PAN,Panama,1994,9098.636440662569,0.31159755428455477,9098.636440662569
PAN,Panama,1995,8850.745764586683,0.3180913127275998,8850.745764586683
PAN,Panama,1996,9202.393253320683,0.3119238001977684,9202.393253320683
PAN,Panama,1997,9976.446098584796,0.32046274068511943,9976.446098584796
PAN,Panama,1998,10611.296564963575,0.32360154397416163,10611.296564963575
PAN,Panama,1999,10748.337038742513,0.32569816617522873,10748.337038742513
PAN,Panama,2000,11141.35634202983,0.31228995556097844,11141.35634202983
PAN,Panama,2001,11136.4451605405,0.3206421711664733,11136.4451605405
PAN,Panama,2002,11508.745672815132,0.3353817996700619,11508.745672815132
PAN,Panama,2003,12637.069421441485,0.33874244243259855,12637.069421441485
PAN,Panama,2004,12640.350362025189,0.3490236489562694,12640.350362025189
PAN,Panama,2005,15334.764247624378,0.35867663590093773,15334.764247624378
PAN,Panama,2006,16461.09011928508,0.3587233854026549,16461.09011928508
PAN,Panama,2007,15166.182756168018,0.36771017753480884,15166.182756168018
PAN,Panama,2008,16583.733211679668,0.40618794428510663,16583.733211679668
PAN,Panama,2009,16930.97491892702,0.40422194609301026,16930.97491892702
PAN,Panama,2010,18333.111279758912,0.40107206533868356,18333.111279758912
PAN,Panama,2011,20747.530969905278,0.4164104432776996,20747.530969905278
PAN,Panama,2012,23355.13662809875,0.4301127723968386,23355.13662809875
PAN,Panama,2013,24652.726357000927,0.4371785946692402,24652.726357000927
PAN,Panama,2014,27135.914188763345,0.43555037397653096,27135.914188763345
PAN,Panama,2015,28519.675725719597,0.4377559722760178,28519.675725719597
PAN,Panama,2016,31053.47202194244,0.43950017955037196,31053.47202194244
PAN,Panama,2017,34878.796837636844,0.4356861887105494,34878.796837636844
PAN,Panama,2018,34077.31275762621,0.44806759819878783,34077.31275762621
PAN,Panama,2019,34846.16309892082,0.45336790145869366,34846.16309892082
PAN,Panama,2020,28021.497309970204,0.3800586498244365,28021.497309970204
PAN,Panama,2021,31359.717189767118,0.4011759426122628,31359.717189767118
PAN,Panama,2022,35135.535421845205,0.41784201285420763,35135.535421845205
PAN,Panama,2023,36934.642997076095,0.4345081136775637,36934.642997076095
PER,Peru,1950,2505.954711638167,0.3236359777985841,2505.954711638167
PER,Peru,1951,2634.6797845802175,0.3212770057848455,2634.6797845802175
PER,Peru,1952,2715.0431178154126,0.3195027281197801,2715.0431178154126
PER,Peru,1953,2785.437225106226,0.3177274608179214,2785.437225106226
PER,Peru,1954,2893.4516977090493,0.31595310075110117,2893.4516977090493
PER,Peru,1955,2970.9589483139926,0.314178910321392,2970.9589483139926
PER,Peru,1956,2993.4374768172343,0.31240415887268225,2993.4374768172343
PER,Peru,1957,3148.410542495033,0.3106295500827414,3148.410542495033
PER,Peru,1958,3030.384097145352,0.3088550059130048,3030.384097145352
PER,Peru,1959,3013.416197266258,0.30708006691796685,3013.416197266258
PER,Peru,1960,3232.194151019011,0.3053054181200132,3232.194151019011
PER,Peru,1961,3367.1927526631007,0.30275879039177084,3367.1927526631007
PER,Peru,1962,3562.6772261989327,0.3008064998322931,3562.6772261989327
PER,Peru,1963,3657.6479149980346,0.29792478152491164,3657.6479149980346
PER,Peru,1964,3789.483839128605,0.2951923879942711,3789.483839128605
PER,Peru,1965,3927.46718881897,0.29259243621594466,3927.46718881897
PER,Peru,1966,4105.42264304443,0.29013941060009757,4105.42264304443
PER,Peru,1967,4192.340626708717,0.28753706808690327,4192.340626708717
PER,Peru,1968,4064.8422781964014,0.2846149265142238,4064.8422781964014
PER,Peru,1969,4142.57585613408,0.2817126209789953,4142.57585613408
PER,Peru,1970,4259.770558431053,0.28669061568195936,4259.770558431053
PER,Peru,1971,4409.384024697958,0.2906764980989086,4409.384024697958
PER,Peru,1972,4410.441597648498,0.2953079688746176,4410.441597648498
PER,Peru,1973,4651.314450032356,0.29938436637308696,4651.314450032356
PER,Peru,1974,4935.435758355268,0.3042322396361688,4935.435758355268
PER,Peru,1975,5058.2477259457555,0.30473602632333713,5058.2477259457555
PER,Peru,1976,4979.337528056745,0.306240485976878,4979.337528056745
PER,Peru,1977,4785.3952470004915,0.30520494118493485,4785.3952470004915
PER,Peru,1978,4527.871555193646,0.3053416816474227,4527.871555193646
PER,Peru,1979,4501.562642195283,0.3055031986716556,4501.562642195283
PER,Peru,1980,4810.999873192415,0.309711546747695,4810.999873192415
PER,Peru,1981,5080.8462808317745,0.31476229294564606,5080.8462808317745
PER,Peru,1982,4991.880755863192,0.31706395253125874,4991.880755863192
PER,Peru,1983,4519.907080936837,0.3251930086394302,4519.907080936837
PER,Peru,1984,4596.821261264052,0.3287161134626338,4596.821261264052
PER,Peru,1985,4497.5858544119355,0.32811271220020827,4497.5858544119355
PER,Peru,1986,5058.971811425114,0.34805734721916937,5058.971811425114
PER,Peru,1987,5535.663466266194,0.353474014820924,5535.663466266194
PER,Peru,1988,5126.517063148175,0.3478123918234165,5126.517063148175
PER,Peru,1989,4177.799331863901,0.34828296747284826,4177.799331863901
PER,Peru,1990,4133.730612619137,0.35082256919644816,4133.730612619137
PER,Peru,1991,4224.573470202401,0.366829551042441,4224.573470202401
PER,Peru,1992,4236.088821790316,0.3594993426055153,4236.088821790316
PER,Peru,1993,4435.719617052059,0.36322465258180536,4435.719617052059
PER,Peru,1994,5072.2635541463005,0.37520673026874074,5072.2635541463005
PER,Peru,1995,5578.244946931731,0.3881087851649164,5578.244946931731
PER,Peru,1996,5784.19772085727,0.3965406673334386,5784.19772085727
PER,Peru,1997,6061.567700979186,0.39897631404700623,6061.567700979186
PER,Peru,1998,5831.894075688197,0.4091040960533909,5831.894075688197
PER,Peru,1999,5728.58541942063,0.4144898511796,5728.58541942063
PER,Peru,2000,5793.248832041379,0.42560888759244325,5793.248832041379
PER,Peru,2001,5747.974098522726,0.4258904433156011,5747.974098522726
PER,Peru,2002,6032.060925783462,0.4295829331575419,6032.060925783462
PER,Peru,2003,6337.426496954912,0.432247451988692,6337.426496954912
PER,Peru,2004,6774.0830029882745,0.4387615633983109,6774.0830029882745
PER,Peru,2005,7411.474802837461,0.4440937352462708,7411.474802837461
PER,Peru,2006,8324.449568219956,0.45543640614413516,8324.449568219956
PER,Peru,2007,9172.364432781686,0.4650952681890934,9172.364432781686
PER,Peru,2008,9986.359093606225,0.4722805381131354,9986.359093606225
PER,Peru,2009,9944.529432676845,0.47989016037782856,9944.529432676845
PER,Peru,2010,11247.969557126398,0.48900948186860843,11247.969557126398
PER,Peru,2011,12276.640150114219,0.4974946062245995,12276.640150114219
PER,Peru,2012,12870.852640200801,0.5056451563214073,12870.852640200801
PER,Peru,2013,12962.937235827892,0.510003880880822,12962.937235827892
PER,Peru,2014,13051.989259733404,0.5166691243982882,13051.989259733404
PER,Peru,2015,12951.590900136584,0.521635046073384,12951.590900136584
PER,Peru,2016,13098.825299044329,0.5201608576661638,13098.825299044329
PER,Peru,2017,13310.650056375753,0.5218714295144107,13310.650056375753
PER,Peru,2018,13581.419481488003,0.521979925785373,13581.419481488003
PER,Peru,2019,14039.13340603957,0.533639587921947,14039.13340603957
PER,Peru,2020,12664.027156899814,0.5452991986900316,12664.027156899814
PER,Peru,2021,14425.312792161585,0.5569588280486883,14425.312792161585
PER,Peru,2022,14587.184975742515,0.5686185136528611,14587.184975742515
PER,Peru,2023,14338.361374827353,0.5588438632836004,14338.361374827353
PHL,Philippines,1950,1587.070768714609,0.3195057901985572,1587.070768714609
PHL,Philippines,1951,1579.9878815563548,0.3189082227944305,1579.9878815563548
PHL,Philippines,1952,1681.6039543669356,0.31831092225895263,1681.6039543669356
PHL,Philippines,1953,1822.797027954628,0.3177137960021202,1822.797027954628
PHL,Philippines,1954,1896.5671988311963,0.31711639714795103,1896.5671988311963
PHL,Philippines,1955,1993.064249298273,0.31651851860456104,1993.064249298273
PHL,Philippines,1956,2010.9724706622458,0.31592120820648256,2010.9724706622458
PHL,Philippines,1957,2079.8866962577004,0.3101775393702365,2079.8866962577004
PHL,Philippines,1958,2094.234431231572,0.3178334859811151,2094.234431231572
PHL,Philippines,1959,2247.242931992506,0.3138420709697685,2247.242931992506
PHL,Philippines,1960,2182.721539990729,0.29871942788730954,2182.721539990729
PHL,Philippines,1961,2229.787152823658,0.31372367344604557,2229.787152823658
PHL,Philippines,1962,2340.3956987630154,0.31732538895707185,2340.3956987630154
PHL,Philippines,1963,2403.2997619139983,0.320408168433583,2403.2997619139983
PHL,Philippines,1964,2372.6959008031863,0.3271228202373707,2372.6959008031863
PHL,Philippines,1965,2400.1244761447147,0.309659990695227,2400.1244761447147
PHL,Philippines,1966,2417.523619993278,0.31956141529754634,2417.523619993278
PHL,Philippines,1967,2382.0571397352246,0.32534961157721176,2382.0571397352246
PHL,Philippines,1968,2474.111145032543,0.3144415595006499,2474.111145032543
PHL,Philippines,1969,2547.7952784645936,0.29895534158494547,2547.7952784645936
PHL,Philippines,1970,2631.3564640577674,0.29364005812720595,2631.3564640577674
PHL,Philippines,1971,2736.178377211938,0.31672906443680193,2736.178377211938
PHL,Philippines,1972,2817.3978889358045,0.31100610713908605,2817.3978889358045
PHL,Philippines,1973,3007.594755427155,0.3356087762576832,3007.594755427155
PHL,Philippines,1974,3143.8729872446534,0.3275009856365886,3143.8729872446534
PHL,Philippines,1975,3340.1221316267633,0.33642588208644814,3340.1221316267633
PHL,Philippines,1976,3502.921878524184,0.32189724069663994,3502.921878524184
PHL,Philippines,1977,3526.9692464125355,0.3145236839268705,3526.9692464125355
PHL,Philippines,1978,3640.5024441867954,0.3443966345770046,3640.5024441867954
PHL,Philippines,1979,3646.3833411138476,0.33845237574513426,3646.3833411138476
PHL,Philippines,1980,3887.675454700238,0.3332148233522265,3887.675454700238
PHL,Philippines,1981,3946.3948783420224,0.3440159330739035,3946.3948783420224
PHL,Philippines,1982,3986.026617599001,0.3328759468671894,3986.026617599001
PHL,Philippines,1983,3965.60687193431,0.35751227396916196,3965.60687193431
PHL,Philippines,1984,3615.299773494044,0.35438042603905534,3615.299773494044
PHL,Philippines,1985,3300.0945578836986,0.3472231893733154,3300.0945578836986
PHL,Philippines,1986,3400.1945349990433,0.3522415080302689,3400.1945349990433
PHL,Philippines,1987,3682.9922900222527,0.34608366547037717,3682.9922900222527
PHL,Philippines,1988,3934.081459394434,0.34811612543392717,3934.081459394434
PHL,Philippines,1989,4180.134314699718,0.34473415788524686,4180.134314699718
PHL,Philippines,1990,4461.555706142803,0.34593837745100264,4461.555706142803
PHL,Philippines,1991,4441.438703081031,0.34681251057619,4441.438703081031
PHL,Philippines,1992,4553.711161546352,0.34951326397547106,4553.711161546352
PHL,Philippines,1993,4732.179661875167,0.3512665554594707,4732.179661875167
PHL,Philippines,1994,5096.381314609564,0.35235336646550164,5096.381314609564
PHL,Philippines,1995,5512.345493904807,0.35425618018049043,5512.345493904807
PHL,Philippines,1996,5833.4645664437585,0.35484576533713935,5833.4645664437585
PHL,Philippines,1997,5679.21216022826,0.3553366682494631,5679.21216022826
PHL,Philippines,1998,5382.920987450968,0.356231161713523,5382.920987450968
PHL,Philippines,1999,5158.241313286721,0.35527333773183417,5158.241313286721
PHL,Philippines,2000,5112.850489147325,0.35556430288498403,5112.850489147325
PHL,Philippines,2001,5027.073338020553,0.35811074238832463,5027.073338020553
PHL,Philippines,2002,4920.126068497197,0.36022809955189605,4920.126068497197
PHL,Philippines,2003,4903.653169437437,0.3616320871098023,4903.653169437437
PHL,Philippines,2004,4944.5889810305525,0.36590002943238725,4944.5889810305525
PHL,Philippines,2005,5024.118878005333,0.3612886231443792,5024.118878005333
PHL,Philippines,2006,5215.675007758439,0.3640898524655402,5215.675007758439
PHL,Philippines,2007,5554.478553125954,0.370721185846005,5554.478553125954
PHL,Philippines,2008,5851.777058880672,0.3677382255123882,5851.777058880672
PHL,Philippines,2009,5987.919727073108,0.3718529836484774,5987.919727073108
PHL,Philippines,2010,6562.232628387032,0.3752159349396144,6562.232628387032
PHL,Philippines,2011,6890.3987286782485,0.37741069940182564,6890.3987286782485
PHL,Philippines,2012,7308.293068669317,0.3764672455306802,7308.293068669317
PHL,Philippines,2013,7419.15956897199,0.3734264132532892,7419.15956897199
PHL,Philippines,2014,7665.712639445652,0.37173332201798304,7665.712639445652
PHL,Philippines,2015,7870.515752700294,0.3678653544393687,7870.515752700294
PHL,Philippines,2016,8356.069278926205,0.3840766517045789,8356.069278926205
PHL,Philippines,2017,8678.904591414259,0.37304941468615993,8678.904591414259
PHL,Philippines,2018,9085.947150533666,0.37594569767699054,9085.947150533666
PHL,Philippines,2019,9657.142604703811,0.38287844367423896,9657.142604703811
PHL,Philippines,2020,8550.22477262569,0.3513028022925009,8550.22477262569
PHL,Philippines,2021,9024.954034426766,0.3630086693896992,9024.954034426766
PHL,Philippines,2022,9668.873345274027,0.4021747911332324,9668.873345274027
PHL,Philippines,2023,10109.894274843455,0.41286111683916626,10109.894274843455
POL,Poland,1970,6527.355784333738,0.45263083877170907,6527.355784333738
POL,Poland,1971,6960.2640981912955,0.45729319524303225,6960.2640981912955
POL,Poland,1972,7236.418730575478,0.4647994501658193,7236.418730575478
POL,Poland,1973,7487.109108304212,0.470571506791475,7487.109108304212
POL,Poland,1974,7952.320283584486,0.47448720614942236,7952.320283584486
POL,Poland,1975,8316.137877193116,0.4732988136612693,8316.137877193116
POL,Poland,1976,8496.170262556876,0.4680634458204043,8496.170262556876
POL,Poland,1977,8667.397042645089,0.46626278821933786,8667.397042645089
POL,Poland,1978,8713.564872636462,0.4752078766907902,8713.564872636462
POL,Poland,1979,8699.277501691071,0.47409479294613394,8699.277501691071
POL,Poland,1980,7783.431713766038,0.47267554943425466,7783.431713766038
POL,Poland,1981,7297.51418508493,0.4707347939498641,7297.51418508493
POL,Poland,1982,7143.341661961071,0.4551515749499965,7143.341661961071
POL,Poland,1983,7692.307113918119,0.4496760299082928,7692.307113918119
POL,Poland,1984,8339.502192067372,0.4468575745884143,8339.502192067372
POL,Poland,1985,8911.42368429025,0.44680129751428277,8911.42368429025
POL,Poland,1986,9388.19392324877,0.44475108113018874,9388.19392324877
POL,Poland,1987,9745.795591995658,0.44055108228842754,9745.795591995658
POL,Poland,1988,10276.061268293735,0.4361372745988086,10276.061268293735
POL,Poland,1989,10646.389355467782,0.4344140583899431,10646.389355467782
POL,Poland,1990,10089.406860330535,0.414337729545822,10089.406860330535
POL,Poland,1991,9985.404109150468,0.38925936159787083,9985.404109150468
POL,Poland,1992,10675.570976239771,0.3849199129721549,10675.570976239771
POL,Poland,1993,11480.684775318017,0.3753627853397563,11480.684775318017
POL,Poland,1994,12206.599907005766,0.3788405974645862,12206.599907005766
POL,Poland,1995,13309.420064821625,0.38543706604075045,13309.420064821625
POL,Poland,1996,14294.814921834466,0.38991337249634245,14294.814921834466
POL,Poland,1997,15270.886448451054,0.39543245714088837,15270.886448451054
POL,Poland,1998,15924.890500517959,0.40013551741441555,15924.890500517959
POL,Poland,1999,16850.773053485857,0.3872262582781479,16850.773053485857
POL,Poland,2000,17249.11359226658,0.37857988287511934,17249.11359226658
POL,Poland,2001,17378.913267131113,0.3702375392357621,17378.913267131113
POL,Poland,2002,17786.73894191613,0.35923474620108947,17786.73894191613
POL,Poland,2003,17689.591933979704,0.35539940975251133,17689.591933979704
POL,Poland,2004,18383.22496647154,0.3595677086398422,18383.22496647154
POL,Poland,2005,19093.53887442993,0.3675030894146289,19093.53887442993
POL,Poland,2006,19773.738811316183,0.37947531827475894,19773.738811316183
POL,Poland,2007,21667.988960458908,0.3967037550825016,21667.988960458908
POL,Poland,2008,22704.609697119442,0.41178114665497345,22704.609697119442
POL,Poland,2009,23928.02625272172,0.409338575295001,23928.02625272172
POL,Poland,2010,25674.486172866604,0.40309367875945545,25674.486172866604
POL,Poland,2011,28135.558229586954,0.4052833232861345,28135.558229586954
POL,Poland,2012,28705.466014471713,0.4056584445586353,28705.466014471713
POL,Poland,2013,28230.2949283235,0.405660648219388,28230.2949283235
POL,Poland,2014,28698.69350705955,0.4129467379435963,28698.69350705955
POL,Poland,2015,30190.254279521145,0.41949163647276294,30190.254279521145
POL,Poland,2016,30834.261007261146,0.42317498665845166,30834.261007261146
POL,Poland,2017,32122.753680117654,0.4287714848770534,32122.753680117654
POL,Poland,2018,33366.49161839636,0.4311712662029863,33366.49161839636
POL,Poland,2019,36343.533969193915,0.44165372754611176,36343.533969193915
POL,Poland,2020,35783.227334921066,0.45183566356932847,35783.227334921066
POL,Poland,2021,38326.59504122759,0.4672994628765224,38326.59504122759
POL,Poland,2022,39802.07336896653,0.4624602573993247,39802.07336896653
POL,Poland,2023,39206.39504676179,0.46473651935987464,39206.39504676179
PRT,Portugal,1950,3310.151521843793,0.39942673175757876,3310.151521843793
PRT,Portugal,1951,3670.281937793445,0.39701893079605144,3670.281937793445
PRT,Portugal,1952,3802.980983077172,0.394610657283178,3802.980983077172
PRT,Portugal,1953,3968.8952110586074,0.39220300164874,3968.8952110586074
PRT,Portugal,1954,4114.5046033458775,0.38526199267854644,4114.5046033458775
PRT,Portugal,1955,4241.609845477859,0.38429817369853503,4241.609845477859
PRT,Portugal,1956,4399.52142333314,0.38562588106623924,4399.52142333314
PRT,Portugal,1957,4554.5734729758915,0.3844289529176024,4554.5734729758915
PRT,Portugal,1958,4558.963894180192,0.38287797605460033,4558.963894180192
PRT,Portugal,1959,4781.071622886456,0.38017640276647613,4781.071622886456
PRT,Portugal,1960,5075.177975343403,0.380187446388599,5075.177975343403
PRT,Portugal,1961,5356.606277002223,0.38139450828441573,5356.606277002223
PRT,Portugal,1962,5738.949931784661,0.3844763711133701,5738.949931784661
PRT,Portugal,1963,6031.230601832948,0.3820208136414213,6031.230601832948
PRT,Portugal,1964,6238.083012591596,0.3823118926545553,6238.083012591596
PRT,Portugal,1965,6665.976388294912,0.3882296471113746,6665.976388294912
PRT,Portugal,1966,6846.461208597314,0.39456679007634865,6846.461208597314
PRT,Portugal,1967,7371.690284804627,0.3931835662082079,7371.690284804627
PRT,Portugal,1968,8370.045758877135,0.3913681126905461,8370.045758877135
PRT,Portugal,1969,8641.692433426933,0.39501936385894404,8641.692433426933
PRT,Portugal,1970,9318.016436717453,0.40158775712934724,9318.016436717453
PRT,Portugal,1971,10016.71145928966,0.41094492956012735,10016.71145928966
PRT,Portugal,1972,10644.731611767189,0.4198886451312123,10644.731611767189
PRT,Portugal,1973,11634.444269404648,0.42621003915698735,11634.444269404648
PRT,Portugal,1974,11696.622918574492,0.4204444827598735,11696.622918574492
PRT,Portugal,1975,10984.9887724233,0.3998378639996844,10984.9887724233
PRT,Portugal,1976,11482.795491874766,0.3855406157034693,11482.795491874766
PRT,Portugal,1977,11939.413626342912,0.3906484975616049,11939.413626342912
PRT,Portugal,1978,12071.976736520413,0.4024547339256006,12071.976736520413
PRT,Portugal,1979,12527.279268773758,0.4152907691477168,12527.279268773758
PRT,Portugal,1980,12869.5097934435,0.42698563491260927,12869.5097934435
PRT,Portugal,1981,12661.960464691236,0.4276178632370004,12661.960464691236
PRT,Portugal,1982,12636.672151617293,0.42999801653754793,12636.672151617293
PRT,Portugal,1983,12307.632676903715,0.4206684502154392,12307.632676903715
PRT,Portugal,1984,11821.936964592178,0.42295145834373077,11821.936964592178
PRT,Portugal,1985,11976.456049415054,0.4203385047202471,11976.456049415054
PRT,Portugal,1986,13096.783701324135,0.4190651078863333,13096.783701324135
PRT,Portugal,1987,14078.144225855785,0.42983209912634013,14078.144225855785
PRT,Portugal,1988,15190.283909685453,0.43945378540244123,15190.283909685453
PRT,Portugal,1989,16180.659478755722,0.4483676983730148,16180.659478755722
PRT,Portugal,1990,17154.117528522882,0.45516189573246235,17154.117528522882
PRT,Portugal,1991,17916.033757453977,0.46397770554424267,17916.033757453977
PRT,Portugal,1992,18468.416050556505,0.4687089898807229,18468.416050556505
PRT,Portugal,1993,18882.93736566596,0.46073403214913106,18882.93736566596
PRT,Portugal,1994,19973.459484419993,0.4551508040139132,19973.459484419993
PRT,Portugal,1995,20617.569966100633,0.454470886973952,20617.569966100633
PRT,Portugal,1996,21101.831035726416,0.46035212211392557,21101.831035726416
PRT,Portugal,1997,22667.29361485838,0.4703125326100734,22667.29361485838
PRT,Portugal,1998,23566.72832883427,0.48107013067221444,23566.72832883427
PRT,Portugal,1999,24925.695647551496,0.48575260854712804,24925.695647551496
PRT,Portugal,2000,26299.96813250034,0.49297042376113515,26299.96813250034
PRT,Portugal,2001,26421.015493525654,0.4980723244288826,26421.015493525654
PRT,Portugal,2002,26480.82539553276,0.497267847490898,26480.82539553276
PRT,Portugal,2003,25928.053030132734,0.49061986479196723,25928.053030132734
PRT,Portugal,2004,25554.916141298556,0.4859922262273177,25554.916141298556
PRT,Portugal,2005,28094.41467356832,0.48286720176523096,28094.41467356832
PRT,Portugal,2006,29030.604221540612,0.48389969569176144,29030.604221540612
PRT,Portugal,2007,30287.06210162774,0.4830198679969669,30287.06210162774
PRT,Portugal,2008,30116.01588912467,0.48409117517418604,30116.01588912467
PRT,Portugal,2009,30177.10844951248,0.470450289502835,30177.10844951248
PRT,Portugal,2010,31165.156432856336,0.46353928896542,31165.156432856336
PRT,Portugal,2011,31292.974828579037,0.4547030256484604,31292.974828579037
PRT,Portugal,2012,31310.017097634867,0.43805048086471043,31310.017097634867
PRT,Portugal,2013,30077.363568144647,0.4276987976535513,30077.363568144647
PRT,Portugal,2014,30358.91455179744,0.4365867497912138,30358.91455179744
PRT,Portugal,2015,31212.77820040699,0.4448918223706622,31212.77820040699
PRT,Portugal,2016,32149.149721274276,0.45381457717828816,32149.149721274276
PRT,Portugal,2017,32966.70388208359,0.4695915794856054,32966.70388208359
PRT,Portugal,2018,33066.98691076228,0.4811462794888359,33066.98691076228
PRT,Portugal,2019,35346.91964189464,0.48420417055033865,35346.91964189464
PRT,Portugal,2020,32343.61390206218,0.47320546859303764,32343.61390206218
PRT,Portugal,2021,33438.59794998651,0.47879375448880934,33438.59794998651
PRT,Portugal,2022,35787.80598926397,0.4937729294573254,35787.80598926397
PRT,Portugal,2023,36633.04132938628,0.4937954055840747,36633.04132938628
PRY,Paraguay,1951,2768.126153064318,0.3818583884729402,2768.126153064318
PRY,Paraguay,1952,2609.1199299088885,0.3784996180363743,2609.1199299088885
PRY,Paraguay,1953,2409.750447351719,0.3751424556417033,2409.750447351719
PRY,Paraguay,1954,2572.3792014052365,0.3717796210524332,2572.3792014052365
PRY,Paraguay,1955,2725.002890718796,0.36842731651780697,2725.002890718796
PRY,Paraguay,1956,2729.4271137196447,0.365066345604943,2729.4271137196447
PRY,Paraguay,1957,2633.538081440731,0.3617087462093523,2633.538081440731
PRY,Paraguay,1958,2737.9692120955474,0.35835030291044695,2737.9692120955474
PRY,Paraguay,1959,2710.382301696001,0.3549911341638465,2710.382301696001
PRY,Paraguay,1960,2700.2146583549825,0.35163440600218215,2700.2146583549825
PRY,Paraguay,1961,2801.179327313299,0.35154643672441876,2801.179327313299
PRY,Paraguay,1962,2738.7909754366856,0.3514561237728255,2738.7909754366856
PRY,Paraguay,1963,2811.1587826012515,0.3513635322759475,2811.1587826012515
PRY,Paraguay,1964,2833.094461753466,0.3512752181956451,2833.094461753466
PRY,Paraguay,1965,2931.2989541264624,0.3511828511241579,2931.2989541264624
PRY,Paraguay,1966,2865.392995381297,0.3510911651009766,2865.392995381297
PRY,Paraguay,1967,3011.675299852572,0.3510039442698874,3011.675299852572
PRY,Paraguay,1968,3026.04032214689,0.350914753610747,3026.04032214689
PRY,Paraguay,1969,3104.371876778691,0.35082373324289795,3104.371876778691
PRY,Paraguay,1970,3264.175863672872,0.35073360403039033,3264.175863672872
PRY,Paraguay,1971,3375.168773031892,0.3526087333300302,3375.168773031892
PRY,Paraguay,1972,3516.413475031412,0.3544814519456526,3516.413475031412
PRY,Paraguay,1973,3609.566418454829,0.3563572301573514,3609.566418454829
PRY,Paraguay,1974,3736.466133273804,0.3582299942439743,3736.466133273804
PRY,Paraguay,1975,3817.280125061858,0.36010517297135886,3817.280125061858
PRY,Paraguay,1976,3998.27993864532,0.36198151329571276,3998.27993864532
PRY,Paraguay,1977,4374.17447093205,0.36385337484185293,4374.17447093205
PRY,Paraguay,1978,4705.313555438457,0.3657302233361341,4705.313555438457
PRY,Paraguay,1979,4889.930252696061,0.36760411802758136,4889.930252696061
PRY,Paraguay,1980,5351.812363055087,0.3694774844699245,5351.812363055087
PRY,Paraguay,1981,5785.924371949105,0.368896012078245,5785.924371949105
PRY,Paraguay,1982,5634.399199411441,0.36831450687392153,5634.399199411441
PRY,Paraguay,1983,5422.319554632395,0.3677328943501068,5422.319554632395
PRY,Paraguay,1984,5396.292568004498,0.3671524608333089,5396.292568004498
PRY,Paraguay,1985,5420.910476408926,0.366569573020941,5420.910476408926
PRY,Paraguay,1986,5177.192171915124,0.36599050260433,5177.192171915124
PRY,Paraguay,1987,5300.899152875093,0.36540715702679144,5300.899152875093
PRY,Paraguay,1988,5525.65971182522,0.36482655030715244,5525.65971182522
PRY,Paraguay,1989,5633.393808738323,0.3642458959465625,5633.393808738323
PRY,Paraguay,1990,6051.830851419824,0.3636640000328316,6051.830851419824
PRY,Paraguay,1991,6063.9859902206945,0.3644057770025461,6063.9859902206945
PRY,Paraguay,1992,6097.447695040672,0.3637181192451524,6097.447695040672
PRY,Paraguay,1993,6255.9644526572565,0.36424500540050236,6255.9644526572565
PRY,Paraguay,1994,6454.888908817943,0.36810656370840383,6454.888908817943
PRY,Paraguay,1995,6610.7356335071845,0.37459261574232405,6610.7356335071845
PRY,Paraguay,1996,6592.837855034077,0.35645722509417194,6592.837855034077
PRY,Paraguay,1997,6635.297427374827,0.3696784595144806,6635.297427374827
PRY,Paraguay,1998,6742.189771990958,0.37438539791329634,6742.189771990958
PRY,Paraguay,1999,6321.894375351654,0.37167774468280784,6321.894375351654
PRY,Paraguay,2000,6009.2606420123,0.36338820310688685,6009.2606420123
PRY,Paraguay,2001,6243.048144848313,0.36989371869985654,6243.048144848313
PRY,Paraguay,2002,8023.794830174055,0.35809300739776917,8023.794830174055
PRY,Paraguay,2003,8336.78643186551,0.36376742785228994,8336.78643186551
PRY,Paraguay,2004,8650.773742964919,0.3875178749435514,8650.773742964919
PRY,Paraguay,2005,8781.928952669161,0.3906575095624454,8781.928952669161
PRY,Paraguay,2006,9276.767939526784,0.37295025716015084,9276.767939526784
PRY,Paraguay,2007,9794.990456230238,0.38709760113072555,9794.990456230238
PRY,Paraguay,2008,10435.214295963677,0.39308557634777597,10435.214295963677
PRY,Paraguay,2009,11111.994314378735,0.3927951845969838,11111.994314378735
PRY,Paraguay,2010,12714.59894098454,0.38862458046072385,12714.59894098454
PRY,Paraguay,2011,13940.83777916241,0.3927127528413917,13940.83777916241
PRY,Paraguay,2012,13709.429796856304,0.4185370013061149,13709.429796856304
PRY,Paraguay,2013,14197.659777900173,0.4127024291090599,14197.659777900173
PRY,Paraguay,2014,14623.53116307905,0.4021219119786745,14623.53116307905
PRY,Paraguay,2015,14360.385554519871,0.40717349056423313,14360.385554519871
PRY,Paraguay,2016,14813.685295751757,0.41918226804553144,14813.685295751757
PRY,Paraguay,2017,15211.214791454346,0.42402357589806833,15211.214791454346
PRY,Paraguay,2018,14834.252305215407,0.43062917569068715,14834.252305215407
PRY,Paraguay,2019,15148.206710132128,0.43385782540316453,15148.206710132128
PRY,Paraguay,2020,14779.064699180268,0.41766997140696804,14779.064699180268
PRY,Paraguay,2021,14848.135587121955,0.4304045850728227,14848.135587121955
PRY,Paraguay,2022,14638.985717178584,0.4254494548740264,14638.985717178584
PRY,Paraguay,2023,15006.735546334048,0.43219771515422956,15006.735546334048
PSE,State of Palestine,1970,1544.1148733124755,,1544.1148733124755
PSE,State of Palestine,1971,1736.7923214000723,,1736.7923214000723
PSE,State of Palestine,1972,2004.9440179625499,,2004.9440179625499
PSE,State of Palestine,1973,1867.2185321027182,,1867.2185321027182
PSE,State of Palestine,1974,2307.4182930284264,,2307.4182930284264
PSE,State of Palestine,1975,2190.5386526207108,,2190.5386526207108
PSE,State of Palestine,1976,2508.9474429336406,,2508.9474429336406
PSE,State of Palestine,1977,2382.852588707383,,2382.852588707383
PSE,State of Palestine,1978,2680.31632934487,,2680.31632934487
PSE,State of Palestine,1979,2551.9103996213403,,2551.9103996213403
PSE,State of Palestine,1980,2965.8564199302073,,2965.8564199302073
PSE,State of Palestine,1981,2549.824607333953,,2549.824607333953
PSE,State of Palestine,1982,2768.0785085706825,,2768.0785085706825
PSE,State of Palestine,1983,2537.5819503705575,,2537.5819503705575
PSE,State of Palestine,1984,2586.818351967809,,2586.818351967809
PSE,State of Palestine,1985,2483.4101836277887,,2483.4101836277887
PSE,State of Palestine,1986,2897.08011136276,,2897.08011136276
PSE,State of Palestine,1987,2670.8966865384687,,2670.8966865384687
PSE,State of Palestine,1988,2507.435827078183,,2507.435827078183
PSE,State of Palestine,1989,2461.531739484133,,2461.531739484133
PSE,State of Palestine,1990,2805.166898187972,0.186301787557832,2805.166898187972
PSE,State of Palestine,1991,2567.217391052597,0.18630177193752182,2567.217391052597
PSE,State of Palestine,1992,3067.4049873870445,0.18578438097480915,3067.4049873870445
PSE,State of Palestine,1993,3263.128811494202,0.18565815555482695,3263.128811494202
PSE,State of Palestine,1994,3641.972273441488,0.18626118314100737,3641.972273441488
PSE,State of Palestine,1995,3745.6434857983027,0.1858461968642594,3745.6434857983027
PSE,State of Palestine,1996,3589.548781282515,0.1870374779883054,3589.548781282515
PSE,State of Palestine,1997,3971.40186369478,0.18578400350953728,3971.40186369478
PSE,State of Palestine,1998,4371.915211505632,0.18450686582577236,4371.915211505632
PSE,State of Palestine,1999,4588.833589618101,0.1846196618341884,4588.833589618101
PSE,State of Palestine,2000,4032.2980443195347,0.1882133266608981,4032.2980443195347
PSE,State of Palestine,2001,3532.199802762558,0.1514476962740882,3532.199802762558
PSE,State of Palestine,2002,3075.969470646504,0.13818910027304204,3075.969470646504
PSE,State of Palestine,2003,3430.201394651964,0.15967641379150693,3430.201394651964
PSE,State of Palestine,2004,3980.3772944514767,0.15850837794507763,3980.3772944514767
PSE,State of Palestine,2005,4270.945507777307,0.16864194060551732,4270.945507777307
PSE,State of Palestine,2006,4140.70536268112,0.17261269631851697,4140.70536268112
PSE,State of Palestine,2007,4143.419595288318,0.1820948854591169,4143.419595288318
PSE,State of Palestine,2008,4460.180719859098,0.17139050359551203,4460.180719859098
PSE,State of Palestine,2009,4675.154693335996,0.17938188337792424,4675.154693335996
PSE,State of Palestine,2010,4800.535935870952,0.1809096222619435,4800.535935870952
PSE,State of Palestine,2011,5222.294661348115,0.19766438250262128,5222.294661348115
PSE,State of Palestine,2012,6115.060157602768,0.19662044358333958,6115.060157602768
PSE,State of Palestine,2013,6054.994776098132,0.19672024140776215,6054.994776098132
PSE,State of Palestine,2014,6093.780146865338,0.1977628193218707,6093.780146865338
PSE,State of Palestine,2015,6682.37760321924,0.20099264684129634,6682.37760321924
PSE,State of Palestine,2016,6997.871139918523,0.19855792409777606,6997.871139918523
PSE,State of Palestine,2017,6925.121245764319,0.19577093567569612,6925.121245764319
PSE,State of Palestine,2018,7046.0737382674115,0.19235081955503577,7046.0737382674115
PSE,State of Palestine,2019,8213.310405004833,0.19910015469770065,8213.310405004833
PSE,State of Palestine,2020,7568.661222417457,0.18361838407570205,7568.661222417457
PSE,State of Palestine,2021,7264.6374193494885,0.1942944588064052,7264.6374193494885
PSE,State of Palestine,2022,7410.583161884315,0.20820479774842182,7410.583161884315
PSE,State of Palestine,2023,6863.739154592489,0.208204791762003,6863.739154592489
QAT,Qatar,1970,110877.3870595187,0.40875357981142074,110877.3870595187
QAT,Qatar,1971,105502.19280088469,0.40874060661373474,105502.19280088469
QAT,Qatar,1972,113945.56526268549,0.4087605331202258,113945.56526268549
QAT,Qatar,1973,114267.55754876698,0.4087441798027409,114267.55754876698
QAT,Qatar,1974,110572.33273263158,0.4087409384928334,110572.33273263158
QAT,Qatar,1975,104714.51583353618,0.40876231917637956,104714.51583353618
QAT,Qatar,1976,97012.77597798634,0.408753188743549,97012.77597798634
QAT,Qatar,1977,79025.25724360254,0.4087771453851495,79025.25724360254
QAT,Qatar,1978,84450.0240118193,0.4087665243928282,84450.0240118193
QAT,Qatar,1979,84875.84174575713,0.4087552061289983,84875.84174575713
QAT,Qatar,1980,82778.37182825746,0.40875556177214917,82778.37182825746
QAT,Qatar,1981,73658.18789537153,0.4273479406103668,73658.18789537153
QAT,Qatar,1982,59812.5558721757,0.4503988935969628,59812.5558721757
QAT,Qatar,1983,52940.1613430328,0.47212712779759125,52940.1613430328
QAT,Qatar,1984,56748.99407982108,0.4834659599652148,56748.99407982108
QAT,Qatar,1985,43932.820591319614,0.4975397306537028,43932.820591319614
QAT,Qatar,1986,34271.342219786,0.5018400552790739,34271.342219786
QAT,Qatar,1987,35405.125171597334,0.5033473037904409,35405.125171597334
QAT,Qatar,1988,34781.81365862317,0.5022768227460609,34781.81365862317
QAT,Qatar,1989,37565.32029036453,0.5002063124601617,37565.32029036453
QAT,Qatar,1990,44197.371783949566,0.5046306209181802,44197.371783949566
QAT,Qatar,1991,37136.465654837935,0.5064386266461846,37136.465654837935
QAT,Qatar,1992,36161.779367708776,0.5060025459534851,36161.779367708776
QAT,Qatar,1993,34101.22914925342,0.5076556792317927,34101.22914925342
QAT,Qatar,1994,33239.71537203254,0.508675393928789,33239.71537203254
QAT,Qatar,1995,34897.278897098135,0.5101031730480162,34897.278897098135
QAT,Qatar,1996,34765.627953580115,0.511095471956389,34765.627953580115
QAT,Qatar,1997,43949.942523841964,0.5088501578563996,43949.942523841964
QAT,Qatar,1998,40050.91837987047,0.5169876432404038,40050.91837987047
QAT,Qatar,1999,50330.61862244898,0.525125094822475,50330.61862244898
QAT,Qatar,2000,68531.00765090567,0.5332625571398922,68531.00765090567
QAT,Qatar,2001,70384.52585094221,0.5413999985500298,70384.52585094221
QAT,Qatar,2002,65803.9821060735,0.5495375520072174,65803.9821060735
QAT,Qatar,2003,90224.68021585053,0.5576750802368688,90224.68021585053
QAT,Qatar,2004,108233.46045100939,0.5658125818556649,108233.46045100939
QAT,Qatar,2005,141033.64260462704,0.5953658464306719,141033.64260462704
QAT,Qatar,2006,157071.08942868802,0.6249190396106621,157071.08942868802
QAT,Qatar,2007,155894.55111100076,0.6544723103736354,155894.55111100076
QAT,Qatar,2008,181638.5746087076,0.6840255146319049,181638.5746087076
QAT,Qatar,2009,142654.73779199898,0.7135788176242426,142654.73779199898
QAT,Qatar,2010,167021.6329994401,0.7431321181573504,167021.6329994401
QAT,Qatar,2011,214388.1836881195,0.6964973645186724,214388.1836881195
QAT,Qatar,2012,220602.07567233682,0.6979985165480409,220602.07567233682
QAT,Qatar,2013,215422.0943344152,0.7518927060383659,215422.0943344152
QAT,Qatar,2014,186753.87288516082,0.7308666336970219,186753.87288516082
QAT,Qatar,2015,131053.31792409028,0.7991146419935641,131053.31792409028
QAT,Qatar,2016,121616.97132999818,0.784033826962251,121616.97132999818
QAT,Qatar,2017,123397.76597705923,0.7515775644195589,123397.76597705923
QAT,Qatar,2018,124469.2753034795,0.7449873624187057,124469.2753034795
QAT,Qatar,2019,127432.45341809149,0.7462314287874747,127432.45341809149
QAT,Qatar,2020,114220.09185356936,0.7407872661009354,114220.09185356936
QAT,Qatar,2021,116375.48881307234,0.7129597898200202,116375.48881307234
QAT,Qatar,2022,122058.1219068231,0.7032275492302594,122058.1219068231
QAT,Qatar,2023,116805.4978849189,0.6909887713214843,116805.4978849189
ROU,Romania,1960,1721.5005344693707,0.5429312576081318,1721.5005344693707
ROU,Romania,1961,1875.0053625691205,0.5388803299630378,1875.0053625691205
ROU,Romania,1962,2042.4504270340108,0.5363051387829811,2042.4504270340108
ROU,Romania,1963,2193.970763861845,0.5332885727024307,2193.970763861845
ROU,Romania,1964,2317.082256955266,0.5307696296583488,2317.082256955266
ROU,Romania,1965,2532.0016363077466,0.5287125078049404,2532.0016363077466
ROU,Romania,1966,2651.2598547815405,0.5262947413235454,2651.2598547815405
ROU,Romania,1967,2925.714470349301,0.5230656952616626,2925.714470349301
ROU,Romania,1968,3062.5265375201707,0.5121995521815237,3062.5265375201707
ROU,Romania,1969,3229.436487082222,0.5054721367708048,3229.436487082222
ROU,Romania,1970,3399.245282429588,0.5001002278448602,3399.245282429588
ROU,Romania,1971,3789.0213961310333,0.4954304755369729,3789.0213961310333
ROU,Romania,1972,4153.566181385528,0.49143425288672526,4153.566181385528
ROU,Romania,1973,4541.425722761398,0.4881289535390618,4541.425722761398
ROU,Romania,1974,5002.433507783184,0.4840680351518279,5002.433507783184
ROU,Romania,1975,5413.953214254983,0.47974920040799185,5413.953214254983
ROU,Romania,1976,6116.779829249506,0.4746619918877956,6116.779829249506
ROU,Romania,1977,6519.106231524921,0.4694026027465857,6519.106231524921
ROU,Romania,1978,6967.5868585001135,0.46514057566827005,6967.5868585001135
ROU,Romania,1979,7546.801633624625,0.4609819869955136,7546.801633624625
ROU,Romania,1980,7711.066219100166,0.4577617313612314,7711.066219100166
ROU,Romania,1981,7596.39654917038,0.4582067636160025,7596.39654917038
ROU,Romania,1982,7912.901591561408,0.457976718857046,7912.901591561408
ROU,Romania,1983,8172.688098471152,0.45712714355386636,8172.688098471152
ROU,Romania,1984,8410.319224741244,0.45684429830593315,8410.319224741244
ROU,Romania,1985,8793.049477966293,0.4579482573757245,8793.049477966293
ROU,Romania,1986,9088.208712001719,0.4574937110593801,9088.208712001719
ROU,Romania,1987,9276.727108343766,0.45779794036651755,9276.727108343766
ROU,Romania,1988,9476.499707719719,0.45858783664483793,9476.499707719719
ROU,Romania,1989,9012.871155004572,0.4604706660477679,9012.871155004572
ROU,Romania,1990,9195.698429741149,0.46386870941912495,9195.698429741149
ROU,Romania,1991,8409.231549325406,0.46825671659842877,8409.231549325406
ROU,Romania,1992,7985.974964509381,0.473891836044297,7985.974964509381
ROU,Romania,1993,8232.788199498737,0.47697785723436176,8232.788199498737
ROU,Romania,1994,8752.862483714907,0.479606979203764,8752.862483714907
ROU,Romania,1995,9400.125400950483,0.4922062635376291,9400.125400950483
ROU,Romania,1996,9958.404284508277,0.49593162020394455,9958.404284508277
ROU,Romania,1997,9424.187330636714,0.4996570098791947,9424.187330636714
ROU,Romania,1998,9105.468416954978,0.4978772295074512,9105.468416954978
ROU,Romania,1999,9073.559073766457,0.49708009056698543,9073.559073766457
ROU,Romania,2000,9394.84945339033,0.4941170331216149,9394.84945339033
ROU,Romania,2001,10413.951527508065,0.4927545083402597,10413.951527508065
ROU,Romania,2002,10855.342924169512,0.448570987588696,10855.342924169512
ROU,Romania,2003,10856.776013096563,0.43382859273047153,10856.776013096563
ROU,Romania,2004,12297.987727732703,0.4337165938253819,12297.987727732703
ROU,Romania,2005,12903.310753567512,0.4296617356969693,12903.310753567512
ROU,Romania,2006,14621.683357631671,0.4416866760408442,14621.683357631671
ROU,Romania,2007,16885.492213108548,0.44815557603101247,16885.492213108548
ROU,Romania,2008,19594.586751454313,0.4522051363694606,19594.586751454313
ROU,Romania,2009,19483.69009376376,0.44921468566173406,19483.69009376376
ROU,Romania,2010,19926.620906891127,0.42641864620277753,19926.620906891127
ROU,Romania,2011,21592.471772153163,0.4204785020971224,21592.471772153163
ROU,Romania,2012,22802.958468735596,0.4268706268045488,22802.958468735596
ROU,Romania,2013,21705.971303979117,0.4261160825375951,21705.971303979117
ROU,Romania,2014,22514.20810936443,0.43137353844647086,22514.20810936443
ROU,Romania,2015,23884.814047533244,0.4295394255075822,23884.814047533244
ROU,Romania,2016,24967.197144306298,0.4272009659803612,24967.197144306298
ROU,Romania,2017,27591.869097490573,0.4403666274431655,27591.869097490573
ROU,Romania,2018,28638.69607883958,0.44334091738789655,28638.69607883958
ROU,Romania,2019,31759.626366981647,0.4451097977517014,31759.626366981647
ROU,Romania,2020,30985.330568273697,0.43940032230585235,30985.330568273697
ROU,Romania,2021,32396.75727982533,0.40292073359539027,32396.75727982533
ROU,Romania,2022,33614.87069914537,0.40729069990440175,33614.87069914537
ROU,Romania,2023,34604.557193069595,0.4025659574147085,34604.557193069595
RUS,Russian Federation,1990,18734.558995587184,0.5026888245131383,18734.558995587184
RUS,Russian Federation,1991,18360.816469718357,0.491421014263176,18360.816469718357
RUS,Russian Federation,1992,17040.784088795408,0.4791311390535171,17040.784088795408
RUS,Russian Federation,1993,14759.261768474771,0.4618328883304813,14759.261768474771
RUS,Russian Federation,1994,12484.341676953614,0.4370175793478981,12484.341676953614
RUS,Russian Federation,1995,11653.427575973505,0.4316999753487483,11653.427575973505
RUS,Russian Federation,1996,11414.41585053061,0.42520466572264964,11414.41585053061
RUS,Russian Federation,1997,11056.993094886975,0.4070358773479873,11056.993094886975
RUS,Russian Federation,1998,10013.362738540223,0.39589821186549534,10013.362738540223
RUS,Russian Federation,1999,9616.628512351861,0.4275610999913469,9616.628512351861
RUS,Russian Federation,2000,10951.593372972382,0.44386233370629524,10951.593372972382
RUS,Russian Federation,2001,11295.62211818829,0.4461084199717317,11295.62211818829
RUS,Russian Federation,2002,11589.494276737963,0.45873546371299745,11589.494276737963
RUS,Russian Federation,2003,12765.45469436928,0.4588757477639996,12765.45469436928
RUS,Russian Federation,2004,14462.64187301101,0.46806015144401375,14462.64187301101
RUS,Russian Federation,2005,16687.98452126727,0.4775031966806769,16687.98452126727
RUS,Russian Federation,2006,19618.299203705395,0.4854263120964277,19618.299203705395
RUS,Russian Federation,2007,23139.117620129,0.4979673568119026,23139.117620129
RUS,Russian Federation,2008,26633.843221809835,0.5001629337795873,26633.843221809835
RUS,Russian Federation,2009,23761.042083718137,0.48910679884736363,23761.042083718137
RUS,Russian Federation,2010,27010.122280303054,0.49113017780145296,27010.122280303054
RUS,Russian Federation,2011,30890.15012300291,0.4956242255298849,30890.15012300291
RUS,Russian Federation,2012,33286.99665729045,0.4996007470692381,33286.99665729045
RUS,Russian Federation,2013,32592.181447029256,0.4974651624232171,32592.181447029256
RUS,Russian Federation,2014,31174.508267474386,0.49740980171726484,31174.508267474386
RUS,Russian Federation,2015,27982.736637837344,0.49398160414114495,27982.736637837344
RUS,Russian Federation,2016,27897.013703862878,0.49354764578742544,27897.013703862878
RUS,Russian Federation,2017,29584.966150055723,0.4924611926034306,29584.966150055723
RUS,Russian Federation,2018,31308.33797024282,0.4939698484379521,31308.33797024282
RUS,Russian Federation,2019,34203.805343131186,0.4901134905391512,34203.805343131186
RUS,Russian Federation,2020,34294.35302066972,0.4820386636468321,34294.35302066972
RUS,Russian Federation,2021,37815.80256064725,0.49167103118541544,37815.80256064725
RUS,Russian Federation,2022,37209.027738094526,0.5001279640344501,37209.027738094526
RUS,Russian Federation,2023,39226.797212605845,0.51303693446187,39226.797212605845
RWA,Rwanda,1960,1073.908143492251,0.5078727160966808,1073.908143492251
RWA,Rwanda,1961,1021.8896220800431,0.5052429217266491,1021.8896220800431
RWA,Rwanda,1962,1123.5049210660131,0.5026118401364785,1123.5049210660131
RWA,Rwanda,1963,982.2377531730692,0.4999801419771209,982.2377531730692
RWA,Rwanda,1964,858.8441618530054,0.49734737107183224,858.8441618530054
RWA,Rwanda,1965,889.5407643217186,0.49471504800984156,889.5407643217186
RWA,Rwanda,1966,936.8490449842178,0.4920863475433454,936.8490449842178
RWA,Rwanda,1967,970.5630472991413,0.4894520562574649,970.5630472991413
RWA,Rwanda,1968,1013.3813569017174,0.4868239270363347,1013.3813569017174
RWA,Rwanda,1969,1085.3342859314191,0.4841893162625955,1085.3342859314191
RWA,Rwanda,1970,1138.2999471948058,0.4815597778815923,1138.2999471948058
RWA,Rwanda,1971,1099.2449438881024,0.4799472661153003,1099.2449438881024
RWA,Rwanda,1972,1122.3669799761155,0.47833461309147973,1122.3669799761155
RWA,Rwanda,1973,1139.1147953563564,0.4767237391300968,1139.1147953563564
RWA,Rwanda,1974,1132.9354960788767,0.47511284133747766,1132.9354960788767
RWA,Rwanda,1975,1107.1606477612177,0.473502516108631,1107.1606477612177
RWA,Rwanda,1976,1244.0000043984833,0.4718908038694138,1244.0000043984833
RWA,Rwanda,1977,1252.078649473021,0.47027872558576705,1252.078649473021
RWA,Rwanda,1978,1262.3674230415909,0.46866813075524744,1262.3674230415909
RWA,Rwanda,1979,1375.351475418298,0.46705451620792476,1375.351475418298
RWA,Rwanda,1980,1348.7280051331813,0.46544185376007396,1348.7280051331813
RWA,Rwanda,1981,1495.049495294207,0.4642720686375761,1495.049495294207
RWA,Rwanda,1982,1398.5325363355896,0.4630783347765291,1398.5325363355896
RWA,Rwanda,1983,1432.5134611877343,0.4597529543394226,1432.5134611877343
RWA,Rwanda,1984,1314.127273775887,0.4577063339357757,1314.127273775887
RWA,Rwanda,1985,1336.4425511771144,0.4548832868807315,1336.4425511771144
RWA,Rwanda,1986,1353.3336650078284,0.45252535674009675,1353.3336650078284
RWA,Rwanda,1987,1271.2915239985432,0.4511088720423178,1271.2915239985432
RWA,Rwanda,1988,1244.7360510085932,0.4490729337740244,1244.7360510085932
RWA,Rwanda,1989,1300.7476238850275,0.44778865595052186,1300.7476238850275
RWA,Rwanda,1990,1210.5118450492976,0.4465044008033672,1210.5118450492976
RWA,Rwanda,1991,1039.8462933554504,0.44522012077354545,1039.8462933554504
RWA,Rwanda,1992,1082.0859386571415,0.4439358506894334,1082.0859386571415
RWA,Rwanda,1993,948.0145177283435,0.4426515583881873,948.0145177283435
RWA,Rwanda,1994,513.9356421913028,0.4413672824471626,513.9356421913028
RWA,Rwanda,1995,762.3061485613271,0.4400830135511264,762.3061485613271
RWA,Rwanda,1996,799.1999782625755,0.4387987638154822,799.1999782625755
RWA,Rwanda,1997,835.3529369238894,0.43242791885017967,835.3529369238894
RWA,Rwanda,1998,896.9282489968672,0.4260571295359592,896.9282489968672
RWA,Rwanda,1999,946.2274300497171,0.41968633762525664,946.2274300497171
RWA,Rwanda,2000,1010.7414046027413,0.4133154888000325,1010.7414046027413
RWA,Rwanda,2001,1096.443585011525,0.4069447116371867,1096.443585011525
RWA,Rwanda,2002,1260.3452489262133,0.4005738830806185,1260.3452489262133
RWA,Rwanda,2003,1239.3076961569257,0.3954835676957764,1239.3076961569257
RWA,Rwanda,2004,1314.588804572532,0.38661415338860255,1314.588804572532
RWA,Rwanda,2005,1389.1232617260669,0.37758884916991253,1389.1232617260669
RWA,Rwanda,2006,1515.3221579066733,0.38072483627464415,1515.3221579066733
RWA,Rwanda,2007,1549.2283918379323,0.3828021637292262,1549.2283918379323
RWA,Rwanda,2008,1573.9246509925931,0.38388031933186656,1573.9246509925931
RWA,Rwanda,2009,1645.5728569235396,0.3797501009420013,1645.5728569235396
RWA,Rwanda,2010,1770.8993262501292,0.3808271886151028,1770.8993262501292
RWA,Rwanda,2011,1900.6981365403306,0.38149870550095594,1900.6981365403306
RWA,Rwanda,2012,1945.8502191640534,0.38624493111175623,1945.8502191640534
RWA,Rwanda,2013,1925.4053135710255,0.37819631594443515,1925.4053135710255
RWA,Rwanda,2014,2040.1291699967715,0.3712669302312288,2040.1291699967715
RWA,Rwanda,2015,2173.9663056478757,0.38291291000160393,2173.9663056478757
RWA,Rwanda,2016,2220.7403104935966,0.3936304916442956,2220.7403104935966
RWA,Rwanda,2017,2238.2241451443447,0.4014370378336855,2238.2241451443447
RWA,Rwanda,2018,2443.7707081364374,0.41331870929957454,2443.7707081364374
RWA,Rwanda,2019,2599.726614602277,0.403722890898684,2599.726614602277
RWA,Rwanda,2020,2513.36181380879,0.4356826346887857,2513.36181380879
RWA,Rwanda,2021,2784.2681460338476,0.38936646746863784,2784.2681460338476
RWA,Rwanda,2022,2973.025146728855,0.40976614752435236,2973.025146728855
RWA,Rwanda,2023,3137.946455476528,0.4420970498358992,3137.946455476528
SAU,Saudi Arabia,1970,44151.88934924365,0.19574566091599424,44151.88934924365
SAU,Saudi Arabia,1971,49718.034033551274,0.19672999067625405,49718.034033551274
SAU,Saudi Arabia,1972,55879.64113933352,0.19807314461077158,55879.64113933352
SAU,Saudi Arabia,1973,62946.47379761656,0.19973661988409325,62946.47379761656
SAU,Saudi Arabia,1974,80001.87255760898,0.20170791224919304,80001.87255760898
SAU,Saudi Arabia,1975,71282.92593289228,0.2037524852467518,71282.92593289228
SAU,Saudi Arabia,1976,79580.72237071523,0.2183561546279971,79580.72237071523
SAU,Saudi Arabia,1977,78744.76839486859,0.23408008674568095,78744.76839486859
SAU,Saudi Arabia,1978,73271.29075371494,0.2506602360577896,73271.29075371494
SAU,Saudi Arabia,1979,73007.73879507645,0.26769574882270764,73007.73879507645
SAU,Saudi Arabia,1980,75389.52565618006,0.28483292034802765,75389.52565618006
SAU,Saudi Arabia,1981,72968.27990307998,0.27947262891601204,72968.27990307998
SAU,Saudi Arabia,1982,59105.980655539475,0.2744167491177856,59105.980655539475
SAU,Saudi Arabia,1983,50149.82887631376,0.26954346888767605,50149.82887631376
SAU,Saudi Arabia,1984,45417.661982301084,0.26483825018101526,45417.661982301084
SAU,Saudi Arabia,1985,35786.49826007305,0.2600984114756374,35786.49826007305
SAU,Saudi Arabia,1986,35217.69554271537,0.26095954109049413,35217.69554271537
SAU,Saudi Arabia,1987,31959.945210364644,0.26381659047537653,31959.945210364644
SAU,Saudi Arabia,1988,32548.697758320683,0.26819503652503823,32548.697758320683
SAU,Saudi Arabia,1989,30695.92647165977,0.2735151451950151,30695.92647165977
SAU,Saudi Arabia,1990,32221.268571749708,0.27940273771353,32221.268571749708
SAU,Saudi Arabia,1991,34116.24596890673,0.2751108459140242,34116.24596890673
SAU,Saudi Arabia,1992,35177.902596084634,0.26967604589480704,35177.902596084634
SAU,Saudi Arabia,1993,33927.00101720206,0.27055525282345694,33927.00101720206
SAU,Saudi Arabia,1994,31573.35682868446,0.27118913803871986,31573.35682868446
SAU,Saudi Arabia,1995,30762.79211121475,0.27172856949307805,30762.79211121475
SAU,Saudi Arabia,1996,30543.254743742847,0.27224779358276174,30543.254743742847
SAU,Saudi Arabia,1997,30403.242294595533,0.27386200073321193,30403.242294595533
SAU,Saudi Arabia,1998,26896.27892966077,0.27645354019310847,26896.27892966077
SAU,Saudi Arabia,1999,29256.72542306058,0.2799323811539551,29256.72542306058
SAU,Saudi Arabia,2000,32145.19904285659,0.2794683969152802,32145.19904285659
SAU,Saudi Arabia,2001,29572.62137898671,0.27690873276390604,29572.62137898671
SAU,Saudi Arabia,2002,30361.690165379645,0.2740942231455727,30361.690165379645
SAU,Saudi Arabia,2003,31603.538410839927,0.28426057961216744,31603.538410839927
SAU,Saudi Arabia,2004,35583.140733766224,0.293540254272813,35583.140733766224
SAU,Saudi Arabia,2005,41625.508453595816,0.3021980471433899,41625.508453595816
SAU,Saudi Arabia,2006,46756.484089020516,0.3103902200120005,46756.484089020516
SAU,Saudi Arabia,2007,49741.34616231452,0.3112594560880957,49741.34616231452
SAU,Saudi Arabia,2008,60063.78876872288,0.3118425011773731,60063.78876872288
SAU,Saudi Arabia,2009,52242.37450910811,0.3092630464515258,52242.37450910811
SAU,Saudi Arabia,2010,61500.328058115374,0.3257892513759194,61500.328058115374
SAU,Saudi Arabia,2011,76340.91687832268,0.3564581395611056,76340.91687832268
SAU,Saudi Arabia,2012,78012.10888462658,0.35899453307837437,78012.10888462658
SAU,Saudi Arabia,2013,74444.20211707891,0.36460149187935487,74444.20211707891
SAU,Saudi Arabia,2014,73137.47114986181,0.3659303697146657,73137.47114986181
SAU,Saudi Arabia,2015,63554.01385650906,0.3695672037984165,63554.01385650906
SAU,Saudi Arabia,2016,58733.487754074114,0.38257639680237276,58733.487754074114
SAU,Saudi Arabia,2017,59109.34517065952,0.37936543086185737,59109.34517065952
SAU,Saudi Arabia,2018,62779.380987811644,0.3855366876915096,62779.380987811644
SAU,Saudi Arabia,2019,62476.48108341564,0.39953199137530504,62476.48108341564
SAU,Saudi Arabia,2020,57273.910790244474,0.4018093765687054,57273.910790244474
SAU,Saudi Arabia,2021,59787.01815845858,0.45704300616008325,59787.01815845858
SAU,Saudi Arabia,2022,63400.56124327716,0.5036797658339931,63400.56124327716
SAU,Saudi Arabia,2023,59042.305785435026,0.4641308725557905,59042.305785435026
SDN,Sudan,1970,1684.2249461462322,0.24069252676583486,1684.2249461462322
SDN,Sudan,1971,1748.3071152829955,0.2402097634460752,1748.3071152829955
SDN,Sudan,1972,1638.919823807759,0.23972585861053886,1638.919823807759
SDN,Sudan,1973,1571.4311895113956,0.23924261257289134,1571.4311895113956
SDN,Sudan,1974,1827.921925379979,0.23875943388811455,1827.921925379979
SDN,Sudan,1975,2031.3648758234879,0.23827592265510117,2031.3648758234879
SDN,Sudan,1976,2242.986924015008,0.23779285905030395,2242.986924015008
SDN,Sudan,1977,2439.207657426472,0.23730932536700927,2439.207657426472
SDN,Sudan,1978,2378.9501609872163,0.2368265168249014,2378.9501609872163
SDN,Sudan,1979,2190.3854825757435,0.2363427290619218,2190.3854825757435
SDN,Sudan,1980,2159.8781255408385,0.2358592574099479,2159.8781255408385
SDN,Sudan,1981,2210.4017869498757,0.23618155594019924,2210.4017869498757
SDN,Sudan,1982,2280.4088502867608,0.23650403011177884,2280.4088502867608
SDN,Sudan,1983,1930.68307896888,0.23682640021441564,1930.68307896888
SDN,Sudan,1984,1930.9507103150947,0.23714854582658584,1930.9507103150947
SDN,Sudan,1985,1941.3218952120799,0.23747087912293358,1941.3218952120799
SDN,Sudan,1986,2090.7207613036585,0.2377925688555618,2090.7207613036585
SDN,Sudan,1987,2106.8292751637896,0.23811499846310855,2106.8292751637896
SDN,Sudan,1988,2120.34673933265,0.2384374251376521,2120.34673933265
SDN,Sudan,1989,2054.7180447121505,0.23875940426417075,2054.7180447121505
SDN,Sudan,1990,2130.579000469637,0.2390817926689411,2130.579000469637
SDN,Sudan,1991,2305.631781620018,0.24116964311283293,2305.631781620018
SDN,Sudan,1992,2295.577356431068,0.2375859945585163,2295.577356431068
SDN,Sudan,1993,2130.6511049053784,0.23636173548558265,2130.6511049053784
SDN,Sudan,1994,2196.546624182716,0.23803241965721753,2196.546624182716
SDN,Sudan,1995,2111.103130127813,0.2405171553050504,2111.103130127813
SDN,Sudan,1996,2111.7395782838526,0.242503587444134,2111.7395782838526
SDN,Sudan,1997,2285.2200768200823,0.2427672191430035,2285.2200768200823
SDN,Sudan,1998,2371.029052053705,0.24266174970104276,2371.029052053705
SDN,Sudan,1999,2547.389278165327,0.24232345244344575,2547.389278165327
SDN,Sudan,2000,2541.809315246406,0.24142556739639678,2541.809315246406
SDN,Sudan,2001,2513.105434689773,0.2412231790931369,2513.105434689773
SDN,Sudan,2002,2597.0721868036726,0.24093639429109664,2597.0721868036726
SDN,Sudan,2003,2555.057740654844,0.2398495249154409,2555.057740654844
SDN,Sudan,2004,2647.094562960538,0.23847477718069254,2647.094562960538
SDN,Sudan,2005,3219.8378703623275,0.2374372183013413,3219.8378703623275
SDN,Sudan,2006,4023.0868303864754,0.23664175000438528,4023.0868303864754
SDN,Sudan,2007,4001.3370163496884,0.23617599640296308,4001.3370163496884
SDN,Sudan,2008,3916.4064419203196,0.2358308028394937,3916.4064419203196
SDN,Sudan,2009,4775.659488283659,0.24481160939546842,4775.659488283659
SDN,Sudan,2010,5644.0800569564935,0.23933282535096445,5644.0800569564935
SDN,Sudan,2011,6776.098359566193,0.23319658980757568,6776.098359566193
SDN,Sudan,2012,6992.539516777239,0.23058704791567672,6992.539516777239
SDN,Sudan,2013,5037.907428651398,0.2283789563575663,5037.907428651398
SDN,Sudan,2014,7654.34078174359,0.226843124269641,7654.34078174359
SDN,Sudan,2015,7644.391934016501,0.22619308089928522,7644.391934016501
SDN,Sudan,2016,10943.01443518078,0.2244535238723286,10943.01443518078
SDN,Sudan,2017,13753.817046682205,0.22352408315906572,13753.817046682205
SDN,Sudan,2018,7314.458864628458,0.22275690496134534,7314.458864628458
SDN,Sudan,2019,5371.225768101576,0.22071703075259766,5371.225768101576
SDN,Sudan,2020,4871.227072528719,0.21396541436621389,4871.227072528719
SDN,Sudan,2021,3099.337277646475,0.2120334818277471,3099.337277646475
SDN,Sudan,2022,3003.997605285798,0.21792076950738412,3003.997605285798
SDN,Sudan,2023,2550.377336068246,0.2062342519452742,2550.377336068246
SEN,Senegal,1960,3024.4240976715014,0.22919586227740024,3024.4240976715014
SEN,Senegal,1961,2952.8890798875627,0.22871344378472605,2952.8890798875627
SEN,Senegal,1962,2895.7900845059544,0.22822804898916849,2895.7900845059544
SEN,Senegal,1963,2855.3814616264203,0.22774072970926235,2855.3814616264203
SEN,Senegal,1964,2842.422656448842,0.22725397586936272,2842.422656448842
SEN,Senegal,1965,2795.7161695653517,0.22676935831192102,2795.7161695653517
SEN,Senegal,1966,2868.6636877081405,0.22628460387255042,2868.6636877081405
SEN,Senegal,1967,2771.0470775147073,0.2257982088655847,2771.0470775147073
SEN,Senegal,1968,2745.563900105486,0.2253129857309168,2745.563900105486
SEN,Senegal,1969,2407.1998743323556,0.2248269716338747,2407.1998743323556
SEN,Senegal,1970,2548.675927126266,0.22433949056296137,2548.675927126266
SEN,Senegal,1971,2486.0792567560666,0.22844560615519494,2486.0792567560666
SEN,Senegal,1972,2501.3985660999347,0.2328662421148356,2501.3985660999347
SEN,Senegal,1973,2333.1458637356527,0.2349118572513608,2333.1458637356527
SEN,Senegal,1974,2480.7559303481685,0.2372775734602382,2480.7559303481685
SEN,Senegal,1975,2495.1337033632058,0.24722464459981125,2495.1337033632058
SEN,Senegal,1976,2621.4030276714193,0.2525212598940806,2621.4030276714193
SEN,Senegal,1977,2563.6016725030877,0.2558048765651031,2563.6016725030877
SEN,Senegal,1978,2469.093283862204,0.26230288746144464,2469.093283862204
SEN,Senegal,1979,2597.5318100499835,0.26984070294967555,2597.5318100499835
SEN,Senegal,1980,2446.4278562280115,0.2753110611907443,2446.4278562280115
SEN,Senegal,1981,2453.016237581622,0.2813021469706494,2453.016237581622
SEN,Senegal,1982,2822.5696365260396,0.28960524636177976,2822.5696365260396
SEN,Senegal,1983,2918.442485272363,0.2926110181161479,2918.442485272363
SEN,Senegal,1984,3013.120543410094,0.2969802973054994,3013.120543410094
SEN,Senegal,1985,3181.465712530376,0.30169928036034965,3181.465712530376
SEN,Senegal,1986,3223.837860479905,0.3085851008773919,3223.837860479905
SEN,Senegal,1987,3191.5689697353537,0.31757465974292987,3191.5689697353537
SEN,Senegal,1988,3202.8202215122933,0.324454845531224,3202.8202215122933
SEN,Senegal,1989,3166.2797277521136,0.3314736876417593,3166.2797277521136
SEN,Senegal,1990,3103.7483531717994,0.33728647483162605,3103.7483531717994
SEN,Senegal,1991,2953.331173829186,0.34335960138398747,2953.331173829186
SEN,Senegal,1992,2890.875919473777,0.33873809410342665,2890.875919473777
SEN,Senegal,1993,2759.5862897985394,0.330666508892482,2759.5862897985394
SEN,Senegal,1994,2805.017470055929,0.32580016087889624,2805.017470055929
SEN,Senegal,1995,2764.993019406085,0.32459534888973013,2764.993019406085
SEN,Senegal,1996,3104.1794654640435,0.320707413725533,3104.1794654640435
SEN,Senegal,1997,2987.6737896126406,0.32006168638169785,2987.6737896126406
SEN,Senegal,1998,2862.9976966630998,0.32422232912818355,2862.9976966630998
SEN,Senegal,1999,2990.1039115190633,0.3244938553922906,2990.1039115190633
SEN,Senegal,2000,2909.18903944871,0.3245247620537426,2909.18903944871
SEN,Senegal,2001,3074.1480469706967,0.3221395296730854,3074.1480469706967
SEN,Senegal,2002,2949.7772546978304,0.3229854416803077,2949.7772546978304
SEN,Senegal,2003,2992.977840070903,0.32429951767737514,2992.977840070903
SEN,Senegal,2004,2929.232838105419,0.3269865187528098,2929.232838105419
SEN,Senegal,2005,3118.4239383757085,0.32749345066929275,3118.4239383757085
SEN,Senegal,2006,3118.7608526286826,0.330244557676512,3118.7608526286826
SEN,Senegal,2007,3170.2779221023616,0.33336425108192425,3170.2779221023616
SEN,Senegal,2008,3094.5058588671436,0.3363710753075033,3094.5058588671436
SEN,Senegal,2009,3244.8246596180115,0.3402153871860967,3244.8246596180115
SEN,Senegal,2010,3374.4401795572494,0.34440084389619874,3374.4401795572494
SEN,Senegal,2011,3345.844412915698,0.3489616183435504,3345.844412915698
SEN,Senegal,2012,3445.826488796998,0.35402566985050143,3445.826488796998
SEN,Senegal,2013,3291.7357770842636,0.35770988408613136,3291.7357770842636
SEN,Senegal,2014,3309.7084822629176,0.35976352912554616,3309.7084822629176
SEN,Senegal,2015,3399.991888846351,0.3675905347496977,3399.991888846351
SEN,Senegal,2016,3438.1151260156544,0.3695008816373897,3438.1151260156544
SEN,Senegal,2017,3470.1961892315103,0.3728450114561297,3470.1961892315103
SEN,Senegal,2018,3550.047671154943,0.3785225792222016,3550.047671154943
SEN,Senegal,2019,3751.8044080287304,0.41180384680277143,3751.8044080287304
SEN,Senegal,2020,3732.0775891213284,0.4106005438786492,3732.0775891213284
SEN,Senegal,2021,3978.661469251229,0.4093972543199527,3978.661469251229
SEN,Senegal,2022,4041.79106045101,0.408193944402705,4041.79106045101
SEN,Senegal,2023,4112.189088518685,0.4091546733428746,4112.189088518685
SGP,Singapore,1960,3216.9311382697183,0.28558388463495926,3216.9311382697183
SGP,Singapore,1961,3609.2590915731475,0.28725633079798385,3609.2590915731475
SGP,Singapore,1962,4061.4841891429755,0.2889340219867107,4061.4841891429755
SGP,Singapore,1963,4580.474516719453,0.2906099645288058,4580.474516719453
SGP,Singapore,1964,4573.343411909056,0.292280461610851,4573.343411909056
SGP,Singapore,1965,4848.087943642747,0.2939584545538997,4848.087943642747
SGP,Singapore,1966,5353.182035886646,0.29563094118155975,5353.182035886646
SGP,Singapore,1967,6036.314771646661,0.2973079350350796,6036.314771646661
SGP,Singapore,1968,6603.817289733864,0.29898241603683157,6603.817289733864
SGP,Singapore,1969,7588.5097994985,0.3006592178980382,7588.5097994985
SGP,Singapore,1970,8677.440976415666,0.30233190891565187,8677.440976415666
SGP,Singapore,1971,9721.072894354675,0.3247324900971466,9721.072894354675
SGP,Singapore,1972,10542.625894097213,0.3566344643319672,10542.625894097213
SGP,Singapore,1973,11489.433669357864,0.35317120886762327,11489.433669357864
SGP,Singapore,1974,13607.059641454984,0.3611335708739174,13607.059641454984
SGP,Singapore,1975,13812.186042967163,0.36354273873208337,13812.186042967163
SGP,Singapore,1976,15242.401109663268,0.3713089087575583,15242.401109663268
SGP,Singapore,1977,15897.155574415247,0.3796767900518699,15897.155574415247
SGP,Singapore,1978,17445.604513700317,0.39570928584980103,17445.604513700317
SGP,Singapore,1979,19868.521390134734,0.41721886116756396,19868.521390134734
SGP,Singapore,1980,21743.69225111621,0.42987193778552796,21743.69225111621
SGP,Singapore,1981,21050.000589994794,0.44616835851943404,21050.000589994794
SGP,Singapore,1982,21271.858623412274,0.45964398139886053,21271.858623412274
SGP,Singapore,1983,23081.004901002652,0.46147649320854095,23081.004901002652
SGP,Singapore,1984,25430.949810046077,0.46349979792367885,25430.949810046077
SGP,Singapore,1985,22923.767346701865,0.4514863931164631,22923.767346701865
SGP,Singapore,1986,23985.423316717995,0.4405327105265183,23985.423316717995
SGP,Singapore,1987,26830.4114695959,0.4512093991117643,26830.4114695959
SGP,Singapore,1988,28478.70679034554,0.46265415468750404,28478.70679034554
SGP,Singapore,1989,28614.911094531344,0.4700757497511447,28614.911094531344
SGP,Singapore,1990,32004.994668690622,0.5006888522030102,32004.994668690622
SGP,Singapore,1991,29351.285284114263,0.5002964034824766,29351.285284114263
SGP,Singapore,1992,28523.181523741925,0.49769075244713945,28523.181523741925
SGP,Singapore,1993,27218.81421622524,0.48200101426658554,27218.81421622524
SGP,Singapore,1994,25024.969337152925,0.48171415346940755,25024.969337152925
SGP,Singapore,1995,25454.745609606452,0.4779933819498424,25454.745609606452
SGP,Singapore,1996,30088.15135718886,0.47789972839815154,30088.15135718886
SGP,Singapore,1997,31090.99763552969,0.49123839591080437,31090.99763552969
SGP,Singapore,1998,33444.877045346075,0.49718682398510233,33444.877045346075
SGP,Singapore,1999,34623.53733351115,0.5010402783328766,34623.53733351115
SGP,Singapore,2000,45977.57540124578,0.519709601519583,45977.57540124578
SGP,Singapore,2001,43139.86456085591,0.5201420960518842,43139.86456085591
SGP,Singapore,2002,47022.14709835703,0.5300989101998267,47022.14709835703
SGP,Singapore,2003,43980.804362718976,0.5284677987701621,43980.804362718976
SGP,Singapore,2004,51746.13077485515,0.5413939785235529,51746.13077485515
SGP,Singapore,2005,69857.3709974126,0.5560015189536084,69857.3709974126
SGP,Singapore,2006,75762.45451046934,0.5780568206356236,75762.45451046934
SGP,Singapore,2007,79912.31536283466,0.6085088286443294,79912.31536283466
SGP,Singapore,2008,70029.21132010233,0.6142207306574142,70029.21132010233
SGP,Singapore,2009,66023.56302661049,0.6021437569126254,66023.56302661049
SGP,Singapore,2010,81934.47344246047,0.6122328503680982,81934.47344246047
SGP,Singapore,2011,86903.6289140659,0.6233679706205291,86903.6289140659
SGP,Singapore,2012,85948.98258944259,0.6346516068931279,85948.98258944259
SGP,Singapore,2013,81862.55033805037,0.6492723985395207,81862.55033805037
SGP,Singapore,2014,88212.8772055186,0.6637368979508473,88212.8772055186
SGP,Singapore,2015,86196.9184249295,0.6615864652651964,86196.9184249295
SGP,Singapore,2016,86883.09888256037,0.6584252330850476,86883.09888256037
SGP,Singapore,2017,94339.5595136256,0.654752759653306,94339.5595136256
SGP,Singapore,2018,95942.0322843605,0.6593047533737655,95942.0322843605
SGP,Singapore,2019,96338.50968760731,0.6631205506993731,96338.50968760731
SGP,Singapore,2020,92889.17444374261,0.6666713578271951,92889.17444374261
SGP,Singapore,2021,104843.33897073539,0.6949183976691355,104843.33897073539
SGP,Singapore,2022,109861.2516006963,0.7012378742654514,109861.2516006963
SGP,Singapore,2023,103088.77345144056,0.6849296455707962,103088.77345144056
SLE,Sierra Leone,1961,999.6070658984329,,999.6070658984329
SLE,Sierra Leone,1962,1117.6275679833334,,1117.6275679833334
SLE,Sierra Leone,1963,1185.3630076884604,,1185.3630076884604
SLE,Sierra Leone,1964,1203.726201497916,,1203.726201497916
SLE,Sierra Leone,1965,1210.715174160536,,1210.715174160536
SLE,Sierra Leone,1966,1213.1807255822844,,1213.1807255822844
SLE,Sierra Leone,1967,1123.1808757512663,,1123.1808757512663
SLE,Sierra Leone,1968,1219.6185488378437,,1219.6185488378437
SLE,Sierra Leone,1969,1281.5455063859172,,1281.5455063859172
SLE,Sierra Leone,1970,1535.2795344959934,,1535.2795344959934
SLE,Sierra Leone,1971,1533.3043640947055,,1533.3043640947055
SLE,Sierra Leone,1972,1568.2151565344757,,1568.2151565344757
SLE,Sierra Leone,1973,1594.9966746622288,,1594.9966746622288
SLE,Sierra Leone,1974,1605.8051108682744,,1605.8051108682744
SLE,Sierra Leone,1975,1570.3632358915665,,1570.3632358915665
SLE,Sierra Leone,1976,1509.8991985740322,,1509.8991985740322
SLE,Sierra Leone,1977,1491.5483247120912,,1491.5483247120912
SLE,Sierra Leone,1978,1512.0247671130057,,1512.0247671130057
SLE,Sierra Leone,1979,1503.8255796708745,,1503.8255796708745
SLE,Sierra Leone,1980,1416.7214497756634,0.3546607237583972,1416.7214497756634
SLE,Sierra Leone,1981,1490.5208735781416,0.3529360294527695,1490.5208735781416
SLE,Sierra Leone,1982,1567.5644138588655,0.3508094494282437,1567.5644138588655
SLE,Sierra Leone,1983,1508.016296386824,0.34983204842804233,1508.016296386824
SLE,Sierra Leone,1984,1548.215313548294,0.3479145819100793,1548.215313548294
SLE,Sierra Leone,1985,1526.6134207179016,0.3476462590469262,1526.6134207179016
SLE,Sierra Leone,1986,1518.518174909411,0.3464294124888504,1518.518174909411
SLE,Sierra Leone,1987,1590.7960567772222,0.344797763415604,1590.7960567772222
SLE,Sierra Leone,1988,1653.2107848307683,0.3448494576057239,1653.2107848307683
SLE,Sierra Leone,1989,1723.593884713068,0.3445680108794664,1723.593884713068
SLE,Sierra Leone,1990,1781.345572552056,0.3434588222445976,1781.345572552056
SLE,Sierra Leone,1991,1816.4241609527264,0.34305630561207767,1816.4241609527264
SLE,Sierra Leone,1992,1735.2409571749697,0.3423863856787402,1735.2409571749697
SLE,Sierra Leone,1993,1925.1254067183968,0.34223515298722434,1925.1254067183968
SLE,Sierra Leone,1994,2078.8751440024876,0.3417484367394998,2078.8751440024876
SLE,Sierra Leone,1995,2102.8990626059567,0.34198402389108956,2102.8990626059567
SLE,Sierra Leone,1996,1851.0911827388366,0.3418444850192631,1851.0911827388366
SLE,Sierra Leone,1997,1489.8255835309644,0.341199289007489,1489.8255835309644
SLE,Sierra Leone,1998,1321.2760807978052,0.34110109880240047,1321.2760807978052
SLE,Sierra Leone,1999,1005.0001329450632,0.3402677677241032,1005.0001329450632
SLE,Sierra Leone,2000,1192.7594245826542,0.34032367381373496,1192.7594245826542
SLE,Sierra Leone,2001,1262.8904520258097,0.3393037864643695,1262.8904520258097
SLE,Sierra Leone,2002,1394.4408546652023,0.3399861737897911,1394.4408546652023
SLE,Sierra Leone,2003,1354.1159356605567,0.3397864684631207,1354.1159356605567
SLE,Sierra Leone,2004,1295.771080347412,0.35486992863589506,1295.771080347412
SLE,Sierra Leone,2005,1257.6771451152385,0.35486992072428364,1257.6771451152385
SLE,Sierra Leone,2006,1252.6406187382945,0.35486994098699504,1252.6406187382945
SLE,Sierra Leone,2007,1295.8645335433018,0.3548699463644529,1295.8645335433018
SLE,Sierra Leone,2008,1362.6632428287119,0.35486992924964067,1362.6632428287119
SLE,Sierra Leone,2009,1425.8891103442968,0.3548699493407656,1425.8891103442968
SLE,Sierra Leone,2010,1445.7271665847893,0.3548699327804894,1445.7271665847893
SLE,Sierra Leone,2011,1681.4832647194387,0.3548699253796884,1681.4832647194387
SLE,Sierra Leone,2012,1798.0074468637233,0.3548699114387399,1798.0074468637233
SLE,Sierra Leone,2013,2132.2764588212094,0.35486993634661546,2132.2764588212094
SLE,Sierra Leone,2014,2052.479416419383,0.3548699299611903,2052.479416419383
SLE,Sierra Leone,2015,1991.4874155080777,0.3548699473139447,1991.4874155080777
SLE,Sierra Leone,2016,2182.466327998878,0.35486991646064137,2182.466327998878
SLE,Sierra Leone,2017,2181.930979317954,0.35486991460549167,2181.930979317954
SLE,Sierra Leone,2018,2773.347410614618,0.35486992725986133,2773.347410614618
SLE,Sierra Leone,2019,2714.043632164083,0.3565535499541994,2714.043632164083
SLE,Sierra Leone,2020,2635.762669922925,0.3540632319387966,2635.762669922925
SLE,Sierra Leone,2021,2696.4422652435537,0.3556452595757654,2696.4422652435537
SLE,Sierra Leone,2022,2787.8702575159723,0.36355242188027825,2787.8702575159723
SLE,Sierra Leone,2023,2845.557922868616,0.366387868548777,2845.557922868616
SLV,El Salvador,1950,2015.7290623688436,,2015.7290623688436
SLV,El Salvador,1951,1966.5621642121034,,1966.5621642121034
SLV,El Salvador,1952,2063.675717067064,,2063.675717067064
SLV,El Salvador,1953,2157.3979483526864,,2157.3979483526864
SLV,El Salvador,1954,2118.38041265933,,2118.38041265933
SLV,El Salvador,1955,2163.7983698198464,,2163.7983698198464
SLV,El Salvador,1956,2228.2471578676673,,2228.2471578676673
SLV,El Salvador,1957,2274.7689499651774,,2274.7689499651774
SLV,El Salvador,1958,2287.5644568447424,,2287.5644568447424
SLV,El Salvador,1959,2302.798765947578,,2302.798765947578
SLV,El Salvador,1960,2246.181231552459,,2246.181231552459
SLV,El Salvador,1961,2306.091217924762,,2306.091217924762
SLV,El Salvador,1962,2509.775669395248,,2509.775669395248
SLV,El Salvador,1963,2514.215698555377,,2514.215698555377
SLV,El Salvador,1964,2607.7819397271574,,2607.7819397271574
SLV,El Salvador,1965,2682.2764142022393,,2682.2764142022393
SLV,El Salvador,1966,2757.382486035464,,2757.382486035464
SLV,El Salvador,1967,2847.732563735635,,2847.732563735635
SLV,El Salvador,1968,2879.399858250639,,2879.399858250639
SLV,El Salvador,1969,2885.019538390481,,2885.019538390481
SLV,El Salvador,1970,2859.9835720117717,,2859.9835720117717
SLV,El Salvador,1971,2873.408476142395,,2873.408476142395
SLV,El Salvador,1972,2959.7449698030587,,2959.7449698030587
SLV,El Salvador,1973,3066.940518167792,,3066.940518167792
SLV,El Salvador,1974,3137.819168425909,,3137.819168425909
SLV,El Salvador,1975,3244.002314735603,0.29615703511504204,3244.002314735603
SLV,El Salvador,1976,3307.9639529957417,0.3018579977932362,3307.9639529957417
SLV,El Salvador,1977,3350.176732897902,0.30755898371298523,3350.176732897902
SLV,El Salvador,1978,3509.180299202524,0.3132599678775789,3509.180299202524
SLV,El Salvador,1979,3471.7650552111786,0.3214453683919875,3471.7650552111786
SLV,El Salvador,1980,3224.848254783408,0.30548089669857076,3224.848254783408
SLV,El Salvador,1981,3011.557367808902,0.30049430159008267,3011.557367808902
SLV,El Salvador,1982,2908.894696095838,0.29550772127591984,2908.894696095838
SLV,El Salvador,1983,2918.003063734993,0.2905211580365287,2918.003063734993
SLV,El Salvador,1984,2981.338424157926,0.28553459271351855,2981.338424157926
SLV,El Salvador,1985,2928.023952051461,0.2805480163542141,2928.023952051461
SLV,El Salvador,1986,3146.4314238126176,0.28603533120425156,3146.4314238126176
SLV,El Salvador,1987,3101.3606429117194,0.29152267829422274,3101.3606429117194
SLV,El Salvador,1988,3159.237622485172,0.2970099926491998,3159.237622485172
SLV,El Salvador,1989,3170.3328780412226,0.30249732439554866,3170.3328780412226
SLV,El Salvador,1990,3095.412416528172,0.30798468095717263,3095.412416528172
SLV,El Salvador,1991,3115.606933260444,0.313471999816685,3115.606933260444
SLV,El Salvador,1992,3357.8939758404144,0.31895933229137413,3357.8939758404144
SLV,El Salvador,1993,3632.3673428526045,0.3301968445068399,3632.3673428526045
SLV,El Salvador,1994,3840.6990811723012,0.3414343594980915,3840.6990811723012
SLV,El Salvador,1995,4185.114115116438,0.3424109688066602,4185.114115116438
SLV,El Salvador,1996,4303.042197231971,0.3542288977069674,4303.042197231971
SLV,El Salvador,1997,4496.040430014793,0.35520100428199775,4496.040430014793
SLV,El Salvador,1998,4611.82466399871,0.36761476009987276,4611.82466399871
SLV,El Salvador,1999,4749.658246884459,0.3690493760145792,4749.658246884459
SLV,El Salvador,2000,4969.096991397635,0.36998174758874014,4969.096991397635
SLV,El Salvador,2001,5091.031924004617,0.38122403964556656,5091.031924004617
SLV,El Salvador,2002,5329.724146498256,0.3707597992930765,5329.724146498256
SLV,El Salvador,2003,5587.882244462416,0.3801977684376386,5587.882244462416
SLV,El Salvador,2004,5769.103804771319,0.3753151487505294,5769.103804771319
SLV,El Salvador,2005,6352.24882288599,0.38023849351073785,6352.24882288599
SLV,El Salvador,2006,6781.617836997667,0.38936467206852715,6781.617836997667
SLV,El Salvador,2007,7175.493512788395,0.4025337560963915,7175.493512788395
SLV,El Salvador,2008,7361.482840578264,0.4025337474374475,7361.482840578264
SLV,El Salvador,2009,7243.019176405387,0.403923108653789,7243.019176405387
SLV,El Salvador,2010,7634.559203157287,0.4083250001473193,7634.559203157287
SLV,El Salvador,2011,8175.283639405221,0.41839321382809425,8175.283639405221
SLV,El Salvador,2012,8371.813524548268,0.4324907312036032,8371.813524548268
SLV,El Salvador,2013,8308.172792322783,0.44255249072483577,8308.172792322783
SLV,El Salvador,2014,8577.682474356863,0.4432641882803623,8577.682474356863
SLV,El Salvador,2015,8593.4946654304,0.44561340646718395,8593.4946654304
SLV,El Salvador,2016,8784.353556194363,0.4543775651489066,8784.353556194363
SLV,El Salvador,2017,9037.059964516162,0.4576162372332922,9037.059964516162
SLV,El Salvador,2018,9316.07295551936,0.46748212016627044,9316.07295551936
SLV,El Salvador,2019,9843.146476923874,0.48287724666135834,9843.146476923874
SLV,El Salvador,2020,9361.128983829625,0.45339010928074014,9361.128983829625
SLV,El Salvador,2021,10750.412078777681,0.4566929827034669,10750.412078777681
SLV,El Salvador,2022,11016.084284492554,0.4705773559918373,11016.084284492554
SLV,El Salvador,2023,11245.019314938576,0.48251314327038186,11245.019314938576
SOM,Somalia,1970,652.1437160805099,,652.1437160805099
SOM,Somalia,1971,684.0999595362159,,684.0999595362159
SOM,Somalia,1972,643.7389163623295,,643.7389163623295
SOM,Somalia,1973,658.2118734299281,,658.2118734299281
SOM,Somalia,1974,706.8654002322944,,706.8654002322944
SOM,Somalia,1975,689.9399778312169,,689.9399778312169
SOM,Somalia,1976,589.7742518137245,,589.7742518137245
SOM,Somalia,1977,623.825317740799,,623.825317740799
SOM,Somalia,1978,670.5183901970179,,670.5183901970179
SOM,Somalia,1979,579.1742106307095,,579.1742106307095
SOM,Somalia,1980,536.3377856110623,0.13583954807788948,536.3377856110623
SOM,Somalia,1981,542.6667320593216,0.13637468491392196,542.6667320593216
SOM,Somalia,1982,611.3408382177073,0.13749830662257487,611.3408382177073
SOM,Somalia,1983,539.823645992816,0.13836629544462406,539.823645992816
SOM,Somalia,1984,544.2933212689446,0.13905329194058993,544.2933212689446
SOM,Somalia,1985,545.4887379778835,0.14004258665070968,545.4887379778835
SOM,Somalia,1986,546.3268440582897,0.14086739592140707,546.3268440582897
SOM,Somalia,1987,526.5029956205482,0.1411519035337096,526.5029956205482
SOM,Somalia,1988,494.5569883962236,0.14177688250893114,494.5569883962236
SOM,Somalia,1989,616.7911215469421,0.14246972291545515,616.7911215469421
SOM,Somalia,1990,644.6608882361465,0.14291255938735764,644.6608882361465
SOM,Somalia,1991,672.262416877759,0.14375504764984076,672.262416877759
SOM,Somalia,1992,652.0639456218735,0.14455278534919103,652.0639456218735
SOM,Somalia,1993,653.7626800025339,0.14540945740642297,653.7626800025339
SOM,Somalia,1994,505.8446648505001,0.1437209340332601,505.8446648505001
SOM,Somalia,1995,509.0410251686278,0.14463470021441846,509.0410251686278
SOM,Somalia,1996,531.1165156175175,0.14512678329636586,531.1165156175175
SOM,Somalia,1997,514.3279401844687,0.14667551268564033,514.3279401844687
SOM,Somalia,1998,507.5098062505572,0.14712539131539318,507.5098062505572
SOM,Somalia,1999,519.9069010383702,0.14730910468508995,519.9069010383702
SOM,Somalia,2000,534.3412734587321,0.1478272995258235,534.3412734587321
SOM,Somalia,2001,580.6810555816046,0.14816013349038915,580.6810555816046
SOM,Somalia,2002,606.8655257987565,0.1482341259672706,606.8655257987565
SOM,Somalia,2003,620.279236259704,0.14809067190936825,620.279236259704
SOM,Somalia,2004,612.6643329032843,0.14768753748607188,612.6643329032843
SOM,Somalia,2005,638.017350665309,0.1469112147834366,638.017350665309
SOM,Somalia,2006,650.715893792375,0.14605284236415883,650.715893792375
SOM,Somalia,2007,667.3416683331372,0.14563054090593117,667.3416683331372
SOM,Somalia,2008,720.7502662621224,0.1456010426810396,720.7502662621224
SOM,Somalia,2009,885.0297352822262,0.1457800265868745,885.0297352822262
SOM,Somalia,2010,990.3845351045152,0.14580964814774083,990.3845351045152
SOM,Somalia,2011,1092.7765398624808,0.14597848099558583,1092.7765398624808
SOM,Somalia,2012,1147.9636714699916,0.1456142051590759,1147.9636714699916
SOM,Somalia,2013,944.9799884178553,0.14539539474965335,944.9799884178553
SOM,Somalia,2014,1119.4268195371922,0.14529569917345497,1119.4268195371922
SOM,Somalia,2015,1307.0990600449209,0.14605049817710747,1307.0990600449209
SOM,Somalia,2016,1437.5237335734707,0.1461073937186903,1437.5237335734707
SOM,Somalia,2017,1530.7948483618518,0.1457158310476958,1530.7948483618518
SOM,Somalia,2018,1505.0635285682492,0.1452422210606707,1505.0635285682492
SOM,Somalia,2019,1485.7586790516307,0.14517724835410717,1485.7586790516307
SOM,Somalia,2020,1399.8477834108082,0.14273570429841806,1399.8477834108082
SOM,Somalia,2021,1390.256812500076,0.1425455459314917,1390.256812500076
SOM,Somalia,2022,1381.9201841944148,0.14507577246333073,1381.9201841944148
SOM,Somalia,2023,1390.650120188805,0.14594104798729696,1390.650120188805
SRB,Serbia,1990,13898.736457676712,0.48477637131078255,13898.736457676712
SRB,Serbia,1991,12253.740157310829,0.47238303966196565,12253.740157310829
SRB,Serbia,1992,8770.858909037315,0.4586719345049392,8770.858909037315
SRB,Serbia,1993,6039.3674471944205,0.4458943214429307,6039.3674471944205
SRB,Serbia,1994,6177.10310657452,0.4371051646434005,6177.10310657452
SRB,Serbia,1995,6523.85450191842,0.43056190458646587,6523.85450191842
SRB,Serbia,1996,6463.980598255456,0.4281258918344578,6463.980598255456
SRB,Serbia,1997,6979.235541131367,0.4546999302991188,6979.235541131367
SRB,Serbia,1998,7563.212101948158,0.4547826151512623,7563.212101948158
SRB,Serbia,1999,8915.730719328607,0.4176695087572787,8915.730719328607
SRB,Serbia,2000,9612.518283914509,0.40781947697196147,9612.518283914509
SRB,Serbia,2001,9444.258085250944,0.41010611504735345,9444.258085250944
SRB,Serbia,2002,10317.208213208718,0.39628965187413706,10317.208213208718
SRB,Serbia,2003,10854.590664720487,0.38659179675278343,10854.590664720487
SRB,Serbia,2004,11471.116115842244,0.38908801255867,11471.116115842244
SRB,Serbia,2005,12780.147846575992,0.3638953774157108,12780.147846575992
SRB,Serbia,2006,13683.982127684954,0.3516942522345839,13683.982127684954
SRB,Serbia,2007,14078.356589860015,0.3564784842243026,14078.356589860015
SRB,Serbia,2008,15415.21801605494,0.380374193575498,15415.21801605494
SRB,Serbia,2009,15344.44177322622,0.35402448071230747,15344.44177322622
SRB,Serbia,2010,15453.337331513938,0.32555762680629197,15453.337331513938
SRB,Serbia,2011,17051.863492905974,0.3084509829783408,17051.863492905974
SRB,Serbia,2012,17239.42289418855,0.30651172834760365,17239.42289418855
SRB,Serbia,2013,16724.940791390538,0.3194803979377173,16724.940791390538
SRB,Serbia,2014,16427.821817790365,0.35548923786318715,16427.821817790365
SRB,Serbia,2015,16791.92342982754,0.3594078396152302,16791.92342982754
SRB,Serbia,2016,17272.262773953094,0.3816477923191983,17272.262773953094
SRB,Serbia,2017,17745.619764707943,0.39440858741150747,17745.619764707943
SRB,Serbia,2018,18117.792843580624,0.4019608513590918,18117.792843580624
SRB,Serbia,2019,19903.30288826559,0.4138232043393491,19903.30288826559
SRB,Serbia,2020,19337.456726529326,0.4157278262164271,19337.456726529326
SRB,Serbia,2021,20726.72732366508,0.4130009109086085,20726.72732366508
SRB,Serbia,2022,21072.889979301195,0.4333459319671405,21072.889979301195
SRB,Serbia,2023,21939.783346160846,0.43362912996360364,21939.783346160846
SSD,South Sudan,2008,1723.6509806343463,0.3064023649718695,1723.6509806343463
SSD,South Sudan,2009,1667.716288650169,0.3075821169948849,1667.716288650169
SSD,South Sudan,2010,1713.6137254227472,0.31028852574044424,1713.6137254227472
SSD,South Sudan,2011,1682.1015923577404,0.31269894511495844,1682.1015923577404
SSD,South Sudan,2012,535.71724158779,0.31237024491796483,535.71724158779
SSD,South Sudan,2013,745.7142678231997,0.3131464223845185,745.7142678231997
SSD,South Sudan,2014,923.6647956137001,0.3107150472948338,923.6647956137001
SSD,South Sudan,2015,421.45854205470937,0.3093972945554627,421.45854205470937
SSD,South Sudan,2016,531.3764210017366,0.3057575664163902,531.3764210017366
SSD,South Sudan,2017,517.1572337373042,0.30084215183311314,517.1572337373042
SSD,South Sudan,2018,822.182310321114,0.29330509600984966,822.182310321114
SSD,South Sudan,2019,1048.6869895131945,0.2898097399394813,1048.6869895131945
SSD,South Sudan,2020,942.9887646227725,0.2831679133012683,942.9887646227725
SSD,South Sudan,2021,982.9463246656014,0.2886135082100549,982.9463246656014
SSD,South Sudan,2022,1005.2483965925327,0.3008822052552046,1005.2483965925327
SSD,South Sudan,2023,727.0306312794045,0.3003234844107063,727.0306312794045
STP,Sao Tome and Principe,1970,2363.8086655838124,,2363.8086655838124
STP,Sao Tome and Principe,1971,2433.387355306744,,2433.387355306744
STP,Sao Tome and Principe,1972,2450.736891906948,,2450.736891906948
STP,Sao Tome and Principe,1973,2501.6401161844974,,2501.6401161844974
STP,Sao Tome and Principe,1974,2595.2943598602374,,2595.2943598602374
STP,Sao Tome and Principe,1975,2688.928311912811,,2688.928311912811
STP,Sao Tome and Principe,1976,2680.2050461666854,,2680.2050461666854
STP,Sao Tome and Principe,1977,3138.462215852302,,3138.462215852302
STP,Sao Tome and Principe,1978,3331.9518289416164,,3331.9518289416164
STP,Sao Tome and Principe,1979,3798.0618056962453,,3798.0618056962453
STP,Sao Tome and Principe,1980,3070.3543842487215,0.25414116862078057,3070.3543842487215
STP,Sao Tome and Principe,1981,2696.7620811695574,0.2561074785296904,2696.7620811695574
STP,Sao Tome and Principe,1982,2730.549198179957,0.2544650413817253,2730.549198179957
STP,Sao Tome and Principe,1983,2550.516678561056,0.253589572229703,2550.516678561056
STP,Sao Tome and Principe,1984,2447.954991716375,0.25215753473652835,2447.954991716375
STP,Sao Tome and Principe,1985,2374.7918295499085,0.2515007565166725,2374.7918295499085
STP,Sao Tome and Principe,1986,2200.761898862744,0.25072720302314977,2200.761898862744
STP,Sao Tome and Principe,1987,2064.2045213543306,0.2503396944535951,2064.2045213543306
STP,Sao Tome and Principe,1988,2012.0389915829535,0.2500756135494668,2012.0389915829535
STP,Sao Tome and Principe,1989,2261.6572849792965,0.249714875558276,2261.6572849792965
STP,Sao Tome and Principe,1990,2034.1276056224833,0.2493950388241169,2034.1276056224833
STP,Sao Tome and Principe,1991,1905.0601240063563,0.24866704692432515,1905.0601240063563
STP,Sao Tome and Principe,1992,1949.0459448987353,0.24806632783260169,1949.0459448987353
STP,Sao Tome and Principe,1993,1721.7616094446412,0.2491349384210467,1721.7616094446412
STP,Sao Tome and Principe,1994,1703.9729505386647,0.2499640264566578,1703.9729505386647
STP,Sao Tome and Principe,1995,1681.3036341995776,0.25107791060677415,1681.3036341995776
STP,Sao Tome and Principe,1996,1684.8753724159694,0.252468778479157,1684.8753724159694
STP,Sao Tome and Principe,1997,1792.0296770976377,0.25364847392844764,1792.0296770976377
STP,Sao Tome and Principe,1998,2162.7277775085718,0.255580201274234,2162.7277775085718
STP,Sao Tome and Principe,1999,2021.7315973343534,0.25807493702563705,2021.7315973343534
STP,Sao Tome and Principe,2000,2088.912732683046,0.2605090916937327,2088.912732683046
STP,Sao Tome and Principe,2001,2659.5668515825178,0.30046113528928436,2659.5668515825178
STP,Sao Tome and Principe,2002,2578.9490857511505,0.2966475783979476,2578.9490857511505
STP,Sao Tome and Principe,2003,2586.21008883142,0.2980612726310258,2586.21008883142
STP,Sao Tome and Principe,2004,2705.541931038172,0.2723756377635991,2705.541931038172
STP,Sao Tome and Principe,2005,2904.4608764674863,0.27415413826829227,2904.4608764674863
STP,Sao Tome and Principe,2006,3025.1898432948474,0.2680362990262373,3025.1898432948474
STP,Sao Tome and Principe,2007,3005.4856470632944,0.27289141011224044,3005.4856470632944
STP,Sao Tome and Principe,2008,3216.2545350736964,0.2777464966267692,3216.2545350736964
STP,Sao Tome and Principe,2009,3164.4686437632145,0.282601599079252,3164.4686437632145
STP,Sao Tome and Principe,2010,3670.5434142037107,0.28745669147952335,3670.5434142037107
STP,Sao Tome and Principe,2011,4096.957534572974,0.29231179032724064,4096.957534572974
STP,Sao Tome and Principe,2012,4380.738018013878,0.29716687847486,4380.738018013878
STP,Sao Tome and Principe,2013,4569.709808326227,0.2971668707733655,4569.709808326227
STP,Sao Tome and Principe,2014,5106.990537189925,0.2971668881830119,5106.990537189925
STP,Sao Tome and Principe,2015,5123.466986394196,0.297166870791084,5123.466986394196
STP,Sao Tome and Principe,2016,4285.606828244437,0.2971668729319099,4285.606828244437
STP,Sao Tome and Principe,2017,4623.000375394081,0.2971668768869068,4623.000375394081
STP,Sao Tome and Principe,2018,5206.135312320124,0.2979909313045117,5206.135312320124
STP,Sao Tome and Principe,2019,5957.862663512175,0.29878136807674327,5957.862663512175
STP,Sao Tome and Principe,2020,6243.360758315727,0.2940177936669308,6243.360758315727
STP,Sao Tome and Principe,2021,6434.703825890314,0.29854576246775205,6434.703825890314
STP,Sao Tome and Principe,2022,6275.281427615651,0.30594907714349173,6275.281427615651
STP,Sao Tome and Principe,2023,6318.838961679379,0.3092977652427533,6318.838961679379
SUR,Suriname,1970,5241.701316299672,,5241.701316299672
SUR,Suriname,1971,5447.37663855753,,5447.37663855753
SUR,Suriname,1972,5307.277699380115,,5307.277699380115
SUR,Suriname,1973,5736.455254895824,0.18885873535450182,5736.455254895824
SUR,Suriname,1974,5207.737156475121,0.19738820775655816,5207.737156475121
SUR,Suriname,1975,5764.749521467648,0.20458113029665845,5764.749521467648
SUR,Suriname,1976,6162.668745122834,0.21228261034839205,6162.668745122834
SUR,Suriname,1977,6638.54896112235,0.23074165635684932,6638.54896112235
SUR,Suriname,1978,7592.134643543808,0.250061597974884,7592.134643543808
SUR,Suriname,1979,7608.814995062606,0.2524589423411584,7608.814995062606
SUR,Suriname,1980,6858.489697315978,0.24053001723794318,6858.489697315978
SUR,Suriname,1981,7151.881513693906,0.22860111423578874,7151.881513693906
SUR,Suriname,1982,6753.016372317803,0.2166721951293378,6753.016372317803
SUR,Suriname,1983,6924.767594492747,0.21049689163977148,6924.767594492747
SUR,Suriname,1984,6860.490626831548,0.20432162597321119,6860.490626831548
SUR,Suriname,1985,7441.97875387302,0.19814633608921628,7441.97875387302
SUR,Suriname,1986,7060.270829881732,0.19197103714859684,7060.270829881732
SUR,Suriname,1987,6597.292808557838,0.19824593288179312,6597.292808557838
SUR,Suriname,1988,7156.662847953395,0.20452084263903667,7156.662847953395
SUR,Suriname,1989,7214.399734702222,0.21079574067214066,7214.399734702222
SUR,Suriname,1990,7634.828897854024,0.21707061462461907,7634.828897854024
SUR,Suriname,1991,7969.856351826641,0.2233455213425095,7969.856351826641
SUR,Suriname,1992,8217.966521807328,0.22962041774483644,8217.966521807328
SUR,Suriname,1993,7364.53800204692,0.23589530770436937,7364.53800204692
SUR,Suriname,1994,6837.838603322,0.24217021433550043,6837.838603322
SUR,Suriname,1995,6760.986351993175,0.24844508912233304,6760.986351993175
SUR,Suriname,1996,7741.403076611398,0.25472000733310396,7741.403076611398
SUR,Suriname,1997,8147.624986365053,0.2609949023534583,8147.624986365053
SUR,Suriname,1998,8356.575778172193,0.2672698165658562,8356.575778172193
SUR,Suriname,1999,7167.213838048493,0.273544732559591,7167.213838048493
SUR,Suriname,2000,8139.8156121300435,0.2798196555113849,8139.8156121300435
SUR,Suriname,2001,8514.489597570187,0.2860945160355229,8514.489597570187
SUR,Suriname,2002,8588.313475415918,0.29236940670360545,8588.313475415918
SUR,Suriname,2003,9627.452168581436,0.29864429440288376,9627.452168581436
SUR,Suriname,2004,9699.094787789221,0.30491923295329065,9699.094787789221
SUR,Suriname,2005,10513.430687213202,0.31827331752893145,10513.430687213202
SUR,Suriname,2006,11061.948441788714,0.3316274076818229,11061.948441788714
SUR,Suriname,2007,11638.972213172483,0.3449814854747653,11638.972213172483
SUR,Suriname,2008,12672.573696300105,0.3583355867865704,12672.573696300105
SUR,Suriname,2009,13256.842045866386,0.37168967993333124,13256.842045866386
SUR,Suriname,2010,14695.987658442635,0.37517329952806117,14695.987658442635
SUR,Suriname,2011,15793.607302626966,0.37277325321043414,15793.607302626966
SUR,Suriname,2012,17968.65071791914,0.3686408918034793,17968.65071791914
SUR,Suriname,2013,19161.413551478858,0.37803092655165726,19161.413551478858
SUR,Suriname,2014,19429.04388218599,0.3820161073936107,19429.04388218599
SUR,Suriname,2015,17611.54250544163,0.3581588900252602,17611.54250544163
SUR,Suriname,2016,14840.893204483316,0.3581588786125916,14840.893204483316
SUR,Suriname,2017,16303.024159505518,0.3603060534127802,16303.024159505518
SUR,Suriname,2018,16784.215636274777,0.3642126471758411,16784.215636274777
SUR,Suriname,2019,18462.70393017624,0.3668037593412726,18462.70393017624
SUR,Suriname,2020,13034.524179775344,0.3423806051707939,13034.524179775344
SUR,Suriname,2021,16161.921615854448,0.3509514347977249,16161.921615854448
SUR,Suriname,2022,16501.139372019243,0.35330013685354256,16501.139372019243
SUR,Suriname,2023,16649.213102613194,0.35689393043781864,16649.213102613194
SVK,Slovakia,1990,22692.905303529496,0.46321983781931825,22692.905303529496
SVK,Slovakia,1991,17942.22204966476,0.4273675296108876,17942.22204966476
SVK,Slovakia,1992,16708.124577399973,0.398260743402766,16708.124577399973
SVK,Slovakia,1993,16792.801803201437,0.3969069799680289,16792.801803201437
SVK,Slovakia,1994,17319.182087579593,0.38784206776719554,17319.182087579593
SVK,Slovakia,1995,18084.55013202517,0.39548767114705574,18084.55013202517
SVK,Slovakia,1996,19029.878175054284,0.4029578401967037,19029.878175054284
SVK,Slovakia,1997,19341.34096812923,0.39807147326384007,19341.34096812923
SVK,Slovakia,1998,18689.472412069223,0.39565261731793167,18689.472412069223
SVK,Slovakia,1999,17701.940126111356,0.38528805616113593,17701.940126111356
SVK,Slovakia,2000,18369.040937554077,0.3774057792001746,18369.040937554077
SVK,Slovakia,2001,19660.30117324545,0.38107349368889537,19660.30117324545
SVK,Slovakia,2002,20095.511421451003,0.3814903954338761,20095.511421451003
SVK,Slovakia,2003,19835.609602030876,0.3855705628779047,19835.609602030876
SVK,Slovakia,2004,20126.401055014863,0.3844670650803584,20126.401055014863
SVK,Slovakia,2005,22746.492617676846,0.39032936157384784,22746.492617676846
SVK,Slovakia,2006,24055.45491957553,0.39817118471134194,24055.45491957553
SVK,Slovakia,2007,26799.140770716156,0.4060700589839109,26799.140770716156
SVK,Slovakia,2008,29233.92325324588,0.418438408496373,29233.92325324588
SVK,Slovakia,2009,27987.45718024621,0.4093479939319616,27987.45718024621
SVK,Slovakia,2010,29861.60272233042,0.40224682615645724,29861.60272233042
SVK,Slovakia,2011,31194.60154935738,0.4117983866448751,31194.60154935738
SVK,Slovakia,2012,31201.406680196436,0.411387380349507,31201.406680196436
SVK,Slovakia,2013,29659.597255075485,0.4076792179898038,29659.597255075485
SVK,Slovakia,2014,30952.27199491065,0.4130007523837491,30952.27199491065
SVK,Slovakia,2015,30962.079458839566,0.4208722790217144,30962.079458839566
SVK,Slovakia,2016,29460.01091434921,0.43021605231651366,29460.01091434921
SVK,Slovakia,2017,29275.389439262653,0.43909437032646575,29275.389439262653
SVK,Slovakia,2018,28632.118863388518,0.44728559609266144,28632.118863388518
SVK,Slovakia,2019,28236.54739382229,0.4513611002061048,28236.54739382229
SVK,Slovakia,2020,31129.643632182004,0.4422583121458238,31129.643632182004
SVK,Slovakia,2021,32114.606305368292,0.44129089153908163,32114.606305368292
SVK,Slovakia,2022,31660.16646669214,0.44773641484283316,31660.16646669214
SVK,Slovakia,2023,32017.959113310757,0.4489568504148545,32017.959113310757
SVN,Slovenia,1990,22582.411576260743,0.5628236272583579,22582.411576260743
SVN,Slovenia,1991,20589.852927531258,0.5173345298335879,20589.852927531258
SVN,Slovenia,1992,19688.274337641087,0.48882307753475773,19688.274337641087
SVN,Slovenia,1993,21283.315489893313,0.47407158143941036,21283.315489893313
SVN,Slovenia,1994,22565.069156504524,0.4621496670918099,22565.069156504524
SVN,Slovenia,1995,23832.808149887205,0.46057327298445094,23832.808149887205
SVN,Slovenia,1996,24616.04816782624,0.45118262029777584,24616.04816782624
SVN,Slovenia,1997,25177.609752428696,0.4437401470076562,25177.609752428696
SVN,Slovenia,1998,25032.082296329816,0.44416060008747144,25032.082296329816
SVN,Slovenia,1999,25841.40272545243,0.45069352873282176,25841.40272545243
SVN,Slovenia,2000,26676.995378535306,0.4565619021527409,26676.995378535306
SVN,Slovenia,2001,27092.75748751432,0.45858405038152034,27092.75748751432
SVN,Slovenia,2002,27678.355339400234,0.46418242577853125,27678.355339400234
SVN,Slovenia,2003,28021.762734693773,0.4622053634923613,28021.762734693773
SVN,Slovenia,2004,29232.776520595224,0.46452096683664884,29232.776520595224
SVN,Slovenia,2005,31010.403740471545,0.461452169719025,31010.403740471545
SVN,Slovenia,2006,30835.76995617823,0.4670642488695546,30835.76995617823
SVN,Slovenia,2007,31992.30964316106,0.4800808584086079,31992.30964316106
SVN,Slovenia,2008,35103.22174748221,0.4913324876697492,35103.22174748221
SVN,Slovenia,2009,32242.877496551402,0.4786180288301019,32242.877496551402
SVN,Slovenia,2010,32494.490397200057,0.46690866737013387,32494.490397200057
SVN,Slovenia,2011,34227.36584978358,0.4581726902048146,34227.36584978358
SVN,Slovenia,2012,33723.093436194344,0.45311604106339826,33723.093436194344
SVN,Slovenia,2013,32913.523290967256,0.4474132122605696,32913.523290967256
SVN,Slovenia,2014,33448.532228414195,0.4487878352493275,33448.532228414195
SVN,Slovenia,2015,32854.70223869837,0.45433284557372494,32854.70223869837
SVN,Slovenia,2016,33744.79124471893,0.46245627222128644,33744.79124471893
SVN,Slovenia,2017,34954.775299285786,0.47562122818938624,34954.775299285786
SVN,Slovenia,2018,36934.169726612614,0.48923411648532167,36934.169726612614
SVN,Slovenia,2019,39447.106742746015,0.4970435384258527,39447.106742746015
SVN,Slovenia,2020,38172.89230286637,0.4903505975128222,38172.89230286637
SVN,Slovenia,2021,40353.456911871996,0.49555524134494816,40353.456911871996
SVN,Slovenia,2022,41176.12409867872,0.5095322062989048,41176.12409867872
SVN,Slovenia,2023,42098.85539578058,0.5151642214114546,42098.85539578058
SWE,Sweden,1950,11935.466645956547,0.4862389877696505,11935.466645956547
SWE,Sweden,1951,12221.56993225993,0.48693921475698365,12221.56993225993
SWE,Sweden,1952,12248.222054835256,0.4794147353887474,12248.222054835256
SWE,Sweden,1953,12616.890273947789,0.47517083970396246,12616.890273947789
SWE,Sweden,1954,13187.440864118176,0.4763163567079349,13187.440864118176
SWE,Sweden,1955,13470.849008020445,0.4775144511981151,13470.849008020445
SWE,Sweden,1956,13819.944557893901,0.4811523981470909,13819.944557893901
SWE,Sweden,1957,13990.3330915214,0.4787601971131872,13990.3330915214
SWE,Sweden,1958,14244.197198151685,0.4792833191977712,14244.197198151685
SWE,Sweden,1959,14978.677807565513,0.48306473949796735,14978.677807565513
SWE,Sweden,1960,15341.005527697633,0.494389044576154,15341.005527697633
SWE,Sweden,1961,16239.2363457606,0.4957433505482106,16239.2363457606
SWE,Sweden,1962,16792.639266332964,0.4956677968221902,16792.639266332964
SWE,Sweden,1963,17570.19381993913,0.49539191678676936,17570.19381993913
SWE,Sweden,1964,18704.579531729298,0.4987690768512721,18704.579531729298
SWE,Sweden,1965,19132.806494716402,0.49747219606348164,19132.806494716402
SWE,Sweden,1966,19287.98984298637,0.49345158866836225,19287.98984298637
SWE,Sweden,1967,19869.612794327502,0.4844636672168958,19869.612794327502
SWE,Sweden,1968,20455.15536634085,0.48687564116780313,20455.15536634085
SWE,Sweden,1969,21276.37931996364,0.4925539750510117,21276.37931996364
SWE,Sweden,1970,22506.30767595284,0.49751086440169695,22506.30767595284
SWE,Sweden,1971,22615.347475865332,0.4931723936505529,22615.347475865332
SWE,Sweden,1972,23130.90187043894,0.49332674739694,23130.90187043894
SWE,Sweden,1973,24098.487907772345,0.4942657012558926,24098.487907772345
SWE,Sweden,1974,24571.946051038405,0.5025867441992838,24571.946051038405
SWE,Sweden,1975,24955.404719308463,0.5104979937080911,24955.404719308463
SWE,Sweden,1976,25061.5278455973,0.5104512870758093,25061.5278455973
SWE,Sweden,1977,24451.90238187427,0.5096243917360034,24451.90238187427
SWE,Sweden,1978,24989.253666841152,0.5100495211504897,24989.253666841152
SWE,Sweden,1979,25702.444027718226,0.5163539242975322,25702.444027718226
SWE,Sweden,1980,25810.34385664636,0.5210830262332367,25810.34385664636
SWE,Sweden,1981,26160.237363135537,0.5212932997065653,26160.237363135537
SWE,Sweden,1982,26415.282703094934,0.5199963587633833,26415.282703094934
SWE,Sweden,1983,27022.78185393896,0.5209376887419166,27022.78185393896
SWE,Sweden,1984,28341.35574733098,0.5247691340300501,28341.35574733098
SWE,Sweden,1985,28836.33924349995,0.5293533260785003,28836.33924349995
SWE,Sweden,1986,30925.374130059645,0.5313512239716761,30925.374130059645
SWE,Sweden,1987,32306.519783872816,0.5338056312901172,32306.519783872816
SWE,Sweden,1988,33595.99465858861,0.5386996564244216,33595.99465858861
SWE,Sweden,1989,34334.01094525067,0.5428883116504808,34334.01094525067
SWE,Sweden,1990,34736.33494953068,0.5436721724796779,34736.33494953068
SWE,Sweden,1991,34272.65494706427,0.5318849691973746,34272.65494706427
SWE,Sweden,1992,33838.01871780962,0.5052473329030972,33838.01871780962
SWE,Sweden,1993,32864.63401848765,0.47604407375222935,32864.63401848765
SWE,Sweden,1994,34595.10130190805,0.4682088733543147,34595.10130190805
SWE,Sweden,1995,36810.75537070905,0.473212055623065,36810.75537070905
SWE,Sweden,1996,37988.74959602739,0.468697190939291,37988.74959602739
SWE,Sweden,1997,39254.54628239096,0.46245467157534026,39254.54628239096
SWE,Sweden,1998,40832.46206560475,0.4699229564009663,40832.46206560475
SWE,Sweden,1999,43004.87946287552,0.47939773208550635,43004.87946287552
SWE,Sweden,2000,45950.967532944,0.4902126321988985,45950.967532944
SWE,Sweden,2001,45096.62788041666,0.49892625260202256,45096.62788041666
SWE,Sweden,2002,45418.04863884751,0.49782108828840793,45418.04863884751
SWE,Sweden,2003,46287.367453072984,0.4937532576741039,46287.367453072984
SWE,Sweden,2004,48208.789174729995,0.4896772562625842,48208.789174729995
SWE,Sweden,2005,48052.038778170565,0.4876740459002559,48052.038778170565
SWE,Sweden,2006,49249.73209437283,0.49388034399594616,49249.73209437283
SWE,Sweden,2007,52139.40493037266,0.5017898288993453,52139.40493037266
SWE,Sweden,2008,52714.41393073677,0.500371654511615,52714.41393073677
SWE,Sweden,2009,49143.61381219391,0.486069668805336,49143.61381219391
SWE,Sweden,2010,51271.35103930037,0.4851187066499762,51271.35103930037
SWE,Sweden,2011,55130.59608695243,0.49250579253178056,55130.59608695243
SWE,Sweden,2012,54854.574227581805,0.49274729664320993,54854.574227581805
SWE,Sweden,2013,53915.101967372946,0.49353437074584455,53915.101967372946
SWE,Sweden,2014,53369.6998421997,0.49569120301210656,53369.6998421997
SWE,Sweden,2015,54453.86597514705,0.49791403889842334,54453.86597514705
SWE,Sweden,2016,54750.332047468175,0.5019026698077893,54750.332047468175
SWE,Sweden,2017,55993.76512622663,0.5072155343779364,55993.76512622663
SWE,Sweden,2018,55453.35173391133,0.5098321795541878,55453.35173391133
SWE,Sweden,2019,59038.88949691729,0.5076743557529323,59038.88949691729
SWE,Sweden,2020,58016.705354981794,0.49782853124404586,58016.705354981794
SWE,Sweden,2021,60064.36674999575,0.5011092193578787,60064.36674999575
SWE,Sweden,2022,59775.30952087174,0.5131204001215809,59775.30952087174
SWE,Sweden,2023,59587.02388495885,0.515578645882366,59587.02388495885
SWZ,Eswatini,1970,2646.8645499206964,,2646.8645499206964
SWZ,Eswatini,1971,2717.910997478524,,2717.910997478524
SWZ,Eswatini,1972,3076.3315820951593,,3076.3315820951593
SWZ,Eswatini,1973,2916.4914463825207,,2916.4914463825207
SWZ,Eswatini,1974,3166.8590528414284,,3166.8590528414284
SWZ,Eswatini,1975,4234.749375920878,,4234.749375920878
SWZ,Eswatini,1976,4789.498559704202,,4789.498559704202
SWZ,Eswatini,1977,4662.029218323191,,4662.029218323191
SWZ,Eswatini,1978,4309.089069825014,,4309.089069825014
SWZ,Eswatini,1979,4148.398836720525,,4148.398836720525
SWZ,Eswatini,1980,4373.120394945529,0.23275663035414923,4373.120394945529
SWZ,Eswatini,1981,4559.84057045001,0.23086377869978825,4559.84057045001
SWZ,Eswatini,1982,4658.822171640064,0.23058561485240384,4658.822171640064
SWZ,Eswatini,1983,4660.6830146210295,0.23009821365740402,4660.6830146210295
SWZ,Eswatini,1984,4630.610873228885,0.2298188534565728,4630.610873228885
SWZ,Eswatini,1985,4852.417476876108,0.2301420998160468,4852.417476876108
SWZ,Eswatini,1986,5627.613995222067,0.22998404144753323,5627.613995222067
SWZ,Eswatini,1987,6533.6703161024125,0.2296601663399637,6533.6703161024125
SWZ,Eswatini,1988,6126.529248439919,0.23050691465943648,6126.529248439919
SWZ,Eswatini,1989,6328.305089408272,0.2304637636993805,6328.305089408272
SWZ,Eswatini,1990,7169.237524113738,0.2305805192595389,7169.237524113738
SWZ,Eswatini,1991,7275.3728290243,0.23156921234784278,7275.3728290243
SWZ,Eswatini,1992,7534.7552844198635,0.23226316449369844,7534.7552844198635
SWZ,Eswatini,1993,8101.589517091725,0.23039514362071845,8101.589517091725
SWZ,Eswatini,1994,7956.635204099362,0.22715801566758545,7956.635204099362
SWZ,Eswatini,1995,9310.58791056415,0.2248668300213956,9310.58791056415
SWZ,Eswatini,1996,10208.729032933068,0.22574310574835352,10208.729032933068
SWZ,Eswatini,1997,9522.579404401795,0.22620693513589335,9522.579404401795
SWZ,Eswatini,1998,9204.961110237993,0.22585757945707804,9204.961110237993
SWZ,Eswatini,1999,8949.338834799695,0.22604201475609875,8949.338834799695
SWZ,Eswatini,2000,9553.906770626283,0.22596327026790208,9553.906770626283
SWZ,Eswatini,2001,9240.101912502474,0.22595238308335172,9240.101912502474
SWZ,Eswatini,2002,8419.287417845826,0.22656056060000415,8419.287417845826
SWZ,Eswatini,2003,8455.032716262773,0.22718622991358584,8455.032716262773
SWZ,Eswatini,2004,8341.201580450801,0.22776731313084828,8341.201580450801
SWZ,Eswatini,2005,9582.73187722308,0.22788640729200335,9582.73187722308
SWZ,Eswatini,2006,9072.282338757197,0.22799245467182297,9072.282338757197
SWZ,Eswatini,2007,9414.388228256035,0.22774423511045974,9414.388228256035
SWZ,Eswatini,2008,8588.857987407237,0.2300357557103027,8588.857987407237
SWZ,Eswatini,2009,9070.536889179597,0.23243175737764993,9070.536889179597
SWZ,Eswatini,2010,10019.024366932037,0.23540030476728827,10019.024366932037
SWZ,Eswatini,2011,9612.438160205951,0.2385935006123661,9612.438160205951
SWZ,Eswatini,2012,9886.879492318014,0.24223268067236486,9886.879492318014
SWZ,Eswatini,2013,9751.704972223206,0.24514143593059232,9751.704972223206
SWZ,Eswatini,2014,9734.35486197955,0.24812746197407634,9734.35486197955
SWZ,Eswatini,2015,9669.519969583824,0.2511865957933529,9669.519969583824
SWZ,Eswatini,2016,9577.699668205587,0.2539906190245218,9577.699668205587
SWZ,Eswatini,2017,9225.69119540535,0.2460807064094716,9225.69119540535
SWZ,Eswatini,2018,8971.916346608732,0.23817076373073298,8971.916346608732
SWZ,Eswatini,2019,9091.566000903485,0.23026083763938773,9091.566000903485
SWZ,Eswatini,2020,8769.031460625172,0.2223509028637855,8769.031460625172
SWZ,Eswatini,2021,8824.042838233356,0.21444098226128364,8824.042838233356
SWZ,Eswatini,2022,8950.334472117462,0.22153313023334567,8950.334472117462
SWZ,Eswatini,2023,8962.911205329352,0.22402825701276707,8962.911205329352
SXM,Sint Maarten (Dutch part),2005,39059.3356231185,,39059.3356231185
SXM,Sint Maarten (Dutch part),2006,45345.65789258141,,45345.65789258141
SXM,Sint Maarten (Dutch part),2007,44231.880478589854,,44231.880478589854
SXM,Sint Maarten (Dutch part),2008,46203.80295151999,,46203.80295151999
SXM,Sint Maarten (Dutch part),2009,41983.89906756681,,41983.89906756681
SXM,Sint Maarten (Dutch part),2010,40257.90696596467,,40257.90696596467
SXM,Sint Maarten (Dutch part),2011,39157.902720957776,,39157.902720957776
SXM,Sint Maarten (Dutch part),2012,20758.782830546184,,20758.782830546184
SXM,Sint Maarten (Dutch part),2013,16070.437137418421,,16070.437137418421
SXM,Sint Maarten (Dutch part),2014,29655.100371408975,,29655.100371408975
SXM,Sint Maarten (Dutch part),2015,12221.021561361615,,12221.021561361615
SXM,Sint Maarten (Dutch part),2016,30212.82521275066,,30212.82521275066
SXM,Sint Maarten (Dutch part),2017,33648.29222768848,,33648.29222768848
SXM,Sint Maarten (Dutch part),2018,34609.43574006295,,34609.43574006295
SXM,Sint Maarten (Dutch part),2019,42191.15440158005,,42191.15440158005
SXM,Sint Maarten (Dutch part),2020,38338.76426360417,,38338.76426360417
SXM,Sint Maarten (Dutch part),2021,38511.20590845325,,38511.20590845325
SXM,Sint Maarten (Dutch part),2022,40612.56904233607,,40612.56904233607
SXM,Sint Maarten (Dutch part),2023,42608.27007649301,,42608.27007649301
SYC,Seychelles,1960,7154.47150795905,,7154.47150795905
SYC,Seychelles,1961,6960.062786586047,,6960.062786586047
SYC,Seychelles,1962,7296.924062444232,,7296.924062444232
SYC,Seychelles,1963,7829.44091723381,,7829.44091723381
SYC,Seychelles,1964,8236.293194779368,,8236.293194779368
SYC,Seychelles,1965,7470.027399359752,,7470.027399359752
SYC,Seychelles,1966,7108.285597264664,,7108.285597264664
SYC,Seychelles,1967,7465.1015903446205,,7465.1015903446205
SYC,Seychelles,1968,8588.193778618857,,8588.193778618857
SYC,Seychelles,1969,7767.712226207617,,7767.712226207617
SYC,Seychelles,1970,9683.108510832559,,9683.108510832559
SYC,Seychelles,1971,16149.233179150313,,16149.233179150313
SYC,Seychelles,1972,16902.704246770572,,16902.704246770572
SYC,Seychelles,1973,17376.929883482506,,17376.929883482506
SYC,Seychelles,1974,16609.766726798036,,16609.766726798036
SYC,Seychelles,1975,17845.860940230978,,17845.860940230978
SYC,Seychelles,1976,20652.42991499052,,20652.42991499052
SYC,Seychelles,1977,18361.135292600775,,18361.135292600775
SYC,Seychelles,1978,22593.006431815284,,22593.006431815284
SYC,Seychelles,1979,26717.24905039602,,26717.24905039602
SYC,Seychelles,1980,18925.235194451856,,18925.235194451856
SYC,Seychelles,1981,16896.330852665273,,16896.330852665273
SYC,Seychelles,1982,14632.530466151604,,14632.530466151604
SYC,Seychelles,1983,15498.445799924077,,15498.445799924077
SYC,Seychelles,1984,16566.556276168667,,16566.556276168667
SYC,Seychelles,1985,16230.42839964539,,16230.42839964539
SYC,Seychelles,1986,15307.818550580041,,15307.818550580041
SYC,Seychelles,1987,18313.378835066025,,18313.378835066025
SYC,Seychelles,1988,18828.281539411993,,18828.281539411993
SYC,Seychelles,1989,20560.847424603926,,20560.847424603926
SYC,Seychelles,1990,20863.767175081575,,20863.767175081575
SYC,Seychelles,1991,21166.333353382255,,21166.333353382255
SYC,Seychelles,1992,20942.126909912848,0.46074284195501136,20942.126909912848
SYC,Seychelles,1993,23917.432240680155,0.4607428744165988,23917.432240680155
SYC,Seychelles,1994,24636.62385048731,0.4607428684135373,24636.62385048731
SYC,Seychelles,1995,22137.263518027034,0.460742870344043,22137.263518027034
SYC,Seychelles,1996,22996.108160369287,0.46074287647353646,22996.108160369287
SYC,Seychelles,1997,25107.794292902574,0.4607428283865022,25107.794292902574
SYC,Seychelles,1998,23537.64749938443,0.4607428906679319,23537.64749938443
SYC,Seychelles,1999,24313.411530564612,0.46074284676555155,24313.411530564612
SYC,Seychelles,2000,25762.432670423917,0.46074282030190594,25762.432670423917
SYC,Seychelles,2001,22832.67295380576,0.46074284384628983,22832.67295380576
SYC,Seychelles,2002,23161.24690801274,0.4607428731798036,23161.24690801274
SYC,Seychelles,2003,22879.70512511639,0.4607428289099145,22879.70512511639
SYC,Seychelles,2004,18478.08961129634,0.4607428442848224,18478.08961129634
SYC,Seychelles,2005,23557.220965639215,0.46074286581001833,23557.220965639215
SYC,Seychelles,2006,25859.17195695208,0.4607428472002744,25859.17195695208
SYC,Seychelles,2007,30249.348538389164,0.4607428354163292,30249.348538389164
SYC,Seychelles,2008,19278.336647105687,0.4607428591470377,19278.336647105687
SYC,Seychelles,2009,22116.911682736467,0.4607428680288439,22116.911682736467
SYC,Seychelles,2010,23011.545033319435,0.4607428732661528,23011.545033319435
SYC,Seychelles,2011,26149.550968864714,0.4607428935427698,26149.550968864714
SYC,Seychelles,2012,27604.166176143775,0.4617421410500838,27604.166176143775
SYC,Seychelles,2013,25407.43144424691,0.46274142277556835,25407.43144424691
SYC,Seychelles,2014,26766.767324499113,0.4637407626505552,26766.767324499113
SYC,Seychelles,2015,25594.96043478392,0.4647400222873664,25594.96043478392
SYC,Seychelles,2016,25677.041895163493,0.4657393406215569,25677.041895163493
SYC,Seychelles,2017,26116.88619337437,0.4667386118247494,26116.88619337437
SYC,Seychelles,2018,27347.773736309107,0.4674100429752277,27347.773736309107
SYC,Seychelles,2019,27959.752178070547,0.4611969551430123,27959.752178070547
SYC,Seychelles,2020,24040.990555585042,0.45148061957386587,24040.990555585042
SYC,Seychelles,2021,18392.878604547634,0.4514806067747681,18392.878604547634
SYC,Seychelles,2022,20244.149883212744,0.45148062827746294,20244.149883212744
SYC,Seychelles,2023,22412.62684604364,0.45148063442579267,22412.62684604364
SYR,Syrian Arab Republic,1960,2838.057719277883,0.29584384626381727,2838.057719277883
SYR,Syrian Arab Republic,1961,2905.1493567794837,0.29275498607025763,2905.1493567794837
SYR,Syrian Arab Republic,1962,3668.7904266829587,0.28966908401053776,3668.7904266829587
SYR,Syrian Arab Republic,1963,3087.785083627656,0.2865803313402751,3087.785083627656
SYR,Syrian Arab Republic,1964,3763.90745118569,0.2834925401928671,3763.90745118569
SYR,Syrian Arab Republic,1965,3644.673068380884,0.28040622780514035,3644.673068380884
SYR,Syrian Arab Republic,1966,3161.131142083828,0.2773176121521917,3161.131142083828
SYR,Syrian Arab Republic,1967,3451.4651697918407,0.2742302660435473,3451.4651697918407
SYR,Syrian Arab Republic,1968,3486.488029245016,0.27114308871958065,3486.488029245016
SYR,Syrian Arab Republic,1969,4026.537956018295,0.26805624757969415,4026.537956018295
SYR,Syrian Arab Republic,1970,3942.835151491809,0.26496911053190064,3942.835151491809
SYR,Syrian Arab Republic,1971,4195.952211256008,0.2646835454001792,4195.952211256008
SYR,Syrian Arab Republic,1972,5079.444513563093,0.26439710145803913,5079.444513563093
SYR,Syrian Arab Republic,1973,4490.068400395676,0.2641120952175291,4490.068400395676
SYR,Syrian Arab Republic,1974,5436.774765103751,0.26382625312612573,5436.774765103751
SYR,Syrian Arab Republic,1975,6235.603106363422,0.26353945602358053,6235.603106363422
SYR,Syrian Arab Republic,1976,5260.878248555771,0.263254849133982,5260.878248555771
SYR,Syrian Arab Republic,1977,3756.54970447751,0.2629688087136174,3756.54970447751
SYR,Syrian Arab Republic,1978,3421.3718877642364,0.26268301642141256,3421.3718877642364
SYR,Syrian Arab Republic,1979,2962.1744972730608,0.2623969084474081,2962.1744972730608
SYR,Syrian Arab Republic,1980,2832.1931770875954,0.2621119108618777,2832.1931770875954
SYR,Syrian Arab Republic,1981,2692.0140176134632,0.261641027371789,2692.0140176134632
SYR,Syrian Arab Republic,1982,2628.8057004452644,0.26117131927982845,2628.8057004452644
SYR,Syrian Arab Republic,1983,2341.8897530608615,0.2607008557702516,2341.8897530608615
SYR,Syrian Arab Republic,1984,2008.291310446329,0.2602312663713262,2008.291310446329
SYR,Syrian Arab Republic,1985,2173.643221988689,0.2597618067700998,2173.643221988689
SYR,Syrian Arab Republic,1986,1943.4348561949075,0.2592917358322703,1943.4348561949075
SYR,Syrian Arab Republic,1987,1767.9929134870786,0.2588213937533505,1767.9929134870786
SYR,Syrian Arab Republic,1988,1795.4964913258607,0.25835117625797216,1795.4964913258607
SYR,Syrian Arab Republic,1989,1660.1597780842692,0.25788100743451464,1660.1597780842692
SYR,Syrian Arab Republic,1990,1601.314918832728,0.2574113308304752,1601.314918832728
SYR,Syrian Arab Republic,1991,1376.2885620832458,0.2605446830229205,1376.2885620832458
SYR,Syrian Arab Republic,1992,1350.7710501759693,0.26012124297879036,1350.7710501759693
SYR,Syrian Arab Republic,1993,1246.0971948042309,0.2612936653436705,1246.0971948042309
SYR,Syrian Arab Republic,1994,1146.608196916962,0.25975918676293547,1146.608196916962
SYR,Syrian Arab Republic,1995,1202.896050065948,0.2589970560199321,1202.896050065948
SYR,Syrian Arab Republic,1996,1187.8786794175217,0.2621157739130878,1187.8786794175217
SYR,Syrian Arab Republic,1997,1337.0159782927785,0.2649529830501944,1337.0159782927785
SYR,Syrian Arab Republic,1998,1456.4448218734872,0.26796810263644255,1456.4448218734872
SYR,Syrian Arab Republic,1999,1542.481049491988,0.2729065314250371,1542.481049491988
SYR,Syrian Arab Republic,2000,1875.8714484975496,0.2726081309367535,1875.8714484975496
SYR,Syrian Arab Republic,2001,2104.014689345786,0.26404392252384007,2104.014689345786
SYR,Syrian Arab Republic,2002,2551.394235150786,0.2637167281039558,2551.394235150786
SYR,Syrian Arab Republic,2003,3046.121040062169,0.2632315598302046,3046.121040062169
SYR,Syrian Arab Republic,2004,4150.260319029278,0.264243282558785,4150.260319029278
SYR,Syrian Arab Republic,2005,6341.596987731164,0.2643031664444081,6341.596987731164
SYR,Syrian Arab Republic,2006,5554.265926243806,0.2657795602592109,5554.265926243806
SYR,Syrian Arab Republic,2007,5522.697413705386,0.26130321223877656,5522.697413705386
SYR,Syrian Arab Republic,2008,5624.7219406001805,0.2523298017129536,5624.7219406001805
SYR,Syrian Arab Republic,2009,5780.48923909844,0.2562719650648513,5780.48923909844
SYR,Syrian Arab Republic,2010,6555.939443754745,0.2540744711034871,6555.939443754745
SYR,Syrian Arab Republic,2011,6691.004345072742,0.25823318533477563,6691.004345072742
SYR,Syrian Arab Republic,2012,5342.499200233324,0.21931410683477723,5342.499200233324
SYR,Syrian Arab Republic,2013,4055.491965585136,0.20759641972837894,4055.491965585136
SYR,Syrian Arab Republic,2014,4064.0137869291384,0.20238952016226378,4064.0137869291384
SYR,Syrian Arab Republic,2015,4062.271407988564,0.2030635813288344,4062.271407988564
SYR,Syrian Arab Republic,2016,4727.495184781738,0.21010644472339762,4727.495184781738
SYR,Syrian Arab Republic,2017,3842.2148401990607,0.2188868181832409,3842.2148401990607
SYR,Syrian Arab Republic,2018,3150.6516038920527,0.22566510567820258,3150.6516038920527
SYR,Syrian Arab Republic,2019,4794.766614608549,0.2322615131893469,4794.766614608549
SYR,Syrian Arab Republic,2020,4216.101598290386,0.22849073006049953,4216.101598290386
SYR,Syrian Arab Republic,2021,8394.925867264536,0.2287742999692813,8394.925867264536
SYR,Syrian Arab Republic,2022,7474.47511534169,0.23558242609037916,7474.47511534169
SYR,Syrian Arab Republic,2023,7125.702564732652,0.23836539762111184,7125.702564732652
TCA,Turks and Caicos Islands,1970,14313.205916224826,,14313.205916224826
TCA,Turks and Caicos Islands,1971,15605.695802054139,,15605.695802054139
TCA,Turks and Caicos Islands,1972,16808.709267933085,,16808.709267933085
TCA,Turks and Caicos Islands,1973,18046.315511067653,,18046.315511067653
TCA,Turks and Caicos Islands,1974,19312.035955729792,,19312.035955729792
TCA,Turks and Caicos Islands,1975,20752.99666279452,,20752.99666279452
TCA,Turks and Caicos Islands,1976,22289.418171833935,,22289.418171833935
TCA,Turks and Caicos Islands,1977,23930.980886890586,,23930.980886890586
TCA,Turks and Caicos Islands,1978,25660.201248670903,,25660.201248670903
TCA,Turks and Caicos Islands,1979,27486.15840282179,,27486.15840282179
TCA,Turks and Caicos Islands,1980,29312.456555621233,,29312.456555621233
TCA,Turks and Caicos Islands,1981,31034.09237975,,31034.09237975
TCA,Turks and Caicos Islands,1982,32773.38144505351,,32773.38144505351
TCA,Turks and Caicos Islands,1983,34630.41918077889,,34630.41918077889
TCA,Turks and Caicos Islands,1984,36609.197691765236,,36609.197691765236
TCA,Turks and Caicos Islands,1985,35869.837583532506,,35869.837583532506
TCA,Turks and Caicos Islands,1986,37425.375143031386,,37425.375143031386
TCA,Turks and Caicos Islands,1987,40640.28323611379,,40640.28323611379
TCA,Turks and Caicos Islands,1988,44485.39291346432,,44485.39291346432
TCA,Turks and Caicos Islands,1989,48813.712785404365,,48813.712785404365
TCA,Turks and Caicos Islands,1990,51758.17282048092,,51758.17282048092
TCA,Turks and Caicos Islands,1991,53296.45397894661,,53296.45397894661
TCA,Turks and Caicos Islands,1992,53624.66475369845,,53624.66475369845
TCA,Turks and Caicos Islands,1993,56912.48367148578,,56912.48367148578
TCA,Turks and Caicos Islands,1994,59733.236028838255,,59733.236028838255
TCA,Turks and Caicos Islands,1995,62155.284369653935,,62155.284369653935
TCA,Turks and Caicos Islands,1996,54010.19366476371,,54010.19366476371
TCA,Turks and Caicos Islands,1997,39203.200810685536,,39203.200810685536
TCA,Turks and Caicos Islands,1998,34805.51416253921,,34805.51416253921
TCA,Turks and Caicos Islands,1999,39510.07981722256,,39510.07981722256
TCA,Turks and Caicos Islands,2000,44942.53505822878,,44942.53505822878
TCA,Turks and Caicos Islands,2001,39926.96932787597,0.5200245308422967,39926.96932787597
TCA,Turks and Caicos Islands,2002,45203.522153749625,0.5570228698155605,45203.522153749625
TCA,Turks and Caicos Islands,2003,1264.4378294106182,0.6467068466111106,1264.4378294106182
TCA,Turks and Caicos Islands,2004,18185.47634382451,0.6633269247534739,18185.47634382451
TCA,Turks and Caicos Islands,2005,19688.332579782727,0.7271135220611932,19688.332579782727
TCA,Turks and Caicos Islands,2006,12909.39592828285,0.7242367370860406,12909.39592828285
TCA,Turks and Caicos Islands,2007,12298.07864952596,0.7456033814983479,12298.07864952596
TCA,Turks and Caicos Islands,2008,20848.33824504594,0.7836438877633755,20848.33824504594
TCA,Turks and Caicos Islands,2009,15235.492027905066,,15235.492027905066
TCA,Turks and Caicos Islands,2010,10122.61981156636,,10122.61981156636
TCA,Turks and Caicos Islands,2011,10974.906046304124,,10974.906046304124
TCA,Turks and Caicos Islands,2012,12199.344623729667,,12199.344623729667
TCA,Turks and Caicos Islands,2013,11788.901526644637,,11788.901526644637
TCA,Turks and Caicos Islands,2014,7410.677965629473,,7410.677965629473
TCA,Turks and Caicos Islands,2015,10854.761139028577,,10854.761139028577
TCA,Turks and Caicos Islands,2016,10275.992963856348,,10275.992963856348
TCA,Turks and Caicos Islands,2017,15176.063663565907,,15176.063663565907
TCA,Turks and Caicos Islands,2018,16182.574561730022,,16182.574561730022
TCA,Turks and Caicos Islands,2019,16978.64257631513,,16978.64257631513
TCA,Turks and Caicos Islands,2020,13014.387784682962,,13014.387784682962
TCA,Turks and Caicos Islands,2021,12668.637696283822,,12668.637696283822
TCA,Turks and Caicos Islands,2022,12414.198258524963,,12414.198258524963
TCA,Turks and Caicos Islands,2023,13221.455681421554,,13221.455681421554
TCD,Chad,1960,2329.777456683819,0.41102455324089016,2329.777456683819
TCD,Chad,1961,2378.8700058103286,0.4103633579227979,2378.8700058103286
TCD,Chad,1962,2653.4646411634103,0.4097009252593378,2653.4646411634103
TCD,Chad,1963,2390.756353390714,0.4090390533493921,2390.756353390714
TCD,Chad,1964,2346.9829341448517,0.40837755812423726,2346.9829341448517
TCD,Chad,1965,2411.3957437479676,0.4077177048445151,2411.3957437479676
TCD,Chad,1966,2335.640373854004,0.40705743820270124,2335.640373854004
TCD,Chad,1967,2313.9589837359517,0.40639482161101004,2313.9589837359517
TCD,Chad,1968,2277.408090163458,0.40573536203919425,2277.408090163458
TCD,Chad,1969,2406.6364250624415,0.4050732595256551,2406.6364250624415
TCD,Chad,1970,2584.7870667752104,0.40441455713581476,2584.7870667752104
TCD,Chad,1971,2620.8395252226237,0.40418022659664704,2620.8395252226237
TCD,Chad,1972,2354.7343502937906,0.40394531949232926,2354.7343502937906
TCD,Chad,1973,2169.979010355605,0.40371306086524805,2169.979010355605
TCD,Chad,1974,2323.606888106384,0.4034790433990436,2323.606888106384
TCD,Chad,1975,2386.8019661692865,0.403244645219239,2386.8019661692865
TCD,Chad,1976,2158.4265471660765,0.4030117770352483,2158.4265471660765
TCD,Chad,1977,2096.2060117386677,0.4027769594135814,2096.2060117386677
TCD,Chad,1978,2206.3666493128203,0.4025438560367242,2206.3666493128203
TCD,Chad,1979,1306.061935425482,0.40230883537285833,1306.061935425482
TCD,Chad,1980,1204.6970546891973,0.40207503507344006,1204.6970546891973
TCD,Chad,1981,1088.1439317548554,0.40091563020194826,1088.1439317548554
TCD,Chad,1982,1124.5943255995644,0.3997544971494084,1124.5943255995644
TCD,Chad,1983,1442.217275846885,0.39859311092288613,1442.217275846885
TCD,Chad,1984,1572.9058502654532,0.39743329376943776,1572.9058502654532
TCD,Chad,1985,1708.2451412616758,0.3962720254079131,1708.2451412616758
TCD,Chad,1986,1672.7695113128393,0.39511142161152135,1672.7695113128393
TCD,Chad,1987,1634.699135969931,0.39395011163724786,1634.699135969931
TCD,Chad,1988,1721.922486862295,0.3927891294197919,1721.922486862295
TCD,Chad,1989,1751.6552213722762,0.3916299647343866,1751.6552213722762
TCD,Chad,1990,1727.6816290982047,0.3904690816447943,1727.6816290982047
TCD,Chad,1991,1754.1046734372692,0.3900328966005524,1754.1046734372692
TCD,Chad,1992,1699.7839887651944,0.39225684957978457,1699.7839887651944
TCD,Chad,1993,1637.8815400015326,0.4020189989447645,1637.8815400015326
TCD,Chad,1994,1643.895684303341,0.39692682257898415,1643.895684303341
TCD,Chad,1995,1671.4405764639732,0.3973396575421579,1671.4405764639732
TCD,Chad,1996,1509.8126774940392,0.3969054218202204,1509.8126774940392
TCD,Chad,1997,1601.7862914722714,0.39262408777414276,1601.7862914722714
TCD,Chad,1998,1549.632585648533,0.38901945002340144,1549.632585648533
TCD,Chad,1999,1549.0833337007105,0.38601306387244344,1549.0833337007105
TCD,Chad,2000,1441.947154624603,0.3821952875445945,1441.947154624603
TCD,Chad,2001,1523.4645159260024,0.3776226570376757,1523.4645159260024
TCD,Chad,2002,1104.026396280651,0.37340848714145775,1104.026396280651
TCD,Chad,2003,1246.259061638469,0.37082767772508746,1246.259061638469
TCD,Chad,2004,1733.8337642499484,0.3694459847751218,1733.8337642499484
TCD,Chad,2005,2064.913556879625,0.36670470721277854,2064.913556879625
TCD,Chad,2006,2047.389923038262,0.3625522220734738,2047.389923038262
TCD,Chad,2007,2170.9239776576796,0.35807143720121987,2170.9239776576796
TCD,Chad,2008,2233.979717846246,0.35438067307740495,2233.979717846246
TCD,Chad,2009,2028.73601634732,0.35104367933136754,2028.73601634732
TCD,Chad,2010,2596.519399374217,0.34734884220456647,2596.519399374217
TCD,Chad,2011,2468.2305638723396,0.34406042770575096,2468.2305638723396
TCD,Chad,2012,2641.6452058542436,0.34117128135907215,2641.6452058542436
TCD,Chad,2013,2307.4005149174145,0.3383405333597425,2307.4005149174145
TCD,Chad,2014,2377.9316882975286,0.3358844039861466,2377.9316882975286
TCD,Chad,2015,2642.3416834208097,0.3325023552071951,2642.3416834208097
TCD,Chad,2016,2363.7112251321646,0.32920276441019986,2363.7112251321646
TCD,Chad,2017,2287.205290131532,0.32668134491200945,2287.205290131532
TCD,Chad,2018,2371.8608263587025,0.3250549860997537,2371.8608263587025
TCD,Chad,2019,2429.107901719384,0.32583849471592796,2429.107901719384
TCD,Chad,2020,2264.677091369889,0.3216978929198762,2264.677091369889
TCD,Chad,2021,2192.0002080403415,0.3251682471999919,2192.0002080403415
TCD,Chad,2022,2257.4815384494095,0.33615893711630673,2257.4815384494095
TCD,Chad,2023,2165.029514369847,0.344904881471739,2165.029514369847
TGO,Togo,1960,1274.2190651981698,,1274.2190651981698
TGO,Togo,1961,1355.5897941869032,,1355.5897941869032
TGO,Togo,1962,1361.3361876816405,,1361.3361876816405
TGO,Togo,1963,1417.4772281921166,,1417.4772281921166
TGO,Togo,1964,1589.142493465476,,1589.142493465476
TGO,Togo,1965,1768.7776069062297,,1768.7776069062297
TGO,Togo,1966,1901.4268531448402,,1901.4268531448402
TGO,Togo,1967,1946.9017925811734,,1946.9017925811734
TGO,Togo,1968,1953.1870348188954,,1953.1870348188954
TGO,Togo,1969,2142.300968815145,,2142.300968815145
TGO,Togo,1970,2027.221396314349,,2027.221396314349
TGO,Togo,1971,2087.350228982095,,2087.350228982095
TGO,Togo,1972,2117.5990117794845,,2117.5990117794845
TGO,Togo,1973,2024.95556308803,,2024.95556308803
TGO,Togo,1974,2157.618142383229,,2157.618142383229
TGO,Togo,1975,2044.4462408583665,,2044.4462408583665
TGO,Togo,1976,2043.1954233169474,,2043.1954233169474
TGO,Togo,1977,2366.2417817487476,,2366.2417817487476
TGO,Togo,1978,2620.9379133517245,,2620.9379133517245
TGO,Togo,1979,2700.68884235554,,2700.68884235554
TGO,Togo,1980,2441.5953174888405,0.3771675557211217,2441.5953174888405
TGO,Togo,1981,2150.1857261184955,0.37694563043847035,2150.1857261184955
TGO,Togo,1982,2043.3752440677365,0.3774557991622168,2043.3752440677365
TGO,Togo,1983,1823.1028243613125,0.3781841815543987,1823.1028243613125
TGO,Togo,1984,1705.2041490384167,0.37755589382332233,1705.2041490384167
TGO,Togo,1985,1712.5235045367879,0.37769804577198335,1712.5235045367879
TGO,Togo,1986,1723.4594675586789,0.37807357998451785,1723.4594675586789
TGO,Togo,1987,1659.664939343605,0.3797383649396392,1659.664939343605
TGO,Togo,1988,1855.0057447979862,0.38003755502445263,1855.0057447979862
TGO,Togo,1989,1811.4940393654572,0.38110350453083897,1811.4940393654572
TGO,Togo,1990,1962.820752282707,0.38347952630591825,1962.820752282707
TGO,Togo,1991,1763.2464554109888,0.38555997503093625,1763.2464554109888
TGO,Togo,1992,1733.6087668948326,0.38607939859928286,1733.6087668948326
TGO,Togo,1993,1442.9977506210407,0.3854236772467738,1442.9977506210407
TGO,Togo,1994,1596.1055123918406,0.3879706348655368,1596.1055123918406
TGO,Togo,1995,1558.103153781418,0.39044164427550176,1558.103153781418
TGO,Togo,1996,1790.7962778323276,0.39318384268852474,1790.7962778323276
TGO,Togo,1997,1901.6374383469522,0.39430309907156563,1901.6374383469522
TGO,Togo,1998,1603.9255342502015,0.3949159559896978,1603.9255342502015
TGO,Togo,1999,1720.2562783372255,0.3955806340750587,1720.2562783372255
TGO,Togo,2000,1569.1591583509028,0.395046861857041,1569.1591583509028
TGO,Togo,2001,1530.250659352734,0.39647174299033494,1530.250659352734
TGO,Togo,2002,1557.4703353044756,0.3973854246168769,1557.4703353044756
TGO,Togo,2003,1561.9640324669629,0.39881101316424744,1561.9640324669629
TGO,Togo,2004,1503.7380205667228,0.3994840089211935,1503.7380205667228
TGO,Togo,2005,1574.890077267068,0.39941708493350225,1574.890077267068
TGO,Togo,2006,2470.609372421252,0.4001972770231295,2470.609372421252
TGO,Togo,2007,1895.892592085217,0.3974229880274319,1895.892592085217
TGO,Togo,2008,1861.8700615789883,0.39464867727020986,1861.8700615789883
TGO,Togo,2009,1907.5921333563037,0.39187437199240677,1907.5921333563037
TGO,Togo,2010,1938.5869238287196,0.3891000460711049,1938.5869238287196
TGO,Togo,2011,1968.7901577451169,0.38632576232961763,1968.7901577451169
TGO,Togo,2012,2093.9455695156107,0.3823162396796134,2093.9455695156107
TGO,Togo,2013,2082.3352134125835,0.37830671756323503,2082.3352134125835
TGO,Togo,2014,2144.1012590415457,0.3742972117697007,2144.1012590415457
TGO,Togo,2015,2234.5090416758285,0.3702877348349873,2234.5090416758285
TGO,Togo,2016,2272.2699937448215,0.3732398732877984,2272.2699937448215
TGO,Togo,2017,2277.517499230496,0.376192058896668,2277.517499230496
TGO,Togo,2018,2317.563941511686,0.37914422986603835,2317.563941511686
TGO,Togo,2019,2448.5196481051553,0.382096410523426,2448.5196481051553
TGO,Togo,2020,2528.8577118119156,0.37810087598881625,2528.8577118119156
TGO,Togo,2021,2610.970047643269,0.3741053452850548,2610.970047643269
TGO,Togo,2022,2695.0766914981486,0.3701097951204061,2695.0766914981486
TGO,Togo,2023,2775.8736664955277,0.37279484354459325,2775.8736664955277
THA,Thailand,1950,1399.5923884280044,0.4499493926764343,1399.5923884280044
THA,Thailand,1951,1313.5749413028338,0.4470483991872892,1313.5749413028338
THA,Thailand,1952,1273.9202051753582,0.4441471256808194,1273.9202051753582
THA,Thailand,1953,1141.0248496498446,0.4412463621150409,1141.0248496498446
THA,Thailand,1954,1205.0619124319005,0.4383454083982726,1205.0619124319005
THA,Thailand,1955,1077.982118401475,0.4354443464363791,1077.982118401475
THA,Thailand,1956,1096.8166811325993,0.4325429981485983,1096.8166811325993
THA,Thailand,1957,1202.9221474242993,0.4296419053362156,1202.9221474242993
THA,Thailand,1958,1200.8174235570154,0.42674121822921485,1200.8174235570154
THA,Thailand,1959,1287.9614102660785,0.4238400243007273,1287.9614102660785
THA,Thailand,1960,1385.4814815098814,0.42093904846832403,1385.4814815098814
THA,Thailand,1961,1428.1915977044252,0.4191939539565262,1428.1915977044252
THA,Thailand,1962,1464.5414572355844,0.41759697302729737,1464.5414572355844
THA,Thailand,1963,1518.4683511260746,0.41579727059366284,1518.4683511260746
THA,Thailand,1964,1595.637189115788,0.41388271424114226,1595.637189115788
THA,Thailand,1965,1726.6702889386363,0.4116935770101357,1726.6702889386363
THA,Thailand,1966,1959.7221476073269,0.4093181490259561,1959.7221476073269
THA,Thailand,1967,1951.2927150095181,0.4068659970843846,1951.2927150095181
THA,Thailand,1968,2031.3664099727794,0.4045340999171796,2031.3664099727794
THA,Thailand,1969,2180.4555523358345,0.4023786484676016,2180.4555523358345
THA,Thailand,1970,2860.112842422548,0.4005489326435301,2860.112842422548
THA,Thailand,1971,2927.0256633881545,0.4017272432922962,2927.0256633881545
THA,Thailand,1972,2977.376013765935,0.4027556142353696,2977.376013765935
THA,Thailand,1973,3157.018868299244,0.40388595073780187,3157.018868299244
THA,Thailand,1974,3203.736010618105,0.4054056637828386,3203.736010618105
THA,Thailand,1975,3287.856828547041,0.40725382502548546,3287.856828547041
THA,Thailand,1976,3499.1202666933737,0.40954825032267367,3499.1202666933737
THA,Thailand,1977,3794.1369829512078,0.4120164471973094,3794.1369829512078
THA,Thailand,1978,4082.3937913049167,0.4252188460037796,4082.3937913049167
THA,Thailand,1979,4233.858010322991,0.414311615612112,4233.858010322991
THA,Thailand,1980,4345.514061307572,0.4311393005393842,4345.514061307572
THA,Thailand,1981,4508.3253839355175,0.4332101182647533,4508.3253839355175
THA,Thailand,1982,4586.836500828294,0.43962112976369283,4586.836500828294
THA,Thailand,1983,4742.828242076558,0.45923323201938965,4742.828242076558
THA,Thailand,1984,4908.460754286356,0.47543740213423213,4908.460754286356
THA,Thailand,1985,4983.172695861548,0.46877772548738034,4983.172695861548
THA,Thailand,1986,4975.91856613158,0.4763401196797387,4975.91856613158
THA,Thailand,1987,5320.89137681771,0.4940702073512449,5320.89137681771
THA,Thailand,1988,5834.87210917886,0.5092909325242793,5834.87210917886
THA,Thailand,1989,6284.002400157953,0.5151517711047545,6284.002400157953
THA,Thailand,1990,6825.817495269174,0.515999411054784,6825.817495269174
THA,Thailand,1991,7140.2269603231525,0.5192059565488336,7140.2269603231525
THA,Thailand,1992,7785.017620388207,0.5285629523828281,7785.017620388207
THA,Thailand,1993,8313.661817951506,0.5342506691218578,8313.661817951506
THA,Thailand,1994,8907.863224078383,0.51016598282381,8907.863224078383
THA,Thailand,1995,9939.609953137007,0.5210357824001232,9939.609953137007
THA,Thailand,1996,10821.79668566442,0.5160436669862752,10821.79668566442
THA,Thailand,1997,9814.826397163955,0.5225757388670839,9814.826397163955
THA,Thailand,1998,8201.558820713613,0.49146689201021637,8201.558820713613
THA,Thailand,1999,8373.430190572912,0.4943923906790366,8373.430190572912
THA,Thailand,2000,8551.96593470191,0.49892700259023426,8551.96593470191
THA,Thailand,2001,8782.690164187316,0.5041557967566096,8782.690164187316
THA,Thailand,2002,9404.253654205228,0.5142375914419762,9404.253654205228
THA,Thailand,2003,10009.467702539949,0.5214158787619262,10009.467702539949
THA,Thailand,2004,10702.932064141554,0.5301640911583255,10702.932064141554
THA,Thailand,2005,11712.998440411637,0.5333326808153257,11712.998440411637
THA,Thailand,2006,12278.673209721106,0.5350948944562681,12278.673209721106
THA,Thailand,2007,13040.311572192193,0.5393131183215385,13040.311572192193
THA,Thailand,2008,13840.485106218104,0.5468491156851667,13840.485106218104
THA,Thailand,2009,13566.690736553206,0.5531526294460554,13566.690736553206
THA,Thailand,2010,15148.201945985362,0.5542810390391832,15148.201945985362
THA,Thailand,2011,15960.269324329132,0.5494078967951623,15960.269324329132
THA,Thailand,2012,17708.708588434794,0.5512804423051364,17708.708588434794
THA,Thailand,2013,17810.52286635254,0.5462148204292029,17810.52286635254
THA,Thailand,2014,17358.315832546563,0.5414127047132387,17358.315832546563
THA,Thailand,2015,17414.424872869662,0.5380289729594868,17414.424872869662
THA,Thailand,2016,17932.745573053147,0.5308276208145344,17932.745573053147
THA,Thailand,2017,18881.0510714369,0.5251811155184317,18881.0510714369
THA,Thailand,2018,19656.7904073296,0.5294726176023791,19656.7904073296
THA,Thailand,2019,20354.355778216268,0.5248862102263601,20354.355778216268
THA,Thailand,2020,19355.135426842917,0.5249397126108205,19355.135426842917
THA,Thailand,2021,20167.25646508084,0.5253106382682573,20167.25646508084
THA,Thailand,2022,20839.26108431175,0.5456944745085578,20839.26108431175
THA,Thailand,2023,23029.1429433324,0.5555630593523261,23029.1429433324
TJK,Tajikistan,1990,7937.388880898384,0.3677920951863833,7937.388880898384
TJK,Tajikistan,1991,7676.115517743885,0.36524146988165934,7676.115517743885
TJK,Tajikistan,1992,3882.577339518356,0.3481175231271852,3882.577339518356
TJK,Tajikistan,1993,5334.19525032607,0.33543938001870566,5334.19525032607
TJK,Tajikistan,1994,3015.3406188244244,0.3319815437252153,3015.3406188244244
TJK,Tajikistan,1995,3489.6950502211953,0.32787698880059857,3489.6950502211953
TJK,Tajikistan,1996,1864.1693713495358,0.302276256823266,1864.1693713495358
TJK,Tajikistan,1997,2780.0722086478304,0.3079033766314062,2780.0722086478304
TJK,Tajikistan,1998,2336.89856420337,0.3031100896225939,2336.89856420337
TJK,Tajikistan,1999,1969.0097111339207,0.287623255662715,1969.0097111339207
TJK,Tajikistan,2000,1894.1549196187268,0.28396523841646465,1894.1549196187268
TJK,Tajikistan,2001,2053.258756225441,0.29222105730489867,2053.258756225441
TJK,Tajikistan,2002,2270.3610777448307,0.29130784364906737,2270.3610777448307
TJK,Tajikistan,2003,2425.5043074156256,0.29022905436934027,2425.5043074156256
TJK,Tajikistan,2004,2631.5494401629207,0.3154469265001273,2631.5494401629207
TJK,Tajikistan,2005,2836.7076574937328,0.31305167303145975,2836.7076574937328
TJK,Tajikistan,2006,3058.2867445908405,0.3098532184884874,3058.2867445908405
TJK,Tajikistan,2007,3303.4889123976627,0.3064817419569998,3303.4889123976627
TJK,Tajikistan,2008,3323.2561060117578,0.30124437017127165,3323.2561060117578
TJK,Tajikistan,2009,3213.2253448826004,0.3017200785002049,3213.2253448826004
TJK,Tajikistan,2010,3409.0967053371073,0.29776230647017216,3409.0967053371073
TJK,Tajikistan,2011,3929.5136683467977,0.29245125905665903,3929.5136683467977
TJK,Tajikistan,2012,4272.856054884126,0.29027612927099466,4272.856054884126
TJK,Tajikistan,2013,3957.828303895811,0.2844331405144617,3957.828303895811
TJK,Tajikistan,2014,4339.7750082131115,0.279124391698157,4339.7750082131115
TJK,Tajikistan,2015,3471.9145458644534,0.2783433973180195,3471.9145458644534
TJK,Tajikistan,2016,3453.0462178890593,0.271831727836498,3453.0462178890593
TJK,Tajikistan,2017,3714.091968244143,0.26747506491060696,3714.091968244143
TJK,Tajikistan,2018,3730.8061792513495,0.26319385833427256,3730.8061792513495
TJK,Tajikistan,2019,4301.1372135273095,0.2612420232890852,4301.1372135273095
TJK,Tajikistan,2020,4241.798986928306,0.26018035057470734,4241.798986928306
TJK,Tajikistan,2021,4484.583351978366,0.26300149099212117,4484.583351978366
TJK,Tajikistan,2022,4873.1619864013965,0.2657491070931394,4873.1619864013965
TJK,Tajikistan,2023,4843.068457099122,0.2668491793220985,4843.068457099122
TKM,Turkmenistan,1990,13018.641936032433,0.4034991830074175,13018.641936032433
TKM,Turkmenistan,1991,12005.713282704348,0.40776979953626574,12005.713282704348
TKM,Turkmenistan,1992,10061.087040068305,0.4120373437777782,10061.087040068305
TKM,Turkmenistan,1993,11090.57370231973,0.41557435009098287,11090.57370231973
TKM,Turkmenistan,1994,7721.651592358081,0.4226407506219408,7721.651592358081
TKM,Turkmenistan,1995,6757.2288836284,0.42886464050797113,6757.2288836284
TKM,Turkmenistan,1996,7348.818336331819,0.4297295406967345,7348.818336331819
TKM,Turkmenistan,1997,7627.22485461396,0.43237476753636495,7627.22485461396
TKM,Turkmenistan,1998,8117.914150799444,0.431517942252469,8117.914150799444
TKM,Turkmenistan,1999,8374.045665847463,0.42829422325773964,8374.045665847463
TKM,Turkmenistan,2000,8943.764269770703,0.43512568945984625,8943.764269770703
TKM,Turkmenistan,2001,8342.994197138689,0.4381138719287874,8342.994197138689
TKM,Turkmenistan,2002,8531.827763963043,0.44335063687570825,8531.827763963043
TKM,Turkmenistan,2003,8919.57514754213,0.447801488750796,8919.57514754213
TKM,Turkmenistan,2004,9244.582544135417,0.45875461669263967,9244.582544135417
TKM,Turkmenistan,2005,10768.341691149124,0.46527114198717323,10768.341691149124
TKM,Turkmenistan,2006,11324.520501087505,0.47265864170043165,11324.520501087505
TKM,Turkmenistan,2007,11962.136887004805,0.4801098836899047,11962.136887004805
TKM,Turkmenistan,2008,12365.170574846272,0.4858431760145043,12365.170574846272
TKM,Turkmenistan,2009,18184.63504559769,0.4957676194141198,18184.63504559769
TKM,Turkmenistan,2010,19952.108170738895,0.49995443968004205,19952.108170738895
TKM,Turkmenistan,2011,19596.35511744079,0.5018155344561361,19596.35511744079
TKM,Turkmenistan,2012,19622.657610871982,0.5051804841399344,19622.657610871982
TKM,Turkmenistan,2013,19643.581617472377,0.5085230106923917,19643.581617472377
TKM,Turkmenistan,2014,19462.681306368773,0.5113697056036237,19462.681306368773
TKM,Turkmenistan,2015,19000.43533423856,0.5150161896788636,19000.43533423856
TKM,Turkmenistan,2016,18657.779436877845,0.5182868231785251,18657.779436877845
TKM,Turkmenistan,2017,19229.585512952774,0.5210019264618251,19229.585512952774
TKM,Turkmenistan,2018,20003.698243744595,0.5233519161187669,20003.698243744595
TKM,Turkmenistan,2019,20763.949556316158,0.5253500266593817,20763.949556316158
TKM,Turkmenistan,2020,21488.08457934431,0.5119150816010993,21488.08457934431
TKM,Turkmenistan,2021,22574.196444522404,0.5174541995983428,22574.196444522404
TKM,Turkmenistan,2022,23593.515674477847,0.5351019378724662,23593.515674477847
TKM,Turkmenistan,2023,24502.3724994358,0.5385370843358638,24502.3724994358
TTO,Trinidad and Tobago,1950,6816.223851352569,0.323569303755426,6816.223851352569
TTO,Trinidad and Tobago,1951,7344.619797552653,0.3214659129943722,7344.619797552653
TTO,Trinidad and Tobago,1952,7534.702641239047,0.3187094380364579,7534.702641239047
TTO,Trinidad and Tobago,1953,7617.656709879293,0.3159586466127669,7617.656709879293
TTO,Trinidad and Tobago,1954,7875.482290752389,0.3132038280743191,7875.482290752389
TTO,Trinidad and Tobago,1955,8677.895167266655,0.31045764483916855,8677.895167266655
TTO,Trinidad and Tobago,1956,9382.561019344657,0.3077050128593274,9382.561019344657
TTO,Trinidad and Tobago,1957,10083.091697570218,0.3049426000797603,10083.091697570218
TTO,Trinidad and Tobago,1958,10858.137693275108,0.30219267927823906,10858.137693275108
TTO,Trinidad and Tobago,1959,11364.336976838205,0.2994386412044192,11364.336976838205
TTO,Trinidad and Tobago,1960,12177.01661971681,0.2966902779412408,12177.01661971681
TTO,Trinidad and Tobago,1961,13811.844064606541,0.2965739715953763,13811.844064606541
TTO,Trinidad and Tobago,1962,13545.930342239251,0.29647433295863057,13545.930342239251
TTO,Trinidad and Tobago,1963,14433.007795114892,0.29636392831551606,14433.007795114892
TTO,Trinidad and Tobago,1964,15232.852363819133,0.29843294384730334,15232.852363819133
TTO,Trinidad and Tobago,1965,14794.443632002047,0.3127985411804818,14794.443632002047
TTO,Trinidad and Tobago,1966,15353.782106874,0.3050049263417539,15353.782106874
TTO,Trinidad and Tobago,1967,16145.66757404073,0.3129008738842814,16145.66757404073
TTO,Trinidad and Tobago,1968,17128.79821584606,0.3068562893118867,17128.79821584606
TTO,Trinidad and Tobago,1969,18573.67184108817,0.3166947724333809,18573.67184108817
TTO,Trinidad and Tobago,1970,18451.056561412286,0.3199286767383756,18451.056561412286
TTO,Trinidad and Tobago,1971,17356.268810749214,0.3205713099078153,17356.268810749214
TTO,Trinidad and Tobago,1972,19792.53111202744,0.31770145256093923,19792.53111202744
TTO,Trinidad and Tobago,1973,19419.265368351054,0.3148316187682718,19419.265368351054
TTO,Trinidad and Tobago,1974,19560.647434305283,0.32399367960654557,19560.647434305283
TTO,Trinidad and Tobago,1975,19669.73221328772,0.315434063406984,19669.73221328772
TTO,Trinidad and Tobago,1976,21558.192948633186,0.3294546094225934,21558.192948633186
TTO,Trinidad and Tobago,1977,22498.402335015202,0.3434751652147322,22498.402335015202
TTO,Trinidad and Tobago,1978,24768.132276747332,0.3546799905417585,24768.132276747332
TTO,Trinidad and Tobago,1979,25364.28801204634,0.3585103102848157,25364.28801204634
TTO,Trinidad and Tobago,1980,26631.260814633282,0.34580081983960603,26631.260814633282
TTO,Trinidad and Tobago,1981,27531.587804876435,0.34322000324730517,27531.587804876435
TTO,Trinidad and Tobago,1982,28211.392484561304,0.34923824101554457,28211.392484561304
TTO,Trinidad and Tobago,1983,24799.362971054707,0.3441519126573052,24799.362971054707
TTO,Trinidad and Tobago,1984,22728.579218152165,0.3506441720676454,22728.579218152165
TTO,Trinidad and Tobago,1985,21103.966942374973,0.3365432387228344,21103.966942374973
TTO,Trinidad and Tobago,1986,18494.07218987818,0.32457170587562545,18494.07218987818
TTO,Trinidad and Tobago,1987,16100.215108730834,0.30582471553179,16100.215108730834
TTO,Trinidad and Tobago,1988,14773.218514571134,0.30201556616455416,14773.218514571134
TTO,Trinidad and Tobago,1989,13594.8149690923,0.2945393093467985,13594.8149690923
TTO,Trinidad and Tobago,1990,13942.37063401208,0.2987522836990452,13942.37063401208
TTO,Trinidad and Tobago,1991,13520.153841080171,0.317706549339084,13520.153841080171
TTO,Trinidad and Tobago,1992,12764.531055620388,0.3192838671436021,12764.531055620388
TTO,Trinidad and Tobago,1993,11872.594900264825,0.31595918226061603,11872.594900264825
TTO,Trinidad and Tobago,1994,11739.099268458429,0.32254658783273604,11739.099268458429
TTO,Trinidad and Tobago,1995,11732.459299230448,0.333199757049172,11732.459299230448
TTO,Trinidad and Tobago,1996,11473.691310404956,0.3414485729476112,11473.691310404956
TTO,Trinidad and Tobago,1997,11651.623461904865,0.35211160127236957,11651.623461904865
TTO,Trinidad and Tobago,1998,11432.763218149556,0.36579594205150945,11432.763218149556
TTO,Trinidad and Tobago,1999,13459.412482182355,0.37221192164582934,13459.412482182355
TTO,Trinidad and Tobago,2000,16308.38227321496,0.3812016132838827,16308.38227321496
TTO,Trinidad and Tobago,2001,15403.21990514248,0.3878151622759287,15403.21990514248
TTO,Trinidad and Tobago,2002,15900.149344205865,0.39417841478419396,15900.149344205865
TTO,Trinidad and Tobago,2003,20476.181483429187,0.39894780848098726,20476.181483429187
TTO,Trinidad and Tobago,2004,22550.761680714742,0.41794885193534836,22550.761680714742
TTO,Trinidad and Tobago,2005,27491.120554290796,0.42452706559710257,27491.120554290796
TTO,Trinidad and Tobago,2006,32970.41715211916,0.4314240725381432,32970.41715211916
TTO,Trinidad and Tobago,2007,35786.793569651454,0.43050382856891606,35786.793569651454
TTO,Trinidad and Tobago,2008,41501.080655411766,0.4355418350591742,41501.080655411766
TTO,Trinidad and Tobago,2009,31247.436539016544,0.42666868226834226,31247.436539016544
TTO,Trinidad and Tobago,2010,34679.77704784322,0.43128324755429764,34679.77704784322
TTO,Trinidad and Tobago,2011,39558.00335022004,0.43589779653751193,39558.00335022004
TTO,Trinidad and Tobago,2012,39556.947161259115,0.44199817372000677,39556.947161259115
TTO,Trinidad and Tobago,2013,38609.37983354724,0.4433544524888094,38609.37983354724
TTO,Trinidad and Tobago,2014,37768.622425554015,0.44813041583479496,37768.622425554015
TTO,Trinidad and Tobago,2015,33634.16357312684,0.43612036300923257,33634.16357312684
TTO,Trinidad and Tobago,2016,30246.19346222685,0.4267535713554348,30246.19346222685
TTO,Trinidad and Tobago,2017,29801.2483774557,0.41718030176472976,29801.2483774557
TTO,Trinidad and Tobago,2018,28684.415436431245,0.407607038456261,28684.415436431245
TTO,Trinidad and Tobago,2019,28954.744623185226,0.39803379141051143,28954.744623185226
TTO,Trinidad and Tobago,2020,26638.66351929476,0.38470073695376716,26638.66351929476
TTO,Trinidad and Tobago,2021,28473.15719320274,0.3767047027704839,28473.15719320274
TTO,Trinidad and Tobago,2022,28667.69399503717,0.37817904968857247,28667.69399503717
TTO,Trinidad and Tobago,2023,28163.3120917979,0.380851848678024,28163.3120917979
TUN,Tunisia,1960,2031.443257464275,0.2870094214788308,2031.443257464275
TUN,Tunisia,1961,2061.922468855206,0.28477476305932964,2061.922468855206
TUN,Tunisia,1962,2047.9223787206,0.2825389507244972,2047.9223787206
TUN,Tunisia,1963,2206.295655932108,0.2803053895495237,2206.295655932108
TUN,Tunisia,1964,2219.7676378912374,0.2780706193048312,2219.7676378912374
TUN,Tunisia,1965,2261.8676326541345,0.2758348271417862,2261.8676326541345
TUN,Tunisia,1966,2298.0570475860295,0.27359951176160413,2298.0570475860295
TUN,Tunisia,1967,2252.670119039219,0.2713635643874373,2252.670119039219
TUN,Tunisia,1968,2386.5621970598804,0.2691289814263773,2386.5621970598804
TUN,Tunisia,1969,2434.266801569132,0.26689396938200605,2434.266801569132
TUN,Tunisia,1970,3135.258691056001,0.2667656660900114,3135.258691056001
TUN,Tunisia,1971,3329.575932861847,0.2690698867525902,3329.575932861847
TUN,Tunisia,1972,3802.9868221997845,0.2787695199242054,3802.9868221997845
TUN,Tunisia,1973,3748.980045593998,0.27835943774094574,3748.980045593998
TUN,Tunisia,1974,4049.563998194971,0.2793170708473731,4049.563998194971
TUN,Tunisia,1975,4235.238960312964,0.25545949594581985,4235.238960312964
TUN,Tunisia,1976,4396.8896906933705,0.2619692654962086,4396.8896906933705
TUN,Tunisia,1977,4486.772466869756,0.26271018407807856,4486.772466869756
TUN,Tunisia,1978,4646.57265797486,0.2647345239883539,4646.57265797486
TUN,Tunisia,1979,4865.872145999198,0.2661246685049607,4865.872145999198
TUN,Tunisia,1980,5260.843822540813,0.26618715377711677,5260.843822540813
TUN,Tunisia,1981,5453.335699750114,0.266766990274441,5453.335699750114
TUN,Tunisia,1982,5461.598178411908,0.26738921442952895,5461.598178411908
TUN,Tunisia,1983,5700.910435687148,0.2680185576712042,5700.910435687148
TUN,Tunisia,1984,5915.284891269361,0.2686053243388434,5915.284891269361
TUN,Tunisia,1985,6013.94881198175,0.2691320882543078,6013.94881198175
TUN,Tunisia,1986,5876.40788831916,0.27013201344166504,5876.40788831916
TUN,Tunisia,1987,6145.64819315488,0.26999859577059243,6145.64819315488
TUN,Tunisia,1988,6296.961565639718,0.2711034425162043,6296.961565639718
TUN,Tunisia,1989,6454.240896179429,0.2719527085756692,6454.240896179429
TUN,Tunisia,1990,6793.267120168888,0.27265587392574264,6793.267120168888
TUN,Tunisia,1991,6933.603892580971,0.2745342884500543,6933.603892580971
TUN,Tunisia,1992,7573.648832849296,0.27646966492175196,7573.648832849296
TUN,Tunisia,1993,7974.141367715409,0.2796251731029881,7974.141367715409
TUN,Tunisia,1994,8545.241099133687,0.2833636418301863,8545.241099133687
TUN,Tunisia,1995,9146.622692265626,0.2858693065952427,9146.622692265626
TUN,Tunisia,1996,10319.48566760185,0.2879969752769701,10319.48566760185
TUN,Tunisia,1997,10267.834279507964,0.2902105891293976,10267.834279507964
TUN,Tunisia,1998,10019.278307186783,0.2915212121261484,10019.278307186783
TUN,Tunisia,1999,9858.864219446574,0.292566939712938,9858.864219446574
TUN,Tunisia,2000,10054.468008491609,0.29546506583281607,10054.468008491609
TUN,Tunisia,2001,10148.81474211365,0.3026487379562614,10148.81474211365
TUN,Tunisia,2002,9945.17570800425,0.31117827765354716,9945.17570800425
TUN,Tunisia,2003,9914.04542853631,0.3213280238418044,9914.04542853631
TUN,Tunisia,2004,10003.792728879127,0.315295353981212,10003.792728879127
TUN,Tunisia,2005,10528.489083681376,0.3164156441875508,10528.489083681376
TUN,Tunisia,2006,10871.974554458986,0.32099464419593554,10871.974554458986
TUN,Tunisia,2007,11528.748647730035,0.3225247656867645,11528.748647730035
TUN,Tunisia,2008,12075.245538710198,0.3244333829363722,12075.245538710198
TUN,Tunisia,2009,12478.396627877597,0.3227478602346986,12478.396627877597
TUN,Tunisia,2010,13122.47439387775,0.32509153381888406,13122.47439387775
TUN,Tunisia,2011,12951.147100390546,0.3092771370603723,12951.147100390546
TUN,Tunisia,2012,13289.599282792627,0.30974979323182844,13289.599282792627
TUN,Tunisia,2013,12748.657064877441,0.3166819868102075,12748.657064877441
TUN,Tunisia,2014,12853.15090407483,0.31775381342717784,12853.15090407483
TUN,Tunisia,2015,12568.56067137193,0.3133518118857474,12568.56067137193
TUN,Tunisia,2016,12665.233117876349,0.31321048666672247,12665.233117876349
TUN,Tunisia,2017,12760.547607063663,0.3233646746399132,12760.547607063663
TUN,Tunisia,2018,13429.312618641226,0.33404505595381895,13429.312618641226
TUN,Tunisia,2019,13839.24375968467,0.3341244845140837,13839.24375968467
TUN,Tunisia,2020,12721.354069886254,0.32913753163495296,12721.354069886254
TUN,Tunisia,2021,12628.92605063052,0.32415058622016607,12628.92605063052
TUN,Tunisia,2022,12831.640542293826,0.3191636646117278,12831.640542293826
TUN,Tunisia,2023,12111.628986713666,0.3151026001688399,12111.628986713666
TUR,Türkiye,1950,3602.1670658564076,0.40416360286431013,3602.1670658564076
TUR,Türkiye,1951,4347.317418921102,0.39945748876697323,4347.317418921102
TUR,Türkiye,1952,4738.667017553433,0.394750978424819,4738.667017553433
TUR,Türkiye,1953,5159.367096107963,0.39004435272042426,5159.367096107963
TUR,Türkiye,1954,4580.810588608662,0.3853377553307037,4580.810588608662
TUR,Türkiye,1955,4866.681333728756,0.3806314752101134,4866.681333728756
TUR,Türkiye,1956,4751.872759162297,0.3523978217528386,4751.872759162297
TUR,Türkiye,1957,5608.402825001479,0.34582237791665005,5608.402825001479
TUR,Türkiye,1958,5974.735006870418,0.3391706982273051,5974.735006870418
TUR,Türkiye,1959,5681.560337386365,0.3326268091429419,5681.560337386365
TUR,Türkiye,1960,5415.2696291080265,0.3296846465349502,5415.2696291080265
TUR,Türkiye,1961,5362.773728678221,0.3241406200501561,5362.773728678221
TUR,Türkiye,1962,5558.694538546862,0.3153241446437854,5558.694538546862
TUR,Türkiye,1963,5954.789114287005,0.312505994170136,5954.789114287005
TUR,Türkiye,1964,6007.789789618813,0.3092334331878957,6007.789789618813
TUR,Türkiye,1965,6010.501861756508,0.3050363545146067,6010.501861756508
TUR,Türkiye,1966,6768.698401185759,0.3017812197236272,6768.698401185759
TUR,Türkiye,1967,6801.87471960825,0.29570086617758395,6801.87471960825
TUR,Türkiye,1968,7128.441013613381,0.29046866516810393,7128.441013613381
TUR,Türkiye,1969,7304.280638335901,0.28448855512673593,7304.280638335901
TUR,Türkiye,1970,7597.706740716349,0.2873539798298046,7597.706740716349
TUR,Türkiye,1971,7649.402819043594,0.28569454592999993,7649.402819043594
TUR,Türkiye,1972,8133.504488563831,0.2864121367885758,8133.504488563831
TUR,Türkiye,1973,8311.699251552263,0.28412094450257525,8311.699251552263
TUR,Türkiye,1974,9206.07751872322,0.28393290125999765,9206.07751872322
TUR,Türkiye,1975,9671.098188722584,0.280199748970892,9671.098188722584
TUR,Türkiye,1976,10516.35097283092,0.2776433780388603,10516.35097283092
TUR,Türkiye,1977,10166.727586682702,0.2802966475985275,10166.727586682702
TUR,Türkiye,1978,9658.224328865974,0.27811128780494293,9658.224328865974
TUR,Türkiye,1979,9309.533109644932,0.27645601396585057,9309.533109644932
TUR,Türkiye,1980,9037.127482846668,0.27437709771195967,9037.127482846668
TUR,Türkiye,1981,9903.00753823466,0.2705679529449567,9903.00753823466
TUR,Türkiye,1982,9596.77879652668,0.2741389523136422,9596.77879652668
TUR,Türkiye,1983,9825.261427803882,0.27357154525035704,9825.261427803882
TUR,Türkiye,1984,10180.81272489454,0.27378915775425655,10180.81272489454
TUR,Türkiye,1985,10501.736979901105,0.27732013659358,10501.736979901105
TUR,Türkiye,1986,10954.380916583279,0.2840717063733546,10954.380916583279
TUR,Türkiye,1987,11914.785630899594,0.2908232685366402,11914.785630899594
TUR,Türkiye,1988,11777.90470110106,0.29757484479836493,11777.90470110106
TUR,Türkiye,1989,11549.429974209266,0.2983009137287412,11549.429974209266
TUR,Türkiye,1990,12215.447044528359,0.28788533178593484,12215.447044528359
TUR,Türkiye,1991,11481.45583940554,0.2938894500808184,11481.45583940554
TUR,Türkiye,1992,11856.818647963433,0.29416314695250834,11856.818647963433
TUR,Türkiye,1993,12842.897425992473,0.2770901054152578,12842.897425992473
TUR,Türkiye,1994,11569.042497967313,0.29334691625604437,11569.042497967313
TUR,Türkiye,1995,12633.013578168755,0.29653675837034343,12633.013578168755
TUR,Türkiye,1996,13721.507301222282,0.30107638248284047,13721.507301222282
TUR,Türkiye,1997,14094.625224209785,0.2989053594410326,14094.625224209785
TUR,Türkiye,1998,13723.26476432666,0.30254101164629926,13723.26476432666
TUR,Türkiye,1999,12812.421415290579,0.30278038096532134,12812.421415290579
TUR,Türkiye,2000,14085.620385461361,0.29665685039820966,14085.620385461361
TUR,Türkiye,2001,13410.786224158252,0.29075394200298327,13410.786224158252
TUR,Türkiye,2002,13100.334241651919,0.2864275243325119,13100.334241651919
TUR,Türkiye,2003,12466.178254630982,0.2807316975163983,12466.178254630982
TUR,Türkiye,2004,14042.325794334396,0.28532390864203067,14042.325794334396
TUR,Türkiye,2005,15522.690416152524,0.28944344883069717,15522.690416152524
TUR,Türkiye,2006,17139.938870173948,0.2919089070009459,17139.938870173948
TUR,Türkiye,2007,18470.44418826439,0.2935132359781995,18470.44418826439
TUR,Türkiye,2008,19368.246465060995,0.2965994673569525,19368.246465060995
TUR,Türkiye,2009,18785.254679620663,0.29338476284215764,18785.254679620663
TUR,Türkiye,2010,20870.905710925046,0.3078734126729754,20870.905710925046
TUR,Türkiye,2011,23916.817959791875,0.324410163682421,23916.817959791875
TUR,Türkiye,2012,24834.59224105664,0.32977495948165514,24834.59224105664
TUR,Türkiye,2013,25896.13395049733,0.3340574370297312,25896.13395049733
TUR,Türkiye,2014,26955.37122447116,0.33229469196879435,26955.37122447116
TUR,Türkiye,2015,27852.915805246936,0.33269084974006247,27852.915805246936
TUR,Türkiye,2016,27705.243740980633,0.3331819257788741,27705.243740980633
TUR,Türkiye,2017,28846.619086192903,0.3392845054906872,28846.619086192903
TUR,Türkiye,2018,28409.80241546478,0.340468747350419,28409.80241546478
TUR,Türkiye,2019,28042.94791451201,0.3289915527300944,28042.94791451201
TUR,Türkiye,2020,28022.236454593087,0.31145706442406895,28022.236454593087
TUR,Türkiye,2021,30201.1438884087,0.3322210926999648,30201.1438884087
TUR,Türkiye,2022,33624.44112705721,0.35293702132921395,33624.44112705721
TUR,Türkiye,2023,35773.59719752268,0.3621793630231434,35773.59719752268
TWN,Taiwan,1951,1822.7308669988872,0.3428003278035916,1822.7308669988872
TWN,Taiwan,1952,2025.9336186600704,0.3400777559571587,2025.9336186600704
TWN,Taiwan,1953,2162.5504945902494,0.3373556591791308,2162.5504945902494
TWN,Taiwan,1954,2281.9125394117523,0.3346326369790813,2281.9125394117523
TWN,Taiwan,1955,2365.575641245607,0.3319100260473574,2365.575641245607
TWN,Taiwan,1956,2465.6986698487385,0.32918813090965704,2465.6986698487385
TWN,Taiwan,1957,2586.9856119024475,0.32646541972827314,2586.9856119024475
TWN,Taiwan,1958,2685.1095730344678,0.3237429107895263,2685.1095730344678
TWN,Taiwan,1959,2822.657924303436,0.32102057546961227,2822.657924303436
TWN,Taiwan,1960,2921.858580699879,0.31829733672370014,2921.858580699879
TWN,Taiwan,1961,3080.5652125923075,0.31905420215646957,3080.5652125923075
TWN,Taiwan,1962,3198.5740876486166,0.3193899146911652,3198.5740876486166
TWN,Taiwan,1963,3399.4697248391253,0.32022096953221285,3399.4697248391253
TWN,Taiwan,1964,3716.410160323562,0.3139435366139165,3716.410160323562
TWN,Taiwan,1965,4097.338649228336,0.30618259932945796,4097.338649228336
TWN,Taiwan,1966,4295.62604040825,0.3052660281099634,4295.62604040825
TWN,Taiwan,1967,4741.233105852505,0.3130509638112581,4741.233105852505
TWN,Taiwan,1968,5137.423347812388,0.3190451221884075,5137.423347812388
TWN,Taiwan,1969,5438.842789749423,0.3195629409572368,5438.842789749423
TWN,Taiwan,1970,5979.3680248995,0.321296125208783,5979.3680248995
TWN,Taiwan,1971,6634.386761105528,0.3253847218561197,6634.386761105528
TWN,Taiwan,1972,7405.40037462645,0.33363655754350957,7405.40037462645
TWN,Taiwan,1973,8301.472018502789,0.3526452821474524,8301.472018502789
TWN,Taiwan,1974,8613.280882508805,0.35690616263970243,8613.280882508805
TWN,Taiwan,1975,8502.338014042563,0.3525861308031451,8502.338014042563
TWN,Taiwan,1976,9617.976588358575,0.35485760348772566,9617.976588358575
TWN,Taiwan,1977,10273.57248371949,0.36742718170360883,10273.57248371949
TWN,Taiwan,1978,11543.216809648384,0.3771063640711256,11543.216809648384
TWN,Taiwan,1979,12444.479233863505,0.38295805491435075,12444.479233863505
TWN,Taiwan,1980,13191.967364525412,0.3835784925885307,13191.967364525412
TWN,Taiwan,1981,13767.963862914561,0.383818010420245,13767.963862914561
TWN,Taiwan,1982,13962.045055654213,0.38614040355771595,13962.045055654213
TWN,Taiwan,1983,14750.062134290913,0.39510827199471876,14750.062134290913
TWN,Taiwan,1984,15801.0990410603,0.40191692069258494,15801.0990410603
TWN,Taiwan,1985,15797.93779905802,0.40269660305791466,15797.93779905802
TWN,Taiwan,1986,17769.503832634073,0.41533203225868703,17769.503832634073
TWN,Taiwan,1987,20244.391344649957,0.424794139584411,20244.391344649957
TWN,Taiwan,1988,21534.352906676428,0.42513277031095975,21534.352906676428
TWN,Taiwan,1989,23236.052685718205,0.4285294489225868,23236.052685718205
TWN,Taiwan,1990,25056.834191481154,0.42442650370774687,25056.834191481154
TWN,Taiwan,1991,26471.648739380384,0.4253688235151296,26471.648739380384
TWN,Taiwan,1992,28185.373692048488,0.4311643562208514,28185.373692048488
TWN,Taiwan,1993,29499.80570858374,0.4319943593366478,29499.80570858374
TWN,Taiwan,1994,30544.504590464723,0.43743710957474313,30544.504590464723
TWN,Taiwan,1995,31822.88144347663,0.437443753056413,31822.88144347663
TWN,Taiwan,1996,33693.656748299276,0.4292488746101599,33693.656748299276
TWN,Taiwan,1997,35400.1998185829,0.430748644630089,35400.1998185829
TWN,Taiwan,1998,36726.77151727151,0.42847253385521505,36726.77151727151
TWN,Taiwan,1999,38026.55179537356,0.42661640226495917,38026.55179537356
TWN,Taiwan,2000,39782.54215888279,0.4297321288282907,39782.54215888279
TWN,Taiwan,2001,38365.06965631087,0.41725663155559795,38365.06965631087
TWN,Taiwan,2002,39403.0421215668,0.4185231140589815,39403.0421215668
TWN,Taiwan,2003,40202.310671395484,0.4219838351268877,40202.310671395484
TWN,Taiwan,2004,42081.8055996873,0.42988523385848026,42081.8055996873
TWN,Taiwan,2005,44992.48737986726,0.4357552291263997,44992.48737986726
TWN,Taiwan,2006,45353.497093231505,0.44176048095100856,45353.497093231505
TWN,Taiwan,2007,46643.12695604274,0.44830105561327865,46643.12695604274
TWN,Taiwan,2008,44844.14710499695,0.4519382495984206,44844.14710499695
TWN,Taiwan,2009,42886.36134772243,0.4453788922506767,42886.36134772243
TWN,Taiwan,2010,46700.695883332,0.45344490593097997,46700.695883332
TWN,Taiwan,2011,48530.20787963257,0.46171555109714274,48530.20787963257
TWN,Taiwan,2012,49063.56332927624,0.4666847441675759,49063.56332927624
TWN,Taiwan,2013,48555.88020734497,0.4697931453715345,48555.88020734497
TWN,Taiwan,2014,50301.04297900732,0.47337457452647846,50301.04297900732
TWN,Taiwan,2015,49903.109860949065,0.47725536521021217,49903.109860949065
TWN,Taiwan,2016,49784.21556097363,0.47913016307114603,49784.21556097363
TWN,Taiwan,2017,51338.21700066762,0.4818827548017531,51338.21700066762
TWN,Taiwan,2018,51118.719699000176,0.4849432410584146,51118.719699000176
TWN,Taiwan,2019,53548.48509030779,0.4873701831244726,53548.48509030779
TWN,Taiwan,2020,55789.69716920561,0.4878259854648292,55789.69716920561
TWN,Taiwan,2021,59090.532857655715,0.4937697382360272,59090.532857655715
TWN,Taiwan,2022,61111.18269970849,0.5029242046557293,61111.18269970849
TWN,Taiwan,2023,61942.03000435985,0.5010713108914835,61942.03000435985
TZA,U.R. of Tanzania: Mainland,1960,1277.7245064780757,0.42405607927147676,1277.7245064780757
TZA,U.R. of Tanzania: Mainland,1961,1275.0041080373553,0.4323951849821674,1275.0041080373553
TZA,U.R. of Tanzania: Mainland,1962,1358.4963036861725,0.4266806466440764,1358.4963036861725
TZA,U.R. of Tanzania: Mainland,1963,1416.9531980833035,0.42164087685101326,1416.9531980833035
TZA,U.R. of Tanzania: Mainland,1964,1589.6648399930152,0.4180052174550107,1589.6648399930152
TZA,U.R. of Tanzania: Mainland,1965,1558.9453435212574,0.4151610837905555,1558.9453435212574
TZA,U.R. of Tanzania: Mainland,1966,1626.613557995258,0.4139471173436769,1626.613557995258
TZA,U.R. of Tanzania: Mainland,1967,1665.6193814718865,0.41167930143110126,1665.6193814718865
TZA,U.R. of Tanzania: Mainland,1968,1728.099913103225,0.4153668854492752,1728.099913103225
TZA,U.R. of Tanzania: Mainland,1969,1755.4548419617684,0.41774073995763605,1755.4548419617684
TZA,U.R. of Tanzania: Mainland,1970,1841.4834221277956,0.4223002487628408,1841.4834221277956
TZA,U.R. of Tanzania: Mainland,1971,1864.3334439189603,0.4214391788331684,1864.3334439189603
TZA,U.R. of Tanzania: Mainland,1972,1900.171200343276,0.4195622278494587,1900.171200343276
TZA,U.R. of Tanzania: Mainland,1973,1972.26237330948,0.41690599256515326,1972.26237330948
TZA,U.R. of Tanzania: Mainland,1974,1973.2551414119216,0.4152375680142974,1973.2551414119216
TZA,U.R. of Tanzania: Mainland,1975,2050.443708704372,0.41274580379807285,2050.443708704372
TZA,U.R. of Tanzania: Mainland,1976,2170.039693422842,0.4162689753222853,2170.039693422842
TZA,U.R. of Tanzania: Mainland,1977,2032.3059546604495,0.41650298297737115,2032.3059546604495
TZA,U.R. of Tanzania: Mainland,1978,2016.1415022897033,0.41784513943186485,2016.1415022897033
TZA,U.R. of Tanzania: Mainland,1979,1994.832411594684,0.41547535336856833,1994.832411594684
TZA,U.R. of Tanzania: Mainland,1980,1839.5522130177806,0.4124472402622366,1839.5522130177806
TZA,U.R. of Tanzania: Mainland,1981,1582.88591617347,0.4099868146340231,1582.88591617347
TZA,U.R. of Tanzania: Mainland,1982,1553.7184795322182,0.40861472309677277,1553.7184795322182
TZA,U.R. of Tanzania: Mainland,1983,1592.653428277133,0.4035321003523693,1592.653428277133
TZA,U.R. of Tanzania: Mainland,1984,1639.2122471528394,0.40363246549571635,1639.2122471528394
TZA,U.R. of Tanzania: Mainland,1985,1818.1960033518367,0.402875722217055,1818.1960033518367
TZA,U.R. of Tanzania: Mainland,1986,1189.7218360568072,0.4002802731957419,1189.7218360568072
TZA,U.R. of Tanzania: Mainland,1987,950.145579144656,0.40069406965028553,950.145579144656
TZA,U.R. of Tanzania: Mainland,1988,1207.9725823936565,0.40171127198391415,1207.9725823936565
TZA,U.R. of Tanzania: Mainland,1989,1130.8474390889114,0.40297955800804985,1130.8474390889114
TZA,U.R. of Tanzania: Mainland,1990,1155.3670864133667,0.4150542814348767,1155.3670864133667
TZA,U.R. of Tanzania: Mainland,1991,1142.1424773382753,0.41753993194550676,1142.1424773382753
TZA,U.R. of Tanzania: Mainland,1992,1059.041881625158,0.4151821052363352,1059.041881625158
TZA,U.R. of Tanzania: Mainland,1993,978.9821111308937,0.409091027369652,978.9821111308937
TZA,U.R. of Tanzania: Mainland,1994,933.2514095465807,0.40053142239642286,933.2514095465807
TZA,U.R. of Tanzania: Mainland,1995,981.6195324094344,0.3940852340412896,981.6195324094344
TZA,U.R. of Tanzania: Mainland,1996,1027.4196009720574,0.39108203695440713,1027.4196009720574
TZA,U.R. of Tanzania: Mainland,1997,1111.8176583843451,0.38472575893974387,1111.8176583843451
TZA,U.R. of Tanzania: Mainland,1998,1173.2992330365469,0.38156923895990164,1173.2992330365469
TZA,U.R. of Tanzania: Mainland,1999,1219.1403727492825,0.37490067784296416,1219.1403727492825
TZA,U.R. of Tanzania: Mainland,2000,1267.7743380928205,0.36888780480157246,1267.7743380928205
TZA,U.R. of Tanzania: Mainland,2001,1341.6360025715312,0.36354680843593384,1341.6360025715312
TZA,U.R. of Tanzania: Mainland,2002,1436.8900535494383,0.35872287889056653,1436.8900535494383
TZA,U.R. of Tanzania: Mainland,2003,1500.624708881772,0.374020618588031,1500.624708881772
TZA,U.R. of Tanzania: Mainland,2004,1555.2756331506164,0.39007828564542973,1555.2756331506164
TZA,U.R. of Tanzania: Mainland,2005,1715.6301067231332,0.4068852903520437,1715.6301067231332
TZA,U.R. of Tanzania: Mainland,2006,1848.6615104040259,0.4251181921977762,1848.6615104040259
TZA,U.R. of Tanzania: Mainland,2007,1971.5617367058392,0.4251935190876623,1971.5617367058392
TZA,U.R. of Tanzania: Mainland,2008,2106.401346443239,0.4255956469710529,2106.401346443239
TZA,U.R. of Tanzania: Mainland,2009,2200.601229267356,0.4249031616983931,2200.601229267356
TZA,U.R. of Tanzania: Mainland,2010,2459.347968998765,0.42205910996836266,2459.347968998765
TZA,U.R. of Tanzania: Mainland,2011,2813.038647158887,0.4183731075463455,2813.038647158887
TZA,U.R. of Tanzania: Mainland,2012,2581.513978431537,0.4173744484980028,2581.513978431537
TZA,U.R. of Tanzania: Mainland,2013,2565.098806429071,0.4163764828256545,2565.098806429071
TZA,U.R. of Tanzania: Mainland,2014,2566.9770611846493,0.40913893124934253,2566.9770611846493
TZA,U.R. of Tanzania: Mainland,2015,2717.177748048286,0.402331762032341,2717.177748048286
TZA,U.R. of Tanzania: Mainland,2016,2677.5555250454195,0.3957224260980052,2677.5555250454195
TZA,U.R. of Tanzania: Mainland,2017,2600.3222455001096,0.3888204761840527,2600.3222455001096
TZA,U.R. of Tanzania: Mainland,2018,2775.161469058581,0.3824476161595327,2775.161469058581
TZA,U.R. of Tanzania: Mainland,2019,2966.204524948018,0.38089892691850546,2966.204524948018
TZA,U.R. of Tanzania: Mainland,2020,3101.8522812354554,0.37935020014136306,3101.8522812354554
TZA,U.R. of Tanzania: Mainland,2021,3286.7028159925376,0.3797613124739932,3286.7028159925376
TZA,U.R. of Tanzania: Mainland,2022,3474.5953467413024,0.3870439116878594,3474.5953467413024
TZA,U.R. of Tanzania: Mainland,2023,3558.0669232884884,0.3901452900848025,3558.0669232884884
UGA,Uganda,1950,916.3867683923119,0.46145264945303516,916.3867683923119
UGA,Uganda,1951,1112.0129571612697,0.45991501077936947,1112.0129571612697
UGA,Uganda,1952,1019.935263006683,0.45837793838644136,1019.935263006683
UGA,Uganda,1953,818.4951875219784,0.4698911677966671,818.4951875219784
UGA,Uganda,1954,869.8092505504977,0.4668740754697063,869.8092505504977
UGA,Uganda,1955,853.4982916325658,0.4582683881557891,853.4982916325658
UGA,Uganda,1956,841.6896678184407,0.44557517020594584,841.6896678184407
UGA,Uganda,1957,953.141357671982,0.439609749094656,953.141357671982
UGA,Uganda,1958,889.437108992701,0.4322812784184438,889.437108992701
UGA,Uganda,1959,910.6565857703157,0.41485121510681916,910.6565857703157
UGA,Uganda,1960,873.1376826893315,0.4121816801002071,873.1376826893315
UGA,Uganda,1961,866.0568918528849,0.39182689517296293,866.0568918528849
UGA,Uganda,1962,862.7497776153399,0.3880212816958676,862.7497776153399
UGA,Uganda,1963,855.7831223233795,0.38451450914984847,855.7831223233795
UGA,Uganda,1964,899.6663442328991,0.3812965975684555,899.6663442328991
UGA,Uganda,1965,882.5902340212023,0.38221101229620374,882.5902340212023
UGA,Uganda,1966,904.836685675779,0.38396770713144224,904.836685675779
UGA,Uganda,1967,862.6354128063995,0.3840996260094482,862.6354128063995
UGA,Uganda,1968,883.7420031571843,0.38639050049856544,883.7420031571843
UGA,Uganda,1969,938.2990051307371,0.3880424968846744,938.2990051307371
UGA,Uganda,1970,1112.2285409846222,0.3819757376033732,1112.2285409846222
UGA,Uganda,1971,1075.4743690636158,0.3785148665037314,1075.4743690636158
UGA,Uganda,1972,1158.8686769265657,0.37286626836107445,1158.8686769265657
UGA,Uganda,1973,1174.5740550316775,0.3696845675235198,1174.5740550316775
UGA,Uganda,1974,1087.905972922961,0.36747236186686544,1087.905972922961
UGA,Uganda,1975,1130.0838944714565,0.3650231057537253,1130.0838944714565
UGA,Uganda,1976,1155.7764476332889,0.3626325162479317,1155.7764476332889
UGA,Uganda,1977,1168.1958207679347,0.36036490429309237,1168.1958207679347
UGA,Uganda,1978,1121.6580672973837,0.35824830183315887,1121.6580672973837
UGA,Uganda,1979,930.6698954387435,0.35719206615085125,930.6698954387435
UGA,Uganda,1980,857.1019924612871,0.35752407480927956,857.1019924612871
UGA,Uganda,1981,884.7246712534002,0.35882998161809226,884.7246712534002
UGA,Uganda,1982,976.4621241052541,0.35956571127224013,976.4621241052541
UGA,Uganda,1983,1036.9423360955207,0.3599365767795484,1036.9423360955207
UGA,Uganda,1984,984.4546605955895,0.3598461913856091,984.4546605955895
UGA,Uganda,1985,931.2917828901253,0.35954869133132555,931.2917828901253
UGA,Uganda,1986,917.5750169111791,0.3591615315852539,917.5750169111791
UGA,Uganda,1987,951.6339174570035,0.35841058877614884,951.6339174570035
UGA,Uganda,1988,978.267017029039,0.35766752430163157,978.267017029039
UGA,Uganda,1989,975.8616542733872,0.35711383910525835,975.8616542733872
UGA,Uganda,1990,976.829458291645,0.35689464919784786,976.829458291645
UGA,Uganda,1991,965.2458560511539,0.3544438221175303,965.2458560511539
UGA,Uganda,1992,969.671832672417,0.3488969786590451,969.671832672417
UGA,Uganda,1993,981.4507964217936,0.3437193771249392,981.4507964217936
UGA,Uganda,1994,1271.5156063693205,0.3394482454123884,1271.5156063693205
UGA,Uganda,1995,1251.3045414285443,0.33789143347337786,1251.3045414285443
UGA,Uganda,1996,1222.1465887441097,0.3370772944696209,1222.1465887441097
UGA,Uganda,1997,1250.1012984862405,0.3363160349599072,1250.1012984862405
UGA,Uganda,1998,1329.290320264351,0.3361082463476182,1329.290320264351
UGA,Uganda,1999,1356.3910070517272,0.33590954349899244,1356.3910070517272
UGA,Uganda,2000,1391.9820227686075,0.3370441988122991,1391.9820227686075
UGA,Uganda,2001,1438.9275271768693,0.339604417469684,1438.9275271768693
UGA,Uganda,2002,1475.353142831182,0.34320430690079456,1475.353142831182
UGA,Uganda,2003,1506.6397019837946,0.3514023610825317,1506.6397019837946
UGA,Uganda,2004,1549.750623883358,0.3466293147275324,1549.750623883358
UGA,Uganda,2005,1662.1945215832802,0.3423172151195966,1662.1945215832802
UGA,Uganda,2006,1778.1332529120734,0.3382309576274671,1778.1332529120734
UGA,Uganda,2007,1898.422617130632,0.33472836675234124,1898.422617130632
UGA,Uganda,2008,2053.128190432257,0.3311430841539822,2053.128190432257
UGA,Uganda,2009,2211.93713228492,0.32936203807537284,2211.93713228492
UGA,Uganda,2010,2740.7956836789654,0.3222384843235713,2740.7956836789654
UGA,Uganda,2011,2993.220677989802,0.3153024298820523,2993.220677989802
UGA,Uganda,2012,2685.999116328947,0.3087395186973734,2685.999116328947
UGA,Uganda,2013,1903.6247784973061,0.33024479500248494,1903.6247784973061
UGA,Uganda,2014,2936.0627393785817,0.33575006991362044,2936.0627393785817
UGA,Uganda,2015,2649.9232969867453,0.341568509003474,2649.9232969867453
UGA,Uganda,2016,2521.3429600213944,0.34899653417750987,2521.3429600213944
UGA,Uganda,2017,2499.54320543436,0.3540362728608863,2499.54320543436
UGA,Uganda,2018,2638.796222130143,0.35610205179964766,2638.796222130143
UGA,Uganda,2019,2764.741362816621,0.36499249498723213,2764.741362816621
UGA,Uganda,2020,2704.9359797046827,0.37388294371093994,2704.9359797046827
UGA,Uganda,2021,2750.2698227306655,0.38277339434046964,2750.2698227306655
UGA,Uganda,2022,2928.90817319123,0.38820953272958797,2928.90817319123
UGA,Uganda,2023,3005.597778500804,0.3910528355305809,3005.597778500804
UKR,Ukraine,1990,13221.019924812059,0.4870999757577925,13221.019924812059
UKR,Ukraine,1991,12247.035759989163,0.4779800382197158,12247.035759989163
UKR,Ukraine,1992,11215.827154023655,0.4673484090864745,11215.827154023655
UKR,Ukraine,1993,8996.84976402922,0.45651308668564805,8996.84976402922
UKR,Ukraine,1994,7397.855702160524,0.44108951491966225,7397.855702160524
UKR,Ukraine,1995,6556.461043598132,0.465681998523209,6556.461043598132
UKR,Ukraine,1996,6373.242939454956,0.4694465516998529,6373.242939454956
UKR,Ukraine,1997,5816.150296479101,0.46652545502227794,5816.150296479101
UKR,Ukraine,1998,5582.16061137762,0.4555471740349983,5582.16061137762
UKR,Ukraine,1999,5451.355524560509,0.4007214180248031,5451.355524560509
UKR,Ukraine,2000,5475.594122969546,0.4071834504119608,5475.594122969546
UKR,Ukraine,2001,5867.582031062669,0.40717583760748877,5867.582031062669
UKR,Ukraine,2002,6206.965807108249,0.4134186916499445,6206.965807108249
UKR,Ukraine,2003,6960.091786764297,0.4182222475262431,6960.091786764297
UKR,Ukraine,2004,7712.346726488874,0.42408066677697215,7712.346726488874
UKR,Ukraine,2005,9008.576573109707,0.43523467697295165,9008.576573109707
UKR,Ukraine,2006,10048.403753496235,0.4432958004864834,10048.403753496235
UKR,Ukraine,2007,11444.591543409722,0.4489806825852173,11444.591543409722
UKR,Ukraine,2008,12363.621582396529,0.45502888823729803,12363.621582396529
UKR,Ukraine,2009,10396.581893027824,0.43926107083736393,10396.581893027824
UKR,Ukraine,2010,10759.282282636324,0.4422789991448123,10759.282282636324
UKR,Ukraine,2011,12010.693682991521,0.4446268747903644,12010.693682991521
UKR,Ukraine,2012,12547.298687541084,0.4460404700545548,12547.298687541084
UKR,Ukraine,2013,13435.703930710952,0.44840432290095317,13435.703930710952
UKR,Ukraine,2014,12253.236345388252,0.4076183424319559,12253.236345388252
UKR,Ukraine,2015,11709.860605558653,0.36941400605440927,11709.860605558653
UKR,Ukraine,2016,12538.49127444887,0.36743003015903203,12538.49127444887
UKR,Ukraine,2017,12754.881361692582,0.3663317577428082,12754.881361692582
UKR,Ukraine,2018,13197.657875250114,0.37166989434428044,13197.657875250114
UKR,Ukraine,2019,14308.260044417992,0.3774245018113457,14308.260044417992
UKR,Ukraine,2020,14738.989338723126,0.37040105464718526,14738.989338723126
UKR,Ukraine,2021,15998.195712103126,0.36134860437029215,15998.195712103126
UKR,Ukraine,2022,14011.289036069928,0.38305916029146647,14011.289036069928
UKR,Ukraine,2023,16431.532273375902,0.41654442454818136,16431.532273375902
URY,Uruguay,1950,7319.838969067906,0.3656917298428691,7319.838969067906
URY,Uruguay,1951,8507.656767016622,0.36734951020627693,8507.656767016622
URY,Uruguay,1952,7967.438386472227,0.3664912170286635,7967.438386472227
URY,Uruguay,1953,8252.913449003552,0.36563015612367417,8252.913449003552
URY,Uruguay,1954,8974.975651295463,0.3647681326429682,8974.975651295463
URY,Uruguay,1955,9109.346173929956,0.36390951831774365,9109.346173929956
URY,Uruguay,1956,8962.151221844339,0.3630492732415457,8962.151221844339
URY,Uruguay,1957,9123.847839998187,0.3621915240990784,9123.847839998187
URY,Uruguay,1958,8521.6614989993,0.36133002912700346,8521.6614989993
URY,Uruguay,1959,8136.716730851288,0.36047004816542216,8136.716730851288
URY,Uruguay,1960,8375.681223332425,0.3596091453079054,8375.681223332425
URY,Uruguay,1961,8377.254161988732,0.35871501738292855,8377.254161988732
URY,Uruguay,1962,8372.109855702674,0.35781824852201904,8372.109855702674
URY,Uruguay,1963,8104.195477922864,0.3569227779465586,8104.195477922864
URY,Uruguay,1964,8326.486715668081,0.3560280964699287,8326.486715668081
URY,Uruguay,1965,8218.66086947465,0.3551332271938053,8218.66086947465
URY,Uruguay,1966,8454.683287649452,0.3542358008315822,8454.683287649452
URY,Uruguay,1967,8115.898334047539,0.3533424476999821,8115.898334047539
URY,Uruguay,1968,8168.789242868031,0.35244418016606216,8168.789242868031
URY,Uruguay,1969,8635.221186210681,0.35154860444295355,8635.221186210681
URY,Uruguay,1970,9173.521258815103,0.3506547962447385,9173.521258815103
URY,Uruguay,1971,9174.311096587091,0.3507169069468541,9174.311096587091
URY,Uruguay,1972,8867.150979845437,0.35077912376962544,8867.150979845437
URY,Uruguay,1973,9026.479289347732,0.3508390561003735,9026.479289347732
URY,Uruguay,1974,9137.223101390568,0.3509042743172326,9137.223101390568
URY,Uruguay,1975,9430.074436779327,0.3509669616127834,9430.074436779327
URY,Uruguay,1976,9462.259549206748,0.3510275955846976,9462.259549206748
URY,Uruguay,1977,9301.13819299348,0.3510906705463933,9301.13819299348
URY,Uruguay,1978,9724.649439325089,0.3511529431653801,9724.649439325089
URY,Uruguay,1979,10547.172495997316,0.3512148054977154,10547.172495997316
URY,Uruguay,1980,11189.01992596088,0.3512764403432677,11189.01992596088
URY,Uruguay,1981,11288.651290257374,0.35508075100908937,11288.651290257374
URY,Uruguay,1982,10105.621949454073,0.3588814225052025,10105.621949454073
URY,Uruguay,1983,9014.491039481689,0.3626865230537196,9014.491039481689
URY,Uruguay,1984,8928.348678038014,0.36648933305923953,8928.348678038014
URY,Uruguay,1985,8821.956748251678,0.3702921494877955,8821.956748251678
URY,Uruguay,1986,9967.716471662745,0.3740976328646733,9967.716471662745
URY,Uruguay,1987,11034.105753114205,0.37790097903307523,11034.105753114205
URY,Uruguay,1988,10894.78305990526,0.3817046821998291,10894.78305990526
URY,Uruguay,1989,10899.61908729188,0.3855084090777625,10899.61908729188
URY,Uruguay,1990,10751.015372359838,0.3893118808235142,10751.015372359838
URY,Uruguay,1991,11260.530766610704,0.38999853162945647,11260.530766610704
URY,Uruguay,1992,12612.55745768229,0.39135066948241903,12612.55745768229
URY,Uruguay,1993,13012.71971615904,0.3876523715837084,13012.71971615904
URY,Uruguay,1994,14037.01583308487,0.39524034847095063,14037.01583308487
URY,Uruguay,1995,13869.038089366786,0.39804784772244656,13869.038089366786
URY,Uruguay,1996,14641.420118100978,0.39635935098010683,14641.420118100978
URY,Uruguay,1997,14706.03155456521,0.40002326009511235,14706.03155456521
URY,Uruguay,1998,14865.868630529007,0.41110096031719084,14865.868630529007
URY,Uruguay,1999,13996.9355646025,0.39755444389197653,13996.9355646025
URY,Uruguay,2000,13333.422057579957,0.3909514427436757,13333.422057579957
URY,Uruguay,2001,12691.915074623173,0.3904885905801052,12691.915074623173
URY,Uruguay,2002,11658.408558123889,0.37528697446037,11658.408558123889
URY,Uruguay,2003,11537.804804040368,0.37210667104259254,11537.804804040368
URY,Uruguay,2004,11925.567273772001,0.3921663227375525,11925.567273772001
URY,Uruguay,2005,12607.844028463944,0.39705264933495366,12607.844028463944
URY,Uruguay,2006,13327.30863501997,0.42020478571128617,13327.30863501997
URY,Uruguay,2007,14701.338649904876,0.44184251743736025,14701.338649904876
URY,Uruguay,2008,16452.26912049233,0.45191884251332987,16452.26912049233
URY,Uruguay,2009,17451.45563973921,0.4593200687880847,17451.45563973921
URY,Uruguay,2010,19999.510803566587,0.45940920535714375,19999.510803566587
URY,Uruguay,2011,22195.223674223922,0.47688101748950423,22195.223674223922
URY,Uruguay,2012,22847.14041879822,0.4711203750390523,22847.14041879822
URY,Uruguay,2013,23221.90839816736,0.4689248106368148,23221.90839816736
URY,Uruguay,2014,24506.609648354424,0.4762853195804649,24506.609648354424
URY,Uruguay,2015,24590.352887915946,0.46514748631567476,24590.352887915946
URY,Uruguay,2016,24942.270945493467,0.4615755549222601,24942.270945493467
URY,Uruguay,2017,25192.549081612236,0.4586413047175897,25192.549081612236
URY,Uruguay,2018,24957.289332644774,0.4545874386302214,24957.289332644774
URY,Uruguay,2019,26294.427225637774,0.4537295035785878,26294.427225637774
URY,Uruguay,2020,25929.058191339253,0.4305476746113497,25929.058191339253
URY,Uruguay,2021,26120.595258773603,0.4495892654411774,26120.595258773603
URY,Uruguay,2022,27028.853936240772,0.4607126949819651,27028.853936240772
URY,Uruguay,2023,26743.035456501777,0.46613718396478127,26743.035456501777
USA,United States,1950,17661.660645359134,0.4048042300348681,17661.660645359134
USA,United States,1951,18662.204163679136,0.41372735089959567,18662.204163679136
USA,United States,1952,18977.595897922132,0.4123038019431009,18977.595897922132
USA,United States,1953,19522.991972865042,0.4114211095743314,19522.991972865042
USA,United States,1954,19128.897085909048,0.39658948130817606,19128.897085909048
USA,United States,1955,20203.697679479235,0.4001943374810581,20203.697679479235
USA,United States,1956,20306.156616590713,0.4025132613810405,20306.156616590713
USA,United States,1957,20381.62485510631,0.397163484584379,20381.62485510631
USA,United States,1958,19851.11436013006,0.383377225918457,19851.11436013006
USA,United States,1959,20911.930739692325,0.38556614916463583,20911.930739692325
USA,United States,1960,21164.888273528722,0.3858560859904878,21164.888273528722
USA,United States,1961,21348.00093264361,0.3797691148764579,21348.00093264361
USA,United States,1962,22285.193712040298,0.3796541674986802,22285.193712040298
USA,United States,1963,22942.838302830525,0.37944125272525114,22942.838302830525
USA,United States,1964,23984.17529220813,0.38269192229821075,23984.17529220813
USA,United States,1965,25218.43822300868,0.3869461903225538,25218.43822300868
USA,United States,1966,26530.16936553848,0.394567656397555,26530.16936553848
USA,United States,1967,26898.32351180271,0.39981232192268645,26898.32351180271
USA,United States,1968,27891.68889035792,0.40380275969590246,27891.68889035792
USA,United States,1969,28501.858623937558,0.4093652872771029,28501.858623937558
USA,United States,1970,28236.79198698491,0.4063718426567554,28236.79198698491
USA,United States,1971,28803.836297523685,0.402314696754442,28803.836297523685
USA,United States,1972,30012.015030470433,0.4089990319325599,30012.015030470433
USA,United States,1973,31520.744221416768,0.4182353842471735,31520.744221416768
USA,United States,1974,30947.998713596215,0.42213589603821505,30947.998713596215
USA,United States,1975,30547.151701998995,0.41302473386718513,30547.151701998995
USA,United States,1976,31966.549271846074,0.42196270067521974,31966.549271846074
USA,United States,1977,33146.05956221717,0.4323456473615091,33146.05956221717
USA,United States,1978,34698.777568889214,0.44584858658223614,34698.777568889214
USA,United States,1979,35498.95427040686,0.4532169117864414,35498.95427040686
USA,United States,1980,34972.237612719,0.4501483623983965,34972.237612719
USA,United States,1981,35489.90573997596,0.45089420827682264,35489.90573997596
USA,United States,1982,34365.28766567174,0.44325373545342245,34365.28766567174
USA,United States,1983,35550.48831606831,0.44490080602184856,35550.48831606831
USA,United States,1984,37803.06678602072,0.45899280099125744,37803.06678602072
USA,United States,1985,38820.2855004904,0.4641926748735324,38820.2855004904
USA,United States,1986,39717.847075860554,0.47029230824433493,39717.847075860554
USA,United States,1987,40729.75876617416,0.4779962929683896,40729.75876617416
USA,United States,1988,42021.108183562246,0.48392666246282834,42021.108183562246
USA,United States,1989,43100.41175098505,0.4888804805831995,43100.41175098505
USA,United States,1990,43323.59893819472,0.48903975988352316,43323.59893819472
USA,United States,1991,42644.50563228834,0.4785702240012729,42644.50563228834
USA,United States,1992,43662.566236570965,0.4749026346629544,43662.566236570965
USA,United States,1993,44416.21860106499,0.4753615557201632,44416.21860106499
USA,United States,1994,45800.78614615074,0.48026865310178396,45800.78614615074
USA,United States,1995,46597.36006076975,0.48167548403616706,46597.36006076975
USA,United States,1996,47978.256690295144,0.48305891824441005,47978.256690295144
USA,United States,1997,49701.838437682294,0.48813330802675997,49701.838437682294
USA,United States,1998,51473.70466811899,0.48977957607655453,51473.70466811899
USA,United States,1999,53379.167331395205,0.4919632272564737,53379.167331395205
USA,United States,2000,55057.704123292126,0.49312632731602557,55057.704123292126
USA,United States,2001,54921.30936609217,0.4881434415111524,54921.30936609217
USA,United States,2002,55101.66841633834,0.481879181511856,55101.66841633834
USA,United States,2003,56060.979324137545,0.4795246024731631,56060.979324137545
USA,United States,2004,57686.47204894555,0.48077359956116517,57686.47204894555
USA,United States,2005,59132.027811594686,0.48402320684688915,59132.027811594686
USA,United States,2006,60209.016223062994,0.48828090838479615,60209.016223062994
USA,United States,2007,60813.189118283815,0.48799177828351764,60813.189118283815
USA,United States,2008,60229.55682053179,0.48281203525448824,60229.55682053179
USA,United States,2009,57908.96689315093,0.46198212739477296,57908.96689315093
USA,United States,2010,59035.707871070015,0.45638483538953983,59035.707871070015
USA,United States,2011,59491.88124873295,0.45722899914229664,59491.88124873295
USA,United States,2012,60484.55143397266,0.46144607069400345,60484.55143397266
USA,United States,2013,61410.48823666687,0.4624270620270436,61410.48823666687
USA,United States,2014,62489.75269289025,0.46620267412286287,62489.75269289025
USA,United States,2015,63659.838102636604,0.4693628290909402,63659.838102636604
USA,United States,2016,64190.18403601511,0.472937112204582,64190.18403601511
USA,United States,2017,65192.89645124184,0.47702067334210785,65192.89645124184
USA,United States,2018,66634.92336338728,0.48071180303950056,66634.92336338728
USA,United States,2019,67781.96352351592,0.4852822928271837,67781.96352351592
USA,United States,2020,65801.23362755823,0.45646196834800096,65801.23362755823
USA,United States,2021,69617.53786785022,0.47289696443345847,69617.53786785022
USA,United States,2022,71098.93225696158,0.4848081564639621,71098.93225696158
USA,United States,2023,72886.85292728267,0.4877752680406351,72886.85292728267
UZB,Uzbekistan,1990,6630.493885498703,0.3836833881222745,6630.493885498703
UZB,Uzbekistan,1991,6225.467086869142,0.39199708423916196,6225.467086869142
UZB,Uzbekistan,1992,4933.105280801709,0.3827485369866438,4933.105280801709
UZB,Uzbekistan,1993,5798.574932843914,0.37324697953570446,5798.574932843914
UZB,Uzbekistan,1994,4906.274432918132,0.37067889053498565,4906.274432918132
UZB,Uzbekistan,1995,4711.845929233656,0.366286957500594,4711.845929233656
UZB,Uzbekistan,1996,5054.906396378106,0.36393102412672274,5054.906396378106
UZB,Uzbekistan,1997,4584.911071444205,0.3623907090023348,4584.911071444205
UZB,Uzbekistan,1998,4292.315687980686,0.3615127001672659,4292.315687980686
UZB,Uzbekistan,1999,4340.978967546505,0.35969664301414306,4340.978967546505
UZB,Uzbekistan,2000,4092.808450027986,0.3587225025510514,4092.808450027986
UZB,Uzbekistan,2001,4266.679778980572,0.36007914794361623,4266.679778980572
UZB,Uzbekistan,2002,4402.522228856086,0.3632064360142142,4402.522228856086
UZB,Uzbekistan,2003,4504.744339337875,0.3689218046035276,4504.744339337875
UZB,Uzbekistan,2004,4645.79287419778,0.3769385429665627,4645.79287419778
UZB,Uzbekistan,2005,4747.740813864262,0.38331162196501306,4747.740813864262
UZB,Uzbekistan,2006,4849.154085316841,0.38873469214493567,4849.154085316841
UZB,Uzbekistan,2007,5394.971121666089,0.39309928760072754,5394.971121666089
UZB,Uzbekistan,2008,5470.981162638398,0.39772222558419285,5470.981162638398
UZB,Uzbekistan,2009,5902.121643727437,0.40151733032549675,5902.121643727437
UZB,Uzbekistan,2010,5816.566098029043,0.4054882034202843,5816.566098029043
UZB,Uzbekistan,2011,6353.056428058845,0.4092837732821579,6353.056428058845
UZB,Uzbekistan,2012,6660.741399833087,0.4135679644550117,6660.741399833087
UZB,Uzbekistan,2013,6886.538104730965,0.4170867406455813,6886.538104730965
UZB,Uzbekistan,2014,7161.431148250898,0.419723058396726,7161.431148250898
UZB,Uzbekistan,2015,7522.859185362837,0.4201324001917504,7522.859185362837
UZB,Uzbekistan,2016,7544.945961855698,0.42043150468760504,7544.945961855698
UZB,Uzbekistan,2017,7828.330665078777,0.4202632987168996,7828.330665078777
UZB,Uzbekistan,2018,8465.865898301357,0.4054272606206993,8465.865898301357
UZB,Uzbekistan,2019,8537.307262395616,0.40587372872409794,8537.307262395616
UZB,Uzbekistan,2020,8336.886795930208,0.38913879482341235,8336.886795930208
UZB,Uzbekistan,2021,8868.668849297108,0.3902402049383133,8868.668849297108
UZB,Uzbekistan,2022,9501.344917156222,0.39183246946359446,9501.344917156222
UZB,Uzbekistan,2023,9793.712297495924,0.3908912372122287,9793.712297495924
VCT,St. Vincent and the Grenadines,1970,4217.041532074361,,4217.041532074361
VCT,St. Vincent and the Grenadines,1971,4302.563936254161,,4302.563936254161
VCT,St. Vincent and the Grenadines,1972,5330.207248152929,,5330.207248152929
VCT,St. Vincent and the Grenadines,1973,4746.880624899464,,4746.880624899464
VCT,St. Vincent and the Grenadines,1974,4282.5653101920925,,4282.5653101920925
VCT,St. Vincent and the Grenadines,1975,3839.9757197458334,,3839.9757197458334
VCT,St. Vincent and the Grenadines,1976,4451.449125163207,,4451.449125163207
VCT,St. Vincent and the Grenadines,1977,4327.009249650271,,4327.009249650271
VCT,St. Vincent and the Grenadines,1978,4818.850447446635,,4818.850447446635
VCT,St. Vincent and the Grenadines,1979,4996.064159055848,,4996.064159055848
VCT,St. Vincent and the Grenadines,1980,5026.070848998867,0.25239888262186194,5026.070848998867
VCT,St. Vincent and the Grenadines,1981,5342.868628016359,0.25874006551130263,5342.868628016359
VCT,St. Vincent and the Grenadines,1982,5612.411537181572,0.2647729452711831,5612.411537181572
VCT,St. Vincent and the Grenadines,1983,5813.726315448099,0.27072071779733614,5813.726315448099
VCT,St. Vincent and the Grenadines,1984,5972.368850232619,0.2763483594495111,5972.368850232619
VCT,St. Vincent and the Grenadines,1985,5593.374309729996,0.28055374580332887,5593.374309729996
VCT,St. Vincent and the Grenadines,1986,6016.794889364921,0.28413801995623666,6016.794889364921
VCT,St. Vincent and the Grenadines,1987,6353.688133197371,0.28671260029661366,6353.688133197371
VCT,St. Vincent and the Grenadines,1988,7062.169890140116,0.28813631460158146,7062.169890140116
VCT,St. Vincent and the Grenadines,1989,7009.185477260956,0.2907007344501519,7009.185477260956
VCT,St. Vincent and the Grenadines,1990,6876.652532368789,0.29377421664111814,6876.652532368789
VCT,St. Vincent and the Grenadines,1991,7922.881815209193,0.29795404399259856,7922.881815209193
VCT,St. Vincent and the Grenadines,1992,8935.384887090988,0.2985733307396813,8935.384887090988
VCT,St. Vincent and the Grenadines,1993,8382.038920608897,0.2991926745680658,8382.038920608897
VCT,St. Vincent and the Grenadines,1994,8121.0508278822945,0.2998119689370171,8121.0508278822945
VCT,St. Vincent and the Grenadines,1995,8645.468692812778,0.30043129829343546,8645.468692812778
VCT,St. Vincent and the Grenadines,1996,8971.648906343939,0.3010505759219362,8971.648906343939
VCT,St. Vincent and the Grenadines,1997,8872.989683503327,0.30166985375591165,8872.989683503327
VCT,St. Vincent and the Grenadines,1998,8232.528975035615,0.30228917169832126,8232.528975035615
VCT,St. Vincent and the Grenadines,1999,7961.905465483479,0.3029084981876912,7961.905465483479
VCT,St. Vincent and the Grenadines,2000,9772.22816050359,0.30352777542140474,9772.22816050359
VCT,St. Vincent and the Grenadines,2001,8008.210327407634,0.30414708766570425,8008.210327407634
VCT,St. Vincent and the Grenadines,2002,8177.779366127907,0.309133165084401,8177.779366127907
VCT,St. Vincent and the Grenadines,2003,8507.251313833516,0.3141192398064044,8507.251313833516
VCT,St. Vincent and the Grenadines,2004,8633.104382574671,0.3191053262498347,8633.104382574671
VCT,St. Vincent and the Grenadines,2005,9731.452911363362,0.32409137755089107,9731.452911363362
VCT,St. Vincent and the Grenadines,2006,10615.998919150195,0.32907745319329096,10615.998919150195
VCT,St. Vincent and the Grenadines,2007,10389.288925976904,0.3340635562425962,10389.288925976904
VCT,St. Vincent and the Grenadines,2008,11747.398504276489,0.33904959885175723,11747.398504276489
VCT,St. Vincent and the Grenadines,2009,11792.248682292775,0.33928165332620447,11792.248682292775
VCT,St. Vincent and the Grenadines,2010,11714.861165937395,0.33895256378186234,11714.861165937395
VCT,St. Vincent and the Grenadines,2011,12243.604676168781,0.34100549517718404,12243.604676168781
VCT,St. Vincent and the Grenadines,2012,12635.570613688198,0.34415863647293904,12635.570613688198
VCT,St. Vincent and the Grenadines,2013,12316.017964017756,0.34834170366847184,12316.017964017756
VCT,St. Vincent and the Grenadines,2014,12758.826296017018,0.35088694139399823,12758.826296017018
VCT,St. Vincent and the Grenadines,2015,12552.37747683134,0.35356042005272154,12552.37747683134
VCT,St. Vincent and the Grenadines,2016,13088.505419803007,0.3561500687001909,13088.505419803007
VCT,St. Vincent and the Grenadines,2017,12852.043512230486,0.35876428615128186,12852.043512230486
VCT,St. Vincent and the Grenadines,2018,14220.34445518451,0.36216268513206923,14220.34445518451
VCT,St. Vincent and the Grenadines,2019,14839.136108514502,0.36359336851415996,14839.136108514502
VCT,St. Vincent and the Grenadines,2020,14397.571134002568,0.34690816823696846,14397.571134002568
VCT,St. Vincent and the Grenadines,2021,14467.434768082574,0.3545187811646979,14467.434768082574
VCT,St. Vincent and the Grenadines,2022,15137.39940389932,0.3690227754902535,15137.39940389932
VCT,St. Vincent and the Grenadines,2023,16246.278772850785,0.3778312713422224,16246.278772850785
VEN,Venezuela (Bolivarian Republic of),1950,6732.514496435794,0.31756214288045365,6732.514496435794
VEN,Venezuela (Bolivarian Republic of),1951,7140.267082196183,0.31491670461779186,7140.267082196183
VEN,Venezuela (Bolivarian Republic of),1952,7823.138171501328,0.31195549861431016,7823.138171501328
VEN,Venezuela (Bolivarian Republic of),1953,7737.877682236074,0.30887665258269975,7737.877682236074
VEN,Venezuela (Bolivarian Republic of),1954,8194.748986212082,0.3058480314468658,8194.748986212082
VEN,Venezuela (Bolivarian Republic of),1955,8386.05665386497,0.3038049910196852,8386.05665386497
VEN,Venezuela (Bolivarian Republic of),1956,8683.44175187137,0.3010879898717861,8683.44175187137
VEN,Venezuela (Bolivarian Republic of),1957,9159.49441397519,0.298412242101734,9159.49441397519
VEN,Venezuela (Bolivarian Republic of),1958,9293.993318386867,0.2958986460628143,9293.993318386867
VEN,Venezuela (Bolivarian Republic of),1959,9359.974465335601,0.29364267256783333,9359.974465335601
VEN,Venezuela (Bolivarian Republic of),1960,8522.068162477792,0.29249837222315206,8522.068162477792
VEN,Venezuela (Bolivarian Republic of),1961,8473.392496576986,0.2897486892186034,8473.392496576986
VEN,Venezuela (Bolivarian Republic of),1962,8773.609025592392,0.2872736452330915,8773.609025592392
VEN,Venezuela (Bolivarian Republic of),1963,9091.470093720136,0.2850116103144229,9091.470093720136
VEN,Venezuela (Bolivarian Republic of),1964,9753.43579464409,0.28291035917215,9753.43579464409
VEN,Venezuela (Bolivarian Republic of),1965,9764.388680308084,0.28149553032865643,9764.388680308084
VEN,Venezuela (Bolivarian Republic of),1966,9497.12456178139,0.2789390588811999,9497.12456178139
VEN,Venezuela (Bolivarian Republic of),1967,9505.808103951815,0.27664300938341935,9505.808103951815
VEN,Venezuela (Bolivarian Republic of),1968,10218.432002885507,0.2744135334644558,10218.432002885507
VEN,Venezuela (Bolivarian Republic of),1969,10458.577842583209,0.27208775274125147,10458.577842583209
VEN,Venezuela (Bolivarian Republic of),1970,11399.139588322229,0.26997181236616236,11399.139588322229
VEN,Venezuela (Bolivarian Republic of),1971,10780.04160183691,0.2728590849598773,10780.04160183691
VEN,Venezuela (Bolivarian Republic of),1972,10823.573761816917,0.27331809427963627,10823.573761816917
VEN,Venezuela (Bolivarian Republic of),1973,11744.560603061555,0.2772628923246242,11744.560603061555
VEN,Venezuela (Bolivarian Republic of),1974,13752.865766974352,0.2813166265310158,13752.865766974352
VEN,Venezuela (Bolivarian Republic of),1975,13288.112949545895,0.2847472451317504,13288.112949545895
VEN,Venezuela (Bolivarian Republic of),1976,13578.815402500784,0.27216982172314497,13578.815402500784
VEN,Venezuela (Bolivarian Republic of),1977,13673.815462076594,0.2699465103931873,13673.815462076594
VEN,Venezuela (Bolivarian Republic of),1978,13210.377903129458,0.27707617858175776,13210.377903129458
VEN,Venezuela (Bolivarian Republic of),1979,13569.451532813393,0.2768024134254145,13569.451532813393
VEN,Venezuela (Bolivarian Republic of),1980,13120.403993113745,0.30378049403116403,13120.403993113745
VEN,Venezuela (Bolivarian Republic of),1981,12738.823209951339,0.30605839872168866,12738.823209951339
VEN,Venezuela (Bolivarian Republic of),1982,11761.8247264555,0.30562540061916443,11761.8247264555
VEN,Venezuela (Bolivarian Republic of),1983,11577.262810114958,0.29790802876406736,11577.262810114958
VEN,Venezuela (Bolivarian Republic of),1984,11478.897026258284,0.2903197289884472,11478.897026258284
VEN,Venezuela (Bolivarian Republic of),1985,10574.441151282306,0.29242247904860963,10574.441151282306
VEN,Venezuela (Bolivarian Republic of),1986,9710.22908788757,0.3010571668644664,9710.22908788757
VEN,Venezuela (Bolivarian Republic of),1987,9627.81649112314,0.30955120011778336,9627.81649112314
VEN,Venezuela (Bolivarian Republic of),1988,9711.488170750707,0.31982551919430263,9711.488170750707
VEN,Venezuela (Bolivarian Republic of),1989,8994.413047631959,0.3159124008472648,8994.413047631959
VEN,Venezuela (Bolivarian Republic of),1990,9413.96121376849,0.3230172933722977,9413.96121376849
VEN,Venezuela (Bolivarian Republic of),1991,9887.326712976024,0.3300281906129133,9887.326712976024
VEN,Venezuela (Bolivarian Republic of),1992,10052.009988909072,0.3361916890220254,10052.009988909072
VEN,Venezuela (Bolivarian Republic of),1993,9446.514935411386,0.33417296313182937,9446.514935411386
VEN,Venezuela (Bolivarian Republic of),1994,8825.315602562336,0.33444412592565226,8825.315602562336
VEN,Venezuela (Bolivarian Republic of),1995,9148.433842239243,0.34545618189572497,9148.433842239243
VEN,Venezuela (Bolivarian Republic of),1996,8904.59842050033,0.3450317304330655,8904.59842050033
VEN,Venezuela (Bolivarian Republic of),1997,8929.871245869032,0.35824464546660223,8929.871245869032
VEN,Venezuela (Bolivarian Republic of),1998,8090.423542530662,0.3690751357219356,8090.423542530662
VEN,Venezuela (Bolivarian Republic of),1999,8128.158319916741,0.3625842147726805,8128.158319916741
VEN,Venezuela (Bolivarian Republic of),2000,9624.593473775609,0.3602297503936472,9624.593473775609
VEN,Venezuela (Bolivarian Republic of),2001,9238.302590576544,0.3764089834064838,9238.302590576544
VEN,Venezuela (Bolivarian Republic of),2002,8624.992387659047,0.3847421885526134,8624.992387659047
VEN,Venezuela (Bolivarian Republic of),2003,8322.238508664004,0.3859699732899628,8322.238508664004
VEN,Venezuela (Bolivarian Republic of),2004,10508.350189921823,0.3890789944991765,10508.350189921823
VEN,Venezuela (Bolivarian Republic of),2005,13153.988442908043,0.3884412699849368,13153.988442908043
VEN,Venezuela (Bolivarian Republic of),2006,15377.23887798008,0.404657209221043,15377.23887798008
VEN,Venezuela (Bolivarian Republic of),2007,17365.8611954279,0.41049885499069905,17365.8611954279
VEN,Venezuela (Bolivarian Republic of),2008,20271.94562883978,0.4172331253306267,20271.94562883978
VEN,Venezuela (Bolivarian Republic of),2009,17411.76304749321,0.41941421171533544,17411.76304749321
VEN,Venezuela (Bolivarian Republic of),2010,20963.838203322855,0.41681872463490477,20963.838203322855
VEN,Venezuela (Bolivarian Republic of),2011,22860.425855395533,0.41930064172302056,22860.425855395533
VEN,Venezuela (Bolivarian Republic of),2012,23373.285069757127,0.42019323639517264,23373.285069757127
VEN,Venezuela (Bolivarian Republic of),2013,22060.62807554296,0.4276056416359072,22060.62807554296
VEN,Venezuela (Bolivarian Republic of),2014,14382.669069185678,0.4263043564707721,14382.669069185678
VEN,Venezuela (Bolivarian Republic of),2015,5893.7600992766,0.42500306816948413,5893.7600992766
VEN,Venezuela (Bolivarian Republic of),2016,2316.0471906719554,0.42370180154032144,2316.0471906719554
VEN,Venezuela (Bolivarian Republic of),2017,472.97187358162387,0.4770204807692266,472.97187358162387
VEN,Venezuela (Bolivarian Republic of),2018,908.8320099792027,0.4992666002550256,908.8320099792027
VEN,Venezuela (Bolivarian Republic of),2019,577.3802119354907,0.5063936127787009,577.3802119354907
VEN,Venezuela (Bolivarian Republic of),2020,222.86838994744846,0.476422734793008,222.86838994744846
VEN,Venezuela (Bolivarian Republic of),2021,167.22980213446672,0.4821279927289091,167.22980213446672
VEN,Venezuela (Bolivarian Republic of),2022,166.0659054947491,0.5171557074563596,166.0659054947491
VEN,Venezuela (Bolivarian Republic of),2023,159.07628189969992,0.5411738266809722,159.07628189969992
VGB,British Virgin Islands,1970,8824.36217923761,,8824.36217923761
VGB,British Virgin Islands,1971,7686.981911586023,,7686.981911586023
VGB,British Virgin Islands,1972,7526.922854901994,,7526.922854901994
VGB,British Virgin Islands,1973,7871.357537033452,,7871.357537033452
VGB,British Virgin Islands,1974,8488.374640652173,,8488.374640652173
VGB,British Virgin Islands,1975,8890.240097549444,,8890.240097549444
VGB,British Virgin Islands,1976,8720.306758397945,,8720.306758397945
VGB,British Virgin Islands,1977,9037.414126926,,9037.414126926
VGB,British Virgin Islands,1978,9715.18100764459,,9715.18100764459
VGB,British Virgin Islands,1979,10799.451446185316,,10799.451446185316
VGB,British Virgin Islands,1980,12293.726671738095,,12293.726671738095
VGB,British Virgin Islands,1981,11770.578572658505,,11770.578572658505
VGB,British Virgin Islands,1982,11479.146947957553,,11479.146947957553
VGB,British Virgin Islands,1983,11663.189258128292,,11663.189258128292
VGB,British Virgin Islands,1984,11811.065673828158,,11811.065673828158
VGB,British Virgin Islands,1985,10303.656871087573,,10303.656871087573
VGB,British Virgin Islands,1986,9924.25370803468,,9924.25370803468
VGB,British Virgin Islands,1987,11596.843090060096,,11596.843090060096
VGB,British Virgin Islands,1988,9537.8740606906,,9537.8740606906
VGB,British Virgin Islands,1989,13136.362872418971,,13136.362872418971
VGB,British Virgin Islands,1990,14753.482564031267,,14753.482564031267
VGB,British Virgin Islands,1991,21474.705224365047,0.5374683463390079,21474.705224365047
VGB,British Virgin Islands,1992,22346.18162179178,0.537468317687558,22346.18162179178
VGB,British Virgin Islands,1993,27673.707728852136,0.5374682916011349,27673.707728852136
VGB,British Virgin Islands,1994,39009.69473641451,0.53746831243468,39009.69473641451
VGB,British Virgin Islands,1995,45472.3648960815,0.5374682937736198,45472.3648960815
VGB,British Virgin Islands,1996,48142.5834117987,0.5374683102139263,48142.5834117987
VGB,British Virgin Islands,1997,59144.81714809608,0.5374683135130145,59144.81714809608
VGB,British Virgin Islands,1998,46979.3923890867,0.5374683007367086,46979.3923890867
VGB,British Virgin Islands,1999,45687.518189899594,0.5374683347590623,45687.518189899594
VGB,British Virgin Islands,2000,56524.46491457636,0.5374683237353787,56524.46491457636
VGB,British Virgin Islands,2001,67534.93666901087,0.5374683357759426,67534.93666901087
VGB,British Virgin Islands,2002,68811.20034706019,0.5374683438340924,68811.20034706019
VGB,British Virgin Islands,2003,55262.77027317972,0.5374683027313997,55262.77027317972
VGB,British Virgin Islands,2004,42802.772573655566,0.5374683295871334,42802.772573655566
VGB,British Virgin Islands,2005,51094.76927292415,0.5374683239181408,51094.76927292415
VGB,British Virgin Islands,2006,59224.979059706035,0.5374682997010206,59224.979059706035
VGB,British Virgin Islands,2007,49850.13061128834,0.5374682918431798,49850.13061128834
VGB,British Virgin Islands,2008,46309.51930746691,0.5374683197009549,46309.51930746691
VGB,British Virgin Islands,2009,44549.60046258469,0.5374683176834337,44549.60046258469
VGB,British Virgin Islands,2010,38347.80533677723,0.5213905533047117,38347.80533677723
VGB,British Virgin Islands,2011,48011.5464654629,0.521390546711428,48011.5464654629
VGB,British Virgin Islands,2012,34140.892110520675,0.521390562121137,34140.892110520675
VGB,British Virgin Islands,2013,39710.63202195975,0.5213905279671639,39710.63202195975
VGB,British Virgin Islands,2014,41869.29504050119,0.5213905542439748,41869.29504050119
VGB,British Virgin Islands,2015,37892.35460660763,0.5213905416769842,37892.35460660763
VGB,British Virgin Islands,2016,40001.91677559006,0.5213905987298159,40001.91677559006
VGB,British Virgin Islands,2017,41225.9022100734,0.5213905433116792,41225.9022100734
VGB,British Virgin Islands,2018,41079.451532383355,0.5213905316221659,41079.451532383355
VGB,British Virgin Islands,2019,41895.396592509416,0.521390586129287,41895.396592509416
VGB,British Virgin Islands,2020,39754.36435471927,0.5213905668072465,39754.36435471927
VGB,British Virgin Islands,2021,40099.24369032505,0.5213905818221057,40099.24369032505
VGB,British Virgin Islands,2022,40440.4300952611,0.5213905374442418,40440.4300952611
VGB,British Virgin Islands,2023,40848.00181059228,0.5213905217113352,40848.00181059228
VNM,Viet Nam,1970,1087.1101747054809,0.3665130920393738,1087.1101747054809
VNM,Viet Nam,1971,1073.6168459622256,0.38377677260215465,1073.6168459622256
VNM,Viet Nam,1972,1203.037596184205,0.37817659509853385,1203.037596184205
VNM,Viet Nam,1973,1136.9254933042912,0.3854100952611606,1136.9254933042912
VNM,Viet Nam,1974,1176.0763990371418,0.40549009888317444,1176.0763990371418
VNM,Viet Nam,1975,1048.265379826858,0.4240973484255878,1048.265379826858
VNM,Viet Nam,1976,1118.9033308027645,0.43676202948432286,1118.9033308027645
VNM,Viet Nam,1977,1261.7705630248608,0.43678203088134515,1261.7705630248608
VNM,Viet Nam,1978,1242.5651824716765,0.43928748668062156,1242.5651824716765
VNM,Viet Nam,1979,1303.3803680416197,0.4386228977501591,1303.3803680416197
VNM,Viet Nam,1980,1332.6603536636364,0.4406076602591963,1332.6603536636364
VNM,Viet Nam,1981,1331.464549313308,0.443032502231698,1331.464549313308
VNM,Viet Nam,1982,1297.0258250083907,0.4455821206800808,1297.0258250083907
VNM,Viet Nam,1983,1337.2771434448211,0.4484361409900731,1337.2771434448211
VNM,Viet Nam,1984,1399.227739563329,0.4505210677358708,1399.227739563329
VNM,Viet Nam,1985,1436.4153824438217,0.45386390904803714,1436.4153824438217
VNM,Viet Nam,1986,1445.8533974188763,0.45669160037785445,1445.8533974188763
VNM,Viet Nam,1987,1454.8494954936093,0.45917833452750584,1454.8494954936093
VNM,Viet Nam,1988,1494.332278133453,0.4609231181830013,1494.332278133453
VNM,Viet Nam,1989,1438.8959520976614,0.4615841310880631,1438.8959520976614
VNM,Viet Nam,1990,1462.1784414310625,0.4631284966076968,1462.1784414310625
VNM,Viet Nam,1991,1612.6867101747562,0.4636717620208927,1612.6867101747562
VNM,Viet Nam,1992,1702.133338610678,0.4647572616684781,1702.133338610678
VNM,Viet Nam,1993,1889.0041584859475,0.4658736781127254,1889.0041584859475
VNM,Viet Nam,1994,1966.0538310886052,0.4677255835415069,1966.0538310886052
VNM,Viet Nam,1995,2100.251141777495,0.47045003662211377,2100.251141777495
VNM,Viet Nam,1996,2353.2397117372307,0.4728052572944392,2353.2397117372307
VNM,Viet Nam,1997,2497.9810129857387,0.4494188489119529,2497.9810129857387
VNM,Viet Nam,1998,2570.7752199677925,0.46051283984699665,2570.7752199677925
VNM,Viet Nam,1999,2554.212446038963,0.4706476064156606,2554.212446038963
VNM,Viet Nam,2000,2723.5658720322394,0.47567657279393033,2723.5658720322394
VNM,Viet Nam,2001,2878.797480461588,0.47999319535054413,2878.797480461588
VNM,Viet Nam,2002,3125.4840300687715,0.4962448814161157,3125.4840300687715
VNM,Viet Nam,2003,3374.284412113819,0.503225875395111,3374.284412113819
VNM,Viet Nam,2004,3626.066327137797,0.5125549208019219,3626.066327137797
VNM,Viet Nam,2005,3966.4435829365448,0.5275100313044211,3966.4435829365448
VNM,Viet Nam,2006,4413.253390189602,0.540828398555908,4413.253390189602
VNM,Viet Nam,2007,5115.497401605519,0.5405485668966079,5115.497401605519
VNM,Viet Nam,2008,5672.082100373406,0.5454696562395525,5672.082100373406
VNM,Viet Nam,2009,5891.156534341688,0.5522055957646422,5891.156534341688
VNM,Viet Nam,2010,6906.048256596707,0.5608417014281548,6906.048256596707
VNM,Viet Nam,2011,7499.239360433612,0.5691517346952277,7499.239360433612
VNM,Viet Nam,2012,7891.240539809717,0.5744854978369508,7891.240539809717
VNM,Viet Nam,2013,8110.472011647078,0.5764162132893768,8110.472011647078
VNM,Viet Nam,2014,8651.419621499566,0.5753134617596701,8651.419621499566
VNM,Viet Nam,2015,8919.92134858793,0.5692539086443564,8919.92134858793
VNM,Viet Nam,2016,9399.397210324749,0.5670503497868359,9399.397210324749
VNM,Viet Nam,2017,10116.843961118875,0.5642478377192038,10116.843961118875
VNM,Viet Nam,2018,10708.55761266583,0.5637044492815371,10708.55761266583
VNM,Viet Nam,2019,11302.761354050912,0.5616121245991068,11302.761354050912
VNM,Viet Nam,2020,11830.683585063422,0.5437003965279628,11830.683585063422
VNM,Viet Nam,2021,12313.940144881648,0.5397928356252824,12313.940144881648
VNM,Viet Nam,2022,13035.053040131006,0.5522480047966799,13035.053040131006
VNM,Viet Nam,2023,13055.45348725417,0.5476292844981722,13055.45348725417
YEM,Yemen,1989,637.932827909903,0.21867467716394742,637.932827909903
YEM,Yemen,1990,756.2993396229743,0.21926002758513224,756.2993396229743
YEM,Yemen,1991,695.0697425316529,0.21891953194663888,695.0697425316529
YEM,Yemen,1992,689.7087230312777,0.2159523967048921,689.7087230312777
YEM,Yemen,1993,686.0103978946106,0.21316227723252068,686.0103978946106
YEM,Yemen,1994,687.1473614055282,0.2108642917356663,687.1473614055282
YEM,Yemen,1995,774.5374453190365,0.21333613421038386,774.5374453190365
YEM,Yemen,1996,935.8656482971035,0.215824060517533,935.8656482971035
YEM,Yemen,1997,1014.3452341372935,0.21785812436680593,1014.3452341372935
YEM,Yemen,1998,1079.177355629642,0.22025024569896268,1079.177355629642
YEM,Yemen,1999,1198.0263241733064,0.2232343984101176,1198.0263241733064
YEM,Yemen,2000,1369.366068685503,0.22194544857584542,1369.366068685503
YEM,Yemen,2001,1462.851023665061,0.22073003178613057,1462.851023665061
YEM,Yemen,2002,1658.4005445789855,0.21972798994338877,1658.4005445789855
YEM,Yemen,2003,1916.1048504503021,0.21883412109149453,1916.1048504503021
YEM,Yemen,2004,2419.944158489501,0.2183123997024304,2419.944158489501
YEM,Yemen,2005,3579.8640614986734,0.21859447772596152,3579.8640614986734
YEM,Yemen,2006,3646.7226382373115,0.21947669839294456,3646.7226382373115
YEM,Yemen,2007,3808.571912147512,0.22042357643233543,3808.571912147512
YEM,Yemen,2008,4059.871357614292,0.2213466692984616,4059.871357614292
YEM,Yemen,2009,3982.51308136418,0.2224522356128081,3982.51308136418
YEM,Yemen,2010,4658.429066698482,0.22358899580373714,4658.429066698482
YEM,Yemen,2011,4025.204629067788,0.22027191256773646,4025.204629067788
YEM,Yemen,2012,3706.4807629144443,0.21796028540146503,3706.4807629144443
YEM,Yemen,2013,3674.347392579226,0.21583365838566548,3674.347392579226
YEM,Yemen,2014,3529.9024394609346,0.21497604732625575,3529.9024394609346
YEM,Yemen,2015,2223.59313547295,0.17850975137701075,2223.59313547295
YEM,Yemen,2016,1633.7950926780366,0.18005779223104235,1633.7950926780366
YEM,Yemen,2017,1188.2838271560952,0.18205588464468275,1188.2838271560952
YEM,Yemen,2018,1284.592533861195,0.1865629654235207,1284.592533861195
YEM,Yemen,2019,1136.3171568767623,0.1896104201499698,1136.3171568767623
YEM,Yemen,2020,961.149888163406,0.1878515387312812,961.149888163406
YEM,Yemen,2021,950.5051656586402,0.18780545275490457,950.5051656586402
YEM,Yemen,2022,944.8326875311528,0.19426871426374795,944.8326875311528
YEM,Yemen,2023,855.0334106893846,0.19683977310672449,855.0334106893846
ZAF,South Africa,1950,6532.571667718766,0.5142764338157599,6532.571667718766
ZAF,South Africa,1951,6644.546150607809,0.5102919215543111,6644.546150607809
ZAF,South Africa,1952,6057.841071988156,0.5063071858592747,6057.841071988156
ZAF,South Africa,1953,6520.161386975899,0.5023237791291764,6520.161386975899
ZAF,South Africa,1954,6902.1058540262065,0.49833923269821423,6902.1058540262065
ZAF,South Africa,1955,7003.611903500938,0.49435561235793846,7003.611903500938
ZAF,South Africa,1956,7261.420898329278,0.490370868122388,7261.420898329278
ZAF,South Africa,1957,7497.6966935376495,0.48638705187565057,7497.6966935376495
ZAF,South Africa,1958,7331.550028455945,0.48240256651021396,7331.550028455945
ZAF,South Africa,1959,7276.673233513832,0.4784182983334011,7276.673233513832
ZAF,South Africa,1960,7405.519502257488,0.4744345406856052,7405.519502257488
ZAF,South Africa,1961,7520.9590389544,0.46481820942935825,7520.9590389544
ZAF,South Africa,1962,7661.738902415171,0.453382314217651,7661.738902415171
ZAF,South Africa,1963,8091.321053210368,0.4438780399265282,8091.321053210368
ZAF,South Africa,1964,8431.62662645936,0.43814603473380775,8431.62662645936
ZAF,South Africa,1965,8677.726790998358,0.4318942339866034,8677.726790998358
ZAF,South Africa,1966,8830.21077369886,0.42366641594789795,8830.21077369886
ZAF,South Africa,1967,9224.232262911115,0.41649799761775413,9224.232262911115
ZAF,South Africa,1968,9285.671417124107,0.41021287545648666,9285.671417124107
ZAF,South Africa,1969,9688.309803445874,0.40246596714820737,9688.309803445874
ZAF,South Africa,1970,9978.686895601002,0.39779731888880393,9978.686895601002
ZAF,South Africa,1971,9744.84489090666,0.38870428758926046,9744.84489090666
ZAF,South Africa,1972,9772.779177970047,0.3798645034210013,9772.779177970047
ZAF,South Africa,1973,10728.549498496826,0.3714318301048552,10728.549498496826
ZAF,South Africa,1974,11039.488434321065,0.36321236728898526,11039.488434321065
ZAF,South Africa,1975,10753.126880526754,0.3550401426511217,10753.126880526754
ZAF,South Africa,1976,10491.199714344708,0.34726955060702924,10491.199714344708
ZAF,South Africa,1977,9991.983650400649,0.3397105123609968,9991.983650400649
ZAF,South Africa,1978,10151.540804076656,0.3323259957682151,10151.540804076656
ZAF,South Africa,1979,10262.556967792527,0.3251468141121877,10262.556967792527
ZAF,South Africa,1980,10980.022659752713,0.3171912751817521,10980.022659752713
ZAF,South Africa,1981,11137.602237827889,0.31393457510246475,11137.602237827889
ZAF,South Africa,1982,10935.03121222265,0.3106364325722081,10935.03121222265
ZAF,South Africa,1983,10636.84894614742,0.3072895145189434,10636.84894614742
ZAF,South Africa,1984,10571.790007360856,0.3040649458931971,10571.790007360856
ZAF,South Africa,1985,10091.384952377131,0.3012739306517593,10091.384952377131
ZAF,South Africa,1986,9695.965666878981,0.29575278545689854,9695.965666878981
ZAF,South Africa,1987,10007.351741498396,0.3006528698183046,10007.351741498396
ZAF,South Africa,1988,9971.163525594384,0.3050913527565972,9971.163525594384
ZAF,South Africa,1989,9748.401248341634,0.30921025985849354,9748.401248341634
ZAF,South Africa,1990,9508.170631725094,0.31306764387616554,9508.170631725094
ZAF,South Africa,1991,9538.896935988474,0.31785218268207,9538.896935988474
ZAF,South Africa,1992,9452.03423213665,0.31724916993238234,9452.03423213665
ZAF,South Africa,1993,9758.228981598699,0.3160841549881798,9758.228981598699
ZAF,South Africa,1994,9859.485888361547,0.3159348059834008,9859.485888361547
ZAF,South Africa,1995,10330.152883754348,0.3173942850715357,10330.152883754348
ZAF,South Africa,1996,10710.83678955162,0.31842103926055654,10710.83678955162
ZAF,South Africa,1997,10889.797647036565,0.3186315569060858,10889.797647036565
ZAF,South Africa,1998,10907.334991134452,0.31884988150245064,10907.334991134452
ZAF,South Africa,1999,10834.902531728052,0.3195252788806051,10834.902531728052
ZAF,South Africa,2000,11314.766050662854,0.3201756129474796,11314.766050662854
ZAF,South Africa,2001,11634.013902553883,0.30636469635387287,11634.013902553883
ZAF,South Africa,2002,12368.808272653883,0.29847680684747613,12368.808272653883
ZAF,South Africa,2003,12691.96305560529,0.28306669466675577,12691.96305560529
ZAF,South Africa,2004,13170.826377948906,0.2827112858711222,13170.826377948906
ZAF,South Africa,2005,14146.560581198239,0.27737070034940975,14146.560581198239
ZAF,South Africa,2006,14948.21136536365,0.3129873747478138,14948.21136536365
ZAF,South Africa,2007,15669.38453094193,0.31365785298744964,15669.38453094193
ZAF,South Africa,2008,15693.319828254938,0.3202059541559115,15693.319828254938
ZAF,South Africa,2009,15235.067588252483,0.31006915541218505,15235.067588252483
ZAF,South Africa,2010,15702.024333194999,0.3004642710590111,15702.024333194999
ZAF,South Africa,2011,16157.333243639685,0.31036266253550676,16157.333243639685
ZAF,South Africa,2012,15901.543198932844,0.3071246835927467,15901.543198932844
ZAF,South Africa,2013,15636.491258557639,0.3086370411619873,15636.491258557639
ZAF,South Africa,2014,15452.593593311665,0.30565214531780627,15452.593593311665
ZAF,South Africa,2015,15365.12964627012,0.3135157443342805,15365.12964627012
ZAF,South Africa,2016,15274.781407210126,0.31409548213321126,15274.781407210126
ZAF,South Africa,2017,15449.236526827148,0.3175638022241249,15449.236526827148
ZAF,South Africa,2018,14607.524958498543,0.3188091223228376,14607.524958498543
ZAF,South Africa,2019,14200.999078923509,0.3128610270056304,14200.999078923509
ZAF,South Africa,2020,12752.960042967927,0.2833598599712022,12752.960042967927
ZAF,South Africa,2021,12688.74953146292,0.27225427545972813,12688.74953146292
ZAF,South Africa,2022,12775.989921833532,0.28380710405775333,12775.989921833532
ZAF,South Africa,2023,12619.920330801002,0.2978847569766076,12619.920330801002
ZMB,Zambia,1955,1465.0569437571946,0.31317705086198755,1465.0569437571946
ZMB,Zambia,1956,1619.629675560551,0.3125144439566689,1619.629675560551
ZMB,Zambia,1957,1801.9171743117752,0.31185279472888483,1801.9171743117752
ZMB,Zambia,1958,1715.4313220235379,0.31119079319235093,1715.4313220235379
ZMB,Zambia,1959,1888.795346670279,0.31053067407523716,1888.795346670279
ZMB,Zambia,1960,1997.4715999716075,0.30986993300188237,1997.4715999716075
ZMB,Zambia,1961,2009.3251887303838,0.3088702022628629,2009.3251887303838
ZMB,Zambia,1962,1908.268424039835,0.3078714129766383,1908.268424039835
ZMB,Zambia,1963,1947.2050548068248,0.30687072872148585,1947.2050548068248
ZMB,Zambia,1964,2157.197337535772,0.30587195665978545,2157.197337535772
ZMB,Zambia,1965,2528.8622700126393,0.30487288623341324,2528.8622700126393
ZMB,Zambia,1966,2582.0715701127365,0.30581258272333517,2582.0715701127365
ZMB,Zambia,1967,2971.2004265855203,0.3061195565881339,2971.2004265855203
ZMB,Zambia,1968,3072.8712477420245,0.3061506635279721,3072.8712477420245
ZMB,Zambia,1969,2854.4731103486706,0.2955140426124291,2854.4731103486706
ZMB,Zambia,1970,2493.1631464327384,0.3064171867603763,2493.1631464327384
ZMB,Zambia,1971,2464.251968545478,0.31933360593236954,2464.251968545478
ZMB,Zambia,1972,2636.151467322521,0.3186102986481304,2636.151467322521
ZMB,Zambia,1973,2576.46402517398,0.3190511964011153,2576.46402517398
ZMB,Zambia,1974,2475.5181593382144,0.3194569376845637,2475.5181593382144
ZMB,Zambia,1975,2654.4033854075865,0.31738565612050773,2654.4033854075865
ZMB,Zambia,1976,2685.734542512192,0.3143955375475607,2685.734542512192
ZMB,Zambia,1977,2271.1982691943203,0.3095441117006608,2271.1982691943203
ZMB,Zambia,1978,2080.256517268992,0.3082369614179451,2080.256517268992
ZMB,Zambia,1979,1962.5392605409033,0.3057237284903994,1962.5392605409033
ZMB,Zambia,1980,1818.007639813605,0.30781361218447956,1818.007639813605
ZMB,Zambia,1981,2010.6847274968666,0.30960012223508176,2010.6847274968666
ZMB,Zambia,1982,2043.8743078570565,0.30677809685087015,2043.8743078570565
ZMB,Zambia,1983,1989.677083591259,0.30248838009524,1989.677083591259
ZMB,Zambia,1984,2175.2926014533114,0.300299987994935,2175.2926014533114
ZMB,Zambia,1985,2283.315008644434,0.3012311468216223,2283.315008644434
ZMB,Zambia,1986,1886.9384866300884,0.30026730775675303,1886.9384866300884
ZMB,Zambia,1987,1861.683577637826,0.30274994960029655,1861.683577637826
ZMB,Zambia,1988,1981.0706497989565,0.30403339491104847,1981.0706497989565
ZMB,Zambia,1989,1622.2017212071048,0.3047890734884763,1622.2017212071048
ZMB,Zambia,1990,1556.1565703075544,0.30684414472739163,1556.1565703075544
ZMB,Zambia,1991,1523.3768139263184,0.30406234574029806,1523.3768139263184
ZMB,Zambia,1992,1343.6759899800409,0.29841589951116715,1343.6759899800409
ZMB,Zambia,1993,1281.4161417408286,0.29685221004191586,1281.4161417408286
ZMB,Zambia,1994,1177.9110509768293,0.29140564088739285,1177.9110509768293
ZMB,Zambia,1995,1183.3106708404268,0.28376899167667513,1183.3106708404268
ZMB,Zambia,1996,1307.0639463000716,0.2912381249900472,1307.0639463000716
ZMB,Zambia,1997,1375.531813893388,0.28897143917278906,1375.531813893388
ZMB,Zambia,1998,1291.0134235549663,0.28396942800883174,1291.0134235549663
ZMB,Zambia,1999,1259.2745917802404,0.28240585418990954,1259.2745917802404
ZMB,Zambia,2000,1506.1081549307917,0.28348108858146703,1506.1081549307917
ZMB,Zambia,2001,1552.9139694288772,0.28027378670203007,1552.9139694288772
ZMB,Zambia,2002,1610.9000193370573,0.2763510044606778,1610.9000193370573
ZMB,Zambia,2003,1768.8078575935294,0.27346468919455064,1768.8078575935294
ZMB,Zambia,2004,1820.5621855651136,0.27105824436508164,1820.5621855651136
ZMB,Zambia,2005,2016.8124583415786,0.26987841583870015,2016.8124583415786
ZMB,Zambia,2006,2269.364014795104,0.2698110503453961,2269.364014795104
ZMB,Zambia,2007,2952.528959712569,0.2694476032686178,2952.528959712569
ZMB,Zambia,2008,3063.070273710262,0.269025811953554,3063.070273710262
ZMB,Zambia,2009,3320.4805449828023,0.2659076253302977,3320.4805449828023
ZMB,Zambia,2010,3637.7002318161335,0.2652353884993091,3637.7002318161335
ZMB,Zambia,2011,4047.0855865916096,0.26549124431044596,4047.0855865916096
ZMB,Zambia,2012,3832.105623822344,0.26457443848597345,3832.105623822344
ZMB,Zambia,2013,3744.455269960115,0.2746170415946123,3744.455269960115
ZMB,Zambia,2014,3786.578093136248,0.2809208771494582,3786.578093136248
ZMB,Zambia,2015,3576.9005312581694,0.28459199215023345,3576.9005312581694
ZMB,Zambia,2016,3498.397953775899,0.2905886695124262,3498.397953775899
ZMB,Zambia,2017,3482.6606712536664,0.2871932781042312,3482.6606712536664
ZMB,Zambia,2018,3429.2433621558407,0.2800218147715548,3429.2433621558407
ZMB,Zambia,2019,3324.2276139351757,0.2817163954479214,3324.2276139351757
ZMB,Zambia,2020,2950.404962683758,0.2841225573087047,2950.404962683758
ZMB,Zambia,2021,3092.1338385583836,0.2790816926672775,3092.1338385583836
ZMB,Zambia,2022,3289.1761240966457,0.27540777442040015,3289.1761240966457
ZMB,Zambia,2023,3431.4692404421644,0.27706584276785595,3431.4692404421644
ZWE,Zimbabwe,1954,2262.3921892205944,0.3632391908228265,2262.3921892205944
ZWE,Zimbabwe,1955,2257.8642830113768,0.3610685693601786,2257.8642830113768
ZWE,Zimbabwe,1956,2384.6301048621635,0.3588961405699637,2384.6301048621635
ZWE,Zimbabwe,1957,2550.042723294126,0.35672482468315075,2550.042723294126
ZWE,Zimbabwe,1958,2474.2741853128696,0.35455452399265996,2474.2741853128696
ZWE,Zimbabwe,1959,2731.151885590651,0.35238166946674165,2731.151885590651
ZWE,Zimbabwe,1960,2807.140969722611,0.3502130612458199,2807.140969722611
ZWE,Zimbabwe,1961,2877.9782193221863,0.3484729798386301,2877.9782193221863
ZWE,Zimbabwe,1962,2772.4761437558295,0.3467344960087898,2772.4761437558295
ZWE,Zimbabwe,1963,2752.401696335825,0.3449966287675813,2752.401696335825
ZWE,Zimbabwe,1964,2598.4456608463497,0.3432578303254273,2598.4456608463497
ZWE,Zimbabwe,1965,2769.8656269246694,0.34151925839399144,2769.8656269246694
ZWE,Zimbabwe,1966,2618.3498368241144,0.33977984348313056,2618.3498368241144
ZWE,Zimbabwe,1967,2563.313167239659,0.3380409737501285,2563.313167239659
ZWE,Zimbabwe,1968,2292.954045768536,0.3363032485647841,2292.954045768536
ZWE,Zimbabwe,1969,2798.056263736211,0.3345650709026021,2798.056263736211
ZWE,Zimbabwe,1970,3312.8598779256113,0.3328255700952085,3312.8598779256113
ZWE,Zimbabwe,1971,3502.9340583737326,0.3324959396382839,3502.9340583737326
ZWE,Zimbabwe,1972,3809.75850064818,0.33216573770376434,3809.75850064818
ZWE,Zimbabwe,1973,3858.2771945609084,0.33183548855437833,3858.2771945609084
ZWE,Zimbabwe,1974,4089.568439455291,0.3315053537224541,4089.568439455291
ZWE,Zimbabwe,1975,3866.669699096096,0.331175683252286,3866.669699096096
ZWE,Zimbabwe,1976,3769.7065685438683,0.3308452859485677,3769.7065685438683
ZWE,Zimbabwe,1977,3305.4460045775554,0.33051544402874666,3305.4460045775554
ZWE,Zimbabwe,1978,3620.475583396691,0.3301857802535632,3620.475583396691
ZWE,Zimbabwe,1979,3737.70150685831,0.32985437354693514,3737.70150685831
ZWE,Zimbabwe,1980,3710.8590843377992,0.32952441716627445,3710.8590843377992
ZWE,Zimbabwe,1981,4244.345387527196,0.33063230337511296,4244.345387527196
ZWE,Zimbabwe,1982,4325.360552997141,0.33174012049271107,4325.360552997141
ZWE,Zimbabwe,1983,4864.15720384535,0.3328477341179151,4864.15720384535
ZWE,Zimbabwe,1984,4486.459411310604,0.3339558233145909,4486.459411310604
ZWE,Zimbabwe,1985,4713.546753999423,0.3350637554416942,4713.546753999423
ZWE,Zimbabwe,1986,4766.351162633934,0.33617144455371495,4766.351162633934
ZWE,Zimbabwe,1987,4561.405201696479,0.33727841576934664,4561.405201696479
ZWE,Zimbabwe,1988,5228.941456694467,0.3383863121849979,5228.941456694467
ZWE,Zimbabwe,1989,5682.224419977986,0.3394945378732813,5682.224419977986
ZWE,Zimbabwe,1990,6167.609733689931,0.3406022506007064,6167.609733689931
ZWE,Zimbabwe,1991,7159.330412474377,0.3400645296246911,7159.330412474377
ZWE,Zimbabwe,1992,6361.774511338261,0.33896663103013913,6361.774511338261
ZWE,Zimbabwe,1993,6382.454043806204,0.3339305465262376,6382.454043806204
ZWE,Zimbabwe,1994,6990.0179782340865,0.33236535970302894,6990.0179782340865
ZWE,Zimbabwe,1995,6797.213046235221,0.3329734114313735,6797.213046235221
ZWE,Zimbabwe,1996,7484.6642450145,0.3341595453476183,7484.6642450145
ZWE,Zimbabwe,1997,5895.652315114381,0.3353480054165494,5895.652315114381
ZWE,Zimbabwe,1998,5237.39474297148,0.3413046443582833,5237.39474297148
ZWE,Zimbabwe,1999,5379.890924209176,0.3452871365697752,5379.890924209176
ZWE,Zimbabwe,2000,3816.847151312368,0.3460008566001284,3816.847151312368
ZWE,Zimbabwe,2001,4730.275553147324,0.3456036921677025,4730.275553147324
ZWE,Zimbabwe,2002,4927.915907248495,0.34527034878208784,4927.915907248495
ZWE,Zimbabwe,2003,3777.2031322259886,0.3447277117239228,3777.2031322259886
ZWE,Zimbabwe,2004,1710.174644593081,0.3438803750381372,1710.174644593081
ZWE,Zimbabwe,2005,503.60910521491604,0.3433786354690257,503.60910521491604
ZWE,Zimbabwe,2006,1609.3608296775715,0.34703700192039216,1609.3608296775715
ZWE,Zimbabwe,2007,1780.6566370891949,0.3508022646437395,1780.6566370891949
ZWE,Zimbabwe,2008,1295.3616905130114,0.352937604151974,1295.3616905130114
ZWE,Zimbabwe,2009,2285.0801180723424,0.35508772599323585,2285.0801180723424
ZWE,Zimbabwe,2010,2204.8601414452296,0.35755789542048216,2204.8601414452296
ZWE,Zimbabwe,2011,2600.157677594314,0.36146061494801784,2600.157677594314
ZWE,Zimbabwe,2012,2903.837782415647,0.3656464369196498,2903.837782415647
ZWE,Zimbabwe,2013,3002.103800052063,0.3652975526985913,3002.103800052063
ZWE,Zimbabwe,2014,3021.181883628055,0.3630941145771336,3021.181883628055
ZWE,Zimbabwe,2015,3094.9427640457025,0.3588748253405744,3094.9427640457025
ZWE,Zimbabwe,2016,3198.9954063596256,0.355144985109269,3198.9954063596256
ZWE,Zimbabwe,2017,3484.7621460400765,0.35136855447242205,3484.7621460400765
ZWE,Zimbabwe,2018,1885.5041397168982,0.34826404401301425,1885.5041397168982
ZWE,Zimbabwe,2019,2953.6626155561175,0.3452436716030889,2953.6626155561175
ZWE,Zimbabwe,2020,2961.5656683747575,0.3352898198674029,2961.5656683747575
ZWE,Zimbabwe,2021,2813.1675921729216,0.3353975522130744,2813.1675921729216
ZWE,Zimbabwe,2022,2990.482968087858,0.3325929516531537,2990.482968087858
ZWE,Zimbabwe,2023,3092.919539558659,0.33687253270538836,3092.919539558659
