unit_id,country,time,target,lag_1_target,unit_code
FIRM0000,Simulated firm 0,2001,394.20589233841497,369.76240367882497,0
FIRM0000,Simulated firm 0,2002,199.75030347803155,394.20589233841497,0
FIRM0000,Simulated firm 0,2003,396.5732714189693,199.75030347803155,0
FIRM0000,Simulated firm 0,2004,345.76317273543293,396.5732714189693,0
FIRM0000,Simulated firm 0,2005,411.8798106618146,345.76317273543293,0
FIRM0000,Simulated firm 0,2006,258.5960942903924,411.8798106618146,0
FIRM0000,Simulated firm 0,2007,349.53419909920837,258.5960942903924,0
FIRM0000,Simulated firm 0,2008,291.6364774630215,349.53419909920837,0
FIRM0000,Simulated firm 0,2009,525.1814714879704,291.6364774630215,0
FIRM0000,Simulated firm 0,2010,585.1162910055517,525.1814714879704,0
FIRM0000,Simulated firm 0,2011,423.4791938746309,585.1162910055517,0
FIRM0000,Simulated firm 0,2012,423.4692930265692,423.4791938746309,0
FIRM0000,Simulated firm 0,2013,352.337659513448,423.4692930265692,0
FIRM0000,Simulated firm 0,2014,318.7403298676285,352.337659513448,0
FIRM0001,Simulated firm 1,2001,213.1591688992481,166.52176424530174,1
FIRM0001,Simulated firm 1,2002,269.72938268654605,213.1591688992481,1
FIRM0001,Simulated firm 1,2003,268.37777485895543,269.72938268654605,1
FIRM0001,Simulated firm 1,2004,219.85398679455923,268.37777485895543,1
FIRM0001,Simulated firm 1,2005,196.39579047284792,219.85398679455923,1
FIRM0001,Simulated firm 1,2006,262.1941803361625,196.39579047284792,1
FIRM0001,Simulated firm 1,2007,173.51648013320005,262.1941803361625,1
FIRM0001,Simulated firm 1,2008,164.93672005129426,173.51648013320005,1
FIRM0001,Simulated firm 1,2009,241.70169263657877,164.93672005129426,1
FIRM0001,Simulated firm 1,2010,260.31496218771963,241.70169263657877,1
FIRM0001,Simulated firm 1,2011,241.2403175973433,260.31496218771963,1
FIRM0001,Simulated firm 1,2012,247.93695352483653,241.2403175973433,1
FIRM0001,Simulated firm 1,2013,133.47208483868434,247.93695352483653,1
FIRM0001,Simulated firm 1,2014,259.15556113547376,133.47208483868434,1
FIRM0002,Simulated firm 2,2001,517.554858656325,605.7435987358223,2
FIRM0002,Simulated firm 2,2002,513.3256569412681,517.554858656325,2
FIRM0002,Simulated firm 2,2003,443.9398299685536,513.3256569412681,2
FIRM0002,Simulated firm 2,2004,448.1174395641709,443.9398299685536,2
FIRM0002,Simulated firm 2,2005,403.66582105879303,448.1174395641709,2
FIRM0002,Simulated firm 2,2006,460.96309991011185,403.66582105879303,2
FIRM0002,Simulated firm 2,2007,321.4479102742889,460.96309991011185,2
FIRM0002,Simulated firm 2,2008,606.5780546923284,321.4479102742889,2
FIRM0002,Simulated firm 2,2009,341.0083711479283,606.5780546923284,2
FIRM0002,Simulated firm 2,2010,517.2704375312762,341.0083711479283,2
FIRM0002,Simulated firm 2,2011,583.8882885113442,517.2704375312762,2
FIRM0002,Simulated firm 2,2012,516.9388282188893,583.8882885113442,2
FIRM0002,Simulated firm 2,2013,749.4823777155008,516.9388282188893,2
FIRM0002,Simulated firm 2,2014,253.81076181229992,749.4823777155008,2
FIRM0003,Simulated firm 3,2001,832.7609724349732,306.64810016081384,3
FIRM0003,Simulated firm 3,2002,251.44238826682835,832.7609724349732,3
FIRM0003,Simulated firm 3,2003,281.9110573781925,251.44238826682835,3
FIRM0003,Simulated firm 3,2004,391.96504113309885,281.9110573781925,3
FIRM0003,Simulated firm 3,2005,241.51563769449098,391.96504113309885,3
FIRM0003,Simulated firm 3,2006,348.5264383781761,241.51563769449098,3
FIRM0003,Simulated firm 3,2007,385.66616481095497,348.5264383781761,3
FIRM0003,Simulated firm 3,2008,355.91290510605455,385.66616481095497,3
FIRM0003,Simulated firm 3,2009,364.09999369192957,355.91290510605455,3
FIRM0003,Simulated firm 3,2010,49.64179531137774,364.09999369192957,3
FIRM0003,Simulated firm 3,2011,361.1595106474842,49.64179531137774,3
FIRM0003,Simulated firm 3,2012,311.5906793342254,361.1595106474842,3
FIRM0003,Simulated firm 3,2013,321.7149793774903,311.5906793342254,3
FIRM0003,Simulated firm 3,2014,425.26068321589213,321.7149793774903,3
FIRM0004,Simulated firm 4,2001,35.26475667144165,45.70327775252039,4
FIRM0004,Simulated firm 4,2002,69.87762935770013,35.26475667144165,4
FIRM0004,Simulated firm 4,2003,66.40256073880559,69.87762935770013,4
FIRM0004,Simulated firm 4,2004,88.07684161786275,66.40256073880559,4
FIRM0004,Simulated firm 4,2005,8.333644429695827,88.07684161786275,4
FIRM0004,Simulated firm 4,2006,61.668112549206114,8.333644429695827,4
FIRM0004,Simulated firm 4,2007,64.6714453742764,61.668112549206114,4
FIRM0004,Simulated firm 4,2008,54.47206560428658,64.6714453742764,4
FIRM0004,Simulated firm 4,2009,50.615337203954056,54.47206560428658,4
FIRM0004,Simulated firm 4,2010,77.26061794365617,50.615337203954056,4
FIRM0004,Simulated firm 4,2011,44.73439736782187,77.26061794365617,4
FIRM0004,Simulated firm 4,2012,5.7017696169735474,44.73439736782187,4
FIRM0004,Simulated firm 4,2013,20.369054026846737,5.7017696169735474,4
FIRM0004,Simulated firm 4,2014,79.70739352952559,20.369054026846737,4
FIRM0005,Simulated firm 5,2001,401.8611168865874,414.13926581819675,5
FIRM0005,Simulated firm 5,2002,451.40560556498906,401.8611168865874,5
FIRM0005,Simulated firm 5,2003,518.0945897061322,451.40560556498906,5
FIRM0005,Simulated firm 5,2004,434.40654271333835,518.0945897061322,5
FIRM0005,Simulated firm 5,2005,617.9966099100408,434.40654271333835,5
FIRM0005,Simulated firm 5,2006,625.3587461228515,617.9966099100408,5
FIRM0005,Simulated firm 5,2007,458.010901011621,625.3587461228515,5
FIRM0005,Simulated firm 5,2008,770.8012110885053,458.010901011621,5
FIRM0005,Simulated firm 5,2009,481.5560596194263,770.8012110885053,5
FIRM0005,Simulated firm 5,2010,619.3914148934747,481.5560596194263,5
FIRM0005,Simulated firm 5,2011,514.3710853333126,619.3914148934747,5
FIRM0005,Simulated firm 5,2012,511.9128627333266,514.3710853333126,5
FIRM0005,Simulated firm 5,2013,318.0744562070986,511.9128627333266,5
FIRM0005,Simulated firm 5,2014,357.9278176766503,318.0744562070986,5
FIRM0006,Simulated firm 6,2001,492.4498939889256,95.93550603426166,6
FIRM0006,Simulated firm 6,2002,407.41058609496434,492.4498939889256,6
FIRM0006,Simulated firm 6,2003,347.86115328862985,407.41058609496434,6
FIRM0006,Simulated firm 6,2004,436.0195815314643,347.86115328862985,6
FIRM0006,Simulated firm 6,2005,487.2889424114286,436.0195815314643,6
FIRM0006,Simulated firm 6,2006,374.08353962640706,487.2889424114286,6
FIRM0006,Simulated firm 6,2007,394.91253520549907,374.08353962640706,6
FIRM0006,Simulated firm 6,2008,382.13517963927654,394.91253520549907,6
FIRM0006,Simulated firm 6,2009,368.226624572632,382.13517963927654,6
FIRM0006,Simulated firm 6,2010,307.36125300615316,368.226624572632,6
FIRM0006,Simulated firm 6,2011,301.8741104248361,307.36125300615316,6
FIRM0006,Simulated firm 6,2012,435.2914699209937,301.8741104248361,6
FIRM0006,Simulated firm 6,2013,489.90726886338365,435.2914699209937,6
FIRM0006,Simulated firm 6,2014,96.87254523939266,489.90726886338365,6
FIRM0007,Simulated firm 7,2001,243.62191439106974,356.48806089258505,7
FIRM0007,Simulated firm 7,2002,9.185096457308463,243.62191439106974,7
FIRM0007,Simulated firm 7,2003,541.5495519052088,9.185096457308463,7
FIRM0007,Simulated firm 7,2004,321.69341191898843,541.5495519052088,7
FIRM0007,Simulated firm 7,2005,183.52241340596373,321.69341191898843,7
FIRM0007,Simulated firm 7,2006,705.2643989382934,183.52241340596373,7
FIRM0007,Simulated firm 7,2007,334.81426387866986,705.2643989382934,7
FIRM0007,Simulated firm 7,2008,260.66327105501205,334.81426387866986,7
FIRM0007,Simulated firm 7,2009,394.7838427823048,260.66327105501205,7
FIRM0007,Simulated firm 7,2010,451.1715227700194,394.7838427823048,7
FIRM0007,Simulated firm 7,2011,455.1151746077686,451.1715227700194,7
FIRM0007,Simulated firm 7,2012,481.9897583076267,455.1151746077686,7
FIRM0007,Simulated firm 7,2013,302.1524325219584,481.9897583076267,7
FIRM0007,Simulated firm 7,2014,537.7614699695343,302.1524325219584,7
FIRM0008,Simulated firm 8,2001,113.64135305453117,112.19533530055043,8
FIRM0008,Simulated firm 8,2002,84.25460910189533,113.64135305453117,8
FIRM0008,Simulated firm 8,2003,72.15693862144164,84.25460910189533,8
FIRM0008,Simulated firm 8,2004,70.60811048833312,72.15693862144164,8
FIRM0008,Simulated firm 8,2005,3.4160105635428613,70.60811048833312,8
FIRM0008,Simulated firm 8,2006,69.03359291354327,3.4160105635428613,8
FIRM0008,Simulated firm 8,2007,43.41135284205769,69.03359291354327,8
FIRM0008,Simulated firm 8,2008,51.81444811627485,43.41135284205769,8
FIRM0008,Simulated firm 8,2009,84.0324088959337,51.81444811627485,8
FIRM0008,Simulated firm 8,2010,74.13899758850685,84.0324088959337,8
FIRM0008,Simulated firm 8,2011,83.10734866178142,74.13899758850685,8
FIRM0008,Simulated firm 8,2012,94.2544914251614,83.10734866178142,8
FIRM0008,Simulated firm 8,2013,86.96846257172662,94.2544914251614,8
FIRM0008,Simulated firm 8,2014,85.06286484547925,86.96846257172662,8
FIRM0009,Simulated firm 9,2001,189.61288766910488,223.98809716241638,9
FIRM0009,Simulated firm 9,2002,167.712047968742,189.61288766910488,9
FIRM0009,Simulated firm 9,2003,201.3256397946274,167.712047968742,9
FIRM0009,Simulated firm 9,2004,224.90910889539705,201.3256397946274,9
FIRM0009,Simulated firm 9,2005,231.86422659923278,224.90910889539705,9
FIRM0009,Simulated firm 9,2006,286.6931834026946,231.86422659923278,9
FIRM0009,Simulated firm 9,2007,219.96190641112975,286.6931834026946,9
FIRM0009,Simulated firm 9,2008,262.55837433963853,219.96190641112975,9
FIRM0009,Simulated firm 9,2009,159.3869097055189,262.55837433963853,9
FIRM0009,Simulated firm 9,2010,127.92787038156366,159.3869097055189,9
FIRM0009,Simulated firm 9,2011,240.04521555614394,127.92787038156366,9
FIRM0009,Simulated firm 9,2012,319.70956699804805,240.04521555614394,9
FIRM0009,Simulated firm 9,2013,214.91382245026125,319.70956699804805,9
FIRM0009,Simulated firm 9,2014,125.32194222498269,214.91382245026125,9
FIRM0010,Simulated firm 10,2001,229.41453184299334,178.30341881112636,10
FIRM0010,Simulated firm 10,2002,142.9904363502004,229.41453184299334,10
FIRM0010,Simulated firm 10,2003,203.5259512431214,142.9904363502004,10
FIRM0010,Simulated firm 10,2004,141.3639613958901,203.5259512431214,10
FIRM0010,Simulated firm 10,2005,302.5529011191982,141.3639613958901,10
FIRM0010,Simulated firm 10,2006,172.59589431883114,302.5529011191982,10
FIRM0010,Simulated firm 10,2007,139.30477064889487,172.59589431883114,10
FIRM0010,Simulated firm 10,2008,168.47448702215283,139.30477064889487,10
FIRM0010,Simulated firm 10,2009,203.84223955799428,168.47448702215283,10
FIRM0010,Simulated firm 10,2010,218.2811760124248,203.84223955799428,10
FIRM0010,Simulated firm 10,2011,263.89287214059954,218.2811760124248,10
FIRM0010,Simulated firm 10,2012,163.65779115088128,263.89287214059954,10
FIRM0010,Simulated firm 10,2013,232.2148567546275,163.65779115088128,10
FIRM0010,Simulated firm 10,2014,7.017066020470425,232.2148567546275,10
FIRM0011,Simulated firm 11,2001,315.6156352424994,41.00432158149008,11
FIRM0011,Simulated firm 11,2002,368.26729213741083,315.6156352424994,11
FIRM0011,Simulated firm 11,2003,538.5680036203955,368.26729213741083,11
FIRM0011,Simulated firm 11,2004,73.85776994514866,538.5680036203955,11
FIRM0011,Simulated firm 11,2005,403.5480777980994,73.85776994514866,11
FIRM0011,Simulated firm 11,2006,254.2168301007345,403.5480777980994,11
FIRM0011,Simulated firm 11,2007,506.86404472524777,254.2168301007345,11
FIRM0011,Simulated firm 11,2008,406.48586558159167,506.86404472524777,11
FIRM0011,Simulated firm 11,2009,347.3428125877706,406.48586558159167,11
FIRM0011,Simulated firm 11,2010,673.9749787274076,347.3428125877706,11
FIRM0011,Simulated firm 11,2011,407.13361402627083,673.9749787274076,11
FIRM0011,Simulated firm 11,2012,416.89639757626907,407.13361402627083,11
FIRM0011,Simulated firm 11,2013,429.652944790633,416.89639757626907,11
FIRM0011,Simulated firm 11,2014,520.7911113974504,429.652944790633,11
FIRM0012,Simulated firm 12,2001,532.8004365079097,219.50484124462002,12
FIRM0012,Simulated firm 12,2002,293.13826810312617,532.8004365079097,12
FIRM0012,Simulated firm 12,2003,371.961325349075,293.13826810312617,12
FIRM0012,Simulated firm 12,2004,232.12596364211737,371.961325349075,12
FIRM0012,Simulated firm 12,2005,332.31169497086717,232.12596364211737,12
FIRM0012,Simulated firm 12,2006,506.2000496779445,332.31169497086717,12
FIRM0012,Simulated firm 12,2007,483.9335460744527,506.2000496779445,12
FIRM0012,Simulated firm 12,2008,369.3669095022449,483.9335460744527,12
FIRM0012,Simulated firm 12,2009,36.58211815443708,369.3669095022449,12
FIRM0012,Simulated firm 12,2010,431.86170177885805,36.58211815443708,12
FIRM0012,Simulated firm 12,2011,208.92702550239193,431.86170177885805,12
FIRM0012,Simulated firm 12,2012,254.51758231283245,208.92702550239193,12
FIRM0012,Simulated firm 12,2013,312.49196304498656,254.51758231283245,12
FIRM0012,Simulated firm 12,2014,212.9507904317432,312.49196304498656,12
FIRM0013,Simulated firm 13,2001,489.34128698564876,352.8946220413472,13
FIRM0013,Simulated firm 13,2002,336.42675535024705,489.34128698564876,13
FIRM0013,Simulated firm 13,2003,495.61585430117077,336.42675535024705,13
FIRM0013,Simulated firm 13,2004,729.6024056345076,495.61585430117077,13
FIRM0013,Simulated firm 13,2005,443.09090430943075,729.6024056345076,13
FIRM0013,Simulated firm 13,2006,493.263311604952,443.09090430943075,13
FIRM0013,Simulated firm 13,2007,549.9241817834783,493.263311604952,13
FIRM0013,Simulated firm 13,2008,360.6822212230206,549.9241817834783,13
FIRM0013,Simulated firm 13,2009,490.0706652853819,360.6822212230206,13
FIRM0013,Simulated firm 13,2010,358.5754298644445,490.0706652853819,13
FIRM0013,Simulated firm 13,2011,435.0097615786261,358.5754298644445,13
FIRM0013,Simulated firm 13,2012,510.23049702325716,435.0097615786261,13
FIRM0013,Simulated firm 13,2013,327.0695709774774,510.23049702325716,13
FIRM0013,Simulated firm 13,2014,6.047232612296807,327.0695709774774,13
FIRM0014,Simulated firm 14,2001,298.07284646331925,179.5237311178952,14
FIRM0014,Simulated firm 14,2002,20.639510547671588,298.07284646331925,14
FIRM0014,Simulated firm 14,2003,293.3568659149992,20.639510547671588,14
FIRM0014,Simulated firm 14,2004,179.7294588682738,293.3568659149992,14
FIRM0014,Simulated firm 14,2005,213.51613551668387,179.7294588682738,14
FIRM0014,Simulated firm 14,2006,224.90649476094902,213.51613551668387,14
FIRM0014,Simulated firm 14,2007,174.22140039213704,224.90649476094902,14
FIRM0014,Simulated firm 14,2008,65.06458648715184,174.22140039213704,14
FIRM0014,Simulated firm 14,2009,152.6620947536297,65.06458648715184,14
FIRM0014,Simulated firm 14,2010,206.71857752063963,152.6620947536297,14
FIRM0014,Simulated firm 14,2011,220.31353716732858,206.71857752063963,14
FIRM0014,Simulated firm 14,2012,127.6014805108797,220.31353716732858,14
FIRM0014,Simulated firm 14,2013,179.1771219072659,127.6014805108797,14
FIRM0014,Simulated firm 14,2014,242.19499851193282,179.1771219072659,14
FIRM0015,Simulated firm 15,2001,139.92322174148438,94.07573948886866,15
FIRM0015,Simulated firm 15,2002,143.49857883722262,139.92322174148438,15
FIRM0015,Simulated firm 15,2003,134.11214574391306,143.49857883722262,15
FIRM0015,Simulated firm 15,2004,143.92103362820853,134.11214574391306,15
FIRM0015,Simulated firm 15,2005,5.015683156220234,143.92103362820853,15
FIRM0015,Simulated firm 15,2006,160.70602693039066,5.015683156220234,15
FIRM0015,Simulated firm 15,2007,96.92957384609726,160.70602693039066,15
FIRM0015,Simulated firm 15,2008,128.2394387988461,96.92957384609726,15
FIRM0015,Simulated firm 15,2009,196.08319970855962,128.2394387988461,15
FIRM0015,Simulated firm 15,2010,114.00145970186202,196.08319970855962,15
FIRM0015,Simulated firm 15,2011,125.46204088825894,114.00145970186202,15
FIRM0015,Simulated firm 15,2012,97.06428106663864,125.46204088825894,15
FIRM0015,Simulated firm 15,2013,195.47500652274618,97.06428106663864,15
FIRM0015,Simulated firm 15,2014,99.37770844633329,195.47500652274618,15
FIRM0016,Simulated firm 16,2001,379.1225948058385,325.49591366192124,16
FIRM0016,Simulated firm 16,2002,333.7682414455135,379.1225948058385,16
FIRM0016,Simulated firm 16,2003,302.0646771403913,333.7682414455135,16
FIRM0016,Simulated firm 16,2004,283.25528963149304,302.0646771403913,16
FIRM0016,Simulated firm 16,2005,201.43828685179392,283.25528963149304,16
FIRM0016,Simulated firm 16,2006,427.3879464204834,201.43828685179392,16
FIRM0016,Simulated firm 16,2007,295.6707958974633,427.3879464204834,16
FIRM0016,Simulated firm 16,2008,278.23236233496846,295.6707958974633,16
FIRM0016,Simulated firm 16,2009,211.04586141704578,278.23236233496846,16
FIRM0016,Simulated firm 16,2010,281.6146894792813,211.04586141704578,16
FIRM0016,Simulated firm 16,2011,273.8673944028247,281.6146894792813,16
FIRM0016,Simulated firm 16,2012,1330.4585529708665,273.8673944028247,16
FIRM0016,Simulated firm 16,2013,278.1900922071846,1330.4585529708665,16
FIRM0016,Simulated firm 16,2014,280.47831109881355,278.1900922071846,16
FIRM0017,Simulated firm 17,2001,40.723886462358095,37.43973509306006,17
FIRM0017,Simulated firm 17,2002,55.764910587359594,40.723886462358095,17
FIRM0017,Simulated firm 17,2003,31.395434918495766,55.764910587359594,17
FIRM0017,Simulated firm 17,2004,76.59802672813696,31.395434918495766,17
FIRM0017,Simulated firm 17,2005,63.42122509829792,76.59802672813696,17
FIRM0017,Simulated firm 17,2006,39.728866662561735,63.42122509829792,17
FIRM0017,Simulated firm 17,2007,53.48977967888739,39.728866662561735,17
FIRM0017,Simulated firm 17,2008,67.7058206499688,53.48977967888739,17
FIRM0017,Simulated firm 17,2009,47.47874851734921,67.7058206499688,17
FIRM0017,Simulated firm 17,2010,45.3115844048446,47.47874851734921,17
FIRM0017,Simulated firm 17,2011,46.656794450762376,45.3115844048446,17
FIRM0017,Simulated firm 17,2012,52.27721304902617,46.656794450762376,17
FIRM0017,Simulated firm 17,2013,41.94347399298897,52.27721304902617,17
FIRM0017,Simulated firm 17,2014,44.38232170673236,41.94347399298897,17
FIRM0018,Simulated firm 18,2001,358.5816353321693,433.01294967006993,18
FIRM0018,Simulated firm 18,2002,302.45930833386416,358.5816353321693,18
FIRM0018,Simulated firm 18,2003,253.91646637555368,302.45930833386416,18
FIRM0018,Simulated firm 18,2004,407.5631737243133,253.91646637555368,18
FIRM0018,Simulated firm 18,2005,547.8568805364254,407.5631737243133,18
FIRM0018,Simulated firm 18,2006,446.5047762327835,547.8568805364254,18
FIRM0018,Simulated firm 18,2007,305.06395326973137,446.5047762327835,18
FIRM0018,Simulated firm 18,2008,335.03789652906346,305.06395326973137,18
FIRM0018,Simulated firm 18,2009,372.74745554298266,335.03789652906346,18
FIRM0018,Simulated firm 18,2010,640.220915699766,372.74745554298266,18
FIRM0018,Simulated firm 18,2011,2254.7647626766816,640.220915699766,18
FIRM0018,Simulated firm 18,2012,626.9641646785182,2254.7647626766816,18
FIRM0018,Simulated firm 18,2013,417.89536792144474,626.9641646785182,18
FIRM0018,Simulated firm 18,2014,895.3189724167589,417.89536792144474,18
FIRM0019,Simulated firm 19,2001,286.1624981244411,262.4870707447435,19
FIRM0019,Simulated firm 19,2002,393.14098931609686,286.1624981244411,19
FIRM0019,Simulated firm 19,2003,335.84909519305705,393.14098931609686,19
FIRM0019,Simulated firm 19,2004,340.7549988648896,335.84909519305705,19
FIRM0019,Simulated firm 19,2005,193.01660583981723,340.7549988648896,19
FIRM0019,Simulated firm 19,2006,245.06245686671164,193.01660583981723,19
FIRM0019,Simulated firm 19,2007,308.7139586577685,245.06245686671164,19
FIRM0019,Simulated firm 19,2008,263.3914734976889,308.7139586577685,19
FIRM0019,Simulated firm 19,2009,223.96150119264112,263.3914734976889,19
FIRM0019,Simulated firm 19,2010,270.64267956444235,223.96150119264112,19
FIRM0019,Simulated firm 19,2011,335.8733082781044,270.64267956444235,19
FIRM0019,Simulated firm 19,2012,375.4362294294609,335.8733082781044,19
FIRM0019,Simulated firm 19,2013,195.20131207903992,375.4362294294609,19
FIRM0019,Simulated firm 19,2014,312.2918401696228,195.20131207903992,19
FIRM0020,Simulated firm 20,2001,393.65522933774014,362.5746867557302,20
FIRM0020,Simulated firm 20,2002,281.8314757749142,393.65522933774014,20
FIRM0020,Simulated firm 20,2003,283.0870788483569,281.8314757749142,20
FIRM0020,Simulated firm 20,2004,507.9191892057362,283.0870788483569,20
FIRM0020,Simulated firm 20,2005,199.07080249070367,507.9191892057362,20
FIRM0020,Simulated firm 20,2006,302.1206174589768,199.07080249070367,20
FIRM0020,Simulated firm 20,2007,335.9587407655253,302.1206174589768,20
FIRM0020,Simulated firm 20,2008,344.17454646080273,335.9587407655253,20
FIRM0020,Simulated firm 20,2009,314.21616966785507,344.17454646080273,20
FIRM0020,Simulated firm 20,2010,419.39131014656937,314.21616966785507,20
FIRM0020,Simulated firm 20,2011,410.1440503159806,419.39131014656937,20
FIRM0020,Simulated firm 20,2012,358.60621467994014,410.1440503159806,20
FIRM0020,Simulated firm 20,2013,318.4717113093173,358.60621467994014,20
FIRM0020,Simulated firm 20,2014,351.6821031841965,318.4717113093173,20
FIRM0021,Simulated firm 21,2001,152.74080616199794,187.57171731961958,21
FIRM0021,Simulated firm 21,2002,211.7861187433321,152.74080616199794,21
FIRM0021,Simulated firm 21,2003,235.92941130925598,211.7861187433321,21
FIRM0021,Simulated firm 21,2004,263.94923910522635,235.92941130925598,21
FIRM0021,Simulated firm 21,2005,259.18408118814284,263.94923910522635,21
FIRM0021,Simulated firm 21,2006,170.23923836345415,259.18408118814284,21
FIRM0021,Simulated firm 21,2007,189.89814219177237,170.23923836345415,21
FIRM0021,Simulated firm 21,2008,176.82170507223742,189.89814219177237,21
FIRM0021,Simulated firm 21,2009,176.66431744286166,176.82170507223742,21
FIRM0021,Simulated firm 21,2010,173.9232372983179,176.66431744286166,21
FIRM0021,Simulated firm 21,2011,184.5989325428371,173.9232372983179,21
FIRM0021,Simulated firm 21,2012,246.65935452873612,184.5989325428371,21
FIRM0021,Simulated firm 21,2013,199.15559226053074,246.65935452873612,21
FIRM0021,Simulated firm 21,2014,138.23639710465574,199.15559226053074,21
FIRM0022,Simulated firm 22,2001,496.5714645138479,595.7954138197957,22
FIRM0022,Simulated firm 22,2002,532.4647263327273,496.5714645138479,22
FIRM0022,Simulated firm 22,2003,506.31791664158425,532.4647263327273,22
FIRM0022,Simulated firm 22,2004,512.2359151763765,506.31791664158425,22
FIRM0022,Simulated firm 22,2005,518.2959497153693,512.2359151763765,22
FIRM0022,Simulated firm 22,2006,306.11447235513816,518.2959497153693,22
FIRM0022,Simulated firm 22,2007,530.7055304509798,306.11447235513816,22
FIRM0022,Simulated firm 22,2008,394.17677100036104,530.7055304509798,22
FIRM0022,Simulated firm 22,2009,417.30503100818015,394.17677100036104,22
FIRM0022,Simulated firm 22,2010,470.7584009293012,417.30503100818015,22
FIRM0022,Simulated firm 22,2011,705.5965224197674,470.7584009293012,22
FIRM0022,Simulated firm 22,2012,366.5881391913022,705.5965224197674,22
FIRM0022,Simulated firm 22,2013,466.80998591689155,366.5881391913022,22
FIRM0022,Simulated firm 22,2014,441.80427120659556,466.80998591689155,22
FIRM0023,Simulated firm 23,2001,405.2083691151397,547.9531568135712,23
FIRM0023,Simulated firm 23,2002,459.84104174165515,405.2083691151397,23
FIRM0023,Simulated firm 23,2003,338.71949164141324,459.84104174165515,23
FIRM0023,Simulated firm 23,2004,573.2203326971658,338.71949164141324,23
FIRM0023,Simulated firm 23,2005,305.17636048088,573.2203326971658,23
FIRM0023,Simulated firm 23,2006,488.3062718489102,305.17636048088,23
FIRM0023,Simulated firm 23,2007,460.5727356865124,488.3062718489102,23
FIRM0023,Simulated firm 23,2008,477.56342420328554,460.5727356865124,23
FIRM0023,Simulated firm 23,2009,23.57940417144121,477.56342420328554,23
FIRM0023,Simulated firm 23,2010,403.2051235375041,23.57940417144121,23
FIRM0023,Simulated firm 23,2011,540.6322381517132,403.2051235375041,23
FIRM0023,Simulated firm 23,2012,681.0889248136157,540.6322381517132,23
FIRM0023,Simulated firm 23,2013,423.1246507765571,681.0889248136157,23
FIRM0023,Simulated firm 23,2014,526.7921569584385,423.1246507765571,23
FIRM0024,Simulated firm 24,2001,375.9009497214047,394.1917182837867,24
FIRM0024,Simulated firm 24,2002,343.9609288991183,375.9009497214047,24
FIRM0024,Simulated firm 24,2003,381.7991409923969,343.9609288991183,24
FIRM0024,Simulated firm 24,2004,451.08967206480696,381.7991409923969,24
FIRM0024,Simulated firm 24,2005,460.91257342263634,451.08967206480696,24
FIRM0024,Simulated firm 24,2006,26.22355406264262,460.91257342263634,24
FIRM0024,Simulated firm 24,2007,336.6218362546274,26.22355406264262,24
FIRM0024,Simulated firm 24,2008,293.7959301530591,336.6218362546274,24
FIRM0024,Simulated firm 24,2009,386.522340437266,293.7959301530591,24
FIRM0024,Simulated firm 24,2010,350.70252138210645,386.522340437266,24
FIRM0024,Simulated firm 24,2011,415.3473586371194,350.70252138210645,24
FIRM0024,Simulated firm 24,2012,422.67495380556227,415.3473586371194,24
FIRM0024,Simulated firm 24,2013,225.23808609190968,422.67495380556227,24
FIRM0024,Simulated firm 24,2014,221.20587356389228,225.23808609190968,24
FIRM0025,Simulated firm 25,2001,147.9411192215428,109.80955095047975,25
FIRM0025,Simulated firm 25,2002,97.01013756058529,147.9411192215428,25
FIRM0025,Simulated firm 25,2003,20.329459908832458,97.01013756058529,25
FIRM0025,Simulated firm 25,2004,140.67325103326505,20.329459908832458,25
FIRM0025,Simulated firm 25,2005,134.46788712988916,140.67325103326505,25
FIRM0025,Simulated firm 25,2006,86.59203173550289,134.46788712988916,25
FIRM0025,Simulated firm 25,2007,130.91487982357145,86.59203173550289,25
FIRM0025,Simulated firm 25,2008,90.86045688951566,130.91487982357145,25
FIRM0025,Simulated firm 25,2009,96.10968670734528,90.86045688951566,25
FIRM0025,Simulated firm 25,2010,86.57399324134698,96.10968670734528,25
FIRM0025,Simulated firm 25,2011,80.59743870112598,86.57399324134698,25
FIRM0025,Simulated firm 25,2012,112.99207595585985,80.59743870112598,25
FIRM0025,Simulated firm 25,2013,77.91175495051893,112.99207595585985,25
FIRM0025,Simulated firm 25,2014,114.13321933963427,77.91175495051893,25
FIRM0026,Simulated firm 26,2001,227.6032168791842,243.6205983883664,26
FIRM0026,Simulated firm 26,2002,211.010379899417,227.6032168791842,26
FIRM0026,Simulated firm 26,2003,201.32757988034197,211.010379899417,26
FIRM0026,Simulated firm 26,2004,20.42025987097498,201.32757988034197,26
FIRM0026,Simulated firm 26,2005,339.4431909193378,20.42025987097498,26
FIRM0026,Simulated firm 26,2006,225.15829484423594,339.4431909193378,26
FIRM0026,Simulated firm 26,2007,223.3414907442312,225.15829484423594,26
FIRM0026,Simulated firm 26,2008,188.25654157500296,223.3414907442312,26
FIRM0026,Simulated firm 26,2009,328.9081102473273,188.25654157500296,26
FIRM0026,Simulated firm 26,2010,204.2569665042993,328.9081102473273,26
FIRM0026,Simulated firm 26,2011,251.37936998270368,204.2569665042993,26
FIRM0026,Simulated firm 26,2012,263.5317160066724,251.37936998270368,26
FIRM0026,Simulated firm 26,2013,243.1367503179453,263.5317160066724,26
FIRM0026,Simulated firm 26,2014,166.75033557019268,243.1367503179453,26
FIRM0027,Simulated firm 27,2001,34.25830773451206,46.81775646548533,27
FIRM0027,Simulated firm 27,2002,48.505848826311905,34.25830773451206,27
FIRM0027,Simulated firm 27,2003,33.74855452931487,48.505848826311905,27
FIRM0027,Simulated firm 27,2004,39.10231664280451,33.74855452931487,27
FIRM0027,Simulated firm 27,2005,44.99675993039362,39.10231664280451,27
FIRM0027,Simulated firm 27,2006,54.24123003459742,44.99675993039362,27
FIRM0027,Simulated firm 27,2007,46.361812600502205,54.24123003459742,27
FIRM0027,Simulated firm 27,2008,31.87194400360581,46.361812600502205,27
FIRM0027,Simulated firm 27,2009,47.376774113877595,31.87194400360581,27
FIRM0027,Simulated firm 27,2010,32.59964693239228,47.376774113877595,27
FIRM0027,Simulated firm 27,2011,49.05815163278337,32.59964693239228,27
FIRM0027,Simulated firm 27,2012,37.15256175598274,49.05815163278337,27
FIRM0027,Simulated firm 27,2013,37.443832963567694,37.15256175598274,27
FIRM0027,Simulated firm 27,2014,40.55659884601261,37.443832963567694,27
FIRM0028,Simulated firm 28,2001,71.2015787654467,83.29213883175815,28
FIRM0028,Simulated firm 28,2002,35.4553355018529,71.2015787654467,28
FIRM0028,Simulated firm 28,2003,85.94559146511898,35.4553355018529,28
FIRM0028,Simulated firm 28,2004,24.184322632520225,85.94559146511898,28
FIRM0028,Simulated firm 28,2005,88.94874265740152,24.184322632520225,28
FIRM0028,Simulated firm 28,2006,53.96356193409498,88.94874265740152,28
FIRM0028,Simulated firm 28,2007,85.36220369032873,53.96356193409498,28
FIRM0028,Simulated firm 28,2008,128.7791185602147,85.36220369032873,28
FIRM0028,Simulated firm 28,2009,125.81125925988884,128.7791185602147,28
FIRM0028,Simulated firm 28,2010,92.01749649936333,125.81125925988884,28
FIRM0028,Simulated firm 28,2011,91.25162879469013,92.01749649936333,28
FIRM0028,Simulated firm 28,2012,51.04813940966997,91.25162879469013,28
FIRM0028,Simulated firm 28,2013,79.58925302118811,51.04813940966997,28
FIRM0028,Simulated firm 28,2014,108.33170744984817,79.58925302118811,28
FIRM0029,Simulated firm 29,2001,436.2035556745345,306.2796814563071,29
FIRM0029,Simulated firm 29,2002,428.90032425822034,436.2035556745345,29
FIRM0029,Simulated firm 29,2003,293.0049191336003,428.90032425822034,29
FIRM0029,Simulated firm 29,2004,346.6145775354865,293.0049191336003,29
FIRM0029,Simulated firm 29,2005,487.2603342355047,346.6145775354865,29
FIRM0029,Simulated firm 29,2006,236.5451530944287,487.2603342355047,29
FIRM0029,Simulated firm 29,2007,307.89074392650286,236.5451530944287,29
FIRM0029,Simulated firm 29,2008,231.30304699119372,307.89074392650286,29
FIRM0029,Simulated firm 29,2009,271.87699365306213,231.30304699119372,29
FIRM0029,Simulated firm 29,2010,529.0038138404236,271.87699365306213,29
FIRM0029,Simulated firm 29,2011,78.47605512435821,529.0038138404236,29
FIRM0029,Simulated firm 29,2012,209.2495483862216,78.47605512435821,29
FIRM0029,Simulated firm 29,2013,262.7221890837615,209.2495483862216,29
FIRM0029,Simulated firm 29,2014,225.99405467147363,262.7221890837615,29
FIRM0030,Simulated firm 30,2001,406.12095504251204,379.72215650559093,30
FIRM0030,Simulated firm 30,2002,453.028246074751,406.12095504251204,30
FIRM0030,Simulated firm 30,2003,428.5886165281011,453.028246074751,30
FIRM0030,Simulated firm 30,2004,20.626786479591814,428.5886165281011,30
FIRM0030,Simulated firm 30,2005,400.8647064133091,20.626786479591814,30
FIRM0030,Simulated firm 30,2006,353.2005655726336,400.8647064133091,30
FIRM0030,Simulated firm 30,2007,470.67165939934364,353.2005655726336,30
FIRM0030,Simulated firm 30,2008,441.33909258402497,470.67165939934364,30
FIRM0030,Simulated firm 30,2009,597.2908582911081,441.33909258402497,30
FIRM0030,Simulated firm 30,2010,290.22305037883,597.2908582911081,30
FIRM0030,Simulated firm 30,2011,280.81968744056195,290.22305037883,30
FIRM0030,Simulated firm 30,2012,323.9970826860488,280.81968744056195,30
FIRM0030,Simulated firm 30,2013,356.62466412528084,323.9970826860488,30
FIRM0030,Simulated firm 30,2014,309.1201168213755,356.62466412528084,30
FIRM0031,Simulated firm 31,2001,505.7530079123431,376.829657511059,31
FIRM0031,Simulated firm 31,2002,415.46621056134717,505.7530079123431,31
FIRM0031,Simulated firm 31,2003,392.7927661990128,415.46621056134717,31
FIRM0031,Simulated firm 31,2004,332.67576482777594,392.7927661990128,31
FIRM0031,Simulated firm 31,2005,267.52812772316696,332.67576482777594,31
FIRM0031,Simulated firm 31,2006,653.8706673193786,267.52812772316696,31
FIRM0031,Simulated firm 31,2007,648.2728005362303,653.8706673193786,31
FIRM0031,Simulated firm 31,2008,570.9549798157365,648.2728005362303,31
FIRM0031,Simulated firm 31,2009,378.5893057450495,570.9549798157365,31
FIRM0031,Simulated firm 31,2010,406.46947446639837,378.5893057450495,31
FIRM0031,Simulated firm 31,2011,540.8909002071849,406.46947446639837,31
FIRM0031,Simulated firm 31,2012,354.5957994173848,540.8909002071849,31
FIRM0031,Simulated firm 31,2013,479.76530727031496,354.5957994173848,31
FIRM0031,Simulated firm 31,2014,385.113924400115,479.76530727031496,31
FIRM0032,Simulated firm 32,2001,252.00589299945193,197.17993769380448,32
FIRM0032,Simulated firm 32,2002,133.1078343016487,252.00589299945193,32
FIRM0032,Simulated firm 32,2003,149.71572300246692,133.1078343016487,32
FIRM0032,Simulated firm 32,2004,173.8997699788612,149.71572300246692,32
FIRM0032,Simulated firm 32,2005,108.80510205194031,173.8997699788612,32
FIRM0032,Simulated firm 32,2006,115.7736085008364,108.80510205194031,32
FIRM0032,Simulated firm 32,2007,249.8049982280533,115.7736085008364,32
FIRM0032,Simulated firm 32,2008,184.3756269980434,249.8049982280533,32
FIRM0032,Simulated firm 32,2009,146.11021871334012,184.3756269980434,32
FIRM0032,Simulated firm 32,2010,169.32972957812925,146.11021871334012,32
FIRM0032,Simulated firm 32,2011,151.55132136207158,169.32972957812925,32
FIRM0032,Simulated firm 32,2012,175.18381522200812,151.55132136207158,32
FIRM0032,Simulated firm 32,2013,152.88607371608782,175.18381522200812,32
FIRM0032,Simulated firm 32,2014,166.10294093979178,152.88607371608782,32
FIRM0033,Simulated firm 33,2001,222.404885835924,226.24788641876214,33
FIRM0033,Simulated firm 33,2002,564.7841251902552,222.404885835924,33
FIRM0033,Simulated firm 33,2003,210.47648500744495,564.7841251902552,33
FIRM0033,Simulated firm 33,2004,192.85713586547624,210.47648500744495,33
FIRM0033,Simulated firm 33,2005,717.2749858564636,192.85713586547624,33
FIRM0033,Simulated firm 33,2006,181.56315871413906,717.2749858564636,33
FIRM0033,Simulated firm 33,2007,111.43673208942137,181.56315871413906,33
FIRM0033,Simulated firm 33,2008,233.9413682436901,111.43673208942137,33
FIRM0033,Simulated firm 33,2009,105.42351118051671,233.9413682436901,33
FIRM0033,Simulated firm 33,2010,190.6239100134015,105.42351118051671,33
FIRM0033,Simulated firm 33,2011,235.60596317436264,190.6239100134015,33
FIRM0033,Simulated firm 33,2012,171.80281239229163,235.60596317436264,33
FIRM0033,Simulated firm 33,2013,112.59658479130962,171.80281239229163,33
FIRM0033,Simulated firm 33,2014,236.86293351092098,112.59658479130962,33
FIRM0034,Simulated firm 34,2001,186.83911505616825,201.58910153218042,34
FIRM0034,Simulated firm 34,2002,141.24347287231092,186.83911505616825,34
FIRM0034,Simulated firm 34,2003,287.16284684011544,141.24347287231092,34
FIRM0034,Simulated firm 34,2004,127.92044796774421,287.16284684011544,34
FIRM0034,Simulated firm 34,2005,323.6980644564913,127.92044796774421,34
FIRM0034,Simulated firm 34,2006,218.04573729832398,323.6980644564913,34
FIRM0034,Simulated firm 34,2007,290.8269082968987,218.04573729832398,34
FIRM0034,Simulated firm 34,2008,263.11052818083914,290.8269082968987,34
FIRM0034,Simulated firm 34,2009,376.3961419851508,263.11052818083914,34
FIRM0034,Simulated firm 34,2010,155.9129463737988,376.3961419851508,34
FIRM0034,Simulated firm 34,2011,320.2779103628304,155.9129463737988,34
FIRM0034,Simulated firm 34,2012,206.7266019848488,320.2779103628304,34
FIRM0034,Simulated firm 34,2013,160.91312315605495,206.7266019848488,34
FIRM0034,Simulated firm 34,2014,356.8403489903497,160.91312315605495,34
FIRM0035,Simulated firm 35,2001,129.45108617055516,72.28173577486587,35
FIRM0035,Simulated firm 35,2002,82.19581329548896,129.45108617055516,35
FIRM0035,Simulated firm 35,2003,115.04458278458198,82.19581329548896,35
FIRM0035,Simulated firm 35,2004,171.1721153786226,115.04458278458198,35
FIRM0035,Simulated firm 35,2005,126.75649372240004,171.1721153786226,35
FIRM0035,Simulated firm 35,2006,101.93595577790654,126.75649372240004,35
FIRM0035,Simulated firm 35,2007,119.67083961375434,101.93595577790654,35
FIRM0035,Simulated firm 35,2008,19.918407861882617,119.67083961375434,35
FIRM0035,Simulated firm 35,2009,191.57070871836365,19.918407861882617,35
FIRM0035,Simulated firm 35,2010,14.937074398147853,191.57070871836365,35
FIRM0035,Simulated firm 35,2011,104.63829390844403,14.937074398147853,35
FIRM0035,Simulated firm 35,2012,91.48983669629344,104.63829390844403,35
FIRM0035,Simulated firm 35,2013,117.44294862512866,91.48983669629344,35
FIRM0035,Simulated firm 35,2014,120.82464584947985,117.44294862512866,35
FIRM0036,Simulated firm 36,2001,74.91749282794933,70.3232002226331,36
FIRM0036,Simulated firm 36,2002,100.37929311783846,74.91749282794933,36
FIRM0036,Simulated firm 36,2003,99.02556949110739,100.37929311783846,36
FIRM0036,Simulated firm 36,2004,87.7169390417018,99.02556949110739,36
FIRM0036,Simulated firm 36,2005,111.27847558224309,87.7169390417018,36
FIRM0036,Simulated firm 36,2006,101.47127092154541,111.27847558224309,36
FIRM0036,Simulated firm 36,2007,98.21494072253569,101.47127092154541,36
FIRM0036,Simulated firm 36,2008,53.44003959157508,98.21494072253569,36
FIRM0036,Simulated firm 36,2009,87.44514689274676,53.44003959157508,36
FIRM0036,Simulated firm 36,2010,83.44547492134411,87.44514689274676,36
FIRM0036,Simulated firm 36,2011,115.38575773327929,83.44547492134411,36
FIRM0036,Simulated firm 36,2012,38.98255909552593,115.38575773327929,36
FIRM0036,Simulated firm 36,2013,76.60905835066664,38.98255909552593,36
FIRM0036,Simulated firm 36,2014,81.73022188920976,76.60905835066664,36
FIRM0037,Simulated firm 37,2001,191.44227368314935,183.4423088172676,37
FIRM0037,Simulated firm 37,2002,348.2395475990613,191.44227368314935,37
FIRM0037,Simulated firm 37,2003,178.01889105955456,348.2395475990613,37
FIRM0037,Simulated firm 37,2004,383.41639044388296,178.01889105955456,37
FIRM0037,Simulated firm 37,2005,229.96272462275644,383.41639044388296,37
FIRM0037,Simulated firm 37,2006,169.20099577620718,229.96272462275644,37
FIRM0037,Simulated firm 37,2007,221.97083419018782,169.20099577620718,37
FIRM0037,Simulated firm 37,2008,212.85864051853505,221.97083419018782,37
FIRM0037,Simulated firm 37,2009,286.3485693019484,212.85864051853505,37
FIRM0037,Simulated firm 37,2010,283.2922994747158,286.3485693019484,37
FIRM0037,Simulated firm 37,2011,273.6478723174841,283.2922994747158,37
FIRM0037,Simulated firm 37,2012,420.30269326381216,273.6478723174841,37
FIRM0037,Simulated firm 37,2013,329.89569227644523,420.30269326381216,37
FIRM0037,Simulated firm 37,2014,194.51367870203558,329.89569227644523,37
FIRM0038,Simulated firm 38,2001,125.82856158189804,160.25837909503363,38
FIRM0038,Simulated firm 38,2002,118.57700782594873,125.82856158189804,38
FIRM0038,Simulated firm 38,2003,177.36528803041614,118.57700782594873,38
FIRM0038,Simulated firm 38,2004,99.48967854399386,177.36528803041614,38
FIRM0038,Simulated firm 38,2005,157.30750148183378,99.48967854399386,38
FIRM0038,Simulated firm 38,2006,150.54913931496284,157.30750148183378,38
FIRM0038,Simulated firm 38,2007,99.054234122883,150.54913931496284,38
FIRM0038,Simulated firm 38,2008,83.01729829111422,99.054234122883,38
FIRM0038,Simulated firm 38,2009,122.37041282051557,83.01729829111422,38
FIRM0038,Simulated firm 38,2010,59.68078475897873,122.37041282051557,38
FIRM0038,Simulated firm 38,2011,165.36000972635858,59.68078475897873,38
FIRM0038,Simulated firm 38,2012,136.73745915792534,165.36000972635858,38
FIRM0038,Simulated firm 38,2013,179.03676609561026,136.73745915792534,38
FIRM0038,Simulated firm 38,2014,134.3468529420372,179.03676609561026,38
FIRM0039,Simulated firm 39,2001,285.38068212942034,483.5907963929751,39
FIRM0039,Simulated firm 39,2002,376.0054447811048,285.38068212942034,39
FIRM0039,Simulated firm 39,2003,299.86069766981086,376.0054447811048,39
FIRM0039,Simulated firm 39,2004,321.686216987123,299.86069766981086,39
FIRM0039,Simulated firm 39,2005,338.59838596730833,321.686216987123,39
FIRM0039,Simulated firm 39,2006,361.9329297203954,338.59838596730833,39
FIRM0039,Simulated firm 39,2007,276.1588653139777,361.9329297203954,39
FIRM0039,Simulated firm 39,2008,371.3167792543713,276.1588653139777,39
FIRM0039,Simulated firm 39,2009,334.351617912482,371.3167792543713,39
FIRM0039,Simulated firm 39,2010,235.58327737966067,334.351617912482,39
FIRM0039,Simulated firm 39,2011,212.77250296573538,235.58327737966067,39
FIRM0039,Simulated firm 39,2012,438.5132563103571,212.77250296573538,39
FIRM0039,Simulated firm 39,2013,188.1097130435555,438.5132563103571,39
FIRM0039,Simulated firm 39,2014,317.8022432646707,188.1097130435555,39
FIRM0040,Simulated firm 40,2001,341.23308752393785,154.75111806828042,40
FIRM0040,Simulated firm 40,2002,256.4492740703945,341.23308752393785,40
FIRM0040,Simulated firm 40,2003,241.9155018874461,256.4492740703945,40
FIRM0040,Simulated firm 40,2004,181.9498382436288,241.9155018874461,40
FIRM0040,Simulated firm 40,2005,158.04058395901873,181.9498382436288,40
FIRM0040,Simulated firm 40,2006,232.94161798648528,158.04058395901873,40
FIRM0040,Simulated firm 40,2007,221.50192848681715,232.94161798648528,40
FIRM0040,Simulated firm 40,2008,170.40488520880518,221.50192848681715,40
FIRM0040,Simulated firm 40,2009,169.03494284084508,170.40488520880518,40
FIRM0040,Simulated firm 40,2010,167.09812943057807,169.03494284084508,40
FIRM0040,Simulated firm 40,2011,165.7918105248665,167.09812943057807,40
FIRM0040,Simulated firm 40,2012,190.55707628029612,165.7918105248665,40
FIRM0040,Simulated firm 40,2013,241.93645309799436,190.55707628029612,40
FIRM0040,Simulated firm 40,2014,252.34128454844128,241.93645309799436,40
FIRM0041,Simulated firm 41,2001,420.4570479982145,402.41033631185024,41
FIRM0041,Simulated firm 41,2002,466.513891246678,420.4570479982145,41
FIRM0041,Simulated firm 41,2003,246.87670187513606,466.513891246678,41
FIRM0041,Simulated firm 41,2004,428.73050381603207,246.87670187513606,41
FIRM0041,Simulated firm 41,2005,564.6815918715896,428.73050381603207,41
FIRM0041,Simulated firm 41,2006,250.7917763623193,564.6815918715896,41
FIRM0041,Simulated firm 41,2007,204.55496106090908,250.7917763623193,41
FIRM0041,Simulated firm 41,2008,388.05988508237533,204.55496106090908,41
FIRM0041,Simulated firm 41,2009,532.7090817387906,388.05988508237533,41
FIRM0041,Simulated firm 41,2010,389.80967090712784,532.7090817387906,41
FIRM0041,Simulated firm 41,2011,474.6492440354123,389.80967090712784,41
FIRM0041,Simulated firm 41,2012,439.4850036102796,474.6492440354123,41
FIRM0041,Simulated firm 41,2013,304.0063770761156,439.4850036102796,41
FIRM0041,Simulated firm 41,2014,320.02488687050624,304.0063770761156,41
FIRM0042,Simulated firm 42,2001,504.27929411208544,226.37687169440275,42
FIRM0042,Simulated firm 42,2002,425.8208675688562,504.27929411208544,42
FIRM0042,Simulated firm 42,2003,336.23104880184025,425.8208675688562,42
FIRM0042,Simulated firm 42,2004,325.3408499147312,336.23104880184025,42
FIRM0042,Simulated firm 42,2005,282.372772101401,325.3408499147312,42
FIRM0042,Simulated firm 42,2006,381.0442021266438,282.372772101401,42
FIRM0042,Simulated firm 42,2007,287.9976954041797,381.0442021266438,42
FIRM0042,Simulated firm 42,2008,315.0308937327431,287.9976954041797,42
FIRM0042,Simulated firm 42,2009,294.9911426156278,315.0308937327431,42
FIRM0042,Simulated firm 42,2010,418.60234953126223,294.9911426156278,42
FIRM0042,Simulated firm 42,2011,332.81457177328355,418.60234953126223,42
FIRM0042,Simulated firm 42,2012,357.4584694077085,332.81457177328355,42
FIRM0042,Simulated firm 42,2013,259.1300572855669,357.4584694077085,42
FIRM0042,Simulated firm 42,2014,294.51643762360027,259.1300572855669,42
FIRM0043,Simulated firm 43,2001,110.76349460601818,171.51774213307527,43
FIRM0043,Simulated firm 43,2002,155.89580623417478,110.76349460601818,43
FIRM0043,Simulated firm 43,2003,164.17568954588432,155.89580623417478,43
FIRM0043,Simulated firm 43,2004,120.13000116680288,164.17568954588432,43
FIRM0043,Simulated firm 43,2005,269.2701395135989,120.13000116680288,43
FIRM0043,Simulated firm 43,2006,179.57688934543947,269.2701395135989,43
FIRM0043,Simulated firm 43,2007,158.52548279223097,179.57688934543947,43
FIRM0043,Simulated firm 43,2008,138.158911316965,158.52548279223097,43
FIRM0043,Simulated firm 43,2009,109.8310685174475,138.158911316965,43
FIRM0043,Simulated firm 43,2010,208.4842032264543,109.8310685174475,43
FIRM0043,Simulated firm 43,2011,146.97902108836132,208.4842032264543,43
FIRM0043,Simulated firm 43,2012,115.77855967549213,146.97902108836132,43
FIRM0043,Simulated firm 43,2013,137.2463554071497,115.77855967549213,43
FIRM0043,Simulated firm 43,2014,184.43672097492927,137.2463554071497,43
FIRM0044,Simulated firm 44,2001,311.3378391568162,431.5689383184287,44
FIRM0044,Simulated firm 44,2002,539.6655088152511,311.3378391568162,44
FIRM0044,Simulated firm 44,2003,284.95639029381977,539.6655088152511,44
FIRM0044,Simulated firm 44,2004,570.953253398168,284.95639029381977,44
FIRM0044,Simulated firm 44,2005,426.918369257445,570.953253398168,44
FIRM0044,Simulated firm 44,2006,369.38033558519135,426.918369257445,44
FIRM0044,Simulated firm 44,2007,381.7185409118654,369.38033558519135,44
FIRM0044,Simulated firm 44,2008,414.6466620872403,381.7185409118654,44
FIRM0044,Simulated firm 44,2009,464.429331515514,414.6466620872403,44
FIRM0044,Simulated firm 44,2010,260.74173713845374,464.429331515514,44
FIRM0044,Simulated firm 44,2011,336.2078406971624,260.74173713845374,44
FIRM0044,Simulated firm 44,2012,411.33848199132507,336.2078406971624,44
FIRM0044,Simulated firm 44,2013,545.4732183736321,411.33848199132507,44
FIRM0044,Simulated firm 44,2014,539.5795021474215,545.4732183736321,44
FIRM0045,Simulated firm 45,2001,689.5507079836882,586.060258261689,45
FIRM0045,Simulated firm 45,2002,319.9347501459188,689.5507079836882,45
FIRM0045,Simulated firm 45,2003,392.113001458268,319.9347501459188,45
FIRM0045,Simulated firm 45,2004,516.4292656662541,392.113001458268,45
FIRM0045,Simulated firm 45,2005,502.3335330512763,516.4292656662541,45
FIRM0045,Simulated firm 45,2006,374.2275647699504,502.3335330512763,45
FIRM0045,Simulated firm 45,2007,446.5590787100226,374.2275647699504,45
FIRM0045,Simulated firm 45,2008,350.93260980265507,446.5590787100226,45
FIRM0045,Simulated firm 45,2009,271.1800742238957,350.93260980265507,45
FIRM0045,Simulated firm 45,2010,382.2280157024865,271.1800742238957,45
FIRM0045,Simulated firm 45,2011,376.58573885470304,382.2280157024865,45
FIRM0045,Simulated firm 45,2012,346.9424325031993,376.58573885470304,45
FIRM0045,Simulated firm 45,2013,450.28638070107496,346.9424325031993,45
FIRM0045,Simulated firm 45,2014,371.1840141360129,450.28638070107496,45
FIRM0046,Simulated firm 46,2001,240.93445005483844,220.0146948236356,46
FIRM0046,Simulated firm 46,2002,362.6048734254947,240.93445005483844,46
FIRM0046,Simulated firm 46,2003,194.59301321668707,362.6048734254947,46
FIRM0046,Simulated firm 46,2004,268.92249048872014,194.59301321668707,46
FIRM0046,Simulated firm 46,2005,211.14976019182595,268.92249048872014,46
FIRM0046,Simulated firm 46,2006,214.23311732221015,211.14976019182595,46
FIRM0046,Simulated firm 46,2007,195.24314668258194,214.23311732221015,46
FIRM0046,Simulated firm 46,2008,206.51161370642592,195.24314668258194,46
FIRM0046,Simulated firm 46,2009,188.61745860499627,206.51161370642592,46
FIRM0046,Simulated firm 46,2010,255.62429127491876,188.61745860499627,46
FIRM0046,Simulated firm 46,2011,166.51277182503057,255.62429127491876,46
FIRM0046,Simulated firm 46,2012,9.458261805276436,166.51277182503057,46
FIRM0046,Simulated firm 46,2013,174.53459113062016,9.458261805276436,46
FIRM0046,Simulated firm 46,2014,170.15332474526252,174.53459113062016,46
FIRM0047,Simulated firm 47,2001,48.771880600408075,134.19293553906488,47
FIRM0047,Simulated firm 47,2002,134.31056908652494,48.771880600408075,47
FIRM0047,Simulated firm 47,2003,147.67961180487464,134.31056908652494,47
FIRM0047,Simulated firm 47,2004,134.4091167961347,147.67961180487464,47
FIRM0047,Simulated firm 47,2005,170.10410576971776,134.4091167961347,47
FIRM0047,Simulated firm 47,2006,277.96890921641403,170.10410576971776,47
FIRM0047,Simulated firm 47,2007,161.54212220401868,277.96890921641403,47
FIRM0047,Simulated firm 47,2008,135.70824139840278,161.54212220401868,47
FIRM0047,Simulated firm 47,2009,85.8425486735937,135.70824139840278,47
FIRM0047,Simulated firm 47,2010,247.04845664777713,85.8425486735937,47
FIRM0047,Simulated firm 47,2011,163.82677126164768,247.04845664777713,47
FIRM0047,Simulated firm 47,2012,147.35862735757024,163.82677126164768,47
FIRM0047,Simulated firm 47,2013,86.91438308602031,147.35862735757024,47
FIRM0047,Simulated firm 47,2014,149.24145984201027,86.91438308602031,47
FIRM0048,Simulated firm 48,2001,295.21079250756424,347.736622866938,48
FIRM0048,Simulated firm 48,2002,241.0972989245232,295.21079250756424,48
FIRM0048,Simulated firm 48,2003,237.5491724744804,241.0972989245232,48
FIRM0048,Simulated firm 48,2004,544.862099027461,237.5491724744804,48
FIRM0048,Simulated firm 48,2005,345.2252777592806,544.862099027461,48
FIRM0048,Simulated firm 48,2006,295.14834907134554,345.2252777592806,48
FIRM0048,Simulated firm 48,2007,340.0786767024038,295.14834907134554,48
FIRM0048,Simulated firm 48,2008,334.3164689846882,340.0786767024038,48
FIRM0048,Simulated firm 48,2009,234.93326636747787,334.3164689846882,48
FIRM0048,Simulated firm 48,2010,423.45709494342844,234.93326636747787,48
FIRM0048,Simulated firm 48,2011,321.31029487886394,423.45709494342844,48
FIRM0048,Simulated firm 48,2012,346.4137230751742,321.31029487886394,48
FIRM0048,Simulated firm 48,2013,487.4289816044119,346.4137230751742,48
FIRM0048,Simulated firm 48,2014,242.70467945765623,487.4289816044119,48
FIRM0049,Simulated firm 49,2001,91.29040430658601,69.54179663854313,49
FIRM0049,Simulated firm 49,2002,105.50990981883184,91.29040430658601,49
FIRM0049,Simulated firm 49,2003,72.30218053172989,105.50990981883184,49
FIRM0049,Simulated firm 49,2004,73.27219748051792,72.30218053172989,49
FIRM0049,Simulated firm 49,2005,98.76961330027044,73.27219748051792,49
FIRM0049,Simulated firm 49,2006,148.784950374982,98.76961330027044,49
FIRM0049,Simulated firm 49,2007,85.9010204291453,148.784950374982,49
FIRM0049,Simulated firm 49,2008,69.49045773858676,85.9010204291453,49
FIRM0049,Simulated firm 49,2009,64.7997799695962,69.49045773858676,49
FIRM0049,Simulated firm 49,2010,81.41176793016666,64.7997799695962,49
FIRM0049,Simulated firm 49,2011,104.18025980685334,81.41176793016666,49
FIRM0049,Simulated firm 49,2012,170.37181041622716,104.18025980685334,49
FIRM0049,Simulated firm 49,2013,78.08857047415343,170.37181041622716,49
FIRM0049,Simulated firm 49,2014,85.93535579799473,78.08857047415343,49
FIRM0050,Simulated firm 50,2001,121.04825101168818,172.17014563191137,50
FIRM0050,Simulated firm 50,2002,118.46611692289702,121.04825101168818,50
FIRM0050,Simulated firm 50,2003,161.9923453168708,118.46611692289702,50
FIRM0050,Simulated firm 50,2004,115.10215365755418,161.9923453168708,50
FIRM0050,Simulated firm 50,2005,87.89177890069826,115.10215365755418,50
FIRM0050,Simulated firm 50,2006,152.1978303466972,87.89177890069826,50
FIRM0050,Simulated firm 50,2007,75.48674036728679,152.1978303466972,50
FIRM0050,Simulated firm 50,2008,144.8703306928692,75.48674036728679,50
FIRM0050,Simulated firm 50,2009,112.16647349982289,144.8703306928692,50
FIRM0050,Simulated firm 50,2010,104.24762940558199,112.16647349982289,50
FIRM0050,Simulated firm 50,2011,103.59983525265855,104.24762940558199,50
FIRM0050,Simulated firm 50,2012,108.30400847089551,103.59983525265855,50
FIRM0050,Simulated firm 50,2013,100.60553024880953,108.30400847089551,50
FIRM0050,Simulated firm 50,2014,125.53365856610871,100.60553024880953,50
FIRM0051,Simulated firm 51,2001,14.111111072599169,20.58945920530142,51
FIRM0051,Simulated firm 51,2002,22.806617009876824,14.111111072599169,51
FIRM0051,Simulated firm 51,2003,29.002297899629962,22.806617009876824,51
FIRM0051,Simulated firm 51,2004,13.92565775718456,29.002297899629962,51
FIRM0051,Simulated firm 51,2005,22.76928034296222,13.92565775718456,51
FIRM0051,Simulated firm 51,2006,20.321099267840914,22.76928034296222,51
FIRM0051,Simulated firm 51,2007,28.79930337884336,20.321099267840914,51
FIRM0051,Simulated firm 51,2008,21.369921015232055,28.79930337884336,51
FIRM0051,Simulated firm 51,2009,27.646538765910957,21.369921015232055,51
FIRM0051,Simulated firm 51,2010,26.798102716838493,27.646538765910957,51
FIRM0051,Simulated firm 51,2011,26.994687470264996,26.798102716838493,51
FIRM0051,Simulated firm 51,2012,33.67970902096441,26.994687470264996,51
FIRM0051,Simulated firm 51,2013,21.554354082456836,33.67970902096441,51
FIRM0051,Simulated firm 51,2014,23.139566914909988,21.554354082456836,51
FIRM0052,Simulated firm 52,2001,394.05806447287796,427.58864233430756,52
FIRM0052,Simulated firm 52,2002,361.34423758491585,394.05806447287796,52
FIRM0052,Simulated firm 52,2003,307.7643830701591,361.34423758491585,52
FIRM0052,Simulated firm 52,2004,386.5471777047726,307.7643830701591,52
FIRM0052,Simulated firm 52,2005,265.1151483255183,386.5471777047726,52
FIRM0052,Simulated firm 52,2006,231.61474724818217,265.1151483255183,52
FIRM0052,Simulated firm 52,2007,291.4682533046886,231.61474724818217,52
FIRM0052,Simulated firm 52,2008,376.7896265606371,291.4682533046886,52
FIRM0052,Simulated firm 52,2009,408.4330676533182,376.7896265606371,52
FIRM0052,Simulated firm 52,2010,456.0197522389348,408.4330676533182,52
FIRM0052,Simulated firm 52,2011,56.65897316402184,456.0197522389348,52
FIRM0052,Simulated firm 52,2012,643.5490854059958,56.65897316402184,52
FIRM0052,Simulated firm 52,2013,271.8545095085521,643.5490854059958,52
FIRM0052,Simulated firm 52,2014,293.93389364452474,271.8545095085521,52
FIRM0053,Simulated firm 53,2001,341.87221965595893,424.6025435067615,53
FIRM0053,Simulated firm 53,2002,389.4594754862612,341.87221965595893,53
FIRM0053,Simulated firm 53,2003,348.63352446066204,389.4594754862612,53
FIRM0053,Simulated firm 53,2004,285.6242665504647,348.63352446066204,53
FIRM0053,Simulated firm 53,2005,243.84614166843588,285.6242665504647,53
FIRM0053,Simulated firm 53,2006,208.10234496533127,243.84614166843588,53
FIRM0053,Simulated firm 53,2007,516.6457647847001,208.10234496533127,53
FIRM0053,Simulated firm 53,2008,218.8984026849295,516.6457647847001,53
FIRM0053,Simulated firm 53,2009,931.9952513398677,218.8984026849295,53
FIRM0053,Simulated firm 53,2010,337.1374421154037,931.9952513398677,53
FIRM0053,Simulated firm 53,2011,351.36053855229585,337.1374421154037,53
FIRM0053,Simulated firm 53,2012,345.51552743707316,351.36053855229585,53
FIRM0053,Simulated firm 53,2013,376.4718910059573,345.51552743707316,53
FIRM0053,Simulated firm 53,2014,270.2463267065987,376.4718910059573,53
FIRM0054,Simulated firm 54,2001,59.59905020657965,202.67736610177118,54
FIRM0054,Simulated firm 54,2002,389.11535220245975,59.59905020657965,54
FIRM0054,Simulated firm 54,2003,265.5192004499427,389.11535220245975,54
FIRM0054,Simulated firm 54,2004,454.1589652781362,265.5192004499427,54
FIRM0054,Simulated firm 54,2005,336.3373353024622,454.1589652781362,54
FIRM0054,Simulated firm 54,2006,259.9250074979622,336.3373353024622,54
FIRM0054,Simulated firm 54,2007,165.35958546199976,259.9250074979622,54
FIRM0054,Simulated firm 54,2008,387.4108391479784,165.35958546199976,54
FIRM0054,Simulated firm 54,2009,394.680399717274,387.4108391479784,54
FIRM0054,Simulated firm 54,2010,167.55827071503447,394.680399717274,54
FIRM0054,Simulated firm 54,2011,162.18100145692992,167.55827071503447,54
FIRM0054,Simulated firm 54,2012,448.9709356573901,162.18100145692992,54
FIRM0054,Simulated firm 54,2013,240.82599257342903,448.9709356573901,54
FIRM0054,Simulated firm 54,2014,449.14581156655646,240.82599257342903,54
FIRM0055,Simulated firm 55,2001,283.97995525624594,507.37494331542104,55
FIRM0055,Simulated firm 55,2002,296.6925456916087,283.97995525624594,55
FIRM0055,Simulated firm 55,2003,459.48644441796745,296.6925456916087,55
FIRM0055,Simulated firm 55,2004,345.8843458279902,459.48644441796745,55
FIRM0055,Simulated firm 55,2005,528.67822703363,345.8843458279902,55
FIRM0055,Simulated firm 55,2006,571.3830151428048,528.67822703363,55
FIRM0055,Simulated firm 55,2007,286.15078340741906,571.3830151428048,55
FIRM0055,Simulated firm 55,2008,313.12353024669073,286.15078340741906,55
FIRM0055,Simulated firm 55,2009,391.78342627785133,313.12353024669073,55
FIRM0055,Simulated firm 55,2010,221.8299142082828,391.78342627785133,55
FIRM0055,Simulated firm 55,2011,243.78542657031636,221.8299142082828,55
FIRM0055,Simulated firm 55,2012,304.8216239599255,243.78542657031636,55
FIRM0055,Simulated firm 55,2013,630.9605013011276,304.8216239599255,55
FIRM0055,Simulated firm 55,2014,406.8095909403906,630.9605013011276,55
FIRM0056,Simulated firm 56,2001,180.26372212695847,197.76161612545872,56
FIRM0056,Simulated firm 56,2002,172.41062449387147,180.26372212695847,56
FIRM0056,Simulated firm 56,2003,201.14785201327373,172.41062449387147,56
FIRM0056,Simulated firm 56,2004,198.42885282781128,201.14785201327373,56
FIRM0056,Simulated firm 56,2005,219.53696127940063,198.42885282781128,56
FIRM0056,Simulated firm 56,2006,262.9138986255726,219.53696127940063,56
FIRM0056,Simulated firm 56,2007,227.78441729862166,262.9138986255726,56
FIRM0056,Simulated firm 56,2008,284.20310398330184,227.78441729862166,56
FIRM0056,Simulated firm 56,2009,215.6978978948933,284.20310398330184,56
FIRM0056,Simulated firm 56,2010,969.7365977982238,215.6978978948933,56
FIRM0056,Simulated firm 56,2011,282.3132734383914,969.7365977982238,56
FIRM0056,Simulated firm 56,2012,245.8868373586464,282.3132734383914,56
FIRM0056,Simulated firm 56,2013,263.1489603273602,245.8868373586464,56
FIRM0056,Simulated firm 56,2014,202.4394364592346,263.1489603273602,56
FIRM0057,Simulated firm 57,2001,264.1294389473517,266.6381463386038,57
FIRM0057,Simulated firm 57,2002,234.41754809051204,264.1294389473517,57
FIRM0057,Simulated firm 57,2003,202.11711901801593,234.41754809051204,57
FIRM0057,Simulated firm 57,2004,325.45981616723435,202.11711901801593,57
FIRM0057,Simulated firm 57,2005,424.70587720984076,325.45981616723435,57
FIRM0057,Simulated firm 57,2006,313.2215978031552,424.70587720984076,57
FIRM0057,Simulated firm 57,2007,277.5561294569037,313.2215978031552,57
FIRM0057,Simulated firm 57,2008,493.95594835866143,277.5561294569037,57
FIRM0057,Simulated firm 57,2009,43.29033458443157,493.95594835866143,57
FIRM0057,Simulated firm 57,2010,302.43663659386993,43.29033458443157,57
FIRM0057,Simulated firm 57,2011,375.9957159374717,302.43663659386993,57
FIRM0057,Simulated firm 57,2012,23.21630079905179,375.9957159374717,57
FIRM0057,Simulated firm 57,2013,332.06378660807184,23.21630079905179,57
FIRM0057,Simulated firm 57,2014,442.8379474297967,332.06378660807184,57
FIRM0058,Simulated firm 58,2001,87.85262639731184,84.20777323614985,58
FIRM0058,Simulated firm 58,2002,71.57610116285275,87.85262639731184,58
FIRM0058,Simulated firm 58,2003,95.10551946861322,71.57610116285275,58
FIRM0058,Simulated firm 58,2004,69.29270794119923,95.10551946861322,58
FIRM0058,Simulated firm 58,2005,82.96232326517229,69.29270794119923,58
FIRM0058,Simulated firm 58,2006,58.4331389564837,82.96232326517229,58
FIRM0058,Simulated firm 58,2007,44.05171064745573,58.4331389564837,58
FIRM0058,Simulated firm 58,2008,74.91210554101379,44.05171064745573,58
FIRM0058,Simulated firm 58,2009,74.62452543212844,74.91210554101379,58
FIRM0058,Simulated firm 58,2010,76.44777319132953,74.62452543212844,58
FIRM0058,Simulated firm 58,2011,101.49863979347745,76.44777319132953,58
FIRM0058,Simulated firm 58,2012,108.30756304044849,101.49863979347745,58
FIRM0058,Simulated firm 58,2013,90.87495814284492,108.30756304044849,58
FIRM0058,Simulated firm 58,2014,99.56847889667418,90.87495814284492,58
FIRM0059,Simulated firm 59,2001,56.67387893475441,60.041582473122666,59
FIRM0059,Simulated firm 59,2002,82.3005611735682,56.67387893475441,59
FIRM0059,Simulated firm 59,2003,54.88049101530717,82.3005611735682,59
FIRM0059,Simulated firm 59,2004,5.066045353244147,54.88049101530717,59
FIRM0059,Simulated firm 59,2005,148.45127627489524,5.066045353244147,59
FIRM0059,Simulated firm 59,2006,73.65142938642772,148.45127627489524,59
FIRM0059,Simulated firm 59,2007,64.24360916007983,73.65142938642772,59
FIRM0059,Simulated firm 59,2008,62.50317478228119,64.24360916007983,59
FIRM0059,Simulated firm 59,2009,50.6098412567494,62.50317478228119,59
FIRM0059,Simulated firm 59,2010,77.79777425540445,50.6098412567494,59
FIRM0059,Simulated firm 59,2011,67.26510489915934,77.79777425540445,59
FIRM0059,Simulated firm 59,2012,92.4839266326835,67.26510489915934,59
FIRM0059,Simulated firm 59,2013,59.152491186444884,92.4839266326835,59
FIRM0059,Simulated firm 59,2014,66.71027373316392,59.152491186444884,59
FIRM0060,Simulated firm 60,2001,335.04606552271025,201.483318791194,60
FIRM0060,Simulated firm 60,2002,327.5121462381393,335.04606552271025,60
FIRM0060,Simulated firm 60,2003,192.70140314266422,327.5121462381393,60
FIRM0060,Simulated firm 60,2004,365.7535814158984,192.70140314266422,60
FIRM0060,Simulated firm 60,2005,25.43812353758931,365.7535814158984,60
FIRM0060,Simulated firm 60,2006,426.5568553029464,25.43812353758931,60
FIRM0060,Simulated firm 60,2007,322.5707240724874,426.5568553029464,60
FIRM0060,Simulated firm 60,2008,282.2541023311543,322.5707240724874,60
FIRM0060,Simulated firm 60,2009,346.8595183365104,282.2541023311543,60
FIRM0060,Simulated firm 60,2010,341.41963151377195,346.8595183365104,60
FIRM0060,Simulated firm 60,2011,338.2522745984573,341.41963151377195,60
FIRM0060,Simulated firm 60,2012,410.6944679186993,338.2522745984573,60
FIRM0060,Simulated firm 60,2013,210.2101714532394,410.6944679186993,60
FIRM0060,Simulated firm 60,2014,352.2385134188957,210.2101714532394,60
FIRM0061,Simulated firm 61,2001,62.445661551276984,199.56489121382577,61
FIRM0061,Simulated firm 61,2002,338.59841615732813,62.445661551276984,61
FIRM0061,Simulated firm 61,2003,195.40141625277803,338.59841615732813,61
FIRM0061,Simulated firm 61,2004,263.0142097015589,195.40141625277803,61
FIRM0061,Simulated firm 61,2005,330.82104822822276,263.0142097015589,61
FIRM0061,Simulated firm 61,2006,269.6002514519148,330.82104822822276,61
FIRM0061,Simulated firm 61,2007,242.32235925801626,269.6002514519148,61
FIRM0061,Simulated firm 61,2008,251.73296448884773,242.32235925801626,61
FIRM0061,Simulated firm 61,2009,274.06923240277905,251.73296448884773,61
FIRM0061,Simulated firm 61,2010,194.86613404690146,274.06923240277905,61
FIRM0061,Simulated firm 61,2011,236.8885744936718,194.86613404690146,61
FIRM0061,Simulated firm 61,2012,414.14893428122224,236.8885744936718,61
FIRM0061,Simulated firm 61,2013,265.11576556139374,414.14893428122224,61
FIRM0061,Simulated firm 61,2014,244.47053869338393,265.11576556139374,61
FIRM0062,Simulated firm 62,2001,231.2381174086044,256.88784893480596,62
FIRM0062,Simulated firm 62,2002,300.48051342936054,231.2381174086044,62
FIRM0062,Simulated firm 62,2003,305.79750533276257,300.48051342936054,62
FIRM0062,Simulated firm 62,2004,275.72613248105085,305.79750533276257,62
FIRM0062,Simulated firm 62,2005,555.0985713078242,275.72613248105085,62
FIRM0062,Simulated firm 62,2006,235.86958364880888,555.0985713078242,62
FIRM0062,Simulated firm 62,2007,29.21398540305515,235.86958364880888,62
FIRM0062,Simulated firm 62,2008,257.76674939595574,29.21398540305515,62
FIRM0062,Simulated firm 62,2009,277.9030351732715,257.76674939595574,62
FIRM0062,Simulated firm 62,2010,228.48336433435517,277.9030351732715,62
FIRM0062,Simulated firm 62,2011,298.6354963353927,228.48336433435517,62
FIRM0062,Simulated firm 62,2012,306.8265196795759,298.6354963353927,62
FIRM0062,Simulated firm 62,2013,334.46111933461697,306.8265196795759,62
FIRM0062,Simulated firm 62,2014,247.83538755498904,334.46111933461697,62
FIRM0063,Simulated firm 63,2001,436.56543957879927,519.5585590537377,63
FIRM0063,Simulated firm 63,2002,758.1280107753644,436.56543957879927,63
FIRM0063,Simulated firm 63,2003,312.02889439310405,758.1280107753644,63
FIRM0063,Simulated firm 63,2004,303.37966270709836,312.02889439310405,63
FIRM0063,Simulated firm 63,2005,348.1998766073691,303.37966270709836,63
FIRM0063,Simulated firm 63,2006,408.0748162925354,348.1998766073691,63
FIRM0063,Simulated firm 63,2007,423.2432636712264,408.0748162925354,63
FIRM0063,Simulated firm 63,2008,436.3486816674903,423.2432636712264,63
FIRM0063,Simulated firm 63,2009,637.7687709242216,436.3486816674903,63
FIRM0063,Simulated firm 63,2010,235.58428577823034,637.7687709242216,63
FIRM0063,Simulated firm 63,2011,242.879197892744,235.58428577823034,63
FIRM0063,Simulated firm 63,2012,364.0308558860107,242.879197892744,63
FIRM0063,Simulated firm 63,2013,620.4353860025379,364.0308558860107,63
FIRM0063,Simulated firm 63,2014,449.9851262033165,620.4353860025379,63
FIRM0064,Simulated firm 64,2001,328.58482726809666,245.12223951834767,64
FIRM0064,Simulated firm 64,2002,300.8062861754841,328.58482726809666,64
FIRM0064,Simulated firm 64,2003,298.1974808128836,300.8062861754841,64
FIRM0064,Simulated firm 64,2004,274.9692986823639,298.1974808128836,64
FIRM0064,Simulated firm 64,2005,321.90074467055297,274.9692986823639,64
FIRM0064,Simulated firm 64,2006,412.30249742589797,321.90074467055297,64
FIRM0064,Simulated firm 64,2007,280.7611187938862,412.30249742589797,64
FIRM0064,Simulated firm 64,2008,366.59381897689275,280.7611187938862,64
FIRM0064,Simulated firm 64,2009,383.4240722905997,366.59381897689275,64
FIRM0064,Simulated firm 64,2010,434.61686035234095,383.4240722905997,64
FIRM0064,Simulated firm 64,2011,253.39238372326176,434.61686035234095,64
FIRM0064,Simulated firm 64,2012,315.56436475741594,253.39238372326176,64
FIRM0064,Simulated firm 64,2013,267.5288780554943,315.56436475741594,64
FIRM0064,Simulated firm 64,2014,322.0520270772663,267.5288780554943,64
FIRM0065,Simulated firm 65,2001,210.3643688692223,282.94543608185427,65
FIRM0065,Simulated firm 65,2002,132.46200386669602,210.3643688692223,65
FIRM0065,Simulated firm 65,2003,478.2921054465588,132.46200386669602,65
FIRM0065,Simulated firm 65,2004,312.6318015656101,478.2921054465588,65
FIRM0065,Simulated firm 65,2005,200.74367457587212,312.6318015656101,65
FIRM0065,Simulated firm 65,2006,219.83686718914956,200.74367457587212,65
FIRM0065,Simulated firm 65,2007,274.2337851856659,219.83686718914956,65
FIRM0065,Simulated firm 65,2008,220.99256908257223,274.2337851856659,65
FIRM0065,Simulated firm 65,2009,376.56837321428276,220.99256908257223,65
FIRM0065,Simulated firm 65,2010,195.45644803547935,376.56837321428276,65
FIRM0065,Simulated firm 65,2011,313.196231403075,195.45644803547935,65
FIRM0065,Simulated firm 65,2012,11.704482416132663,313.196231403075,65
FIRM0065,Simulated firm 65,2013,99.32720406734786,11.704482416132663,65
FIRM0065,Simulated firm 65,2014,213.70791718885673,99.32720406734786,65
FIRM0066,Simulated firm 66,2001,361.98846318000767,330.9449226283743,66
FIRM0066,Simulated firm 66,2002,303.7377525530791,361.98846318000767,66
FIRM0066,Simulated firm 66,2003,366.61505368411554,303.7377525530791,66
FIRM0066,Simulated firm 66,2004,154.29142383747137,366.61505368411554,66
FIRM0066,Simulated firm 66,2005,289.3731645472286,154.29142383747137,66
FIRM0066,Simulated firm 66,2006,314.99869063537636,289.3731645472286,66
FIRM0066,Simulated firm 66,2007,325.47274771710505,314.99869063537636,66
FIRM0066,Simulated firm 66,2008,176.19327517033125,325.47274771710505,66
FIRM0066,Simulated firm 66,2009,310.212590019352,176.19327517033125,66
FIRM0066,Simulated firm 66,2010,327.33512139941394,310.212590019352,66
FIRM0066,Simulated firm 66,2011,288.5540866418869,327.33512139941394,66
FIRM0066,Simulated firm 66,2012,203.08887862982905,288.5540866418869,66
FIRM0066,Simulated firm 66,2013,243.84465224563183,203.08887862982905,66
FIRM0066,Simulated firm 66,2014,380.68705008305943,243.84465224563183,66
FIRM0067,Simulated firm 67,2001,180.32326445075321,211.9491721606484,67
FIRM0067,Simulated firm 67,2002,191.4225805389843,180.32326445075321,67
FIRM0067,Simulated firm 67,2003,204.9698620043138,191.4225805389843,67
FIRM0067,Simulated firm 67,2004,179.78770686676611,204.9698620043138,67
FIRM0067,Simulated firm 67,2005,217.19304608452796,179.78770686676611,67
FIRM0067,Simulated firm 67,2006,215.15258649295615,217.19304608452796,67
FIRM0067,Simulated firm 67,2007,305.8946400100709,215.15258649295615,67
FIRM0067,Simulated firm 67,2008,141.63611888828308,305.8946400100709,67
FIRM0067,Simulated firm 67,2009,31.344861923936108,141.63611888828308,67
FIRM0067,Simulated firm 67,2010,80.59547393710506,31.344861923936108,67
FIRM0067,Simulated firm 67,2011,176.34651323710594,80.59547393710506,67
FIRM0067,Simulated firm 67,2012,260.85290487873067,176.34651323710594,67
FIRM0067,Simulated firm 67,2013,222.04246192697252,260.85290487873067,67
FIRM0067,Simulated firm 67,2014,197.6925798700029,222.04246192697252,67
FIRM0068,Simulated firm 68,2001,38.175111233338214,88.73923032288386,68
FIRM0068,Simulated firm 68,2002,31.37722224033154,38.175111233338214,68
FIRM0068,Simulated firm 68,2003,58.95356790455086,31.37722224033154,68
FIRM0068,Simulated firm 68,2004,37.450490639511976,58.95356790455086,68
FIRM0068,Simulated firm 68,2005,44.84521563854275,37.450490639511976,68
FIRM0068,Simulated firm 68,2006,18.58410066320738,44.84521563854275,68
FIRM0068,Simulated firm 68,2007,19.361470280333272,18.58410066320738,68
FIRM0068,Simulated firm 68,2008,35.18155908344263,19.361470280333272,68
FIRM0068,Simulated firm 68,2009,26.91344035578116,35.18155908344263,68
FIRM0068,Simulated firm 68,2010,35.99363739787263,26.91344035578116,68
FIRM0068,Simulated firm 68,2011,6.561678448182843,35.99363739787263,68
FIRM0068,Simulated firm 68,2012,67.35738587154619,6.561678448182843,68
FIRM0068,Simulated firm 68,2013,56.752609407953194,67.35738587154619,68
FIRM0068,Simulated firm 68,2014,48.81409601012587,56.752609407953194,68
FIRM0069,Simulated firm 69,2001,268.50638475802117,133.15373622168724,69
FIRM0069,Simulated firm 69,2002,212.9597565360557,268.50638475802117,69
FIRM0069,Simulated firm 69,2003,323.986553047537,212.9597565360557,69
FIRM0069,Simulated firm 69,2004,261.930670987134,323.986553047537,69
FIRM0069,Simulated firm 69,2005,220.4966243925829,261.930670987134,69
FIRM0069,Simulated firm 69,2006,165.48797836443924,220.4966243925829,69
FIRM0069,Simulated firm 69,2007,231.0686798307122,165.48797836443924,69
FIRM0069,Simulated firm 69,2008,301.12059764547325,231.0686798307122,69
FIRM0069,Simulated firm 69,2009,329.5388722010492,301.12059764547325,69
FIRM0069,Simulated firm 69,2010,203.79782332664286,329.5388722010492,69
FIRM0069,Simulated firm 69,2011,419.1256972903456,203.79782332664286,69
FIRM0069,Simulated firm 69,2012,294.4307966383295,419.1256972903456,69
FIRM0069,Simulated firm 69,2013,178.4654082711643,294.4307966383295,69
FIRM0069,Simulated firm 69,2014,169.0220843430937,178.4654082711643,69
FIRM0070,Simulated firm 70,2001,109.10003971710007,115.84407378610534,70
FIRM0070,Simulated firm 70,2002,135.2399684482264,109.10003971710007,70
FIRM0070,Simulated firm 70,2003,120.49368425450145,135.2399684482264,70
FIRM0070,Simulated firm 70,2004,111.33164991468765,120.49368425450145,70
FIRM0070,Simulated firm 70,2005,81.26564552935577,111.33164991468765,70
FIRM0070,Simulated firm 70,2006,141.4503908486348,81.26564552935577,70
FIRM0070,Simulated firm 70,2007,79.73733380620376,141.4503908486348,70
FIRM0070,Simulated firm 70,2008,157.86073814752226,79.73733380620376,70
FIRM0070,Simulated firm 70,2009,73.01962079184739,157.86073814752226,70
FIRM0070,Simulated firm 70,2010,78.72553889650838,73.01962079184739,70
FIRM0070,Simulated firm 70,2011,95.49497482191585,78.72553889650838,70
FIRM0070,Simulated firm 70,2012,106.74705654205381,95.49497482191585,70
FIRM0070,Simulated firm 70,2013,101.48261672539844,106.74705654205381,70
FIRM0070,Simulated firm 70,2014,106.6361143370611,101.48261672539844,70
FIRM0071,Simulated firm 71,2001,168.67560371312894,224.69762916567763,71
FIRM0071,Simulated firm 71,2002,225.23529944689403,168.67560371312894,71
FIRM0071,Simulated firm 71,2003,115.74777318043414,225.23529944689403,71
FIRM0071,Simulated firm 71,2004,167.20219512482862,115.74777318043414,71
FIRM0071,Simulated firm 71,2005,136.83388660874246,167.20219512482862,71
FIRM0071,Simulated firm 71,2006,276.42920472246226,136.83388660874246,71
FIRM0071,Simulated firm 71,2007,173.85412785298357,276.42920472246226,71
FIRM0071,Simulated firm 71,2008,244.33034577430652,173.85412785298357,71
FIRM0071,Simulated firm 71,2009,131.52065552110722,244.33034577430652,71
FIRM0071,Simulated firm 71,2010,308.565759093947,131.52065552110722,71
FIRM0071,Simulated firm 71,2011,93.41237630212653,308.565759093947,71
FIRM0071,Simulated firm 71,2012,354.6684891973849,93.41237630212653,71
FIRM0071,Simulated firm 71,2013,208.56550314856082,354.6684891973849,71
FIRM0071,Simulated firm 71,2014,143.15278948718546,208.56550314856082,71
FIRM0072,Simulated firm 72,2001,391.9082279556082,322.822804168212,72
FIRM0072,Simulated firm 72,2002,325.6772889742727,391.9082279556082,72
FIRM0072,Simulated firm 72,2003,534.0915647949846,325.6772889742727,72
FIRM0072,Simulated firm 72,2004,423.77843155423255,534.0915647949846,72
FIRM0072,Simulated firm 72,2005,326.61358295074484,423.77843155423255,72
FIRM0072,Simulated firm 72,2006,511.07596371851713,326.61358295074484,72
FIRM0072,Simulated firm 72,2007,379.0455620068452,511.07596371851713,72
FIRM0072,Simulated firm 72,2008,504.67967938078823,379.0455620068452,72
FIRM0072,Simulated firm 72,2009,364.27558161275425,504.67967938078823,72
FIRM0072,Simulated firm 72,2010,343.9566511654615,364.27558161275425,72
FIRM0072,Simulated firm 72,2011,375.7969477237183,343.9566511654615,72
FIRM0072,Simulated firm 72,2012,534.1448907127539,375.7969477237183,72
FIRM0072,Simulated firm 72,2013,262.71934848202665,534.1448907127539,72
FIRM0072,Simulated firm 72,2014,303.93966010160193,262.71934848202665,72
FIRM0073,Simulated firm 73,2001,107.56173351445568,123.35927075662678,73
FIRM0073,Simulated firm 73,2002,114.84997629490206,107.56173351445568,73
FIRM0073,Simulated firm 73,2003,151.2963634740507,114.84997629490206,73
FIRM0073,Simulated firm 73,2004,114.26234972450783,151.2963634740507,73
FIRM0073,Simulated firm 73,2005,139.16917862147432,114.26234972450783,73
FIRM0073,Simulated firm 73,2006,102.19158250588046,139.16917862147432,73
FIRM0073,Simulated firm 73,2007,77.15750065395257,102.19158250588046,73
FIRM0073,Simulated firm 73,2008,155.13426975759737,77.15750065395257,73
FIRM0073,Simulated firm 73,2009,631.5274965836093,155.13426975759737,73
FIRM0073,Simulated firm 73,2010,135.3838113650838,631.5274965836093,73
FIRM0073,Simulated firm 73,2011,125.04570007488012,135.3838113650838,73
FIRM0073,Simulated firm 73,2012,131.70043944408528,125.04570007488012,73
FIRM0073,Simulated firm 73,2013,180.94402820669194,131.70043944408528,73
FIRM0073,Simulated firm 73,2014,135.80278450886078,180.94402820669194,73
FIRM0074,Simulated firm 74,2001,56.324742287043996,57.02410457400317,74
FIRM0074,Simulated firm 74,2002,61.087669156958334,56.324742287043996,74
FIRM0074,Simulated firm 74,2003,45.11090781405584,61.087669156958334,74
FIRM0074,Simulated firm 74,2004,40.55369158823632,45.11090781405584,74
FIRM0074,Simulated firm 74,2005,53.40552710342994,40.55369158823632,74
FIRM0074,Simulated firm 74,2006,59.848246698862624,53.40552710342994,74
FIRM0074,Simulated firm 74,2007,99.05847279728756,59.848246698862624,74
FIRM0074,Simulated firm 74,2008,68.0382577437871,99.05847279728756,74
FIRM0074,Simulated firm 74,2009,58.32086374521056,68.0382577437871,74
FIRM0074,Simulated firm 74,2010,40.01601883306356,58.32086374521056,74
FIRM0074,Simulated firm 74,2011,49.092006284200934,40.01601883306356,74
FIRM0074,Simulated firm 74,2012,47.97020318945917,49.092006284200934,74
FIRM0074,Simulated firm 74,2013,46.63683925677921,47.97020318945917,74
FIRM0074,Simulated firm 74,2014,53.434417789103655,46.63683925677921,74
FIRM0075,Simulated firm 75,2001,142.47128190087724,142.41973106045185,75
FIRM0075,Simulated firm 75,2002,241.25437763618106,142.47128190087724,75
FIRM0075,Simulated firm 75,2003,147.68571220795423,241.25437763618106,75
FIRM0075,Simulated firm 75,2004,196.99486192304806,147.68571220795423,75
FIRM0075,Simulated firm 75,2005,200.26745946152852,196.99486192304806,75
FIRM0075,Simulated firm 75,2006,159.77397267825665,200.26745946152852,75
FIRM0075,Simulated firm 75,2007,143.8610143206263,159.77397267825665,75
FIRM0075,Simulated firm 75,2008,120.91650862744429,143.8610143206263,75
FIRM0075,Simulated firm 75,2009,100.19400761626,120.91650862744429,75
FIRM0075,Simulated firm 75,2010,175.98508486428912,100.19400761626,75
FIRM0075,Simulated firm 75,2011,166.4211721456632,175.98508486428912,75
FIRM0075,Simulated firm 75,2012,182.99527639103044,166.4211721456632,75
FIRM0075,Simulated firm 75,2013,133.06147961194068,182.99527639103044,75
FIRM0075,Simulated firm 75,2014,249.0738874103808,133.06147961194068,75
FIRM0076,Simulated firm 76,2001,151.8100558022441,176.73217785315197,76
FIRM0076,Simulated firm 76,2002,92.61317099778006,151.8100558022441,76
FIRM0076,Simulated firm 76,2003,141.83705880658172,92.61317099778006,76
FIRM0076,Simulated firm 76,2004,192.40075528052668,141.83705880658172,76
FIRM0076,Simulated firm 76,2005,226.38102402651185,192.40075528052668,76
FIRM0076,Simulated firm 76,2006,157.78020796713653,226.38102402651185,76
FIRM0076,Simulated firm 76,2007,237.52772118441152,157.78020796713653,76
FIRM0076,Simulated firm 76,2008,123.26099779537222,237.52772118441152,76
FIRM0076,Simulated firm 76,2009,174.0891417918665,123.26099779537222,76
FIRM0076,Simulated firm 76,2010,175.39290101667618,174.0891417918665,76
FIRM0076,Simulated firm 76,2011,183.0341015145488,175.39290101667618,76
FIRM0076,Simulated firm 76,2012,163.27193500569243,183.0341015145488,76
FIRM0076,Simulated firm 76,2013,171.5725636231902,163.27193500569243,76
FIRM0076,Simulated firm 76,2014,122.57764234820316,171.5725636231902,76
FIRM0077,Simulated firm 77,2001,416.9501352816994,461.3018124525426,77
FIRM0077,Simulated firm 77,2002,356.35202532976535,416.9501352816994,77
FIRM0077,Simulated firm 77,2003,419.70603555664746,356.35202532976535,77
FIRM0077,Simulated firm 77,2004,465.6840652699951,419.70603555664746,77
FIRM0077,Simulated firm 77,2005,382.60877884285264,465.6840652699951,77
FIRM0077,Simulated firm 77,2006,561.5111808945156,382.60877884285264,77
FIRM0077,Simulated firm 77,2007,391.1989641137616,561.5111808945156,77
FIRM0077,Simulated firm 77,2008,266.4779305762457,391.1989641137616,77
FIRM0077,Simulated firm 77,2009,351.6687612632294,266.4779305762457,77
FIRM0077,Simulated firm 77,2010,424.3418651527641,351.6687612632294,77
FIRM0077,Simulated firm 77,2011,465.81854986166775,424.3418651527641,77
FIRM0077,Simulated firm 77,2012,344.5170583058296,465.81854986166775,77
FIRM0077,Simulated firm 77,2013,261.5416884182178,344.5170583058296,77
FIRM0077,Simulated firm 77,2014,311.6380221168679,261.5416884182178,77
FIRM0078,Simulated firm 78,2001,342.22544712905693,199.70078615653796,78
FIRM0078,Simulated firm 78,2002,252.51811457292814,342.22544712905693,78
FIRM0078,Simulated firm 78,2003,235.0491548080197,252.51811457292814,78
FIRM0078,Simulated firm 78,2004,351.4733725672711,235.0491548080197,78
FIRM0078,Simulated firm 78,2005,421.52686847659294,351.4733725672711,78
FIRM0078,Simulated firm 78,2006,234.80761983090412,421.52686847659294,78
FIRM0078,Simulated firm 78,2007,293.65468269110806,234.80761983090412,78
FIRM0078,Simulated firm 78,2008,267.93815995814344,293.65468269110806,78
FIRM0078,Simulated firm 78,2009,401.8545451512573,267.93815995814344,78
FIRM0078,Simulated firm 78,2010,275.5946254654176,401.8545451512573,78
FIRM0078,Simulated firm 78,2011,217.66984941577624,275.5946254654176,78
FIRM0078,Simulated firm 78,2012,278.90471644375816,217.66984941577624,78
FIRM0078,Simulated firm 78,2013,376.67989704999974,278.90471644375816,78
FIRM0078,Simulated firm 78,2014,79.93830013928344,376.67989704999974,78
FIRM0079,Simulated firm 79,2001,375.7304706710148,331.8063656024135,79
FIRM0079,Simulated firm 79,2002,302.3663908146211,375.7304706710148,79
FIRM0079,Simulated firm 79,2003,369.34948331738667,302.3663908146211,79
FIRM0079,Simulated firm 79,2004,337.7951375087653,369.34948331738667,79
FIRM0079,Simulated firm 79,2005,698.5577522160584,337.7951375087653,79
FIRM0079,Simulated firm 79,2006,238.98362857225743,698.5577522160584,79
FIRM0079,Simulated firm 79,2007,312.3568856988123,238.98362857225743,79
FIRM0079,Simulated firm 79,2008,331.7458362442747,312.3568856988123,79
FIRM0079,Simulated firm 79,2009,39.30485251049742,331.7458362442747,79
FIRM0079,Simulated firm 79,2010,429.79248814730516,39.30485251049742,79
FIRM0079,Simulated firm 79,2011,322.4111735519452,429.79248814730516,79
FIRM0079,Simulated firm 79,2012,268.7132474204922,322.4111735519452,79
FIRM0079,Simulated firm 79,2013,395.65705362525813,268.7132474204922,79
FIRM0079,Simulated firm 79,2014,358.88591469896755,395.65705362525813,79
FIRM0080,Simulated firm 80,2001,470.29612890622644,50.78378847754505,80
FIRM0080,Simulated firm 80,2002,370.80176159288266,470.29612890622644,80
FIRM0080,Simulated firm 80,2003,359.8689231761969,370.80176159288266,80
FIRM0080,Simulated firm 80,2004,372.98302616763294,359.8689231761969,80
FIRM0080,Simulated firm 80,2005,367.92051922044885,372.98302616763294,80
FIRM0080,Simulated firm 80,2006,310.74386390112346,367.92051922044885,80
FIRM0080,Simulated firm 80,2007,276.39724967319313,310.74386390112346,80
FIRM0080,Simulated firm 80,2008,340.24307250479677,276.39724967319313,80
FIRM0080,Simulated firm 80,2009,309.3351365228196,340.24307250479677,80
FIRM0080,Simulated firm 80,2010,203.75683552848366,309.3351365228196,80
FIRM0080,Simulated firm 80,2011,253.7526478835104,203.75683552848366,80
FIRM0080,Simulated firm 80,2012,299.74701339031225,253.7526478835104,80
FIRM0080,Simulated firm 80,2013,416.94532949434915,299.74701339031225,80
FIRM0080,Simulated firm 80,2014,340.62276542875355,416.94532949434915,80
FIRM0081,Simulated firm 81,2001,157.85588065101396,168.03931060873035,81
FIRM0081,Simulated firm 81,2002,280.4033656467384,157.85588065101396,81
FIRM0081,Simulated firm 81,2003,199.46529630461453,280.4033656467384,81
FIRM0081,Simulated firm 81,2004,101.93281706538743,199.46529630461453,81
FIRM0081,Simulated firm 81,2005,202.6246055022038,101.93281706538743,81
FIRM0081,Simulated firm 81,2006,248.71972517758522,202.6246055022038,81
FIRM0081,Simulated firm 81,2007,156.74837590639999,248.71972517758522,81
FIRM0081,Simulated firm 81,2008,211.9991793340355,156.74837590639999,81
FIRM0081,Simulated firm 81,2009,217.0599047935634,211.9991793340355,81
FIRM0081,Simulated firm 81,2010,158.885671167594,217.0599047935634,81
FIRM0081,Simulated firm 81,2011,287.7741460093507,158.885671167594,81
FIRM0081,Simulated firm 81,2012,218.02401183889964,287.7741460093507,81
FIRM0081,Simulated firm 81,2013,189.99845422322738,218.02401183889964,81
FIRM0081,Simulated firm 81,2014,199.79779970240352,189.99845422322738,81
FIRM0082,Simulated firm 82,2001,287.49397325813896,290.20220820804616,82
FIRM0082,Simulated firm 82,2002,354.6390861510148,287.49397325813896,82
FIRM0082,Simulated firm 82,2003,359.95888071903175,354.6390861510148,82
FIRM0082,Simulated firm 82,2004,375.3646217833796,359.95888071903175,82
FIRM0082,Simulated firm 82,2005,563.8020812950682,375.3646217833796,82
FIRM0082,Simulated firm 82,2006,468.0518431498208,563.8020812950682,82
FIRM0082,Simulated firm 82,2007,255.3393973662448,468.0518431498208,82
FIRM0082,Simulated firm 82,2008,532.0347206751909,255.3393973662448,82
FIRM0082,Simulated firm 82,2009,353.9725004151591,532.0347206751909,82
FIRM0082,Simulated firm 82,2010,440.36649134939984,353.9725004151591,82
FIRM0082,Simulated firm 82,2011,88.84054024977276,440.36649134939984,82
FIRM0082,Simulated firm 82,2012,409.58904940370525,88.84054024977276,82
FIRM0082,Simulated firm 82,2013,295.0923823192693,409.58904940370525,82
FIRM0082,Simulated firm 82,2014,432.4950856989504,295.0923823192693,82
FIRM0083,Simulated firm 83,2001,64.78987052553022,120.70903702130235,83
FIRM0083,Simulated firm 83,2002,121.22774317340364,64.78987052553022,83
FIRM0083,Simulated firm 83,2003,81.60400088042691,121.22774317340364,83
FIRM0083,Simulated firm 83,2004,150.43799572613048,81.60400088042691,83
FIRM0083,Simulated firm 83,2005,117.66753142375931,150.43799572613048,83
FIRM0083,Simulated firm 83,2006,112.1196060355858,117.66753142375931,83
FIRM0083,Simulated firm 83,2007,93.17207907792854,112.1196060355858,83
FIRM0083,Simulated firm 83,2008,187.5554079332573,93.17207907792854,83
FIRM0083,Simulated firm 83,2009,19.635094566470404,187.5554079332573,83
FIRM0083,Simulated firm 83,2010,75.38979286190352,19.635094566470404,83
FIRM0083,Simulated firm 83,2011,82.27948849919623,75.38979286190352,83
FIRM0083,Simulated firm 83,2012,126.7077849707912,82.27948849919623,83
FIRM0083,Simulated firm 83,2013,99.38553899039324,126.7077849707912,83
FIRM0083,Simulated firm 83,2014,95.7057947577237,99.38553899039324,83
FIRM0084,Simulated firm 84,2001,29.149277241627352,26.767632598824196,84
FIRM0084,Simulated firm 84,2002,26.324231820584597,29.149277241627352,84
FIRM0084,Simulated firm 84,2003,35.462150141510925,26.324231820584597,84
FIRM0084,Simulated firm 84,2004,28.083549461062685,35.462150141510925,84
FIRM0084,Simulated firm 84,2005,25.499886341730768,28.083549461062685,84
FIRM0084,Simulated firm 84,2006,38.168684352238145,25.499886341730768,84
FIRM0084,Simulated firm 84,2007,23.431629898980557,38.168684352238145,84
FIRM0084,Simulated firm 84,2008,30.776143076677496,23.431629898980557,84
FIRM0084,Simulated firm 84,2009,18.553769669415864,30.776143076677496,84
FIRM0084,Simulated firm 84,2010,1.6893665091450425,18.553769669415864,84
FIRM0084,Simulated firm 84,2011,27.3429075009402,1.6893665091450425,84
FIRM0084,Simulated firm 84,2012,26.209325729032795,27.3429075009402,84
FIRM0084,Simulated firm 84,2013,5.481925911499126,26.209325729032795,84
FIRM0084,Simulated firm 84,2014,36.398649755872114,5.481925911499126,84
FIRM0085,Simulated firm 85,2001,66.03251503843518,75.65710174527973,85
FIRM0085,Simulated firm 85,2002,47.35238640177439,66.03251503843518,85
FIRM0085,Simulated firm 85,2003,59.52230244551796,47.35238640177439,85
FIRM0085,Simulated firm 85,2004,99.14086761019684,59.52230244551796,85
FIRM0085,Simulated firm 85,2005,114.30833452217706,99.14086761019684,85
FIRM0085,Simulated firm 85,2006,78.30301110395432,114.30833452217706,85
FIRM0085,Simulated firm 85,2007,47.7746506622551,78.30301110395432,85
FIRM0085,Simulated firm 85,2008,59.65239499881516,47.7746506622551,85
FIRM0085,Simulated firm 85,2009,64.91546014820861,59.65239499881516,85
FIRM0085,Simulated firm 85,2010,62.443841726939546,64.91546014820861,85
FIRM0085,Simulated firm 85,2011,80.59477272887516,62.443841726939546,85
FIRM0085,Simulated firm 85,2012,66.10249465157439,80.59477272887516,85
FIRM0085,Simulated firm 85,2013,47.18622653536517,66.10249465157439,85
FIRM0085,Simulated firm 85,2014,52.46846845169707,47.18622653536517,85
FIRM0086,Simulated firm 86,2001,508.3206362648944,453.6739100145644,86
FIRM0086,Simulated firm 86,2002,377.7499227361927,508.3206362648944,86
FIRM0086,Simulated firm 86,2003,527.0138504446701,377.7499227361927,86
FIRM0086,Simulated firm 86,2004,164.2293526344867,527.0138504446701,86
FIRM0086,Simulated firm 86,2005,284.5574271058529,164.2293526344867,86
FIRM0086,Simulated firm 86,2006,416.3806010689079,284.5574271058529,86
FIRM0086,Simulated firm 86,2007,763.7690667062401,416.3806010689079,86
FIRM0086,Simulated firm 86,2008,259.5727600282151,763.7690667062401,86
FIRM0086,Simulated firm 86,2009,520.9796790540303,259.5727600282151,86
FIRM0086,Simulated firm 86,2010,410.1173230573708,520.9796790540303,86
FIRM0086,Simulated firm 86,2011,300.06669934457256,410.1173230573708,86
FIRM0086,Simulated firm 86,2012,221.32256444946066,300.06669934457256,86
FIRM0086,Simulated firm 86,2013,5.957637424848676,221.32256444946066,86
FIRM0086,Simulated firm 86,2014,310.7796745059396,5.957637424848676,86
FIRM0087,Simulated firm 87,2001,292.92054750325815,258.67018736798036,87
FIRM0087,Simulated firm 87,2002,311.57962208031796,292.92054750325815,87
FIRM0087,Simulated firm 87,2003,252.72917024797545,311.57962208031796,87
FIRM0087,Simulated firm 87,2004,242.7096544205225,252.72917024797545,87
FIRM0087,Simulated firm 87,2005,215.58194300779266,242.7096544205225,87
FIRM0087,Simulated firm 87,2006,260.30549559135204,215.58194300779266,87
FIRM0087,Simulated firm 87,2007,35.84694925510172,260.30549559135204,87
FIRM0087,Simulated firm 87,2008,173.09698336092265,35.84694925510172,87
FIRM0087,Simulated firm 87,2009,238.9145924291189,173.09698336092265,87
FIRM0087,Simulated firm 87,2010,286.7436623847436,238.9145924291189,87
FIRM0087,Simulated firm 87,2011,164.81548246786036,286.7436623847436,87
FIRM0087,Simulated firm 87,2012,204.82940653160168,164.81548246786036,87
FIRM0087,Simulated firm 87,2013,236.68892397656347,204.82940653160168,87
FIRM0087,Simulated firm 87,2014,235.44116204541982,236.68892397656347,87
FIRM0088,Simulated firm 88,2001,151.3605180164952,108.16445342416384,88
FIRM0088,Simulated firm 88,2002,53.99679323987011,151.3605180164952,88
FIRM0088,Simulated firm 88,2003,153.52032718130948,53.99679323987011,88
FIRM0088,Simulated firm 88,2004,149.22005669981132,153.52032718130948,88
FIRM0088,Simulated firm 88,2005,118.59586653698875,149.22005669981132,88
FIRM0088,Simulated firm 88,2006,99.858669834767,118.59586653698875,88
FIRM0088,Simulated firm 88,2007,80.36426350532254,99.858669834767,88
FIRM0088,Simulated firm 88,2008,118.19341052096796,80.36426350532254,88
FIRM0088,Simulated firm 88,2009,101.17872092064415,118.19341052096796,88
FIRM0088,Simulated firm 88,2010,87.33695435742128,101.17872092064415,88
FIRM0088,Simulated firm 88,2011,117.34314129306524,87.33695435742128,88
FIRM0088,Simulated firm 88,2012,122.95026590109076,117.34314129306524,88
FIRM0088,Simulated firm 88,2013,47.59845269285467,122.95026590109076,88
FIRM0088,Simulated firm 88,2014,134.70541450099466,47.59845269285467,88
FIRM0089,Simulated firm 89,2001,346.4188441524212,209.28091371420163,89
FIRM0089,Simulated firm 89,2002,234.62953326674216,346.4188441524212,89
FIRM0089,Simulated firm 89,2003,267.2405765319808,234.62953326674216,89
FIRM0089,Simulated firm 89,2004,280.6127050715256,267.2405765319808,89
FIRM0089,Simulated firm 89,2005,338.21308169972144,280.6127050715256,89
FIRM0089,Simulated firm 89,2006,304.92750564119484,338.21308169972144,89
FIRM0089,Simulated firm 89,2007,232.6019901178653,304.92750564119484,89
FIRM0089,Simulated firm 89,2008,148.31170936630244,232.6019901178653,89
FIRM0089,Simulated firm 89,2009,288.3469365574471,148.31170936630244,89
FIRM0089,Simulated firm 89,2010,264.3966044994605,288.3469365574471,89
FIRM0089,Simulated firm 89,2011,183.84374504265554,264.3966044994605,89
FIRM0089,Simulated firm 89,2012,272.45336709114525,183.84374504265554,89
FIRM0089,Simulated firm 89,2013,254.28108145951884,272.45336709114525,89
FIRM0089,Simulated firm 89,2014,359.1841261193443,254.28108145951884,89
FIRM0090,Simulated firm 90,2001,147.3859318737592,149.9616482396699,90
FIRM0090,Simulated firm 90,2002,89.5541601630389,147.3859318737592,90
FIRM0090,Simulated firm 90,2003,92.9731297651891,89.5541601630389,90
FIRM0090,Simulated firm 90,2004,74.1778000406002,92.9731297651891,90
FIRM0090,Simulated firm 90,2005,77.47883678251395,74.1778000406002,90
FIRM0090,Simulated firm 90,2006,88.24321855842798,77.47883678251395,90
FIRM0090,Simulated firm 90,2007,85.93781549822397,88.24321855842798,90
FIRM0090,Simulated firm 90,2008,64.8572385157127,85.93781549822397,90
FIRM0090,Simulated firm 90,2009,128.77960862466895,64.8572385157127,90
FIRM0090,Simulated firm 90,2010,134.15964877402683,128.77960862466895,90
FIRM0090,Simulated firm 90,2011,127.54377411994436,134.15964877402683,90
FIRM0090,Simulated firm 90,2012,135.55532731858457,127.54377411994436,90
FIRM0090,Simulated firm 90,2013,164.03588575569808,135.55532731858457,90
FIRM0090,Simulated firm 90,2014,74.5085648538429,164.03588575569808,90
FIRM0091,Simulated firm 91,2001,315.82141373053435,614.9022171392677,91
FIRM0091,Simulated firm 91,2002,407.74017152184047,315.82141373053435,91
FIRM0091,Simulated firm 91,2003,233.16558877038796,407.74017152184047,91
FIRM0091,Simulated firm 91,2004,305.8444822343656,233.16558877038796,91
FIRM0091,Simulated firm 91,2005,447.55028134441744,305.8444822343656,91
FIRM0091,Simulated firm 91,2006,413.06910028348386,447.55028134441744,91
FIRM0091,Simulated firm 91,2007,314.3151571667096,413.06910028348386,91
FIRM0091,Simulated firm 91,2008,353.67313289808556,314.3151571667096,91
FIRM0091,Simulated firm 91,2009,297.98073430332454,353.67313289808556,91
FIRM0091,Simulated firm 91,2010,447.19932315152823,297.98073430332454,91
FIRM0091,Simulated firm 91,2011,205.92767707857806,447.19932315152823,91
FIRM0091,Simulated firm 91,2012,499.70406675546036,205.92767707857806,91
FIRM0091,Simulated firm 91,2013,45.73586523177411,499.70406675546036,91
FIRM0091,Simulated firm 91,2014,344.47318809197964,45.73586523177411,91
FIRM0092,Simulated firm 92,2001,242.9783343653315,161.6070050040264,92
FIRM0092,Simulated firm 92,2002,261.83070671070374,242.9783343653315,92
FIRM0092,Simulated firm 92,2003,248.1455603120769,261.83070671070374,92
FIRM0092,Simulated firm 92,2004,256.32290016614957,248.1455603120769,92
FIRM0092,Simulated firm 92,2005,221.5752899074667,256.32290016614957,92
FIRM0092,Simulated firm 92,2006,222.902330021013,221.5752899074667,92
FIRM0092,Simulated firm 92,2007,220.29690727430446,222.902330021013,92
FIRM0092,Simulated firm 92,2008,200.67196691068295,220.29690727430446,92
FIRM0092,Simulated firm 92,2009,206.71785462341632,200.67196691068295,92
FIRM0092,Simulated firm 92,2010,258.6418488764081,206.71785462341632,92
FIRM0092,Simulated firm 92,2011,323.9610231790186,258.6418488764081,92
FIRM0092,Simulated firm 92,2012,179.67929648810423,323.9610231790186,92
FIRM0092,Simulated firm 92,2013,222.6921829844013,179.67929648810423,92
FIRM0092,Simulated firm 92,2014,170.74166102433904,222.6921829844013,92
FIRM0093,Simulated firm 93,2001,181.72008668575322,174.65046890120757,93
FIRM0093,Simulated firm 93,2002,206.69089156908547,181.72008668575322,93
FIRM0093,Simulated firm 93,2003,205.21166034262845,206.69089156908547,93
FIRM0093,Simulated firm 93,2004,196.85119935815433,205.21166034262845,93
FIRM0093,Simulated firm 93,2005,219.2534526664622,196.85119935815433,93
FIRM0093,Simulated firm 93,2006,159.18782163469072,219.2534526664622,93
FIRM0093,Simulated firm 93,2007,207.13122691647698,159.18782163469072,93
FIRM0093,Simulated firm 93,2008,238.4332948350657,207.13122691647698,93
FIRM0093,Simulated firm 93,2009,158.71668992544932,238.4332948350657,93
FIRM0093,Simulated firm 93,2010,6.8016751174613965,158.71668992544932,93
FIRM0093,Simulated firm 93,2011,255.55107296703085,6.8016751174613965,93
FIRM0093,Simulated firm 93,2012,149.03991347205653,255.55107296703085,93
FIRM0093,Simulated firm 93,2013,172.5715238588186,149.03991347205653,93
FIRM0093,Simulated firm 93,2014,236.57053196455388,172.5715238588186,93
FIRM0094,Simulated firm 94,2001,203.44277023766372,127.31839383345546,94
FIRM0094,Simulated firm 94,2002,135.20158139107716,203.44277023766372,94
FIRM0094,Simulated firm 94,2003,131.2359327844884,135.20158139107716,94
FIRM0094,Simulated firm 94,2004,120.25199916921555,131.2359327844884,94
FIRM0094,Simulated firm 94,2005,135.4917514563266,120.25199916921555,94
FIRM0094,Simulated firm 94,2006,185.09375352535318,135.4917514563266,94
FIRM0094,Simulated firm 94,2007,140.11628295932655,185.09375352535318,94
FIRM0094,Simulated firm 94,2008,207.72049348892526,140.11628295932655,94
FIRM0094,Simulated firm 94,2009,65.81211129706271,207.72049348892526,94
FIRM0094,Simulated firm 94,2010,165.0060099312709,65.81211129706271,94
FIRM0094,Simulated firm 94,2011,130.29339396001626,165.0060099312709,94
FIRM0094,Simulated firm 94,2012,338.98561518827256,130.29339396001626,94
FIRM0094,Simulated firm 94,2013,194.01095867885832,338.98561518827256,94
FIRM0094,Simulated firm 94,2014,192.52687643109502,194.01095867885832,94
FIRM0095,Simulated firm 95,2001,228.7839260234588,300.8632721670865,95
FIRM0095,Simulated firm 95,2002,327.4521648782696,228.7839260234588,95
FIRM0095,Simulated firm 95,2003,358.34335324389934,327.4521648782696,95
FIRM0095,Simulated firm 95,2004,359.285674498982,358.34335324389934,95
FIRM0095,Simulated firm 95,2005,346.60524335067004,359.285674498982,95
FIRM0095,Simulated firm 95,2006,342.88329372289206,346.60524335067004,95
FIRM0095,Simulated firm 95,2007,264.4212034365188,342.88329372289206,95
FIRM0095,Simulated firm 95,2008,50.5604749123613,264.4212034365188,95
FIRM0095,Simulated firm 95,2009,235.97628614610954,50.5604749123613,95
FIRM0095,Simulated firm 95,2010,408.048055273211,235.97628614610954,95
FIRM0095,Simulated firm 95,2011,511.8402907791799,408.048055273211,95
FIRM0095,Simulated firm 95,2012,667.076185210525,511.8402907791799,95
FIRM0095,Simulated firm 95,2013,173.0333497047205,667.076185210525,95
FIRM0095,Simulated firm 95,2014,343.10792449084533,173.0333497047205,95
FIRM0096,Simulated firm 96,2001,199.2764934888682,182.44100408558162,96
FIRM0096,Simulated firm 96,2002,149.55385021961504,199.2764934888682,96
FIRM0096,Simulated firm 96,2003,181.52604618081855,149.55385021961504,96
FIRM0096,Simulated firm 96,2004,154.59168514754955,181.52604618081855,96
FIRM0096,Simulated firm 96,2005,175.74544998003242,154.59168514754955,96
FIRM0096,Simulated firm 96,2006,157.64577548048769,175.74544998003242,96
FIRM0096,Simulated firm 96,2007,215.20105095465053,157.64577548048769,96
FIRM0096,Simulated firm 96,2008,222.30706274187762,215.20105095465053,96
FIRM0096,Simulated firm 96,2009,204.38716536776528,222.30706274187762,96
FIRM0096,Simulated firm 96,2010,160.77328549898186,204.38716536776528,96
FIRM0096,Simulated firm 96,2011,139.46431193241605,160.77328549898186,96
FIRM0096,Simulated firm 96,2012,222.97482639893434,139.46431193241605,96
FIRM0096,Simulated firm 96,2013,189.56542588130958,222.97482639893434,96
FIRM0096,Simulated firm 96,2014,120.8540479904758,189.56542588130958,96
FIRM0097,Simulated firm 97,2001,66.15828989944622,62.88604853239193,97
FIRM0097,Simulated firm 97,2002,41.36910862450186,66.15828989944622,97
FIRM0097,Simulated firm 97,2003,69.28813628657826,41.36910862450186,97
FIRM0097,Simulated firm 97,2004,3.432109852205547,69.28813628657826,97
FIRM0097,Simulated firm 97,2005,50.21106677975306,3.432109852205547,97
FIRM0097,Simulated firm 97,2006,42.79972468413134,50.21106677975306,97
FIRM0097,Simulated firm 97,2007,48.98849886721075,42.79972468413134,97
FIRM0097,Simulated firm 97,2008,44.78600905328743,48.98849886721075,97
FIRM0097,Simulated firm 97,2009,78.3889192838161,44.78600905328743,97
FIRM0097,Simulated firm 97,2010,57.13591699355047,78.3889192838161,97
FIRM0097,Simulated firm 97,2011,54.188964465953596,57.13591699355047,97
FIRM0097,Simulated firm 97,2012,80.47272693993756,54.188964465953596,97
FIRM0097,Simulated firm 97,2013,79.2944496166868,80.47272693993756,97
FIRM0097,Simulated firm 97,2014,55.22044220005188,79.2944496166868,97
FIRM0098,Simulated firm 98,2001,64.76852200319301,45.05056013597744,98
FIRM0098,Simulated firm 98,2002,73.1511009798868,64.76852200319301,98
FIRM0098,Simulated firm 98,2003,57.49001609704995,73.1511009798868,98
FIRM0098,Simulated firm 98,2004,83.47008392274617,57.49001609704995,98
FIRM0098,Simulated firm 98,2005,100.48131648691636,83.47008392274617,98
FIRM0098,Simulated firm 98,2006,95.42728946403118,100.48131648691636,98
FIRM0098,Simulated firm 98,2007,75.88726954425567,95.42728946403118,98
FIRM0098,Simulated firm 98,2008,46.84648529339113,75.88726954425567,98
FIRM0098,Simulated firm 98,2009,12.558349804567468,46.84648529339113,98
FIRM0098,Simulated firm 98,2010,73.1285921124936,12.558349804567468,98
FIRM0098,Simulated firm 98,2011,53.699516202415474,73.1285921124936,98
FIRM0098,Simulated firm 98,2012,3.763297368394024,53.699516202415474,98
FIRM0098,Simulated firm 98,2013,238.16770171986724,3.763297368394024,98
FIRM0098,Simulated firm 98,2014,92.3279022170116,238.16770171986724,98
FIRM0099,Simulated firm 99,2001,561.9509338075045,535.147568538534,99
FIRM0099,Simulated firm 99,2002,350.0919081030503,561.9509338075045,99
FIRM0099,Simulated firm 99,2003,377.254799268088,350.0919081030503,99
FIRM0099,Simulated firm 99,2004,498.0276734676932,377.254799268088,99
FIRM0099,Simulated firm 99,2005,507.92472982208824,498.0276734676932,99
FIRM0099,Simulated firm 99,2006,333.1614625098447,507.92472982208824,99
FIRM0099,Simulated firm 99,2007,489.0930424934487,333.1614625098447,99
FIRM0099,Simulated firm 99,2008,461.6979384604344,489.0930424934487,99
FIRM0099,Simulated firm 99,2009,594.4440019644559,461.6979384604344,99
FIRM0099,Simulated firm 99,2010,508.5659805333322,594.4440019644559,99
FIRM0099,Simulated firm 99,2011,704.2754370859714,508.5659805333322,99
FIRM0099,Simulated firm 99,2012,429.12002545703524,704.2754370859714,99
FIRM0099,Simulated firm 99,2013,355.3305617847392,429.12002545703524,99
FIRM0099,Simulated firm 99,2014,698.5953787328398,355.3305617847392,99
FIRM0100,Simulated firm 100,2001,437.80379425211083,487.98704411876844,100
FIRM0100,Simulated firm 100,2002,360.27900717333995,437.80379425211083,100
FIRM0100,Simulated firm 100,2003,407.45978121283264,360.27900717333995,100
FIRM0100,Simulated firm 100,2004,402.3027574351319,407.45978121283264,100
FIRM0100,Simulated firm 100,2005,333.12125132099084,402.3027574351319,100
FIRM0100,Simulated firm 100,2006,260.8682498654382,333.12125132099084,100
FIRM0100,Simulated firm 100,2007,400.0434386086356,260.8682498654382,100
FIRM0100,Simulated firm 100,2008,535.7427453652776,400.0434386086356,100
FIRM0100,Simulated firm 100,2009,612.5506152115598,535.7427453652776,100
FIRM0100,Simulated firm 100,2010,568.9417764199017,612.5506152115598,100
FIRM0100,Simulated firm 100,2011,578.1408995154751,568.9417764199017,100
FIRM0100,Simulated firm 100,2012,341.8517253933375,578.1408995154751,100
FIRM0100,Simulated firm 100,2013,473.82554088269364,341.8517253933375,100
FIRM0100,Simulated firm 100,2014,507.75118196425484,473.82554088269364,100
FIRM0101,Simulated firm 101,2001,339.6973293786965,318.3199880606154,101
FIRM0101,Simulated firm 101,2002,358.2284731679552,339.6973293786965,101
FIRM0101,Simulated firm 101,2003,577.5156636838412,358.2284731679552,101
FIRM0101,Simulated firm 101,2004,440.2238134694952,577.5156636838412,101
FIRM0101,Simulated firm 101,2005,392.3975155696572,440.2238134694952,101
FIRM0101,Simulated firm 101,2006,411.28629178507157,392.3975155696572,101
FIRM0101,Simulated firm 101,2007,308.681613293439,411.28629178507157,101
FIRM0101,Simulated firm 101,2008,405.52773627943327,308.681613293439,101
FIRM0101,Simulated firm 101,2009,357.03779105563774,405.52773627943327,101
FIRM0101,Simulated firm 101,2010,427.97871446355936,357.03779105563774,101
FIRM0101,Simulated firm 101,2011,52.27627532498102,427.97871446355936,101
FIRM0101,Simulated firm 101,2012,418.5341854827403,52.27627532498102,101
FIRM0101,Simulated firm 101,2013,318.938180471749,418.5341854827403,101
FIRM0101,Simulated firm 101,2014,419.05124116198914,318.938180471749,101
FIRM0102,Simulated firm 102,2001,145.38846390189903,153.59995399841273,102
FIRM0102,Simulated firm 102,2002,134.029365728576,145.38846390189903,102
FIRM0102,Simulated firm 102,2003,141.8407867403736,134.029365728576,102
FIRM0102,Simulated firm 102,2004,129.54187490337813,141.8407867403736,102
FIRM0102,Simulated firm 102,2005,133.35737076833124,129.54187490337813,102
FIRM0102,Simulated firm 102,2006,109.70697415514178,133.35737076833124,102
FIRM0102,Simulated firm 102,2007,95.23661388044424,109.70697415514178,102
FIRM0102,Simulated firm 102,2008,173.1924878168205,95.23661388044424,102
FIRM0102,Simulated firm 102,2009,173.97421189032542,173.1924878168205,102
FIRM0102,Simulated firm 102,2010,135.00113841221724,173.97421189032542,102
FIRM0102,Simulated firm 102,2011,149.5712398641314,135.00113841221724,102
FIRM0102,Simulated firm 102,2012,113.76248207233895,149.5712398641314,102
FIRM0102,Simulated firm 102,2013,158.9287086458282,113.76248207233895,102
FIRM0102,Simulated firm 102,2014,116.97327375706196,158.9287086458282,102
FIRM0103,Simulated firm 103,2001,644.3765459866561,239.2158694223792,103
FIRM0103,Simulated firm 103,2002,364.4628612166474,644.3765459866561,103
FIRM0103,Simulated firm 103,2003,463.74481145501403,364.4628612166474,103
FIRM0103,Simulated firm 103,2004,496.3085331405304,463.74481145501403,103
FIRM0103,Simulated firm 103,2005,530.9899122581269,496.3085331405304,103
FIRM0103,Simulated firm 103,2006,473.81759088178967,530.9899122581269,103
FIRM0103,Simulated firm 103,2007,507.2968092442834,473.81759088178967,103
FIRM0103,Simulated firm 103,2008,441.2138770605693,507.2968092442834,103
FIRM0103,Simulated firm 103,2009,325.0629294841246,441.2138770605693,103
FIRM0103,Simulated firm 103,2010,469.30403123412435,325.0629294841246,103
FIRM0103,Simulated firm 103,2011,436.97128626283626,469.30403123412435,103
FIRM0103,Simulated firm 103,2012,369.4692818044435,436.97128626283626,103
FIRM0103,Simulated firm 103,2013,497.5946265896108,369.4692818044435,103
FIRM0103,Simulated firm 103,2014,752.134802577427,497.5946265896108,103
FIRM0104,Simulated firm 104,2001,379.4559545247607,374.73705848012855,104
FIRM0104,Simulated firm 104,2002,259.11707172545096,379.4559545247607,104
FIRM0104,Simulated firm 104,2003,291.82918985605886,259.11707172545096,104
FIRM0104,Simulated firm 104,2004,312.83458162395976,291.82918985605886,104
FIRM0104,Simulated firm 104,2005,441.66024250074133,312.83458162395976,104
FIRM0104,Simulated firm 104,2006,304.48579799344355,441.66024250074133,104
FIRM0104,Simulated firm 104,2007,239.85476696194047,304.48579799344355,104
FIRM0104,Simulated firm 104,2008,421.71922256356106,239.85476696194047,104
FIRM0104,Simulated firm 104,2009,319.3643128249396,421.71922256356106,104
FIRM0104,Simulated firm 104,2010,261.30055268586096,319.3643128249396,104
FIRM0104,Simulated firm 104,2011,455.77977096910155,261.30055268586096,104
FIRM0104,Simulated firm 104,2012,348.25071553018745,455.77977096910155,104
FIRM0104,Simulated firm 104,2013,431.7955727803485,348.25071553018745,104
FIRM0104,Simulated firm 104,2014,259.34823632209765,431.7955727803485,104
FIRM0105,Simulated firm 105,2001,364.50889825171356,6.322984539856532,105
FIRM0105,Simulated firm 105,2002,267.66595957880304,364.50889825171356,105
FIRM0105,Simulated firm 105,2003,363.2100877621422,267.66595957880304,105
FIRM0105,Simulated firm 105,2004,365.16494291088526,363.2100877621422,105
FIRM0105,Simulated firm 105,2005,353.61087540528183,365.16494291088526,105
FIRM0105,Simulated firm 105,2006,460.48331639017823,353.61087540528183,105
FIRM0105,Simulated firm 105,2007,713.2346313134251,460.48331639017823,105
FIRM0105,Simulated firm 105,2008,388.15544558773445,713.2346313134251,105
FIRM0105,Simulated firm 105,2009,564.2416955849176,388.15544558773445,105
FIRM0105,Simulated firm 105,2010,236.26039948495875,564.2416955849176,105
FIRM0105,Simulated firm 105,2011,324.0748262286391,236.26039948495875,105
FIRM0105,Simulated firm 105,2012,256.3093430039967,324.0748262286391,105
FIRM0105,Simulated firm 105,2013,299.8717869954996,256.3093430039967,105
FIRM0105,Simulated firm 105,2014,328.7093178335687,299.8717869954996,105
FIRM0106,Simulated firm 106,2001,232.12516934084624,374.9705150669921,106
FIRM0106,Simulated firm 106,2002,301.20283078268574,232.12516934084624,106
FIRM0106,Simulated firm 106,2003,205.60318047409515,301.20283078268574,106
FIRM0106,Simulated firm 106,2004,199.6782952082358,205.60318047409515,106
FIRM0106,Simulated firm 106,2005,9.666798964808445,199.6782952082358,106
FIRM0106,Simulated firm 106,2006,371.11020096805674,9.666798964808445,106
FIRM0106,Simulated firm 106,2007,329.2219400802973,371.11020096805674,106
FIRM0106,Simulated firm 106,2008,242.3452571528044,329.2219400802973,106
FIRM0106,Simulated firm 106,2009,215.797600778156,242.3452571528044,106
FIRM0106,Simulated firm 106,2010,234.3316628913173,215.797600778156,106
FIRM0106,Simulated firm 106,2011,164.4365933220491,234.3316628913173,106
FIRM0106,Simulated firm 106,2012,258.30613953795626,164.4365933220491,106
FIRM0106,Simulated firm 106,2013,321.1463320547215,258.30613953795626,106
FIRM0106,Simulated firm 106,2014,325.88719890876763,321.1463320547215,106
FIRM0107,Simulated firm 107,2001,192.05121958017583,99.24152404220442,107
FIRM0107,Simulated firm 107,2002,105.27834412182165,192.05121958017583,107
FIRM0107,Simulated firm 107,2003,85.5846849670197,105.27834412182165,107
FIRM0107,Simulated firm 107,2004,194.09945737464272,85.5846849670197,107
FIRM0107,Simulated firm 107,2005,128.9142061800206,194.09945737464272,107
FIRM0107,Simulated firm 107,2006,186.33934668817028,128.9142061800206,107
FIRM0107,Simulated firm 107,2007,181.720012437743,186.33934668817028,107
FIRM0107,Simulated firm 107,2008,175.40693924987522,181.720012437743,107
FIRM0107,Simulated firm 107,2009,149.3449531758436,175.40693924987522,107
FIRM0107,Simulated firm 107,2010,107.85518297751503,149.3449531758436,107
FIRM0107,Simulated firm 107,2011,136.09836301033118,107.85518297751503,107
FIRM0107,Simulated firm 107,2012,209.36615391429828,136.09836301033118,107
FIRM0107,Simulated firm 107,2013,187.68228784035142,209.36615391429828,107
FIRM0107,Simulated firm 107,2014,137.82982924191296,187.68228784035142,107
FIRM0108,Simulated firm 108,2001,75.29493419823449,60.43509701697715,108
FIRM0108,Simulated firm 108,2002,66.87553372312881,75.29493419823449,108
FIRM0108,Simulated firm 108,2003,61.383696121741394,66.87553372312881,108
FIRM0108,Simulated firm 108,2004,73.62036843488963,61.383696121741394,108
FIRM0108,Simulated firm 108,2005,72.97588253693937,73.62036843488963,108
FIRM0108,Simulated firm 108,2006,54.929250161048216,72.97588253693937,108
FIRM0108,Simulated firm 108,2007,70.22055648792917,54.929250161048216,108
FIRM0108,Simulated firm 108,2008,71.81312640555986,70.22055648792917,108
FIRM0108,Simulated firm 108,2009,64.43111371373772,71.81312640555986,108
FIRM0108,Simulated firm 108,2010,53.549694283597084,64.43111371373772,108
FIRM0108,Simulated firm 108,2011,16.063129468743778,53.549694283597084,108
FIRM0108,Simulated firm 108,2012,51.02614171216097,16.063129468743778,108
FIRM0108,Simulated firm 108,2013,70.71324185081455,51.02614171216097,108
FIRM0108,Simulated firm 108,2014,43.70066979454411,70.71324185081455,108
FIRM0109,Simulated firm 109,2001,609.0752744220506,649.0362746821979,109
FIRM0109,Simulated firm 109,2002,494.2317760789658,609.0752744220506,109
FIRM0109,Simulated firm 109,2003,555.3356498665568,494.2317760789658,109
FIRM0109,Simulated firm 109,2004,545.0977238706947,555.3356498665568,109
FIRM0109,Simulated firm 109,2005,459.18552023476207,545.0977238706947,109
FIRM0109,Simulated firm 109,2006,422.7088507222992,459.18552023476207,109
FIRM0109,Simulated firm 109,2007,410.9997911078853,422.7088507222992,109
FIRM0109,Simulated firm 109,2008,656.2637858793286,410.9997911078853,109
FIRM0109,Simulated firm 109,2009,363.208042082222,656.2637858793286,109
FIRM0109,Simulated firm 109,2010,364.86311701431947,363.208042082222,109
FIRM0109,Simulated firm 109,2011,568.8656756769266,364.86311701431947,109
FIRM0109,Simulated firm 109,2012,553.8566802866127,568.8656756769266,109
FIRM0109,Simulated firm 109,2013,416.67449284122415,553.8566802866127,109
FIRM0109,Simulated firm 109,2014,383.7995119062167,416.67449284122415,109
FIRM0110,Simulated firm 110,2001,169.05904226525362,276.91015872086456,110
FIRM0110,Simulated firm 110,2002,326.8761877724371,169.05904226525362,110
FIRM0110,Simulated firm 110,2003,276.8840507061116,326.8761877724371,110
FIRM0110,Simulated firm 110,2004,261.6253295146218,276.8840507061116,110
FIRM0110,Simulated firm 110,2005,277.4633106226956,261.6253295146218,110
FIRM0110,Simulated firm 110,2006,253.42742356223425,277.4633106226956,110
FIRM0110,Simulated firm 110,2007,228.83690728424043,253.42742356223425,110
FIRM0110,Simulated firm 110,2008,6.286484357260592,228.83690728424043,110
FIRM0110,Simulated firm 110,2009,242.44501091649084,6.286484357260592,110
FIRM0110,Simulated firm 110,2010,165.64977845559326,242.44501091649084,110
FIRM0110,Simulated firm 110,2011,386.7962189400055,165.64977845559326,110
FIRM0110,Simulated firm 110,2012,227.88597286541258,386.7962189400055,110
FIRM0110,Simulated firm 110,2013,384.6546700317438,227.88597286541258,110
FIRM0110,Simulated firm 110,2014,243.48697443018446,384.6546700317438,110
FIRM0111,Simulated firm 111,2001,158.99979816303815,99.01991011529488,111
FIRM0111,Simulated firm 111,2002,126.98991305720457,158.99979816303815,111
FIRM0111,Simulated firm 111,2003,1441.0921400470102,126.98991305720457,111
FIRM0111,Simulated firm 111,2004,98.42434124185338,1441.0921400470102,111
FIRM0111,Simulated firm 111,2005,160.9502023090544,98.42434124185338,111
FIRM0111,Simulated firm 111,2006,207.78907577675946,160.9502023090544,111
FIRM0111,Simulated firm 111,2007,163.46760305824523,207.78907577675946,111
FIRM0111,Simulated firm 111,2008,138.87818425158258,163.46760305824523,111
FIRM0111,Simulated firm 111,2009,163.8731377324008,138.87818425158258,111
FIRM0111,Simulated firm 111,2010,112.43155243774486,163.8731377324008,111
FIRM0111,Simulated firm 111,2011,93.75624698531998,112.43155243774486,111
FIRM0111,Simulated firm 111,2012,22.977136661400028,93.75624698531998,111
FIRM0111,Simulated firm 111,2013,117.36296276095062,22.977136661400028,111
FIRM0111,Simulated firm 111,2014,140.82412141968138,117.36296276095062,111
FIRM0112,Simulated firm 112,2001,151.337902562519,135.71596148919784,112
FIRM0112,Simulated firm 112,2002,138.2420190597993,151.337902562519,112
FIRM0112,Simulated firm 112,2003,210.38074115194223,138.2420190597993,112
FIRM0112,Simulated firm 112,2004,268.1180740856082,210.38074115194223,112
FIRM0112,Simulated firm 112,2005,128.30121103068925,268.1180740856082,112
FIRM0112,Simulated firm 112,2006,189.35058838858927,128.30121103068925,112
FIRM0112,Simulated firm 112,2007,217.79415866866836,189.35058838858927,112
FIRM0112,Simulated firm 112,2008,156.66141645307724,217.79415866866836,112
FIRM0112,Simulated firm 112,2009,117.12170250116387,156.66141645307724,112
FIRM0112,Simulated firm 112,2010,225.8780123514182,117.12170250116387,112
FIRM0112,Simulated firm 112,2011,115.51320919622292,225.8780123514182,112
FIRM0112,Simulated firm 112,2012,245.2049117347806,115.51320919622292,112
FIRM0112,Simulated firm 112,2013,137.55827827262854,245.2049117347806,112
FIRM0112,Simulated firm 112,2014,111.78454152343572,137.55827827262854,112
FIRM0113,Simulated firm 113,2001,292.6102805702336,261.82215097667745,113
FIRM0113,Simulated firm 113,2002,308.00078120627074,292.6102805702336,113
FIRM0113,Simulated firm 113,2003,345.74515454505695,308.00078120627074,113
FIRM0113,Simulated firm 113,2004,315.1070158193161,345.74515454505695,113
FIRM0113,Simulated firm 113,2005,466.28049212856877,315.1070158193161,113
FIRM0113,Simulated firm 113,2006,289.1673554701406,466.28049212856877,113
FIRM0113,Simulated firm 113,2007,319.430231729898,289.1673554701406,113
FIRM0113,Simulated firm 113,2008,312.5033755852696,319.430231729898,113
FIRM0113,Simulated firm 113,2009,194.50163423002098,312.5033755852696,113
FIRM0113,Simulated firm 113,2010,219.37604578854635,194.50163423002098,113
FIRM0113,Simulated firm 113,2011,298.91134510709037,219.37604578854635,113
FIRM0113,Simulated firm 113,2012,329.5088475816592,298.91134510709037,113
FIRM0113,Simulated firm 113,2013,178.1777129079463,329.5088475816592,113
FIRM0113,Simulated firm 113,2014,473.1010744869678,178.1777129079463,113
FIRM0114,Simulated firm 114,2001,103.66949098408035,118.39185647668168,114
FIRM0114,Simulated firm 114,2002,116.94163582077584,103.66949098408035,114
FIRM0114,Simulated firm 114,2003,90.85067631620048,116.94163582077584,114
FIRM0114,Simulated firm 114,2004,108.66103127438421,90.85067631620048,114
FIRM0114,Simulated firm 114,2005,113.087283745343,108.66103127438421,114
FIRM0114,Simulated firm 114,2006,142.42737139479325,113.087283745343,114
FIRM0114,Simulated firm 114,2007,99.47315990800345,142.42737139479325,114
FIRM0114,Simulated firm 114,2008,73.01888333850549,99.47315990800345,114
FIRM0114,Simulated firm 114,2009,83.41687796002677,73.01888333850549,114
FIRM0114,Simulated firm 114,2010,97.50240687743658,83.41687796002677,114
FIRM0114,Simulated firm 114,2011,74.78351693791559,97.50240687743658,114
FIRM0114,Simulated firm 114,2012,81.32124665445754,74.78351693791559,114
FIRM0114,Simulated firm 114,2013,83.59568684577275,81.32124665445754,114
FIRM0114,Simulated firm 114,2014,95.8954235722097,83.59568684577275,114
FIRM0115,Simulated firm 115,2001,389.8259139325434,485.170405793103,115
FIRM0115,Simulated firm 115,2002,493.8901716824391,389.8259139325434,115
FIRM0115,Simulated firm 115,2003,426.4161088881549,493.8901716824391,115
FIRM0115,Simulated firm 115,2004,337.003375377827,426.4161088881549,115
FIRM0115,Simulated firm 115,2005,467.0793804094113,337.003375377827,115
FIRM0115,Simulated firm 115,2006,448.3065645369101,467.0793804094113,115
FIRM0115,Simulated firm 115,2007,497.3861468009426,448.3065645369101,115
FIRM0115,Simulated firm 115,2008,524.8280621836085,497.3861468009426,115
FIRM0115,Simulated firm 115,2009,591.1157717621919,524.8280621836085,115
FIRM0115,Simulated firm 115,2010,489.4869272068151,591.1157717621919,115
FIRM0115,Simulated firm 115,2011,444.52903967499236,489.4869272068151,115
FIRM0115,Simulated firm 115,2012,498.00066712763663,444.52903967499236,115
FIRM0115,Simulated firm 115,2013,380.5299697605015,498.00066712763663,115
FIRM0115,Simulated firm 115,2014,373.79682119700954,380.5299697605015,115
FIRM0116,Simulated firm 116,2001,330.66479317272496,1252.760180715082,116
FIRM0116,Simulated firm 116,2002,308.0377498768705,330.66479317272496,116
FIRM0116,Simulated firm 116,2003,435.97131327211673,308.0377498768705,116
FIRM0116,Simulated firm 116,2004,339.66355131493145,435.97131327211673,116
FIRM0116,Simulated firm 116,2005,466.2048767757761,339.66355131493145,116
FIRM0116,Simulated firm 116,2006,515.152000527771,466.2048767757761,116
FIRM0116,Simulated firm 116,2007,59.52124492698747,515.152000527771,116
FIRM0116,Simulated firm 116,2008,449.919852509865,59.52124492698747,116
FIRM0116,Simulated firm 116,2009,328.79816933006686,449.919852509865,116
FIRM0116,Simulated firm 116,2010,359.03532894724856,328.79816933006686,116
FIRM0116,Simulated firm 116,2011,411.11918969295306,359.03532894724856,116
FIRM0116,Simulated firm 116,2012,333.1506891328436,411.11918969295306,116
FIRM0116,Simulated firm 116,2013,401.57219959572546,333.1506891328436,116
FIRM0116,Simulated firm 116,2014,366.26746783972567,401.57219959572546,116
FIRM0117,Simulated firm 117,2001,446.5140847267685,446.1964381894573,117
FIRM0117,Simulated firm 117,2002,317.25904660797954,446.5140847267685,117
FIRM0117,Simulated firm 117,2003,393.34025720180364,317.25904660797954,117
FIRM0117,Simulated firm 117,2004,465.0767743166147,393.34025720180364,117
FIRM0117,Simulated firm 117,2005,282.3018067688922,465.0767743166147,117
FIRM0117,Simulated firm 117,2006,347.85744429524516,282.3018067688922,117
FIRM0117,Simulated firm 117,2007,388.9152840735549,347.85744429524516,117
FIRM0117,Simulated firm 117,2008,279.5749355157122,388.9152840735549,117
FIRM0117,Simulated firm 117,2009,558.8070561800238,279.5749355157122,117
FIRM0117,Simulated firm 117,2010,326.1106092109402,558.8070561800238,117
FIRM0117,Simulated firm 117,2011,1659.96566739683,326.1106092109402,117
FIRM0117,Simulated firm 117,2012,70.32988871446256,1659.96566739683,117
FIRM0117,Simulated firm 117,2013,322.430371968136,70.32988871446256,117
FIRM0117,Simulated firm 117,2014,244.76504709110492,322.430371968136,117
FIRM0118,Simulated firm 118,2001,169.29159196830673,257.3664076935833,118
FIRM0118,Simulated firm 118,2002,217.67534766025923,169.29159196830673,118
FIRM0118,Simulated firm 118,2003,182.78190454072973,217.67534766025923,118
FIRM0118,Simulated firm 118,2004,237.64057934935119,182.78190454072973,118
FIRM0118,Simulated firm 118,2005,114.34205045221752,237.64057934935119,118
FIRM0118,Simulated firm 118,2006,229.35135526573575,114.34205045221752,118
FIRM0118,Simulated firm 118,2007,243.7943715086176,229.35135526573575,118
FIRM0118,Simulated firm 118,2008,204.2335320169551,243.7943715086176,118
FIRM0118,Simulated firm 118,2009,207.28728828990077,204.2335320169551,118
FIRM0118,Simulated firm 118,2010,198.2479646944408,207.28728828990077,118
FIRM0118,Simulated firm 118,2011,216.97440317239509,198.2479646944408,118
FIRM0118,Simulated firm 118,2012,325.56717074885586,216.97440317239509,118
FIRM0118,Simulated firm 118,2013,280.11009817206974,325.56717074885586,118
FIRM0118,Simulated firm 118,2014,216.9230111779768,280.11009817206974,118
FIRM0119,Simulated firm 119,2001,385.32542566134714,286.65083019775915,119
FIRM0119,Simulated firm 119,2002,330.08516630037576,385.32542566134714,119
FIRM0119,Simulated firm 119,2003,244.36322714795455,330.08516630037576,119
FIRM0119,Simulated firm 119,2004,297.6957054778857,244.36322714795455,119
FIRM0119,Simulated firm 119,2005,445.101819993072,297.6957054778857,119
FIRM0119,Simulated firm 119,2006,359.6268631909335,445.101819993072,119
FIRM0119,Simulated firm 119,2007,287.3956968725457,359.6268631909335,119
FIRM0119,Simulated firm 119,2008,220.2677233888464,287.3956968725457,119
FIRM0119,Simulated firm 119,2009,335.13604130191175,220.2677233888464,119
FIRM0119,Simulated firm 119,2010,317.99257702550295,335.13604130191175,119
FIRM0119,Simulated firm 119,2011,304.00128104865297,317.99257702550295,119
FIRM0119,Simulated firm 119,2012,386.49534822534974,304.00128104865297,119
FIRM0119,Simulated firm 119,2013,360.7931859913961,386.49534822534974,119
FIRM0119,Simulated firm 119,2014,221.86662070559964,360.7931859913961,119
FIRM0120,Simulated firm 120,2001,218.42993973717887,297.86392468002293,120
FIRM0120,Simulated firm 120,2002,262.8837317480398,218.42993973717887,120
FIRM0120,Simulated firm 120,2003,214.88178978949773,262.8837317480398,120
FIRM0120,Simulated firm 120,2004,216.54867945893278,214.88178978949773,120
FIRM0120,Simulated firm 120,2005,189.58084812577334,216.54867945893278,120
FIRM0120,Simulated firm 120,2006,323.1439354580825,189.58084812577334,120
FIRM0120,Simulated firm 120,2007,314.98212867390487,323.1439354580825,120
FIRM0120,Simulated firm 120,2008,292.40486597450894,314.98212867390487,120
FIRM0120,Simulated firm 120,2009,257.5517206321735,292.40486597450894,120
FIRM0120,Simulated firm 120,2010,211.46883848739608,257.5517206321735,120
FIRM0120,Simulated firm 120,2011,263.1713217564783,211.46883848739608,120
FIRM0120,Simulated firm 120,2012,315.33754782796547,263.1713217564783,120
FIRM0120,Simulated firm 120,2013,313.51615782227105,315.33754782796547,120
FIRM0120,Simulated firm 120,2014,413.8108673251101,313.51615782227105,120
FIRM0121,Simulated firm 121,2001,134.76248246894585,438.1708429326326,121
FIRM0121,Simulated firm 121,2002,290.11049067605006,134.76248246894585,121
FIRM0121,Simulated firm 121,2003,268.3249130346743,290.11049067605006,121
FIRM0121,Simulated firm 121,2004,225.94324344234843,268.3249130346743,121
FIRM0121,Simulated firm 121,2005,247.04649247502368,225.94324344234843,121
FIRM0121,Simulated firm 121,2006,215.73235247276392,247.04649247502368,121
FIRM0121,Simulated firm 121,2007,503.401371032853,215.73235247276392,121
FIRM0121,Simulated firm 121,2008,348.5998370783986,503.401371032853,121
FIRM0121,Simulated firm 121,2009,379.66705434492366,348.5998370783986,121
FIRM0121,Simulated firm 121,2010,303.6568386140063,379.66705434492366,121
FIRM0121,Simulated firm 121,2011,593.02860058437,303.6568386140063,121
FIRM0121,Simulated firm 121,2012,247.57241095094895,593.02860058437,121
FIRM0121,Simulated firm 121,2013,221.29530786947257,247.57241095094895,121
FIRM0121,Simulated firm 121,2014,589.5002468403975,221.29530786947257,121
FIRM0122,Simulated firm 122,2001,55.19740935034325,42.17541266794977,122
FIRM0122,Simulated firm 122,2002,49.855018739622565,55.19740935034325,122
FIRM0122,Simulated firm 122,2003,64.76313165222058,49.855018739622565,122
FIRM0122,Simulated firm 122,2004,54.212525620813274,64.76313165222058,122
FIRM0122,Simulated firm 122,2005,69.2969902283881,54.212525620813274,122
FIRM0122,Simulated firm 122,2006,73.26130576939518,69.2969902283881,122
FIRM0122,Simulated firm 122,2007,41.12033148382374,73.26130576939518,122
FIRM0122,Simulated firm 122,2008,48.572523942992554,41.12033148382374,122
FIRM0122,Simulated firm 122,2009,70.86354622853528,48.572523942992554,122
FIRM0122,Simulated firm 122,2010,77.22623247410704,70.86354622853528,122
FIRM0122,Simulated firm 122,2011,61.812499124651175,77.22623247410704,122
FIRM0122,Simulated firm 122,2012,65.9815418971513,61.812499124651175,122
FIRM0122,Simulated firm 122,2013,84.9494571812552,65.9815418971513,122
FIRM0122,Simulated firm 122,2014,54.37247483550878,84.9494571812552,122
FIRM0123,Simulated firm 123,2001,289.96599670152386,223.61683341797087,123
FIRM0123,Simulated firm 123,2002,295.14888792121366,289.96599670152386,123
FIRM0123,Simulated firm 123,2003,209.9013554049389,295.14888792121366,123
FIRM0123,Simulated firm 123,2004,177.46127831692758,209.9013554049389,123
FIRM0123,Simulated firm 123,2005,209.33856504054782,177.46127831692758,123
FIRM0123,Simulated firm 123,2006,214.2174362119134,209.33856504054782,123
FIRM0123,Simulated firm 123,2007,176.00880928753978,214.2174362119134,123
FIRM0123,Simulated firm 123,2008,181.8650064675604,176.00880928753978,123
FIRM0123,Simulated firm 123,2009,295.2677101998184,181.8650064675604,123
FIRM0123,Simulated firm 123,2010,242.19632217567852,295.2677101998184,123
FIRM0123,Simulated firm 123,2011,200.4637157642238,242.19632217567852,123
FIRM0123,Simulated firm 123,2012,165.97011601342012,200.4637157642238,123
FIRM0123,Simulated firm 123,2013,182.3608517782595,165.97011601342012,123
FIRM0123,Simulated firm 123,2014,143.96565270689436,182.3608517782595,123
FIRM0124,Simulated firm 124,2001,32.78315281968486,41.085211416472056,124
FIRM0124,Simulated firm 124,2002,41.89546079437497,32.78315281968486,124
FIRM0124,Simulated firm 124,2003,46.66912164168742,41.89546079437497,124
FIRM0124,Simulated firm 124,2004,42.04969427062004,46.66912164168742,124
FIRM0124,Simulated firm 124,2005,35.432051313302765,42.04969427062004,124
FIRM0124,Simulated firm 124,2006,31.674752021071853,35.432051313302765,124
FIRM0124,Simulated firm 124,2007,29.25370994526138,31.674752021071853,124
FIRM0124,Simulated firm 124,2008,52.25608321442183,29.25370994526138,124
FIRM0124,Simulated firm 124,2009,41.589997802343824,52.25608321442183,124
FIRM0124,Simulated firm 124,2010,35.90113100239222,41.589997802343824,124
FIRM0124,Simulated firm 124,2011,45.036499190275805,35.90113100239222,124
FIRM0124,Simulated firm 124,2012,49.894683071362905,45.036499190275805,124
FIRM0124,Simulated firm 124,2013,32.937058254349004,49.894683071362905,124
FIRM0124,Simulated firm 124,2014,41.276794665504,32.937058254349004,124
FIRM0125,Simulated firm 125,2001,356.2820263349279,266.8284858893626,125
FIRM0125,Simulated firm 125,2002,230.15866167264807,356.2820263349279,125
FIRM0125,Simulated firm 125,2003,202.10168620668702,230.15866167264807,125
FIRM0125,Simulated firm 125,2004,272.7828052487023,202.10168620668702,125
FIRM0125,Simulated firm 125,2005,295.89781639778505,272.7828052487023,125
FIRM0125,Simulated firm 125,2006,260.08658659896366,295.89781639778505,125
FIRM0125,Simulated firm 125,2007,363.3823801704102,260.08658659896366,125
FIRM0125,Simulated firm 125,2008,229.98884386516016,363.3823801704102,125
FIRM0125,Simulated firm 125,2009,261.67963591524165,229.98884386516016,125
FIRM0125,Simulated firm 125,2010,177.5275485859585,261.67963591524165,125
FIRM0125,Simulated firm 125,2011,199.62253482071358,177.5275485859585,125
FIRM0125,Simulated firm 125,2012,212.15555580755355,199.62253482071358,125
FIRM0125,Simulated firm 125,2013,238.89962241781845,212.15555580755355,125
FIRM0125,Simulated firm 125,2014,183.497292092763,238.89962241781845,125
FIRM0126,Simulated firm 126,2001,144.20865929365345,200.18043725771923,126
FIRM0126,Simulated firm 126,2002,299.5006818095496,144.20865929365345,126
FIRM0126,Simulated firm 126,2003,145.34467551052387,299.5006818095496,126
FIRM0126,Simulated firm 126,2004,176.8760151166945,145.34467551052387,126
FIRM0126,Simulated firm 126,2005,64.05602875843114,176.8760151166945,126
FIRM0126,Simulated firm 126,2006,135.8765987774467,64.05602875843114,126
FIRM0126,Simulated firm 126,2007,165.8506588862602,135.8765987774467,126
FIRM0126,Simulated firm 126,2008,165.36436866755835,165.8506588862602,126
FIRM0126,Simulated firm 126,2009,215.88764165162368,165.36436866755835,126
FIRM0126,Simulated firm 126,2010,190.98225767911552,215.88764165162368,126
FIRM0126,Simulated firm 126,2011,199.4230926640311,190.98225767911552,126
FIRM0126,Simulated firm 126,2012,214.61784500516586,199.4230926640311,126
FIRM0126,Simulated firm 126,2013,200.2544156506552,214.61784500516586,126
FIRM0126,Simulated firm 126,2014,94.30834204302356,200.2544156506552,126
FIRM0127,Simulated firm 127,2001,90.64138773889175,73.59186098750243,127
FIRM0127,Simulated firm 127,2002,70.49391913864865,90.64138773889175,127
FIRM0127,Simulated firm 127,2003,84.61007793160634,70.49391913864865,127
FIRM0127,Simulated firm 127,2004,81.99469747603617,84.61007793160634,127
FIRM0127,Simulated firm 127,2005,83.21934575199248,81.99469747603617,127
FIRM0127,Simulated firm 127,2006,63.918159224880625,83.21934575199248,127
FIRM0127,Simulated firm 127,2007,45.08295007809113,63.918159224880625,127
FIRM0127,Simulated firm 127,2008,78.46417796883317,45.08295007809113,127
FIRM0127,Simulated firm 127,2009,114.25952686589457,78.46417796883317,127
FIRM0127,Simulated firm 127,2010,88.32447582653583,114.25952686589457,127
FIRM0127,Simulated firm 127,2011,111.95539069509464,88.32447582653583,127
FIRM0127,Simulated firm 127,2012,70.596852957444,111.95539069509464,127
FIRM0127,Simulated firm 127,2013,77.57338985087448,70.596852957444,127
FIRM0127,Simulated firm 127,2014,153.038228544011,77.57338985087448,127
FIRM0128,Simulated firm 128,2001,77.47717782442713,55.73764717488262,128
FIRM0128,Simulated firm 128,2002,77.44600350643435,77.47717782442713,128
FIRM0128,Simulated firm 128,2003,75.26871315685888,77.44600350643435,128
FIRM0128,Simulated firm 128,2004,77.7291115025975,75.26871315685888,128
FIRM0128,Simulated firm 128,2005,55.56001171644641,77.7291115025975,128
FIRM0128,Simulated firm 128,2006,61.81059836428213,55.56001171644641,128
FIRM0128,Simulated firm 128,2007,36.8678950157576,61.81059836428213,128
FIRM0128,Simulated firm 128,2008,97.43501328798953,36.8678950157576,128
FIRM0128,Simulated firm 128,2009,77.60931416724972,97.43501328798953,128
FIRM0128,Simulated firm 128,2010,57.47205311222841,77.60931416724972,128
FIRM0128,Simulated firm 128,2011,55.13788631294189,57.47205311222841,128
FIRM0128,Simulated firm 128,2012,89.45453210610567,55.13788631294189,128
FIRM0128,Simulated firm 128,2013,56.56558795793934,89.45453210610567,128
FIRM0128,Simulated firm 128,2014,57.43164962806895,56.56558795793934,128
FIRM0129,Simulated firm 129,2001,352.8766199319123,228.01480917562282,129
FIRM0129,Simulated firm 129,2002,466.2611804478221,352.8766199319123,129
FIRM0129,Simulated firm 129,2003,277.53384072887775,466.2611804478221,129
FIRM0129,Simulated firm 129,2004,377.5492831193099,277.53384072887775,129
FIRM0129,Simulated firm 129,2005,319.529540796724,377.5492831193099,129
FIRM0129,Simulated firm 129,2006,225.02488785911467,319.529540796724,129
FIRM0129,Simulated firm 129,2007,785.7808283680198,225.02488785911467,129
FIRM0129,Simulated firm 129,2008,227.49293642568273,785.7808283680198,129
FIRM0129,Simulated firm 129,2009,282.2740102346951,227.49293642568273,129
FIRM0129,Simulated firm 129,2010,277.72437174283147,282.2740102346951,129
FIRM0129,Simulated firm 129,2011,266.2007072530187,277.72437174283147,129
FIRM0129,Simulated firm 129,2012,184.77663786731142,266.2007072530187,129
FIRM0129,Simulated firm 129,2013,482.0336371542231,184.77663786731142,129
FIRM0129,Simulated firm 129,2014,189.82099821057943,482.0336371542231,129
FIRM0130,Simulated firm 130,2001,80.06805953980441,292.99815203940955,130
FIRM0130,Simulated firm 130,2002,85.8555280157612,80.06805953980441,130
FIRM0130,Simulated firm 130,2003,137.9843230830199,85.8555280157612,130
FIRM0130,Simulated firm 130,2004,110.67456964451594,137.9843230830199,130
FIRM0130,Simulated firm 130,2005,70.85304307191035,110.67456964451594,130
FIRM0130,Simulated firm 130,2006,70.54305764589196,70.85304307191035,130
FIRM0130,Simulated firm 130,2007,106.5515234226972,70.54305764589196,130
FIRM0130,Simulated firm 130,2008,76.44147849078907,106.5515234226972,130
FIRM0130,Simulated firm 130,2009,112.00053146452484,76.44147849078907,130
FIRM0130,Simulated firm 130,2010,114.93358080724903,112.00053146452484,130
FIRM0130,Simulated firm 130,2011,81.94451371660125,114.93358080724903,130
FIRM0130,Simulated firm 130,2012,86.90988459143058,81.94451371660125,130
FIRM0130,Simulated firm 130,2013,61.25921174174245,86.90988459143058,130
FIRM0130,Simulated firm 130,2014,81.13965351481454,61.25921174174245,130
FIRM0131,Simulated firm 131,2001,810.5508678630921,458.77622633045524,131
FIRM0131,Simulated firm 131,2002,495.1408634563732,810.5508678630921,131
FIRM0131,Simulated firm 131,2003,410.28824052254504,495.1408634563732,131
FIRM0131,Simulated firm 131,2004,764.4660002253693,410.28824052254504,131
FIRM0131,Simulated firm 131,2005,552.3838058792268,764.4660002253693,131
FIRM0131,Simulated firm 131,2006,349.9987059902609,552.3838058792268,131
FIRM0131,Simulated firm 131,2007,364.2992482236116,349.9987059902609,131
FIRM0131,Simulated firm 131,2008,298.54220959978034,364.2992482236116,131
FIRM0131,Simulated firm 131,2009,487.03286507522,298.54220959978034,131
FIRM0131,Simulated firm 131,2010,273.5452106087699,487.03286507522,131
FIRM0131,Simulated firm 131,2011,764.1613803301484,273.5452106087699,131
FIRM0131,Simulated firm 131,2012,421.7570062340875,764.1613803301484,131
FIRM0131,Simulated firm 131,2013,561.5413250647616,421.7570062340875,131
FIRM0131,Simulated firm 131,2014,412.7635352807748,561.5413250647616,131
FIRM0132,Simulated firm 132,2001,280.2329523118695,312.32491557555966,132
FIRM0132,Simulated firm 132,2002,293.4318310737391,280.2329523118695,132
FIRM0132,Simulated firm 132,2003,392.00340106061435,293.4318310737391,132
FIRM0132,Simulated firm 132,2004,445.2641082605567,392.00340106061435,132
FIRM0132,Simulated firm 132,2005,434.6902473887452,445.2641082605567,132
FIRM0132,Simulated firm 132,2006,656.3189472548821,434.6902473887452,132
FIRM0132,Simulated firm 132,2007,42.736655184025146,656.3189472548821,132
FIRM0132,Simulated firm 132,2008,319.96091687269575,42.736655184025146,132
FIRM0132,Simulated firm 132,2009,245.1319579659301,319.96091687269575,132
FIRM0132,Simulated firm 132,2010,387.418727568058,245.1319579659301,132
FIRM0132,Simulated firm 132,2011,227.83945924802202,387.418727568058,132
FIRM0132,Simulated firm 132,2012,393.94904485137783,227.83945924802202,132
FIRM0132,Simulated firm 132,2013,304.89799014398847,393.94904485137783,132
FIRM0132,Simulated firm 132,2014,100.47512969791053,304.89799014398847,132
FIRM0133,Simulated firm 133,2001,136.57490261903814,182.17205187996035,133
FIRM0133,Simulated firm 133,2002,139.0759179146664,136.57490261903814,133
FIRM0133,Simulated firm 133,2003,191.0816699325149,139.0759179146664,133
FIRM0133,Simulated firm 133,2004,190.7576578974436,191.0816699325149,133
FIRM0133,Simulated firm 133,2005,154.52217843995098,190.7576578974436,133
FIRM0133,Simulated firm 133,2006,169.0577141594592,154.52217843995098,133
FIRM0133,Simulated firm 133,2007,137.51852008355698,169.0577141594592,133
FIRM0133,Simulated firm 133,2008,148.344052488874,137.51852008355698,133
FIRM0133,Simulated firm 133,2009,117.07472252704696,148.344052488874,133
FIRM0133,Simulated firm 133,2010,263.7368983034712,117.07472252704696,133
FIRM0133,Simulated firm 133,2011,194.43949970014705,263.7368983034712,133
FIRM0133,Simulated firm 133,2012,160.84972922404586,194.43949970014705,133
FIRM0133,Simulated firm 133,2013,152.83832578857837,160.84972922404586,133
FIRM0133,Simulated firm 133,2014,148.0179797535387,152.83832578857837,133
FIRM0134,Simulated firm 134,2001,214.17183099655097,393.10753269556113,134
FIRM0134,Simulated firm 134,2002,324.81012691723555,214.17183099655097,134
FIRM0134,Simulated firm 134,2003,324.7391293929847,324.81012691723555,134
FIRM0134,Simulated firm 134,2004,356.4296635179333,324.7391293929847,134
FIRM0134,Simulated firm 134,2005,267.74087462565365,356.4296635179333,134
FIRM0134,Simulated firm 134,2006,418.51098682520353,267.74087462565365,134
FIRM0134,Simulated firm 134,2007,359.2633666844674,418.51098682520353,134
FIRM0134,Simulated firm 134,2008,265.6038063212271,359.2633666844674,134
FIRM0134,Simulated firm 134,2009,246.17881406986092,265.6038063212271,134
FIRM0134,Simulated firm 134,2010,284.8584447127671,246.17881406986092,134
FIRM0134,Simulated firm 134,2011,263.5193990139857,284.8584447127671,134
FIRM0134,Simulated firm 134,2012,237.02518141112245,263.5193990139857,134
FIRM0134,Simulated firm 134,2013,299.85083330246965,237.02518141112245,134
FIRM0134,Simulated firm 134,2014,275.6785821313238,299.85083330246965,134
FIRM0135,Simulated firm 135,2001,6.243377694488334,45.621610874156616,135
FIRM0135,Simulated firm 135,2002,25.038110265345384,6.243377694488334,135
FIRM0135,Simulated firm 135,2003,30.070686760582937,25.038110265345384,135
FIRM0135,Simulated firm 135,2004,32.00499554638658,30.070686760582937,135
FIRM0135,Simulated firm 135,2005,32.624098270828625,32.00499554638658,135
FIRM0135,Simulated firm 135,2006,32.54305234736482,32.624098270828625,135
FIRM0135,Simulated firm 135,2007,30.321337437970957,32.54305234736482,135
FIRM0135,Simulated firm 135,2008,11.157250567932566,30.321337437970957,135
FIRM0135,Simulated firm 135,2009,34.96159652400281,11.157250567932566,135
FIRM0135,Simulated firm 135,2010,23.666666481628297,34.96159652400281,135
FIRM0135,Simulated firm 135,2011,25.078848547314664,23.666666481628297,135
FIRM0135,Simulated firm 135,2012,20.636763099612647,25.078848547314664,135
FIRM0135,Simulated firm 135,2013,23.752380969237652,20.636763099612647,135
FIRM0135,Simulated firm 135,2014,50.165608212498206,23.752380969237652,135
FIRM0136,Simulated firm 136,2001,736.5563553485994,536.3915185312837,136
FIRM0136,Simulated firm 136,2002,681.9130532933195,736.5563553485994,136
FIRM0136,Simulated firm 136,2003,537.5894387045813,681.9130532933195,136
FIRM0136,Simulated firm 136,2004,483.3105557047344,537.5894387045813,136
FIRM0136,Simulated firm 136,2005,468.72762892199904,483.3105557047344,136
FIRM0136,Simulated firm 136,2006,279.5299190198258,468.72762892199904,136
FIRM0136,Simulated firm 136,2007,455.99651601430077,279.5299190198258,136
FIRM0136,Simulated firm 136,2008,404.5114934632851,455.99651601430077,136
FIRM0136,Simulated firm 136,2009,51.560356106545385,404.5114934632851,136
FIRM0136,Simulated firm 136,2010,515.1944535489171,51.560356106545385,136
FIRM0136,Simulated firm 136,2011,442.6830282678264,515.1944535489171,136
FIRM0136,Simulated firm 136,2012,475.79916528408876,442.6830282678264,136
FIRM0136,Simulated firm 136,2013,359.9461039999607,475.79916528408876,136
FIRM0136,Simulated firm 136,2014,574.6417056830935,359.9461039999607,136
FIRM0137,Simulated firm 137,2001,266.222141245696,217.94633232564175,137
FIRM0137,Simulated firm 137,2002,222.24719805340882,266.222141245696,137
FIRM0137,Simulated firm 137,2003,141.12045880588522,222.24719805340882,137
FIRM0137,Simulated firm 137,2004,272.6783457583903,141.12045880588522,137
FIRM0137,Simulated firm 137,2005,235.54660170411643,272.6783457583903,137
FIRM0137,Simulated firm 137,2006,10.706717531063688,235.54660170411643,137
FIRM0137,Simulated firm 137,2007,183.48625089960726,10.706717531063688,137
FIRM0137,Simulated firm 137,2008,303.42344446655784,183.48625089960726,137
FIRM0137,Simulated firm 137,2009,166.9634701333752,303.42344446655784,137
FIRM0137,Simulated firm 137,2010,216.61149436764848,166.9634701333752,137
FIRM0137,Simulated firm 137,2011,396.3929482612263,216.61149436764848,137
FIRM0137,Simulated firm 137,2012,274.4912911313229,396.3929482612263,137
FIRM0137,Simulated firm 137,2013,292.0088150171374,274.4912911313229,137
FIRM0137,Simulated firm 137,2014,227.09754980737833,292.0088150171374,137
FIRM0138,Simulated firm 138,2001,401.4312456220104,255.23624825377726,138
FIRM0138,Simulated firm 138,2002,293.12057176649455,401.4312456220104,138
FIRM0138,Simulated firm 138,2003,286.85128647158785,293.12057176649455,138
FIRM0138,Simulated firm 138,2004,389.91735122933994,286.85128647158785,138
FIRM0138,Simulated firm 138,2005,297.6510041062412,389.91735122933994,138
FIRM0138,Simulated firm 138,2006,378.91730783455876,297.6510041062412,138
FIRM0138,Simulated firm 138,2007,323.1243466124745,378.91730783455876,138
FIRM0138,Simulated firm 138,2008,375.72502212750527,323.1243466124745,138
FIRM0138,Simulated firm 138,2009,335.66912427260155,375.72502212750527,138
FIRM0138,Simulated firm 138,2010,378.25552798584187,335.66912427260155,138
FIRM0138,Simulated firm 138,2011,548.1360638507265,378.25552798584187,138
FIRM0138,Simulated firm 138,2012,462.22118233909157,548.1360638507265,138
FIRM0138,Simulated firm 138,2013,368.05334093806533,462.22118233909157,138
FIRM0138,Simulated firm 138,2014,522.4026193148319,368.05334093806533,138
FIRM0139,Simulated firm 139,2001,77.27276254751214,63.43524302223469,139
FIRM0139,Simulated firm 139,2002,40.56170407967159,77.27276254751214,139
FIRM0139,Simulated firm 139,2003,45.027984531216454,40.56170407967159,139
FIRM0139,Simulated firm 139,2004,60.395777550686105,45.027984531216454,139
FIRM0139,Simulated firm 139,2005,55.20591789092197,60.395777550686105,139
FIRM0139,Simulated firm 139,2006,57.1093063612372,55.20591789092197,139
FIRM0139,Simulated firm 139,2007,66.0533720268263,57.1093063612372,139
FIRM0139,Simulated firm 139,2008,60.54704597058466,66.0533720268263,139
FIRM0139,Simulated firm 139,2009,71.53769627037272,60.54704597058466,139
FIRM0139,Simulated firm 139,2010,70.44303292391821,71.53769627037272,139
FIRM0139,Simulated firm 139,2011,45.49662093517291,70.44303292391821,139
FIRM0139,Simulated firm 139,2012,33.74032782461315,45.49662093517291,139
FIRM0139,Simulated firm 139,2013,44.84402626233104,33.74032782461315,139
FIRM0139,Simulated firm 139,2014,44.20430221140377,44.84402626233104,139
FIRM0140,Simulated firm 140,2001,246.2078451945015,246.98418364753158,140
FIRM0140,Simulated firm 140,2002,231.08161987077696,246.2078451945015,140
FIRM0140,Simulated firm 140,2003,272.06112315204876,231.08161987077696,140
FIRM0140,Simulated firm 140,2004,455.6802940207178,272.06112315204876,140
FIRM0140,Simulated firm 140,2005,229.8768662482079,455.6802940207178,140
FIRM0140,Simulated firm 140,2006,259.17949955520004,229.8768662482079,140
FIRM0140,Simulated firm 140,2007,242.53565578598597,259.17949955520004,140
FIRM0140,Simulated firm 140,2008,40.1238587865304,242.53565578598597,140
FIRM0140,Simulated firm 140,2009,281.2142707894025,40.1238587865304,140
FIRM0140,Simulated firm 140,2010,227.18355081767524,281.2142707894025,140
FIRM0140,Simulated firm 140,2011,200.38495311989684,227.18355081767524,140
FIRM0140,Simulated firm 140,2012,203.7589499486686,200.38495311989684,140
FIRM0140,Simulated firm 140,2013,306.8009073782695,203.7589499486686,140
FIRM0140,Simulated firm 140,2014,279.399090940096,306.8009073782695,140
FIRM0141,Simulated firm 141,2001,272.9948104958343,217.6678435833732,141
FIRM0141,Simulated firm 141,2002,245.09515189905665,272.9948104958343,141
FIRM0141,Simulated firm 141,2003,262.29592560920463,245.09515189905665,141
FIRM0141,Simulated firm 141,2004,211.00302271954908,262.29592560920463,141
FIRM0141,Simulated firm 141,2005,190.47509521070535,211.00302271954908,141
FIRM0141,Simulated firm 141,2006,228.62114673391523,190.47509521070535,141
FIRM0141,Simulated firm 141,2007,197.60217725488627,228.62114673391523,141
FIRM0141,Simulated firm 141,2008,194.3521893537555,197.60217725488627,141
FIRM0141,Simulated firm 141,2009,175.71507183577071,194.3521893537555,141
FIRM0141,Simulated firm 141,2010,144.60920735356882,175.71507183577071,141
FIRM0141,Simulated firm 141,2011,218.5626548609301,144.60920735356882,141
FIRM0141,Simulated firm 141,2012,324.90368637655916,218.5626548609301,141
FIRM0141,Simulated firm 141,2013,302.2826057887503,324.90368637655916,141
FIRM0141,Simulated firm 141,2014,369.6362014175435,302.2826057887503,141
FIRM0142,Simulated firm 142,2001,530.1698045993292,354.1795798594496,142
FIRM0142,Simulated firm 142,2002,436.8021791036121,530.1698045993292,142
FIRM0142,Simulated firm 142,2003,377.90537047557484,436.8021791036121,142
FIRM0142,Simulated firm 142,2004,578.5199248915973,377.90537047557484,142
FIRM0142,Simulated firm 142,2005,437.8659761749874,578.5199248915973,142
FIRM0142,Simulated firm 142,2006,295.04036406939144,437.8659761749874,142
FIRM0142,Simulated firm 142,2007,554.5471470117507,295.04036406939144,142
FIRM0142,Simulated firm 142,2008,493.4422578250962,554.5471470117507,142
FIRM0142,Simulated firm 142,2009,464.3078535057247,493.4422578250962,142
FIRM0142,Simulated firm 142,2010,338.6561421634266,464.3078535057247,142
FIRM0142,Simulated firm 142,2011,477.7051880511892,338.6561421634266,142
FIRM0142,Simulated firm 142,2012,1309.1508494113777,477.7051880511892,142
FIRM0142,Simulated firm 142,2013,489.972551278238,1309.1508494113777,142
FIRM0142,Simulated firm 142,2014,313.27838997025833,489.972551278238,142
FIRM0143,Simulated firm 143,2001,168.34910441068914,184.54830109108013,143
FIRM0143,Simulated firm 143,2002,339.14535687115676,168.34910441068914,143
FIRM0143,Simulated firm 143,2003,305.4764892925521,339.14535687115676,143
FIRM0143,Simulated firm 143,2004,224.09971004703496,305.4764892925521,143
FIRM0143,Simulated firm 143,2005,286.88720601794984,224.09971004703496,143
FIRM0143,Simulated firm 143,2006,264.49907935968935,286.88720601794984,143
FIRM0143,Simulated firm 143,2007,295.28872124839495,264.49907935968935,143
FIRM0143,Simulated firm 143,2008,365.96158417935436,295.28872124839495,143
FIRM0143,Simulated firm 143,2009,240.2491326968628,365.96158417935436,143
FIRM0143,Simulated firm 143,2010,445.43399744550993,240.2491326968628,143
FIRM0143,Simulated firm 143,2011,312.22289567902016,445.43399744550993,143
FIRM0143,Simulated firm 143,2012,347.81272913673473,312.22289567902016,143
FIRM0143,Simulated firm 143,2013,335.2332477643513,347.81272913673473,143
FIRM0143,Simulated firm 143,2014,309.02092218478094,335.2332477643513,143
FIRM0144,Simulated firm 144,2001,111.16250682175287,271.66041324480216,144
FIRM0144,Simulated firm 144,2002,281.403325377759,111.16250682175287,144
FIRM0144,Simulated firm 144,2003,191.4600260077719,281.403325377759,144
FIRM0144,Simulated firm 144,2004,80.38924504229149,191.4600260077719,144
FIRM0144,Simulated firm 144,2005,259.0688887541347,80.38924504229149,144
FIRM0144,Simulated firm 144,2006,311.18067663808944,259.0688887541347,144
FIRM0144,Simulated firm 144,2007,191.4729002295068,311.18067663808944,144
FIRM0144,Simulated firm 144,2008,212.71867079327978,191.4729002295068,144
FIRM0144,Simulated firm 144,2009,219.4175731305087,212.71867079327978,144
FIRM0144,Simulated firm 144,2010,248.74611747558524,219.4175731305087,144
FIRM0144,Simulated firm 144,2011,222.61560662723988,248.74611747558524,144
FIRM0144,Simulated firm 144,2012,271.97822010111753,222.61560662723988,144
FIRM0144,Simulated firm 144,2013,156.4273049910524,271.97822010111753,144
FIRM0144,Simulated firm 144,2014,229.12568488140457,156.4273049910524,144
FIRM0145,Simulated firm 145,2001,133.45814144016515,211.33362427408792,145
FIRM0145,Simulated firm 145,2002,157.25261716490652,133.45814144016515,145
FIRM0145,Simulated firm 145,2003,178.4198697243754,157.25261716490652,145
FIRM0145,Simulated firm 145,2004,155.95082770765566,178.4198697243754,145
FIRM0145,Simulated firm 145,2005,230.34511189850838,155.95082770765566,145
FIRM0145,Simulated firm 145,2006,145.1835271654635,230.34511189850838,145
FIRM0145,Simulated firm 145,2007,165.06066315441697,145.1835271654635,145
FIRM0145,Simulated firm 145,2008,150.56186265451976,165.06066315441697,145
FIRM0145,Simulated firm 145,2009,198.58718476074924,150.56186265451976,145
FIRM0145,Simulated firm 145,2010,128.8869910961167,198.58718476074924,145
FIRM0145,Simulated firm 145,2011,236.20749680550023,128.8869910961167,145
FIRM0145,Simulated firm 145,2012,121.56632140301079,236.20749680550023,145
FIRM0145,Simulated firm 145,2013,217.38896499748148,121.56632140301079,145
FIRM0145,Simulated firm 145,2014,111.75169704659197,217.38896499748148,145
FIRM0146,Simulated firm 146,2001,63.40582137406128,201.2828978316418,146
FIRM0146,Simulated firm 146,2002,214.5455700370084,63.40582137406128,146
FIRM0146,Simulated firm 146,2003,191.35469970956467,214.5455700370084,146
FIRM0146,Simulated firm 146,2004,211.40209057479564,191.35469970956467,146
FIRM0146,Simulated firm 146,2005,15.824642195065595,211.40209057479564,146
FIRM0146,Simulated firm 146,2006,117.41430559588254,15.824642195065595,146
FIRM0146,Simulated firm 146,2007,129.35278124835273,117.41430559588254,146
FIRM0146,Simulated firm 146,2008,128.6557709656382,129.35278124835273,146
FIRM0146,Simulated firm 146,2009,133.75542001149088,128.6557709656382,146
FIRM0146,Simulated firm 146,2010,149.2508548784081,133.75542001149088,146
FIRM0146,Simulated firm 146,2011,148.94918570318853,149.2508548784081,146
FIRM0146,Simulated firm 146,2012,172.8190687998486,148.94918570318853,146
FIRM0146,Simulated firm 146,2013,140.91343699658057,172.8190687998486,146
FIRM0146,Simulated firm 146,2014,143.41131358243828,140.91343699658057,146
FIRM0147,Simulated firm 147,2001,335.244261077917,246.61376556367443,147
FIRM0147,Simulated firm 147,2002,233.894494439727,335.244261077917,147
FIRM0147,Simulated firm 147,2003,256.1927749842014,233.894494439727,147
FIRM0147,Simulated firm 147,2004,266.26974556215737,256.1927749842014,147
FIRM0147,Simulated firm 147,2005,206.57268993881982,266.26974556215737,147
FIRM0147,Simulated firm 147,2006,239.18420334535014,206.57268993881982,147
FIRM0147,Simulated firm 147,2007,219.9105736726707,239.18420334535014,147
FIRM0147,Simulated firm 147,2008,326.45993550508945,219.9105736726707,147
FIRM0147,Simulated firm 147,2009,319.1612853660801,326.45993550508945,147
FIRM0147,Simulated firm 147,2010,214.8919455351265,319.1612853660801,147
FIRM0147,Simulated firm 147,2011,255.0100087519901,214.8919455351265,147
FIRM0147,Simulated firm 147,2012,300.79845707005967,255.0100087519901,147
FIRM0147,Simulated firm 147,2013,148.9778257065584,300.79845707005967,147
FIRM0147,Simulated firm 147,2014,287.8386880765413,148.9778257065584,147
FIRM0148,Simulated firm 148,2001,334.72159145916277,176.77539108222996,148
FIRM0148,Simulated firm 148,2002,191.32304595225392,334.72159145916277,148
FIRM0148,Simulated firm 148,2003,190.08851932628846,191.32304595225392,148
FIRM0148,Simulated firm 148,2004,162.22490657615654,190.08851932628846,148
FIRM0148,Simulated firm 148,2005,212.94193882057877,162.22490657615654,148
FIRM0148,Simulated firm 148,2006,294.87762997249024,212.94193882057877,148
FIRM0148,Simulated firm 148,2007,238.91314008954544,294.87762997249024,148
FIRM0148,Simulated firm 148,2008,216.91672656081093,238.91314008954544,148
FIRM0148,Simulated firm 148,2009,267.41976306841497,216.91672656081093,148
FIRM0148,Simulated firm 148,2010,392.20863342069435,267.41976306841497,148
FIRM0148,Simulated firm 148,2011,272.5937018227023,392.20863342069435,148
FIRM0148,Simulated firm 148,2012,142.1131460690601,272.5937018227023,148
FIRM0148,Simulated firm 148,2013,268.03073346766564,142.1131460690601,148
FIRM0148,Simulated firm 148,2014,248.4688040481808,268.03073346766564,148
FIRM0149,Simulated firm 149,2001,32.75128487672998,24.06223928975812,149
FIRM0149,Simulated firm 149,2002,38.849157376869236,32.75128487672998,149
FIRM0149,Simulated firm 149,2003,25.443224901693544,38.849157376869236,149
FIRM0149,Simulated firm 149,2004,36.57905557548975,25.443224901693544,149
FIRM0149,Simulated firm 149,2005,31.632197736108537,36.57905557548975,149
FIRM0149,Simulated firm 149,2006,0.24407515939113836,31.632197736108537,149
FIRM0149,Simulated firm 149,2007,29.067441118065812,0.24407515939113836,149
FIRM0149,Simulated firm 149,2008,31.315274488751502,29.067441118065812,149
FIRM0149,Simulated firm 149,2009,27.16546218849169,31.315274488751502,149
FIRM0149,Simulated firm 149,2010,31.929912130051683,27.16546218849169,149
FIRM0149,Simulated firm 149,2011,28.31281318584803,31.929912130051683,149
FIRM0149,Simulated firm 149,2012,51.56224868742125,28.31281318584803,149
FIRM0149,Simulated firm 149,2013,26.715578625020814,51.56224868742125,149
FIRM0149,Simulated firm 149,2014,24.21675422752253,26.715578625020814,149
FIRM0150,Simulated firm 150,2001,377.38141739113297,494.8423622461758,150
FIRM0150,Simulated firm 150,2002,393.36115866137396,377.38141739113297,150
FIRM0150,Simulated firm 150,2003,385.26255260546765,393.36115866137396,150
FIRM0150,Simulated firm 150,2004,487.4695603924536,385.26255260546765,150
FIRM0150,Simulated firm 150,2005,310.52327467271635,487.4695603924536,150
FIRM0150,Simulated firm 150,2006,501.4601698180373,310.52327467271635,150
FIRM0150,Simulated firm 150,2007,458.17064911759996,501.4601698180373,150
FIRM0150,Simulated firm 150,2008,630.9091426931086,458.17064911759996,150
FIRM0150,Simulated firm 150,2009,421.14461734880143,630.9091426931086,150
FIRM0150,Simulated firm 150,2010,315.506692182669,421.14461734880143,150
FIRM0150,Simulated firm 150,2011,422.3007659562625,315.506692182669,150
FIRM0150,Simulated firm 150,2012,435.37425511219317,422.3007659562625,150
FIRM0150,Simulated firm 150,2013,545.8494026398631,435.37425511219317,150
FIRM0150,Simulated firm 150,2014,315.33194863499665,545.8494026398631,150
FIRM0151,Simulated firm 151,2001,458.67785219430004,300.0110190393313,151
FIRM0151,Simulated firm 151,2002,690.9034218751334,458.67785219430004,151
FIRM0151,Simulated firm 151,2003,513.7998253489972,690.9034218751334,151
FIRM0151,Simulated firm 151,2004,521.7028861801106,513.7998253489972,151
FIRM0151,Simulated firm 151,2005,314.77282756898416,521.7028861801106,151
FIRM0151,Simulated firm 151,2006,439.76399426800543,314.77282756898416,151
FIRM0151,Simulated firm 151,2007,592.9852802549433,439.76399426800543,151
FIRM0151,Simulated firm 151,2008,471.8391725306255,592.9852802549433,151
FIRM0151,Simulated firm 151,2009,295.6474808432853,471.8391725306255,151
FIRM0151,Simulated firm 151,2010,437.608442470322,295.6474808432853,151
FIRM0151,Simulated firm 151,2011,504.2964262487578,437.608442470322,151
FIRM0151,Simulated firm 151,2012,200.48206136544215,504.2964262487578,151
FIRM0151,Simulated firm 151,2013,425.93783943053006,200.48206136544215,151
FIRM0151,Simulated firm 151,2014,350.08196379794833,425.93783943053006,151
FIRM0152,Simulated firm 152,2001,76.08134762300212,104.57116972871509,152
FIRM0152,Simulated firm 152,2002,93.73742131545879,76.08134762300212,152
FIRM0152,Simulated firm 152,2003,84.33028243510127,93.73742131545879,152
FIRM0152,Simulated firm 152,2004,75.4025222885632,84.33028243510127,152
FIRM0152,Simulated firm 152,2005,138.73537836250372,75.4025222885632,152
FIRM0152,Simulated firm 152,2006,73.42129402979899,138.73537836250372,152
FIRM0152,Simulated firm 152,2007,86.06646110039534,73.42129402979899,152
FIRM0152,Simulated firm 152,2008,84.26495405105659,86.06646110039534,152
FIRM0152,Simulated firm 152,2009,88.41391401604476,84.26495405105659,152
FIRM0152,Simulated firm 152,2010,135.44201303275432,88.41391401604476,152
FIRM0152,Simulated firm 152,2011,97.85435294367578,135.44201303275432,152
FIRM0152,Simulated firm 152,2012,75.23183345189477,97.85435294367578,152
FIRM0152,Simulated firm 152,2013,122.21178287986478,75.23183345189477,152
FIRM0152,Simulated firm 152,2014,102.29333513187295,122.21178287986478,152
FIRM0153,Simulated firm 153,2001,382.0242196169946,247.4894592256815,153
FIRM0153,Simulated firm 153,2002,199.45862836533263,382.0242196169946,153
FIRM0153,Simulated firm 153,2003,211.16655812590918,199.45862836533263,153
FIRM0153,Simulated firm 153,2004,185.10114649927172,211.16655812590918,153
FIRM0153,Simulated firm 153,2005,167.47667817497566,185.10114649927172,153
FIRM0153,Simulated firm 153,2006,374.1391649522315,167.47667817497566,153
FIRM0153,Simulated firm 153,2007,290.4378596275108,374.1391649522315,153
FIRM0153,Simulated firm 153,2008,188.7647417879191,290.4378596275108,153
FIRM0153,Simulated firm 153,2009,274.1623009626486,188.7647417879191,153
FIRM0153,Simulated firm 153,2010,347.2741693290998,274.1623009626486,153
FIRM0153,Simulated firm 153,2011,38.2136628285029,347.2741693290998,153
FIRM0153,Simulated firm 153,2012,255.746595910131,38.2136628285029,153
FIRM0153,Simulated firm 153,2013,461.18750758631154,255.746595910131,153
FIRM0153,Simulated firm 153,2014,261.34817523156977,461.18750758631154,153
FIRM0154,Simulated firm 154,2001,61.23820394543451,48.4512429778277,154
FIRM0154,Simulated firm 154,2002,46.901120982932035,61.23820394543451,154
FIRM0154,Simulated firm 154,2003,82.56638919559813,46.901120982932035,154
FIRM0154,Simulated firm 154,2004,56.2292704624484,82.56638919559813,154
FIRM0154,Simulated firm 154,2005,55.822153500261535,56.2292704624484,154
FIRM0154,Simulated firm 154,2006,119.74899555616926,55.822153500261535,154
FIRM0154,Simulated firm 154,2007,5.1332739897234205,119.74899555616926,154
FIRM0154,Simulated firm 154,2008,49.85316002682549,5.1332739897234205,154
FIRM0154,Simulated firm 154,2009,53.87950059365076,49.85316002682549,154
FIRM0154,Simulated firm 154,2010,88.34707714363557,53.87950059365076,154
FIRM0154,Simulated firm 154,2011,79.66096555925807,88.34707714363557,154
FIRM0154,Simulated firm 154,2012,61.050554166037806,79.66096555925807,154
FIRM0154,Simulated firm 154,2013,59.73695677185683,61.050554166037806,154
FIRM0154,Simulated firm 154,2014,50.20843478380793,59.73695677185683,154
FIRM0155,Simulated firm 155,2001,318.1644827276097,351.44319379352896,155
FIRM0155,Simulated firm 155,2002,381.98284793790435,318.1644827276097,155
FIRM0155,Simulated firm 155,2003,252.14364192802807,381.98284793790435,155
FIRM0155,Simulated firm 155,2004,268.22453874179007,252.14364192802807,155
FIRM0155,Simulated firm 155,2005,387.2979146218027,268.22453874179007,155
FIRM0155,Simulated firm 155,2006,358.73249170273505,387.2979146218027,155
FIRM0155,Simulated firm 155,2007,197.3488311130743,358.73249170273505,155
FIRM0155,Simulated firm 155,2008,334.2789214058921,197.3488311130743,155
FIRM0155,Simulated firm 155,2009,562.3324733202461,334.2789214058921,155
FIRM0155,Simulated firm 155,2010,404.15498056036125,562.3324733202461,155
FIRM0155,Simulated firm 155,2011,292.1550056784406,404.15498056036125,155
FIRM0155,Simulated firm 155,2012,43.43272618337393,292.1550056784406,155
FIRM0155,Simulated firm 155,2013,211.97229432543773,43.43272618337393,155
FIRM0155,Simulated firm 155,2014,447.97497315425096,211.97229432543773,155
FIRM0156,Simulated firm 156,2001,161.16464977916655,97.50046148614697,156
FIRM0156,Simulated firm 156,2002,138.06930884535953,161.16464977916655,156
FIRM0156,Simulated firm 156,2003,157.41889835471395,138.06930884535953,156
FIRM0156,Simulated firm 156,2004,105.46015506812486,157.41889835471395,156
FIRM0156,Simulated firm 156,2005,202.5771785271815,105.46015506812486,156
FIRM0156,Simulated firm 156,2006,218.33958456756227,202.5771785271815,156
FIRM0156,Simulated firm 156,2007,178.22237712397424,218.33958456756227,156
FIRM0156,Simulated firm 156,2008,231.59313082934807,178.22237712397424,156
FIRM0156,Simulated firm 156,2009,136.4100201493244,231.59313082934807,156
FIRM0156,Simulated firm 156,2010,160.18362977636397,136.4100201493244,156
FIRM0156,Simulated firm 156,2011,178.93868704834568,160.18362977636397,156
FIRM0156,Simulated firm 156,2012,164.80730205426588,178.93868704834568,156
FIRM0156,Simulated firm 156,2013,140.6142351083925,164.80730205426588,156
FIRM0156,Simulated firm 156,2014,144.28890004762152,140.6142351083925,156
FIRM0157,Simulated firm 157,2001,324.11309996014387,461.13046255037483,157
FIRM0157,Simulated firm 157,2002,432.6411769272645,324.11309996014387,157
FIRM0157,Simulated firm 157,2003,319.91533360921164,432.6411769272645,157
FIRM0157,Simulated firm 157,2004,431.8989387457198,319.91533360921164,157
FIRM0157,Simulated firm 157,2005,332.76507195412006,431.8989387457198,157
FIRM0157,Simulated firm 157,2006,379.7976930974628,332.76507195412006,157
FIRM0157,Simulated firm 157,2007,276.3252834016512,379.7976930974628,157
FIRM0157,Simulated firm 157,2008,347.6007762644668,276.3252834016512,157
FIRM0157,Simulated firm 157,2009,277.2763568710668,347.6007762644668,157
FIRM0157,Simulated firm 157,2010,294.4324800701331,277.2763568710668,157
FIRM0157,Simulated firm 157,2011,300.14788399649694,294.4324800701331,157
FIRM0157,Simulated firm 157,2012,311.9647586913817,300.14788399649694,157
FIRM0157,Simulated firm 157,2013,417.6660753924312,311.9647586913817,157
FIRM0157,Simulated firm 157,2014,291.7288591893914,417.6660753924312,157
FIRM0158,Simulated firm 158,2001,473.95976425598866,371.10162612377655,158
FIRM0158,Simulated firm 158,2002,414.08729737619717,473.95976425598866,158
FIRM0158,Simulated firm 158,2003,12.610453403949505,414.08729737619717,158
FIRM0158,Simulated firm 158,2004,249.56950378470296,12.610453403949505,158
FIRM0158,Simulated firm 158,2005,394.22476514002716,249.56950378470296,158
FIRM0158,Simulated firm 158,2006,316.01415596797386,394.22476514002716,158
FIRM0158,Simulated firm 158,2007,242.09721539662127,316.01415596797386,158
FIRM0158,Simulated firm 158,2008,310.58653598006975,242.09721539662127,158
FIRM0158,Simulated firm 158,2009,398.0661419791414,310.58653598006975,158
FIRM0158,Simulated firm 158,2010,328.1980673592084,398.0661419791414,158
FIRM0158,Simulated firm 158,2011,148.46038605944676,328.1980673592084,158
FIRM0158,Simulated firm 158,2012,335.27235689801097,148.46038605944676,158
FIRM0158,Simulated firm 158,2013,300.4454637153533,335.27235689801097,158
FIRM0158,Simulated firm 158,2014,379.2109996276864,300.4454637153533,158
FIRM0159,Simulated firm 159,2001,307.4711434171846,249.46567951762253,159
FIRM0159,Simulated firm 159,2002,458.259557042468,307.4711434171846,159
FIRM0159,Simulated firm 159,2003,264.8910299952021,458.259557042468,159
FIRM0159,Simulated firm 159,2004,376.9248814078475,264.8910299952021,159
FIRM0159,Simulated firm 159,2005,81.16758176908303,376.9248814078475,159
FIRM0159,Simulated firm 159,2006,331.8199940451413,81.16758176908303,159
FIRM0159,Simulated firm 159,2007,470.1519268175963,331.8199940451413,159
FIRM0159,Simulated firm 159,2008,495.50948434725956,470.1519268175963,159
FIRM0159,Simulated firm 159,2009,290.43078944544754,495.50948434725956,159
FIRM0159,Simulated firm 159,2010,195.61748654529154,290.43078944544754,159
FIRM0159,Simulated firm 159,2011,361.28714212536875,195.61748654529154,159
FIRM0159,Simulated firm 159,2012,235.24478622017665,361.28714212536875,159
FIRM0159,Simulated firm 159,2013,462.8266931882626,235.24478622017665,159
FIRM0159,Simulated firm 159,2014,372.0478605890562,462.8266931882626,159
FIRM0160,Simulated firm 160,2001,57.32107518832426,48.11760133181507,160
FIRM0160,Simulated firm 160,2002,52.47956844714051,57.32107518832426,160
FIRM0160,Simulated firm 160,2003,56.56465096805512,52.47956844714051,160
FIRM0160,Simulated firm 160,2004,44.229839459755674,56.56465096805512,160
FIRM0160,Simulated firm 160,2005,97.95967451942164,44.229839459755674,160
FIRM0160,Simulated firm 160,2006,54.007771104723155,97.95967451942164,160
FIRM0160,Simulated firm 160,2007,69.45708918496628,54.007771104723155,160
FIRM0160,Simulated firm 160,2008,77.18917315031203,69.45708918496628,160
FIRM0160,Simulated firm 160,2009,91.40019128431823,77.18917315031203,160
FIRM0160,Simulated firm 160,2010,70.05310961227498,91.40019128431823,160
FIRM0160,Simulated firm 160,2011,64.92732315476404,70.05310961227498,160
FIRM0160,Simulated firm 160,2012,70.78705255172979,64.92732315476404,160
FIRM0160,Simulated firm 160,2013,6.202238972187662,70.78705255172979,160
FIRM0160,Simulated firm 160,2014,6.860427517170722,6.202238972187662,160
FIRM0161,Simulated firm 161,2001,262.30736862861073,114.10856298162483,161
FIRM0161,Simulated firm 161,2002,376.17158297515164,262.30736862861073,161
FIRM0161,Simulated firm 161,2003,395.34220545762525,376.17158297515164,161
FIRM0161,Simulated firm 161,2004,718.9123708871028,395.34220545762525,161
FIRM0161,Simulated firm 161,2005,607.2893918778274,718.9123708871028,161
FIRM0161,Simulated firm 161,2006,494.302496796119,607.2893918778274,161
FIRM0161,Simulated firm 161,2007,550.7361679745457,494.302496796119,161
FIRM0161,Simulated firm 161,2008,348.37546938181026,550.7361679745457,161
FIRM0161,Simulated firm 161,2009,456.78853430020143,348.37546938181026,161
FIRM0161,Simulated firm 161,2010,466.3459734531761,456.78853430020143,161
FIRM0161,Simulated firm 161,2011,349.09126055939856,466.3459734531761,161
FIRM0161,Simulated firm 161,2012,311.13693144829296,349.09126055939856,161
FIRM0161,Simulated firm 161,2013,480.8043058053537,311.13693144829296,161
FIRM0161,Simulated firm 161,2014,318.6970189646931,480.8043058053537,161
FIRM0162,Simulated firm 162,2001,165.51642625278384,143.6609532482656,162
FIRM0162,Simulated firm 162,2002,99.82097476233858,165.51642625278384,162
FIRM0162,Simulated firm 162,2003,101.5656126399123,99.82097476233858,162
FIRM0162,Simulated firm 162,2004,164.1421573101155,101.5656126399123,162
FIRM0162,Simulated firm 162,2005,127.64895434408487,164.1421573101155,162
FIRM0162,Simulated firm 162,2006,158.00881544145693,127.64895434408487,162
FIRM0162,Simulated firm 162,2007,118.52511761432258,158.00881544145693,162
FIRM0162,Simulated firm 162,2008,120.6803484225317,118.52511761432258,162
FIRM0162,Simulated firm 162,2009,126.82241963180506,120.6803484225317,162
FIRM0162,Simulated firm 162,2010,190.90335492655868,126.82241963180506,162
FIRM0162,Simulated firm 162,2011,154.62032439027954,190.90335492655868,162
FIRM0162,Simulated firm 162,2012,105.97408363147524,154.62032439027954,162
FIRM0162,Simulated firm 162,2013,132.020107709556,105.97408363147524,162
FIRM0162,Simulated firm 162,2014,116.52742232972668,132.020107709556,162
FIRM0163,Simulated firm 163,2001,41.479144341039245,32.38244739512767,163
FIRM0163,Simulated firm 163,2002,39.29460810460373,41.479144341039245,163
FIRM0163,Simulated firm 163,2003,29.10999369865758,39.29460810460373,163
FIRM0163,Simulated firm 163,2004,36.91044144883959,29.10999369865758,163
FIRM0163,Simulated firm 163,2005,32.147964248242275,36.91044144883959,163
FIRM0163,Simulated firm 163,2006,40.79668718663121,32.147964248242275,163
FIRM0163,Simulated firm 163,2007,31.813838726526093,40.79668718663121,163
FIRM0163,Simulated firm 163,2008,35.15304570719958,31.813838726526093,163
FIRM0163,Simulated firm 163,2009,32.591629373090925,35.15304570719958,163
FIRM0163,Simulated firm 163,2010,24.161961472252408,32.591629373090925,163
FIRM0163,Simulated firm 163,2011,54.682640417909,24.161961472252408,163
FIRM0163,Simulated firm 163,2012,36.809952824682924,54.682640417909,163
FIRM0163,Simulated firm 163,2013,55.25941765186388,36.809952824682924,163
FIRM0163,Simulated firm 163,2014,37.22154299370305,55.25941765186388,163
FIRM0164,Simulated firm 164,2001,236.05684991535927,327.425891892506,164
FIRM0164,Simulated firm 164,2002,237.42739767585343,236.05684991535927,164
FIRM0164,Simulated firm 164,2003,273.85039314498084,237.42739767585343,164
FIRM0164,Simulated firm 164,2004,415.69947565398877,273.85039314498084,164
FIRM0164,Simulated firm 164,2005,221.31751332758145,415.69947565398877,164
FIRM0164,Simulated firm 164,2006,173.04345527936064,221.31751332758145,164
FIRM0164,Simulated firm 164,2007,357.79956207834516,173.04345527936064,164
FIRM0164,Simulated firm 164,2008,332.7832159423802,357.79956207834516,164
FIRM0164,Simulated firm 164,2009,249.1119272753621,332.7832159423802,164
FIRM0164,Simulated firm 164,2010,464.4405771071025,249.1119272753621,164
FIRM0164,Simulated firm 164,2011,470.97245202002796,464.4405771071025,164
FIRM0164,Simulated firm 164,2012,179.59297468926,470.97245202002796,164
FIRM0164,Simulated firm 164,2013,234.77576461082043,179.59297468926,164
FIRM0164,Simulated firm 164,2014,98.76094095755265,234.77576461082043,164
FIRM0165,Simulated firm 165,2001,203.25780100311061,211.35909135919476,165
FIRM0165,Simulated firm 165,2002,191.8741414832582,203.25780100311061,165
FIRM0165,Simulated firm 165,2003,147.82518918816078,191.8741414832582,165
FIRM0165,Simulated firm 165,2004,218.1280758418569,147.82518918816078,165
FIRM0165,Simulated firm 165,2005,221.3583476851989,218.1280758418569,165
FIRM0165,Simulated firm 165,2006,242.61462535452495,221.3583476851989,165
FIRM0165,Simulated firm 165,2007,143.20727511669074,242.61462535452495,165
FIRM0165,Simulated firm 165,2008,54.65272260990171,143.20727511669074,165
FIRM0165,Simulated firm 165,2009,170.314964416199,54.65272260990171,165
FIRM0165,Simulated firm 165,2010,142.61988907222582,170.314964416199,165
FIRM0165,Simulated firm 165,2011,180.9996267575568,142.61988907222582,165
FIRM0165,Simulated firm 165,2012,149.47082511513975,180.9996267575568,165
FIRM0165,Simulated firm 165,2013,137.44905202921365,149.47082511513975,165
FIRM0165,Simulated firm 165,2014,230.97013374038784,137.44905202921365,165
FIRM0166,Simulated firm 166,2001,339.1518346321234,363.46748540169756,166
FIRM0166,Simulated firm 166,2002,838.2316888812159,339.1518346321234,166
FIRM0166,Simulated firm 166,2003,471.2242860077587,838.2316888812159,166
FIRM0166,Simulated firm 166,2004,247.30613690416226,471.2242860077587,166
FIRM0166,Simulated firm 166,2005,447.1804481689352,247.30613690416226,166
FIRM0166,Simulated firm 166,2006,446.63294982702973,447.1804481689352,166
FIRM0166,Simulated firm 166,2007,378.46339901004995,446.63294982702973,166
FIRM0166,Simulated firm 166,2008,375.0313768089102,378.46339901004995,166
FIRM0166,Simulated firm 166,2009,272.68915226351623,375.0313768089102,166
FIRM0166,Simulated firm 166,2010,675.9725598666657,272.68915226351623,166
FIRM0166,Simulated firm 166,2011,381.9446643613337,675.9725598666657,166
FIRM0166,Simulated firm 166,2012,440.9396814824026,381.9446643613337,166
FIRM0166,Simulated firm 166,2013,387.04615035568224,440.9396814824026,166
FIRM0166,Simulated firm 166,2014,340.4457595698286,387.04615035568224,166
FIRM0167,Simulated firm 167,2001,409.548818515022,485.6451393636279,167
FIRM0167,Simulated firm 167,2002,373.2642639943214,409.548818515022,167
FIRM0167,Simulated firm 167,2003,428.86417846835064,373.2642639943214,167
FIRM0167,Simulated firm 167,2004,385.93002896530305,428.86417846835064,167
FIRM0167,Simulated firm 167,2005,606.257319934488,385.93002896530305,167
FIRM0167,Simulated firm 167,2006,481.1691825198032,606.257319934488,167
FIRM0167,Simulated firm 167,2007,446.62142723930924,481.1691825198032,167
FIRM0167,Simulated firm 167,2008,272.61296101605467,446.62142723930924,167
FIRM0167,Simulated firm 167,2009,450.66340217246614,272.61296101605467,167
FIRM0167,Simulated firm 167,2010,447.73651466560557,450.66340217246614,167
FIRM0167,Simulated firm 167,2011,309.1287065241114,447.73651466560557,167
FIRM0167,Simulated firm 167,2012,271.27733283290524,309.1287065241114,167
FIRM0167,Simulated firm 167,2013,475.8399412718098,271.27733283290524,167
FIRM0167,Simulated firm 167,2014,491.7868977100736,475.8399412718098,167
FIRM0168,Simulated firm 168,2001,25.615356363715343,142.98391172392195,168
FIRM0168,Simulated firm 168,2002,172.1538925251535,25.615356363715343,168
FIRM0168,Simulated firm 168,2003,149.53630363234555,172.1538925251535,168
FIRM0168,Simulated firm 168,2004,113.98845872057028,149.53630363234555,168
FIRM0168,Simulated firm 168,2005,130.17238888806898,113.98845872057028,168
FIRM0168,Simulated firm 168,2006,179.8582892188053,130.17238888806898,168
FIRM0168,Simulated firm 168,2007,131.80704136457985,179.8582892188053,168
FIRM0168,Simulated firm 168,2008,210.476514430348,131.80704136457985,168
FIRM0168,Simulated firm 168,2009,188.22506554545973,210.476514430348,168
FIRM0168,Simulated firm 168,2010,181.68893569226668,188.22506554545973,168
FIRM0168,Simulated firm 168,2011,171.25730828338703,181.68893569226668,168
FIRM0168,Simulated firm 168,2012,138.72299571397744,171.25730828338703,168
FIRM0168,Simulated firm 168,2013,153.884564202506,138.72299571397744,168
FIRM0168,Simulated firm 168,2014,137.8221767052711,153.884564202506,168
FIRM0169,Simulated firm 169,2001,675.277175949859,592.3859996652574,169
FIRM0169,Simulated firm 169,2002,478.5411509896897,675.277175949859,169
FIRM0169,Simulated firm 169,2003,648.612251465605,478.5411509896897,169
FIRM0169,Simulated firm 169,2004,361.9382196917615,648.612251465605,169
FIRM0169,Simulated firm 169,2005,523.2555135697602,361.9382196917615,169
FIRM0169,Simulated firm 169,2006,459.65667834845146,523.2555135697602,169
FIRM0169,Simulated firm 169,2007,559.3898489799584,459.65667834845146,169
FIRM0169,Simulated firm 169,2008,285.48894919510997,559.3898489799584,169
FIRM0169,Simulated firm 169,2009,550.4628549057838,285.48894919510997,169
FIRM0169,Simulated firm 169,2010,392.8246926889344,550.4628549057838,169
FIRM0169,Simulated firm 169,2011,465.22068800331505,392.8246926889344,169
FIRM0169,Simulated firm 169,2012,767.1901612524736,465.22068800331505,169
FIRM0169,Simulated firm 169,2013,527.8048751249052,767.1901612524736,169
FIRM0169,Simulated firm 169,2014,509.78740760086316,527.8048751249052,169
FIRM0170,Simulated firm 170,2001,203.8310432079399,166.93598709613343,170
FIRM0170,Simulated firm 170,2002,188.7842960857611,203.8310432079399,170
FIRM0170,Simulated firm 170,2003,167.40510012836495,188.7842960857611,170
FIRM0170,Simulated firm 170,2004,162.17780759718949,167.40510012836495,170
FIRM0170,Simulated firm 170,2005,159.4905924035092,162.17780759718949,170
FIRM0170,Simulated firm 170,2006,151.64999543668546,159.4905924035092,170
FIRM0170,Simulated firm 170,2007,115.01502913696548,151.64999543668546,170
FIRM0170,Simulated firm 170,2008,175.5153813619595,115.01502913696548,170
FIRM0170,Simulated firm 170,2009,134.3534433920181,175.5153813619595,170
FIRM0170,Simulated firm 170,2010,198.25098437998557,134.3534433920181,170
FIRM0170,Simulated firm 170,2011,147.19958892905157,198.25098437998557,170
FIRM0170,Simulated firm 170,2012,201.9899413595454,147.19958892905157,170
FIRM0170,Simulated firm 170,2013,152.51796035288731,201.9899413595454,170
FIRM0170,Simulated firm 170,2014,149.6377447328875,152.51796035288731,170
FIRM0171,Simulated firm 171,2001,238.8580506802379,268.0721645735602,171
FIRM0171,Simulated firm 171,2002,426.4677157816612,238.8580506802379,171
FIRM0171,Simulated firm 171,2003,407.69481864132695,426.4677157816612,171
FIRM0171,Simulated firm 171,2004,404.3675009230662,407.69481864132695,171
FIRM0171,Simulated firm 171,2005,279.674703452822,404.3675009230662,171
FIRM0171,Simulated firm 171,2006,221.59241008978836,279.674703452822,171
FIRM0171,Simulated firm 171,2007,324.1448320830708,221.59241008978836,171
FIRM0171,Simulated firm 171,2008,239.29434482853333,324.1448320830708,171
FIRM0171,Simulated firm 171,2009,331.9449749754888,239.29434482853333,171
FIRM0171,Simulated firm 171,2010,219.21707201405897,331.9449749754888,171
FIRM0171,Simulated firm 171,2011,284.77226585697593,219.21707201405897,171
FIRM0171,Simulated firm 171,2012,344.9321188919148,284.77226585697593,171
FIRM0171,Simulated firm 171,2013,242.45862354457523,344.9321188919148,171
FIRM0171,Simulated firm 171,2014,242.2504075882292,242.45862354457523,171
FIRM0172,Simulated firm 172,2001,118.01988479503325,97.02684289787845,172
FIRM0172,Simulated firm 172,2002,148.7795208105894,118.01988479503325,172
FIRM0172,Simulated firm 172,2003,154.47000607243046,148.7795208105894,172
FIRM0172,Simulated firm 172,2004,160.27119245384176,154.47000607243046,172
FIRM0172,Simulated firm 172,2005,89.10954314659232,160.27119245384176,172
FIRM0172,Simulated firm 172,2006,128.07474045439625,89.10954314659232,172
FIRM0172,Simulated firm 172,2007,99.46257836929088,128.07474045439625,172
FIRM0172,Simulated firm 172,2008,146.89316090499625,99.46257836929088,172
FIRM0172,Simulated firm 172,2009,93.16053405558529,146.89316090499625,172
FIRM0172,Simulated firm 172,2010,11.73479577076797,93.16053405558529,172
FIRM0172,Simulated firm 172,2011,168.16438235842125,11.73479577076797,172
FIRM0172,Simulated firm 172,2012,121.13195271811243,168.16438235842125,172
FIRM0172,Simulated firm 172,2013,194.58386063083682,121.13195271811243,172
FIRM0172,Simulated firm 172,2014,161.37390494200844,194.58386063083682,172
FIRM0173,Simulated firm 173,2001,575.7842983939948,426.3721570441859,173
FIRM0173,Simulated firm 173,2002,435.02622253001067,575.7842983939948,173
FIRM0173,Simulated firm 173,2003,543.9616143467404,435.02622253001067,173
FIRM0173,Simulated firm 173,2004,383.31160457712815,543.9616143467404,173
FIRM0173,Simulated firm 173,2005,584.9882660419047,383.31160457712815,173
FIRM0173,Simulated firm 173,2006,312.0376550010396,584.9882660419047,173
FIRM0173,Simulated firm 173,2007,346.66552597985003,312.0376550010396,173
FIRM0173,Simulated firm 173,2008,359.731540615721,346.66552597985003,173
FIRM0173,Simulated firm 173,2009,392.5549214959388,359.731540615721,173
FIRM0173,Simulated firm 173,2010,493.1402265505115,392.5549214959388,173
FIRM0173,Simulated firm 173,2011,174.7173639083499,493.1402265505115,173
FIRM0173,Simulated firm 173,2012,545.6297909148519,174.7173639083499,173
FIRM0173,Simulated firm 173,2013,608.1538344081505,545.6297909148519,173
FIRM0173,Simulated firm 173,2014,304.7298016500148,608.1538344081505,173
FIRM0174,Simulated firm 174,2001,91.29272525052636,132.68484457887487,174
FIRM0174,Simulated firm 174,2002,148.92311577606006,91.29272525052636,174
FIRM0174,Simulated firm 174,2003,80.04908349261827,148.92311577606006,174
FIRM0174,Simulated firm 174,2004,60.33928487839793,80.04908349261827,174
FIRM0174,Simulated firm 174,2005,112.17238425420412,60.33928487839793,174
FIRM0174,Simulated firm 174,2006,110.33462654424969,112.17238425420412,174
FIRM0174,Simulated firm 174,2007,8.388236942038134,110.33462654424969,174
FIRM0174,Simulated firm 174,2008,75.20212410692093,8.388236942038134,174
FIRM0174,Simulated firm 174,2009,117.41134195613805,75.20212410692093,174
FIRM0174,Simulated firm 174,2010,105.31232562257435,117.41134195613805,174
FIRM0174,Simulated firm 174,2011,89.09492463553339,105.31232562257435,174
FIRM0174,Simulated firm 174,2012,108.02973651223645,89.09492463553339,174
FIRM0174,Simulated firm 174,2013,102.64587954127005,108.02973651223645,174
FIRM0174,Simulated firm 174,2014,76.98277026159649,102.64587954127005,174
FIRM0175,Simulated firm 175,2001,47.63043263507741,50.274140485093184,175
FIRM0175,Simulated firm 175,2002,40.445064225600845,47.63043263507741,175
FIRM0175,Simulated firm 175,2003,49.28846750805775,40.445064225600845,175
FIRM0175,Simulated firm 175,2004,64.91092269969309,49.28846750805775,175
FIRM0175,Simulated firm 175,2005,31.479910379559787,64.91092269969309,175
FIRM0175,Simulated firm 175,2006,37.795613731402824,31.479910379559787,175
FIRM0175,Simulated firm 175,2007,38.24302769671229,37.795613731402824,175
FIRM0175,Simulated firm 175,2008,48.9969603367145,38.24302769671229,175
FIRM0175,Simulated firm 175,2009,34.66200614983215,48.9969603367145,175
FIRM0175,Simulated firm 175,2010,48.26149729703564,34.66200614983215,175
FIRM0175,Simulated firm 175,2011,35.6077124606227,48.26149729703564,175
FIRM0175,Simulated firm 175,2012,30.665962519604435,35.6077124606227,175
FIRM0175,Simulated firm 175,2013,41.0323124375862,30.665962519604435,175
FIRM0175,Simulated firm 175,2014,35.42632981049968,41.0323124375862,175
FIRM0176,Simulated firm 176,2001,245.27822985566968,231.50010701505366,176
FIRM0176,Simulated firm 176,2002,150.88736209021894,245.27822985566968,176
FIRM0176,Simulated firm 176,2003,200.33184029757433,150.88736209021894,176
FIRM0176,Simulated firm 176,2004,226.0027496200953,200.33184029757433,176
FIRM0176,Simulated firm 176,2005,271.73461621447103,226.0027496200953,176
FIRM0176,Simulated firm 176,2006,262.8024423103295,271.73461621447103,176
FIRM0176,Simulated firm 176,2007,181.32391054356953,262.8024423103295,176
FIRM0176,Simulated firm 176,2008,213.08852765914995,181.32391054356953,176
FIRM0176,Simulated firm 176,2009,248.5396878197524,213.08852765914995,176
FIRM0176,Simulated firm 176,2010,62.44606226006874,248.5396878197524,176
FIRM0176,Simulated firm 176,2011,185.31007283858958,62.44606226006874,176
FIRM0176,Simulated firm 176,2012,219.4093586392494,185.31007283858958,176
FIRM0176,Simulated firm 176,2013,242.52076662272043,219.4093586392494,176
FIRM0176,Simulated firm 176,2014,177.36878669994795,242.52076662272043,176
FIRM0177,Simulated firm 177,2001,497.2804480396555,554.0180602073353,177
FIRM0177,Simulated firm 177,2002,559.2518626402826,497.2804480396555,177
FIRM0177,Simulated firm 177,2003,473.2961567240825,559.2518626402826,177
FIRM0177,Simulated firm 177,2004,738.4773204742963,473.2961567240825,177
FIRM0177,Simulated firm 177,2005,523.4204212964729,738.4773204742963,177
FIRM0177,Simulated firm 177,2006,575.7463088167026,523.4204212964729,177
FIRM0177,Simulated firm 177,2007,408.2996359198717,575.7463088167026,177
FIRM0177,Simulated firm 177,2008,460.71445288956846,408.2996359198717,177
FIRM0177,Simulated firm 177,2009,511.6195304031506,460.71445288956846,177
FIRM0177,Simulated firm 177,2010,416.2195873135232,511.6195304031506,177
FIRM0177,Simulated firm 177,2011,722.132024230024,416.2195873135232,177
FIRM0177,Simulated firm 177,2012,538.0044863384938,722.132024230024,177
FIRM0177,Simulated firm 177,2013,396.51463150056986,538.0044863384938,177
FIRM0177,Simulated firm 177,2014,672.6940527759438,396.51463150056986,177
FIRM0178,Simulated firm 178,2001,538.9911771621644,420.93203510295194,178
FIRM0178,Simulated firm 178,2002,293.71235857364326,538.9911771621644,178
FIRM0178,Simulated firm 178,2003,812.0151034462234,293.71235857364326,178
FIRM0178,Simulated firm 178,2004,480.5179630923506,812.0151034462234,178
FIRM0178,Simulated firm 178,2005,351.4654419095983,480.5179630923506,178
FIRM0178,Simulated firm 178,2006,478.39107714312695,351.4654419095983,178
FIRM0178,Simulated firm 178,2007,632.1226084548465,478.39107714312695,178
FIRM0178,Simulated firm 178,2008,378.2472271894825,632.1226084548465,178
FIRM0178,Simulated firm 178,2009,377.087131813131,378.2472271894825,178
FIRM0178,Simulated firm 178,2010,414.3474130267555,377.087131813131,178
FIRM0178,Simulated firm 178,2011,441.42031105857757,414.3474130267555,178
FIRM0178,Simulated firm 178,2012,548.5207474383368,441.42031105857757,178
FIRM0178,Simulated firm 178,2013,487.2811111769986,548.5207474383368,178
FIRM0178,Simulated firm 178,2014,414.2621387063818,487.2811111769986,178
FIRM0179,Simulated firm 179,2001,560.9417507406597,395.1917150906989,179
FIRM0179,Simulated firm 179,2002,430.68251605721656,560.9417507406597,179
FIRM0179,Simulated firm 179,2003,359.6644995248871,430.68251605721656,179
FIRM0179,Simulated firm 179,2004,348.31887164812287,359.6644995248871,179
FIRM0179,Simulated firm 179,2005,389.3682416648033,348.31887164812287,179
FIRM0179,Simulated firm 179,2006,462.8920915747376,389.3682416648033,179
FIRM0179,Simulated firm 179,2007,309.94427154142124,462.8920915747376,179
FIRM0179,Simulated firm 179,2008,445.8162230669877,309.94427154142124,179
FIRM0179,Simulated firm 179,2009,122.52508412214766,445.8162230669877,179
FIRM0179,Simulated firm 179,2010,370.5746631735006,122.52508412214766,179
FIRM0179,Simulated firm 179,2011,692.9165686783689,370.5746631735006,179
FIRM0179,Simulated firm 179,2012,433.898636992855,692.9165686783689,179
FIRM0179,Simulated firm 179,2013,325.6868756692741,433.898636992855,179
FIRM0179,Simulated firm 179,2014,406.5635542309919,325.6868756692741,179
FIRM0180,Simulated firm 180,2001,513.4291150933822,553.5713015337029,180
FIRM0180,Simulated firm 180,2002,263.388276527164,513.4291150933822,180
FIRM0180,Simulated firm 180,2003,216.93923015308417,263.388276527164,180
FIRM0180,Simulated firm 180,2004,432.8728431510458,216.93923015308417,180
FIRM0180,Simulated firm 180,2005,484.9959951153987,432.8728431510458,180
FIRM0180,Simulated firm 180,2006,475.1250001165959,484.9959951153987,180
FIRM0180,Simulated firm 180,2007,391.38320677678985,475.1250001165959,180
FIRM0180,Simulated firm 180,2008,515.724228736219,391.38320677678985,180
FIRM0180,Simulated firm 180,2009,575.363140503587,515.724228736219,180
FIRM0180,Simulated firm 180,2010,297.0446828510844,575.363140503587,180
FIRM0180,Simulated firm 180,2011,291.3025197017143,297.0446828510844,180
FIRM0180,Simulated firm 180,2012,478.645446385933,291.3025197017143,180
FIRM0180,Simulated firm 180,2013,526.835466185912,478.645446385933,180
FIRM0180,Simulated firm 180,2014,378.25417693191326,526.835466185912,180
FIRM0181,Simulated firm 181,2001,435.84852954001195,267.20021230871,181
FIRM0181,Simulated firm 181,2002,478.26633243442024,435.84852954001195,181
FIRM0181,Simulated firm 181,2003,407.2236755369961,478.26633243442024,181
FIRM0181,Simulated firm 181,2004,558.8921543263388,407.2236755369961,181
FIRM0181,Simulated firm 181,2005,470.99489383917995,558.8921543263388,181
FIRM0181,Simulated firm 181,2006,370.0946563985632,470.99489383917995,181
FIRM0181,Simulated firm 181,2007,378.6612644528172,370.0946563985632,181
FIRM0181,Simulated firm 181,2008,438.12855550071635,378.6612644528172,181
FIRM0181,Simulated firm 181,2009,400.7800696480736,438.12855550071635,181
FIRM0181,Simulated firm 181,2010,288.2990291448542,400.7800696480736,181
FIRM0181,Simulated firm 181,2011,460.9710470974615,288.2990291448542,181
FIRM0181,Simulated firm 181,2012,380.9180669278645,460.9710470974615,181
FIRM0181,Simulated firm 181,2013,395.64389165679256,380.9180669278645,181
FIRM0181,Simulated firm 181,2014,339.3483972651115,395.64389165679256,181
FIRM0182,Simulated firm 182,2001,303.03278726645806,382.5317631877123,182
FIRM0182,Simulated firm 182,2002,410.12895643046045,303.03278726645806,182
FIRM0182,Simulated firm 182,2003,243.8122007595164,410.12895643046045,182
FIRM0182,Simulated firm 182,2004,307.4714888787634,243.8122007595164,182
FIRM0182,Simulated firm 182,2005,277.50398205019803,307.4714888787634,182
FIRM0182,Simulated firm 182,2006,223.78896715384238,277.50398205019803,182
FIRM0182,Simulated firm 182,2007,243.22958086280957,223.78896715384238,182
FIRM0182,Simulated firm 182,2008,302.8880486696069,243.22958086280957,182
FIRM0182,Simulated firm 182,2009,203.3484696804695,302.8880486696069,182
FIRM0182,Simulated firm 182,2010,335.91499740143234,203.3484696804695,182
FIRM0182,Simulated firm 182,2011,271.873941946016,335.91499740143234,182
FIRM0182,Simulated firm 182,2012,323.90497031114717,271.873941946016,182
FIRM0182,Simulated firm 182,2013,286.9666896110037,323.90497031114717,182
FIRM0182,Simulated firm 182,2014,178.85248696163706,286.9666896110037,182
FIRM0183,Simulated firm 183,2001,274.8863762048183,63.71108135662702,183
FIRM0183,Simulated firm 183,2002,172.82145134659388,274.8863762048183,183
FIRM0183,Simulated firm 183,2003,167.06309785668867,172.82145134659388,183
FIRM0183,Simulated firm 183,2004,172.78026258245012,167.06309785668867,183
FIRM0183,Simulated firm 183,2005,108.48011484569483,172.78026258245012,183
FIRM0183,Simulated firm 183,2006,221.63420900289148,108.48011484569483,183
FIRM0183,Simulated firm 183,2007,97.00811178828044,221.63420900289148,183
FIRM0183,Simulated firm 183,2008,234.3627250268562,97.00811178828044,183
FIRM0183,Simulated firm 183,2009,152.95637417297772,234.3627250268562,183
FIRM0183,Simulated firm 183,2010,186.27934947915517,152.95637417297772,183
FIRM0183,Simulated firm 183,2011,106.56453568421843,186.27934947915517,183
FIRM0183,Simulated firm 183,2012,201.46340998597648,106.56453568421843,183
FIRM0183,Simulated firm 183,2013,192.49403538291878,201.46340998597648,183
FIRM0183,Simulated firm 183,2014,189.4952806405942,192.49403538291878,183
FIRM0184,Simulated firm 184,2001,314.92827377656505,240.24456933433137,184
FIRM0184,Simulated firm 184,2002,417.12298921368165,314.92827377656505,184
FIRM0184,Simulated firm 184,2003,500.5078778104186,417.12298921368165,184
FIRM0184,Simulated firm 184,2004,304.3719911882656,500.5078778104186,184
FIRM0184,Simulated firm 184,2005,306.24609131299917,304.3719911882656,184
FIRM0184,Simulated firm 184,2006,230.00586355514227,306.24609131299917,184
FIRM0184,Simulated firm 184,2007,691.7038458293066,230.00586355514227,184
FIRM0184,Simulated firm 184,2008,326.1707661595959,691.7038458293066,184
FIRM0184,Simulated firm 184,2009,347.0570213232874,326.1707661595959,184
FIRM0184,Simulated firm 184,2010,335.1465614607443,347.0570213232874,184
FIRM0184,Simulated firm 184,2011,368.743289333896,335.1465614607443,184
FIRM0184,Simulated firm 184,2012,511.4717856775958,368.743289333896,184
FIRM0184,Simulated firm 184,2013,373.44094116956154,511.4717856775958,184
FIRM0184,Simulated firm 184,2014,714.0605002584277,373.44094116956154,184
FIRM0185,Simulated firm 185,2001,454.0518757136952,336.90267888719154,185
FIRM0185,Simulated firm 185,2002,305.2175161302902,454.0518757136952,185
FIRM0185,Simulated firm 185,2003,243.38318986232258,305.2175161302902,185
FIRM0185,Simulated firm 185,2004,322.6666772723495,243.38318986232258,185
FIRM0185,Simulated firm 185,2005,374.1296073967758,322.6666772723495,185
FIRM0185,Simulated firm 185,2006,272.764547219575,374.1296073967758,185
FIRM0185,Simulated firm 185,2007,433.65820040738566,272.764547219575,185
FIRM0185,Simulated firm 185,2008,292.94136326319267,433.65820040738566,185
FIRM0185,Simulated firm 185,2009,255.25736183943025,292.94136326319267,185
FIRM0185,Simulated firm 185,2010,577.5348735751047,255.25736183943025,185
FIRM0185,Simulated firm 185,2011,269.53593208881495,577.5348735751047,185
FIRM0185,Simulated firm 185,2012,290.9355893519814,269.53593208881495,185
FIRM0185,Simulated firm 185,2013,389.8893912467974,290.9355893519814,185
FIRM0185,Simulated firm 185,2014,302.74092657952974,389.8893912467974,185
FIRM0186,Simulated firm 186,2001,167.87986260801193,151.9344788964345,186
FIRM0186,Simulated firm 186,2002,310.0963089932487,167.87986260801193,186
FIRM0186,Simulated firm 186,2003,222.94820787617388,310.0963089932487,186
FIRM0186,Simulated firm 186,2004,234.29939655598056,222.94820787617388,186
FIRM0186,Simulated firm 186,2005,109.5810423136574,234.29939655598056,186
FIRM0186,Simulated firm 186,2006,215.60685251532124,109.5810423136574,186
FIRM0186,Simulated firm 186,2007,175.5941999197556,215.60685251532124,186
FIRM0186,Simulated firm 186,2008,200.41695672818435,175.5941999197556,186
FIRM0186,Simulated firm 186,2009,120.45155680387843,200.41695672818435,186
FIRM0186,Simulated firm 186,2010,245.96180111688895,120.45155680387843,186
FIRM0186,Simulated firm 186,2011,175.2198270112405,245.96180111688895,186
FIRM0186,Simulated firm 186,2012,146.4209157096671,175.2198270112405,186
FIRM0186,Simulated firm 186,2013,203.24664894599456,146.4209157096671,186
FIRM0186,Simulated firm 186,2014,58.56802393394199,203.24664894599456,186
FIRM0187,Simulated firm 187,2001,62.78721970837177,79.8388173981994,187
FIRM0187,Simulated firm 187,2002,54.752730134462375,62.78721970837177,187
FIRM0187,Simulated firm 187,2003,63.15505676514463,54.752730134462375,187
FIRM0187,Simulated firm 187,2004,90.75689095584892,63.15505676514463,187
FIRM0187,Simulated firm 187,2005,80.55633622777864,90.75689095584892,187
FIRM0187,Simulated firm 187,2006,73.02797618687337,80.55633622777864,187
FIRM0187,Simulated firm 187,2007,81.50738334650568,73.02797618687337,187
FIRM0187,Simulated firm 187,2008,74.4819707155619,81.50738334650568,187
FIRM0187,Simulated firm 187,2009,51.318463233667224,74.4819707155619,187
FIRM0187,Simulated firm 187,2010,76.96269992844277,51.318463233667224,187
FIRM0187,Simulated firm 187,2011,84.15268194650895,76.96269992844277,187
FIRM0187,Simulated firm 187,2012,85.47365928661847,84.15268194650895,187
FIRM0187,Simulated firm 187,2013,48.870168374136576,85.47365928661847,187
FIRM0187,Simulated firm 187,2014,56.35039951479814,48.870168374136576,187
FIRM0188,Simulated firm 188,2001,341.3778735053496,315.12693313099214,188
FIRM0188,Simulated firm 188,2002,411.5964103645085,341.3778735053496,188
FIRM0188,Simulated firm 188,2003,383.43316013682653,411.5964103645085,188
FIRM0188,Simulated firm 188,2004,383.46106360700895,383.43316013682653,188
FIRM0188,Simulated firm 188,2005,266.40301555077565,383.46106360700895,188
FIRM0188,Simulated firm 188,2006,70.32536887844768,266.40301555077565,188
FIRM0188,Simulated firm 188,2007,505.3066239505588,70.32536887844768,188
FIRM0188,Simulated firm 188,2008,486.8084026819894,505.3066239505588,188
FIRM0188,Simulated firm 188,2009,362.17003586918446,486.8084026819894,188
FIRM0188,Simulated firm 188,2010,446.0751008433803,362.17003586918446,188
FIRM0188,Simulated firm 188,2011,402.1778561527543,446.0751008433803,188
FIRM0188,Simulated firm 188,2012,459.048736758634,402.1778561527543,188
FIRM0188,Simulated firm 188,2013,451.2563726438582,459.048736758634,188
FIRM0188,Simulated firm 188,2014,604.5171414438646,451.2563726438582,188
FIRM0189,Simulated firm 189,2001,163.40702571085205,142.4007713906178,189
FIRM0189,Simulated firm 189,2002,157.69599276811147,163.40702571085205,189
FIRM0189,Simulated firm 189,2003,143.31948028824965,157.69599276811147,189
FIRM0189,Simulated firm 189,2004,135.869270342075,143.31948028824965,189
FIRM0189,Simulated firm 189,2005,217.40278860561827,135.869270342075,189
FIRM0189,Simulated firm 189,2006,143.3629922940297,217.40278860561827,189
FIRM0189,Simulated firm 189,2007,169.25129602728347,143.3629922940297,189
FIRM0189,Simulated firm 189,2008,212.3745081644377,169.25129602728347,189
FIRM0189,Simulated firm 189,2009,122.43408447038969,212.3745081644377,189
FIRM0189,Simulated firm 189,2010,161.4558083226354,122.43408447038969,189
FIRM0189,Simulated firm 189,2011,143.56571856106729,161.4558083226354,189
FIRM0189,Simulated firm 189,2012,158.41328938062287,143.56571856106729,189
FIRM0189,Simulated firm 189,2013,133.1668168867308,158.41328938062287,189
FIRM0189,Simulated firm 189,2014,278.624081409219,133.1668168867308,189
FIRM0190,Simulated firm 190,2001,443.6158039942434,332.25846802796974,190
FIRM0190,Simulated firm 190,2002,527.7349773153603,443.6158039942434,190
FIRM0190,Simulated firm 190,2003,369.64413703410094,527.7349773153603,190
FIRM0190,Simulated firm 190,2004,428.26848158602814,369.64413703410094,190
FIRM0190,Simulated firm 190,2005,306.3495899169001,428.26848158602814,190
FIRM0190,Simulated firm 190,2006,343.9132584676594,306.3495899169001,190
FIRM0190,Simulated firm 190,2007,484.01685109477427,343.9132584676594,190
FIRM0190,Simulated firm 190,2008,287.3977767349173,484.01685109477427,190
FIRM0190,Simulated firm 190,2009,537.315177654315,287.3977767349173,190
FIRM0190,Simulated firm 190,2010,618.2780804876793,537.315177654315,190
FIRM0190,Simulated firm 190,2011,562.0648351415529,618.2780804876793,190
FIRM0190,Simulated firm 190,2012,591.7042391842859,562.0648351415529,190
FIRM0190,Simulated firm 190,2013,257.8779930067509,591.7042391842859,190
FIRM0190,Simulated firm 190,2014,289.6694099050388,257.8779930067509,190
FIRM0191,Simulated firm 191,2001,104.69208307476269,124.86735674894378,191
FIRM0191,Simulated firm 191,2002,91.54728449833387,104.69208307476269,191
FIRM0191,Simulated firm 191,2003,118.70393977768607,91.54728449833387,191
FIRM0191,Simulated firm 191,2004,195.9146831871613,118.70393977768607,191
FIRM0191,Simulated firm 191,2005,211.8448275983122,195.9146831871613,191
FIRM0191,Simulated firm 191,2006,107.70636077845852,211.8448275983122,191
FIRM0191,Simulated firm 191,2007,135.5315634364423,107.70636077845852,191
FIRM0191,Simulated firm 191,2008,146.6904372263171,135.5315634364423,191
FIRM0191,Simulated firm 191,2009,125.08270668588399,146.6904372263171,191
FIRM0191,Simulated firm 191,2010,182.19783280975625,125.08270668588399,191
FIRM0191,Simulated firm 191,2011,29.2886154390881,182.19783280975625,191
FIRM0191,Simulated firm 191,2012,114.49186590144237,29.2886154390881,191
FIRM0191,Simulated firm 191,2013,109.0003661814307,114.49186590144237,191
FIRM0191,Simulated firm 191,2014,124.87275435025954,109.0003661814307,191
FIRM0192,Simulated firm 192,2001,73.4712923525749,41.16316472211358,192
FIRM0192,Simulated firm 192,2002,80.0357104045605,73.4712923525749,192
FIRM0192,Simulated firm 192,2003,44.982080340469565,80.0357104045605,192
FIRM0192,Simulated firm 192,2004,81.28709867805493,44.982080340469565,192
FIRM0192,Simulated firm 192,2005,60.080575286999164,81.28709867805493,192
FIRM0192,Simulated firm 192,2006,80.89937533146261,60.080575286999164,192
FIRM0192,Simulated firm 192,2007,80.48127470154792,80.89937533146261,192
FIRM0192,Simulated firm 192,2008,80.92413473226807,80.48127470154792,192
FIRM0192,Simulated firm 192,2009,94.93987839836733,80.92413473226807,192
FIRM0192,Simulated firm 192,2010,36.262251341734085,94.93987839836733,192
FIRM0192,Simulated firm 192,2011,59.52301672127502,36.262251341734085,192
FIRM0192,Simulated firm 192,2012,72.9748289792083,59.52301672127502,192
FIRM0192,Simulated firm 192,2013,50.75698648651854,72.9748289792083,192
FIRM0192,Simulated firm 192,2014,92.5794910018771,50.75698648651854,192
FIRM0193,Simulated firm 193,2001,524.7629410319928,46.66715062914566,193
FIRM0193,Simulated firm 193,2002,529.8432467941822,524.7629410319928,193
FIRM0193,Simulated firm 193,2003,396.4321729167991,529.8432467941822,193
FIRM0193,Simulated firm 193,2004,391.42128269360995,396.4321729167991,193
FIRM0193,Simulated firm 193,2005,290.72013379489306,391.42128269360995,193
FIRM0193,Simulated firm 193,2006,415.1818637949263,290.72013379489306,193
FIRM0193,Simulated firm 193,2007,502.7695220609174,415.1818637949263,193
FIRM0193,Simulated firm 193,2008,442.8068958583673,502.7695220609174,193
FIRM0193,Simulated firm 193,2009,581.9877338236772,442.8068958583673,193
FIRM0193,Simulated firm 193,2010,376.5471955600927,581.9877338236772,193
FIRM0193,Simulated firm 193,2011,376.43001181013966,376.5471955600927,193
FIRM0193,Simulated firm 193,2012,331.83990390705475,376.43001181013966,193
FIRM0193,Simulated firm 193,2013,692.1161001516454,331.83990390705475,193
FIRM0193,Simulated firm 193,2014,290.1403832456729,692.1161001516454,193
FIRM0194,Simulated firm 194,2001,112.92644845570175,110.13097860838113,194
FIRM0194,Simulated firm 194,2002,111.62944631724973,112.92644845570175,194
FIRM0194,Simulated firm 194,2003,75.52041147029365,111.62944631724973,194
FIRM0194,Simulated firm 194,2004,67.23980411345754,75.52041147029365,194
FIRM0194,Simulated firm 194,2005,88.53814983915947,67.23980411345754,194
FIRM0194,Simulated firm 194,2006,105.93420986474312,88.53814983915947,194
FIRM0194,Simulated firm 194,2007,79.3058344971629,105.93420986474312,194
FIRM0194,Simulated firm 194,2008,85.54639466362097,79.3058344971629,194
FIRM0194,Simulated firm 194,2009,79.62642708435381,85.54639466362097,194
FIRM0194,Simulated firm 194,2010,94.29187693302167,79.62642708435381,194
FIRM0194,Simulated firm 194,2011,92.76246542341123,94.29187693302167,194
FIRM0194,Simulated firm 194,2012,136.76184101943159,92.76246542341123,194
FIRM0194,Simulated firm 194,2013,106.54070873751503,136.76184101943159,194
FIRM0194,Simulated firm 194,2014,67.98418731603827,106.54070873751503,194
FIRM0195,Simulated firm 195,2001,125.40070125104478,78.38833901009505,195
FIRM0195,Simulated firm 195,2002,104.84921467687217,125.40070125104478,195
FIRM0195,Simulated firm 195,2003,171.83220807697123,104.84921467687217,195
FIRM0195,Simulated firm 195,2004,171.67487743390976,171.83220807697123,195
FIRM0195,Simulated firm 195,2005,83.89356918284068,171.67487743390976,195
FIRM0195,Simulated firm 195,2006,112.52557122176835,83.89356918284068,195
FIRM0195,Simulated firm 195,2007,78.60216260023746,112.52557122176835,195
FIRM0195,Simulated firm 195,2008,124.83439479249367,78.60216260023746,195
FIRM0195,Simulated firm 195,2009,161.68624925543736,124.83439479249367,195
FIRM0195,Simulated firm 195,2010,108.56554525769798,161.68624925543736,195
FIRM0195,Simulated firm 195,2011,94.52737696672287,108.56554525769798,195
FIRM0195,Simulated firm 195,2012,115.4412498164731,94.52737696672287,195
FIRM0195,Simulated firm 195,2013,131.68542366303254,115.4412498164731,195
FIRM0195,Simulated firm 195,2014,131.9293072161803,131.68542366303254,195
FIRM0196,Simulated firm 196,2001,259.27868527200536,274.9909567962324,196
FIRM0196,Simulated firm 196,2002,322.06072938828544,259.27868527200536,196
FIRM0196,Simulated firm 196,2003,279.31096249921364,322.06072938828544,196
FIRM0196,Simulated firm 196,2004,413.286087488491,279.31096249921364,196
FIRM0196,Simulated firm 196,2005,278.51827400918836,413.286087488491,196
FIRM0196,Simulated firm 196,2006,309.31353266666156,278.51827400918836,196
FIRM0196,Simulated firm 196,2007,332.81659336111426,309.31353266666156,196
FIRM0196,Simulated firm 196,2008,214.75125599210767,332.81659336111426,196
FIRM0196,Simulated firm 196,2009,264.30342965522726,214.75125599210767,196
FIRM0196,Simulated firm 196,2010,1895.029455825742,264.30342965522726,196
FIRM0196,Simulated firm 196,2011,377.65006948492294,1895.029455825742,196
FIRM0196,Simulated firm 196,2012,77.34675834506693,377.65006948492294,196
FIRM0196,Simulated firm 196,2013,362.6080481464281,77.34675834506693,196
FIRM0196,Simulated firm 196,2014,411.32628400220347,362.6080481464281,196
FIRM0197,Simulated firm 197,2001,532.7334647665382,411.4148416631206,197
FIRM0197,Simulated firm 197,2002,512.3770975242596,532.7334647665382,197
FIRM0197,Simulated firm 197,2003,327.13977371454587,512.3770975242596,197
FIRM0197,Simulated firm 197,2004,411.9608873146261,327.13977371454587,197
FIRM0197,Simulated firm 197,2005,647.8881061810627,411.9608873146261,197
FIRM0197,Simulated firm 197,2006,696.1382356625204,647.8881061810627,197
FIRM0197,Simulated firm 197,2007,540.9748160485753,696.1382356625204,197
FIRM0197,Simulated firm 197,2008,374.8017161850033,540.9748160485753,197
FIRM0197,Simulated firm 197,2009,254.65625147921932,374.8017161850033,197
FIRM0197,Simulated firm 197,2010,363.0856400077395,254.65625147921932,197
FIRM0197,Simulated firm 197,2011,317.365440390754,363.0856400077395,197
FIRM0197,Simulated firm 197,2012,662.4333286195031,317.365440390754,197
FIRM0197,Simulated firm 197,2013,281.41490769478554,662.4333286195031,197
FIRM0197,Simulated firm 197,2014,329.1315097521732,281.41490769478554,197
FIRM0198,Simulated firm 198,2001,112.80046308669174,119.00024609204048,198
FIRM0198,Simulated firm 198,2002,165.84252572137925,112.80046308669174,198
FIRM0198,Simulated firm 198,2003,130.96538210200862,165.84252572137925,198
FIRM0198,Simulated firm 198,2004,108.9381189082469,130.96538210200862,198
FIRM0198,Simulated firm 198,2005,154.31707924354754,108.9381189082469,198
FIRM0198,Simulated firm 198,2006,102.42396476322823,154.31707924354754,198
FIRM0198,Simulated firm 198,2007,169.90722696897484,102.42396476322823,198
FIRM0198,Simulated firm 198,2008,91.42585211403916,169.90722696897484,198
FIRM0198,Simulated firm 198,2009,57.72185042396922,91.42585211403916,198
FIRM0198,Simulated firm 198,2010,111.78619858538458,57.72185042396922,198
FIRM0198,Simulated firm 198,2011,68.17982119321805,111.78619858538458,198
FIRM0198,Simulated firm 198,2012,142.57933889036318,68.17982119321805,198
FIRM0198,Simulated firm 198,2013,117.304472420232,142.57933889036318,198
FIRM0198,Simulated firm 198,2014,170.04655531880908,117.304472420232,198
FIRM0199,Simulated firm 199,2001,117.54219655301668,156.88050582065716,199
FIRM0199,Simulated firm 199,2002,187.0674737284168,117.54219655301668,199
FIRM0199,Simulated firm 199,2003,146.12366781751894,187.0674737284168,199
FIRM0199,Simulated firm 199,2004,202.4486285053434,146.12366781751894,199
FIRM0199,Simulated firm 199,2005,135.804177743747,202.4486285053434,199
FIRM0199,Simulated firm 199,2006,237.69657355249433,135.804177743747,199
FIRM0199,Simulated firm 199,2007,169.8093353428389,237.69657355249433,199
FIRM0199,Simulated firm 199,2008,161.19798045020076,169.8093353428389,199
FIRM0199,Simulated firm 199,2009,233.00857822556654,161.19798045020076,199
FIRM0199,Simulated firm 199,2010,211.64335033663554,233.00857822556654,199
FIRM0199,Simulated firm 199,2011,140.05124519689542,211.64335033663554,199
FIRM0199,Simulated firm 199,2012,209.9471235930026,140.05124519689542,199
FIRM0199,Simulated firm 199,2013,198.08023842587636,209.9471235930026,199
FIRM0199,Simulated firm 199,2014,163.41494628888856,198.08023842587636,199
FIRM0200,Simulated firm 200,2001,552.3828080554025,477.6930874781761,200
FIRM0200,Simulated firm 200,2002,383.0169919287129,552.3828080554025,200
FIRM0200,Simulated firm 200,2003,383.3384643417548,383.0169919287129,200
FIRM0200,Simulated firm 200,2004,378.20877221061124,383.3384643417548,200
FIRM0200,Simulated firm 200,2005,322.8665748777443,378.20877221061124,200
FIRM0200,Simulated firm 200,2006,382.0394572015453,322.8665748777443,200
FIRM0200,Simulated firm 200,2007,371.66424112127305,382.0394572015453,200
FIRM0200,Simulated firm 200,2008,366.43368664708987,371.66424112127305,200
FIRM0200,Simulated firm 200,2009,365.1083585035988,366.43368664708987,200
FIRM0200,Simulated firm 200,2010,294.05608100097885,365.1083585035988,200
FIRM0200,Simulated firm 200,2011,506.1887759711638,294.05608100097885,200
FIRM0200,Simulated firm 200,2012,74.86603729843735,506.1887759711638,200
FIRM0200,Simulated firm 200,2013,561.5756512664306,74.86603729843735,200
FIRM0200,Simulated firm 200,2014,307.870645690653,561.5756512664306,200
FIRM0201,Simulated firm 201,2001,125.52577107069546,742.017622660042,201
FIRM0201,Simulated firm 201,2002,606.5357930336592,125.52577107069546,201
FIRM0201,Simulated firm 201,2003,498.0990561502599,606.5357930336592,201
FIRM0201,Simulated firm 201,2004,352.78795734217493,498.0990561502599,201
FIRM0201,Simulated firm 201,2005,356.85929136824154,352.78795734217493,201
FIRM0201,Simulated firm 201,2006,409.59298870210137,356.85929136824154,201
FIRM0201,Simulated firm 201,2007,435.03797162144696,409.59298870210137,201
FIRM0201,Simulated firm 201,2008,477.62581701959243,435.03797162144696,201
FIRM0201,Simulated firm 201,2009,524.8643141663065,477.62581701959243,201
FIRM0201,Simulated firm 201,2010,462.2648361555863,524.8643141663065,201
FIRM0201,Simulated firm 201,2011,517.6498579641735,462.2648361555863,201
FIRM0201,Simulated firm 201,2012,539.2306166849551,517.6498579641735,201
FIRM0201,Simulated firm 201,2013,457.2681225358914,539.2306166849551,201
FIRM0201,Simulated firm 201,2014,567.8405886511263,457.2681225358914,201
FIRM0202,Simulated firm 202,2001,290.51312292746854,321.996604530685,202
FIRM0202,Simulated firm 202,2002,294.8330609672075,290.51312292746854,202
FIRM0202,Simulated firm 202,2003,270.76639702662385,294.8330609672075,202
FIRM0202,Simulated firm 202,2004,343.4357200243017,270.76639702662385,202
FIRM0202,Simulated firm 202,2005,257.07296320342647,343.4357200243017,202
FIRM0202,Simulated firm 202,2006,220.12311975336286,257.07296320342647,202
FIRM0202,Simulated firm 202,2007,258.95733817677564,220.12311975336286,202
FIRM0202,Simulated firm 202,2008,189.51952371263764,258.95733817677564,202
FIRM0202,Simulated firm 202,2009,184.56078755580694,189.51952371263764,202
FIRM0202,Simulated firm 202,2010,322.4207861180927,184.56078755580694,202
FIRM0202,Simulated firm 202,2011,373.69312515397684,322.4207861180927,202
FIRM0202,Simulated firm 202,2012,237.76816652936702,373.69312515397684,202
FIRM0202,Simulated firm 202,2013,323.2705126200178,237.76816652936702,202
FIRM0202,Simulated firm 202,2014,168.3901111641375,323.2705126200178,202
FIRM0203,Simulated firm 203,2001,118.43645056994757,55.57465948009912,203
FIRM0203,Simulated firm 203,2002,99.46964772068537,118.43645056994757,203
FIRM0203,Simulated firm 203,2003,88.0353797629139,99.46964772068537,203
FIRM0203,Simulated firm 203,2004,134.0760490759207,88.0353797629139,203
FIRM0203,Simulated firm 203,2005,85.00327367678666,134.0760490759207,203
FIRM0203,Simulated firm 203,2006,68.59272949542455,85.00327367678666,203
FIRM0203,Simulated firm 203,2007,61.26677462785694,68.59272949542455,203
FIRM0203,Simulated firm 203,2008,88.5753866164518,61.26677462785694,203
FIRM0203,Simulated firm 203,2009,92.58587934103177,88.5753866164518,203
FIRM0203,Simulated firm 203,2010,83.74545706762079,92.58587934103177,203
FIRM0203,Simulated firm 203,2011,111.27610319086958,83.74545706762079,203
FIRM0203,Simulated firm 203,2012,123.71932793472077,111.27610319086958,203
FIRM0203,Simulated firm 203,2013,23.609261740889977,123.71932793472077,203
FIRM0203,Simulated firm 203,2014,57.58418127830121,23.609261740889977,203
FIRM0204,Simulated firm 204,2001,35.407069460756475,28.44157413042386,204
FIRM0204,Simulated firm 204,2002,24.336333301103803,35.407069460756475,204
FIRM0204,Simulated firm 204,2003,23.937096456426218,24.336333301103803,204
FIRM0204,Simulated firm 204,2004,2.521207504737727,23.937096456426218,204
FIRM0204,Simulated firm 204,2005,28.266361305418446,2.521207504737727,204
FIRM0204,Simulated firm 204,2006,30.36757438815007,28.266361305418446,204
FIRM0204,Simulated firm 204,2007,28.467709604514305,30.36757438815007,204
FIRM0204,Simulated firm 204,2008,43.40683048765727,28.467709604514305,204
FIRM0204,Simulated firm 204,2009,38.168907436932734,43.40683048765727,204
FIRM0204,Simulated firm 204,2010,31.651686715438014,38.168907436932734,204
FIRM0204,Simulated firm 204,2011,34.457617817435235,31.651686715438014,204
FIRM0204,Simulated firm 204,2012,33.84956035786098,34.457617817435235,204
FIRM0204,Simulated firm 204,2013,28.216497070274922,33.84956035786098,204
FIRM0204,Simulated firm 204,2014,10.515555688770323,28.216497070274922,204
FIRM0205,Simulated firm 205,2001,98.20244060616626,115.75554965043247,205
FIRM0205,Simulated firm 205,2002,466.1936058245485,98.20244060616626,205
FIRM0205,Simulated firm 205,2003,214.47265811929898,466.1936058245485,205
FIRM0205,Simulated firm 205,2004,130.27661327325575,214.47265811929898,205
FIRM0205,Simulated firm 205,2005,130.83212229523176,130.27661327325575,205
FIRM0205,Simulated firm 205,2006,149.80408481528139,130.83212229523176,205
FIRM0205,Simulated firm 205,2007,124.42473990801447,149.80408481528139,205
FIRM0205,Simulated firm 205,2008,100.92737544178723,124.42473990801447,205
FIRM0205,Simulated firm 205,2009,94.19029997178198,100.92737544178723,205
FIRM0205,Simulated firm 205,2010,212.02465152914453,94.19029997178198,205
FIRM0205,Simulated firm 205,2011,86.64399520520928,212.02465152914453,205
FIRM0205,Simulated firm 205,2012,140.25362421109347,86.64399520520928,205
FIRM0205,Simulated firm 205,2013,88.96457621427524,140.25362421109347,205
FIRM0205,Simulated firm 205,2014,125.91228027778446,88.96457621427524,205
FIRM0206,Simulated firm 206,2001,58.79884753217956,75.76126756403912,206
FIRM0206,Simulated firm 206,2002,96.67065051182503,58.79884753217956,206
FIRM0206,Simulated firm 206,2003,63.5321561752294,96.67065051182503,206
FIRM0206,Simulated firm 206,2004,57.13972375832258,63.5321561752294,206
FIRM0206,Simulated firm 206,2005,99.4967571432358,57.13972375832258,206
FIRM0206,Simulated firm 206,2006,75.8407448487301,99.4967571432358,206
FIRM0206,Simulated firm 206,2007,68.63514712561367,75.8407448487301,206
FIRM0206,Simulated firm 206,2008,101.14704307088637,68.63514712561367,206
FIRM0206,Simulated firm 206,2009,62.822759110528175,101.14704307088637,206
FIRM0206,Simulated firm 206,2010,54.13805999414464,62.822759110528175,206
FIRM0206,Simulated firm 206,2011,113.40656595596849,54.13805999414464,206
FIRM0206,Simulated firm 206,2012,129.48653510718685,113.40656595596849,206
FIRM0206,Simulated firm 206,2013,79.9898444030856,129.48653510718685,206
FIRM0206,Simulated firm 206,2014,41.37792227256467,79.9898444030856,206
FIRM0207,Simulated firm 207,2001,425.9254874139623,330.57975561925684,207
FIRM0207,Simulated firm 207,2002,456.5184999814868,425.9254874139623,207
FIRM0207,Simulated firm 207,2003,266.9286151545484,456.5184999814868,207
FIRM0207,Simulated firm 207,2004,318.1115894163072,266.9286151545484,207
FIRM0207,Simulated firm 207,2005,364.3992391309523,318.1115894163072,207
FIRM0207,Simulated firm 207,2006,419.1615225439856,364.3992391309523,207
FIRM0207,Simulated firm 207,2007,407.0743487537095,419.1615225439856,207
FIRM0207,Simulated firm 207,2008,389.6563409018799,407.0743487537095,207
FIRM0207,Simulated firm 207,2009,734.4966665271007,389.6563409018799,207
FIRM0207,Simulated firm 207,2010,337.4462368300444,734.4966665271007,207
FIRM0207,Simulated firm 207,2011,501.9876923923964,337.4462368300444,207
FIRM0207,Simulated firm 207,2012,298.7797488202936,501.9876923923964,207
FIRM0207,Simulated firm 207,2013,408.78901194913567,298.7797488202936,207
FIRM0207,Simulated firm 207,2014,308.7791797253162,408.78901194913567,207
FIRM0208,Simulated firm 208,2001,78.55895239476976,75.65334316137908,208
FIRM0208,Simulated firm 208,2002,69.25116582773634,78.55895239476976,208
FIRM0208,Simulated firm 208,2003,104.9828333399853,69.25116582773634,208
FIRM0208,Simulated firm 208,2004,70.98912174260757,104.9828333399853,208
FIRM0208,Simulated firm 208,2005,77.56211475682616,70.98912174260757,208
FIRM0208,Simulated firm 208,2006,89.9965279576524,77.56211475682616,208
FIRM0208,Simulated firm 208,2007,145.4708535397745,89.9965279576524,208
FIRM0208,Simulated firm 208,2008,90.86512697609079,145.4708535397745,208
FIRM0208,Simulated firm 208,2009,79.24301820190846,90.86512697609079,208
FIRM0208,Simulated firm 208,2010,49.24667929749779,79.24301820190846,208
FIRM0208,Simulated firm 208,2011,75.16303033381935,49.24667929749779,208
FIRM0208,Simulated firm 208,2012,66.38746766243472,75.16303033381935,208
FIRM0208,Simulated firm 208,2013,21.785433792997004,66.38746766243472,208
FIRM0208,Simulated firm 208,2014,69.84023617041201,21.785433792997004,208
FIRM0209,Simulated firm 209,2001,250.62629302590477,300.84230527296995,209
FIRM0209,Simulated firm 209,2002,210.41063915445636,250.62629302590477,209
FIRM0209,Simulated firm 209,2003,328.21894778541696,210.41063915445636,209
FIRM0209,Simulated firm 209,2004,193.9064463780573,328.21894778541696,209
FIRM0209,Simulated firm 209,2005,262.5790928191603,193.9064463780573,209
FIRM0209,Simulated firm 209,2006,252.36168460621383,262.5790928191603,209
FIRM0209,Simulated firm 209,2007,285.3901669068526,252.36168460621383,209
FIRM0209,Simulated firm 209,2008,348.56588831302156,285.3901669068526,209
FIRM0209,Simulated firm 209,2009,513.4082760157464,348.56588831302156,209
FIRM0209,Simulated firm 209,2010,265.55379990386217,513.4082760157464,209
FIRM0209,Simulated firm 209,2011,221.68130690502474,265.55379990386217,209
FIRM0209,Simulated firm 209,2012,216.83094477328245,221.68130690502474,209
FIRM0209,Simulated firm 209,2013,216.60439654198646,216.83094477328245,209
FIRM0209,Simulated firm 209,2014,282.7090360620206,216.60439654198646,209
FIRM0210,Simulated firm 210,2001,257.00562909781115,211.45967676068784,210
FIRM0210,Simulated firm 210,2002,379.7527727618934,257.00562909781115,210
FIRM0210,Simulated firm 210,2003,446.8551324245464,379.7527727618934,210
FIRM0210,Simulated firm 210,2004,447.5956910798018,446.8551324245464,210
FIRM0210,Simulated firm 210,2005,177.8100140265902,447.5956910798018,210
FIRM0210,Simulated firm 210,2006,430.85336360491686,177.8100140265902,210
FIRM0210,Simulated firm 210,2007,470.4466574116053,430.85336360491686,210
FIRM0210,Simulated firm 210,2008,318.396931632097,470.4466574116053,210
FIRM0210,Simulated firm 210,2009,456.72676788212806,318.396931632097,210
FIRM0210,Simulated firm 210,2010,238.26172827313016,456.72676788212806,210
FIRM0210,Simulated firm 210,2011,255.45679974587705,238.26172827313016,210
FIRM0210,Simulated firm 210,2012,322.90016380042067,255.45679974587705,210
FIRM0210,Simulated firm 210,2013,231.9009383700207,322.90016380042067,210
FIRM0210,Simulated firm 210,2014,405.76136538383855,231.9009383700207,210
FIRM0211,Simulated firm 211,2001,287.5430592107414,259.98282703579537,211
FIRM0211,Simulated firm 211,2002,142.65344334130398,287.5430592107414,211
FIRM0211,Simulated firm 211,2003,290.1403066791499,142.65344334130398,211
FIRM0211,Simulated firm 211,2004,271.61872105921185,290.1403066791499,211
FIRM0211,Simulated firm 211,2005,245.80975527937304,271.61872105921185,211
FIRM0211,Simulated firm 211,2006,339.00563540496097,245.80975527937304,211
FIRM0211,Simulated firm 211,2007,258.70301095751944,339.00563540496097,211
FIRM0211,Simulated firm 211,2008,289.20053052928967,258.70301095751944,211
FIRM0211,Simulated firm 211,2009,325.1764281576872,289.20053052928967,211
FIRM0211,Simulated firm 211,2010,397.1695152548541,325.1764281576872,211
FIRM0211,Simulated firm 211,2011,388.1904277800432,397.1695152548541,211
FIRM0211,Simulated firm 211,2012,264.04848751708124,388.1904277800432,211
FIRM0211,Simulated firm 211,2013,242.90771782701646,264.04848751708124,211
FIRM0211,Simulated firm 211,2014,420.250959687433,242.90771782701646,211
FIRM0212,Simulated firm 212,2001,98.74189460954243,100.16732171763569,212
FIRM0212,Simulated firm 212,2002,75.2383746199118,98.74189460954243,212
FIRM0212,Simulated firm 212,2003,69.0031240559801,75.2383746199118,212
FIRM0212,Simulated firm 212,2004,116.97197475714111,69.0031240559801,212
FIRM0212,Simulated firm 212,2005,108.41667418698543,116.97197475714111,212
FIRM0212,Simulated firm 212,2006,138.73340431114576,108.41667418698543,212
FIRM0212,Simulated firm 212,2007,95.55072578156903,138.73340431114576,212
FIRM0212,Simulated firm 212,2008,123.61892864058287,95.55072578156903,212
FIRM0212,Simulated firm 212,2009,136.72783431339994,123.61892864058287,212
FIRM0212,Simulated firm 212,2010,96.42442808633689,136.72783431339994,212
FIRM0212,Simulated firm 212,2011,105.90753729457045,96.42442808633689,212
FIRM0212,Simulated firm 212,2012,87.30477715869098,105.90753729457045,212
FIRM0212,Simulated firm 212,2013,140.08499302171313,87.30477715869098,212
FIRM0212,Simulated firm 212,2014,131.87296650298873,140.08499302171313,212
FIRM0213,Simulated firm 213,2001,379.4178365057129,471.07170970456224,213
FIRM0213,Simulated firm 213,2002,459.8792072207421,379.4178365057129,213
FIRM0213,Simulated firm 213,2003,210.62317914864548,459.8792072207421,213
FIRM0213,Simulated firm 213,2004,387.5292542066032,210.62317914864548,213
FIRM0213,Simulated firm 213,2005,599.436692118448,387.5292542066032,213
FIRM0213,Simulated firm 213,2006,401.59170243881226,599.436692118448,213
FIRM0213,Simulated firm 213,2007,518.5825284197474,401.59170243881226,213
FIRM0213,Simulated firm 213,2008,379.9282390049149,518.5825284197474,213
FIRM0213,Simulated firm 213,2009,561.0330684179879,379.9282390049149,213
FIRM0213,Simulated firm 213,2010,329.6964930062111,561.0330684179879,213
FIRM0213,Simulated firm 213,2011,446.95862459398234,329.6964930062111,213
FIRM0213,Simulated firm 213,2012,344.2732528284056,446.95862459398234,213
FIRM0213,Simulated firm 213,2013,428.28712005078324,344.2732528284056,213
FIRM0213,Simulated firm 213,2014,351.2906359197092,428.28712005078324,213
FIRM0214,Simulated firm 214,2001,325.0013940245941,359.1182433492762,214
FIRM0214,Simulated firm 214,2002,424.64015852986375,325.0013940245941,214
FIRM0214,Simulated firm 214,2003,404.40776328716487,424.64015852986375,214
FIRM0214,Simulated firm 214,2004,305.66568584926074,404.40776328716487,214
FIRM0214,Simulated firm 214,2005,303.6732937663011,305.66568584926074,214
FIRM0214,Simulated firm 214,2006,289.3595488101321,303.6732937663011,214
FIRM0214,Simulated firm 214,2007,276.6843675879507,289.3595488101321,214
FIRM0214,Simulated firm 214,2008,432.2884565899167,276.6843675879507,214
FIRM0214,Simulated firm 214,2009,285.71166715335136,432.2884565899167,214
FIRM0214,Simulated firm 214,2010,391.50588704511455,285.71166715335136,214
FIRM0214,Simulated firm 214,2011,318.4524255532635,391.50588704511455,214
FIRM0214,Simulated firm 214,2012,611.4151171591507,318.4524255532635,214
FIRM0214,Simulated firm 214,2013,575.9142162686989,611.4151171591507,214
FIRM0214,Simulated firm 214,2014,179.0485819274689,575.9142162686989,214
FIRM0215,Simulated firm 215,2001,327.1151738548275,303.43633888614664,215
FIRM0215,Simulated firm 215,2002,120.12834587215521,327.1151738548275,215
FIRM0215,Simulated firm 215,2003,347.88163742859143,120.12834587215521,215
FIRM0215,Simulated firm 215,2004,270.15024250849785,347.88163742859143,215
FIRM0215,Simulated firm 215,2005,597.7031883139498,270.15024250849785,215
FIRM0215,Simulated firm 215,2006,350.92423419883636,597.7031883139498,215
FIRM0215,Simulated firm 215,2007,416.5183490307618,350.92423419883636,215
FIRM0215,Simulated firm 215,2008,419.84771002454147,416.5183490307618,215
FIRM0215,Simulated firm 215,2009,256.94902865928344,419.84771002454147,215
FIRM0215,Simulated firm 215,2010,339.62779250402974,256.94902865928344,215
FIRM0215,Simulated firm 215,2011,445.7435648483177,339.62779250402974,215
FIRM0215,Simulated firm 215,2012,527.5449001224326,445.7435648483177,215
FIRM0215,Simulated firm 215,2013,341.32844882770087,527.5449001224326,215
FIRM0215,Simulated firm 215,2014,266.9127389019603,341.32844882770087,215
FIRM0216,Simulated firm 216,2001,74.74964357294135,70.94678473259336,216
FIRM0216,Simulated firm 216,2002,19.73719697802877,74.74964357294135,216
FIRM0216,Simulated firm 216,2003,66.03278049615369,19.73719697802877,216
FIRM0216,Simulated firm 216,2004,57.69746756491567,66.03278049615369,216
FIRM0216,Simulated firm 216,2005,62.324246257314414,57.69746756491567,216
FIRM0216,Simulated firm 216,2006,71.0887547100888,62.324246257314414,216
FIRM0216,Simulated firm 216,2007,98.18146991549378,71.0887547100888,216
FIRM0216,Simulated firm 216,2008,108.21385058318114,98.18146991549378,216
FIRM0216,Simulated firm 216,2009,84.14504169417845,108.21385058318114,216
FIRM0216,Simulated firm 216,2010,62.714370309904716,84.14504169417845,216
FIRM0216,Simulated firm 216,2011,72.03015597540062,62.714370309904716,216
FIRM0216,Simulated firm 216,2012,49.82537543433273,72.03015597540062,216
FIRM0216,Simulated firm 216,2013,117.38797472473857,49.82537543433273,216
FIRM0216,Simulated firm 216,2014,69.42049715327691,117.38797472473857,216
FIRM0217,Simulated firm 217,2001,101.57626456028483,86.33446999972143,217
FIRM0217,Simulated firm 217,2002,386.96792604436877,101.57626456028483,217
FIRM0217,Simulated firm 217,2003,96.81557873227953,386.96792604436877,217
FIRM0217,Simulated firm 217,2004,70.84601574493846,96.81557873227953,217
FIRM0217,Simulated firm 217,2005,89.31847371774506,70.84601574493846,217
FIRM0217,Simulated firm 217,2006,120.24764358654289,89.31847371774506,217
FIRM0217,Simulated firm 217,2007,66.34029830449437,120.24764358654289,217
FIRM0217,Simulated firm 217,2008,54.66089224804157,66.34029830449437,217
FIRM0217,Simulated firm 217,2009,63.35335032241659,54.66089224804157,217
FIRM0217,Simulated firm 217,2010,87.75416912066936,63.35335032241659,217
FIRM0217,Simulated firm 217,2011,71.27561648934102,87.75416912066936,217
FIRM0217,Simulated firm 217,2012,76.66181009328582,71.27561648934102,217
FIRM0217,Simulated firm 217,2013,91.58546307309744,76.66181009328582,217
FIRM0217,Simulated firm 217,2014,63.034844932864715,91.58546307309744,217
FIRM0218,Simulated firm 218,2001,402.5490669902644,443.760741048329,218
FIRM0218,Simulated firm 218,2002,695.7917809067903,402.5490669902644,218
FIRM0218,Simulated firm 218,2003,562.4083569898839,695.7917809067903,218
FIRM0218,Simulated firm 218,2004,418.3015007981464,562.4083569898839,218
FIRM0218,Simulated firm 218,2005,412.742722204827,418.3015007981464,218
FIRM0218,Simulated firm 218,2006,720.06438274556,412.742722204827,218
FIRM0218,Simulated firm 218,2007,701.617435435239,720.06438274556,218
FIRM0218,Simulated firm 218,2008,513.2834261765769,701.617435435239,218
FIRM0218,Simulated firm 218,2009,454.28267922615436,513.2834261765769,218
FIRM0218,Simulated firm 218,2010,336.75106577943154,454.28267922615436,218
FIRM0218,Simulated firm 218,2011,371.94646734191883,336.75106577943154,218
FIRM0218,Simulated firm 218,2012,331.1781306334928,371.94646734191883,218
FIRM0218,Simulated firm 218,2013,601.8470162992095,331.1781306334928,218
FIRM0218,Simulated firm 218,2014,337.89821993606193,601.8470162992095,218
FIRM0219,Simulated firm 219,2001,131.53965277195758,186.48576694290747,219
FIRM0219,Simulated firm 219,2002,142.04988811304008,131.53965277195758,219
FIRM0219,Simulated firm 219,2003,246.14973624884055,142.04988811304008,219
FIRM0219,Simulated firm 219,2004,223.3547236799221,246.14973624884055,219
FIRM0219,Simulated firm 219,2005,207.70735000628483,223.3547236799221,219
FIRM0219,Simulated firm 219,2006,187.30088449198988,207.70735000628483,219
FIRM0219,Simulated firm 219,2007,138.16602536743753,187.30088449198988,219
FIRM0219,Simulated firm 219,2008,181.36946503325726,138.16602536743753,219
FIRM0219,Simulated firm 219,2009,198.15365742645565,181.36946503325726,219
FIRM0219,Simulated firm 219,2010,241.67430149391,198.15365742645565,219
FIRM0219,Simulated firm 219,2011,268.490212350531,241.67430149391,219
FIRM0219,Simulated firm 219,2012,248.22147854641554,268.490212350531,219
FIRM0219,Simulated firm 219,2013,223.01239177887803,248.22147854641554,219
FIRM0219,Simulated firm 219,2014,206.91991719367712,223.01239177887803,219
FIRM0220,Simulated firm 220,2001,28.974735574538162,169.57214747388542,220
FIRM0220,Simulated firm 220,2002,164.82599767912612,28.974735574538162,220
FIRM0220,Simulated firm 220,2003,154.34642591562795,164.82599767912612,220
FIRM0220,Simulated firm 220,2004,286.52405626170366,154.34642591562795,220
FIRM0220,Simulated firm 220,2005,170.6582067480142,286.52405626170366,220
FIRM0220,Simulated firm 220,2006,97.18108752320214,170.6582067480142,220
FIRM0220,Simulated firm 220,2007,144.25267846944703,97.18108752320214,220
FIRM0220,Simulated firm 220,2008,150.2405772723169,144.25267846944703,220
FIRM0220,Simulated firm 220,2009,200.63610883352368,150.2405772723169,220
FIRM0220,Simulated firm 220,2010,176.14313127948648,200.63610883352368,220
FIRM0220,Simulated firm 220,2011,100.39900258594557,176.14313127948648,220
FIRM0220,Simulated firm 220,2012,225.24146935300965,100.39900258594557,220
FIRM0220,Simulated firm 220,2013,739.8846915332535,225.24146935300965,220
FIRM0220,Simulated firm 220,2014,191.92335006125387,739.8846915332535,220
FIRM0221,Simulated firm 221,2001,62.83661156425797,227.28282270972363,221
FIRM0221,Simulated firm 221,2002,114.71074860840363,62.83661156425797,221
FIRM0221,Simulated firm 221,2003,335.5246330522494,114.71074860840363,221
FIRM0221,Simulated firm 221,2004,228.74596232315113,335.5246330522494,221
FIRM0221,Simulated firm 221,2005,245.61093013514517,228.74596232315113,221
FIRM0221,Simulated firm 221,2006,222.12378143076697,245.61093013514517,221
FIRM0221,Simulated firm 221,2007,23.325034997516372,222.12378143076697,221
FIRM0221,Simulated firm 221,2008,431.8189836368375,23.325034997516372,221
FIRM0221,Simulated firm 221,2009,246.02048983754412,431.8189836368375,221
FIRM0221,Simulated firm 221,2010,363.12213408127116,246.02048983754412,221
FIRM0221,Simulated firm 221,2011,229.48545751798952,363.12213408127116,221
FIRM0221,Simulated firm 221,2012,213.08749987992974,229.48545751798952,221
FIRM0221,Simulated firm 221,2013,290.2985927798345,213.08749987992974,221
FIRM0221,Simulated firm 221,2014,323.7276443646348,290.2985927798345,221
FIRM0222,Simulated firm 222,2001,316.79759228425274,437.9099090646928,222
FIRM0222,Simulated firm 222,2002,396.3319946113279,316.79759228425274,222
FIRM0222,Simulated firm 222,2003,290.2397755772215,396.3319946113279,222
FIRM0222,Simulated firm 222,2004,337.85575124203456,290.2397755772215,222
FIRM0222,Simulated firm 222,2005,309.3927547052521,337.85575124203456,222
FIRM0222,Simulated firm 222,2006,298.1892876654363,309.3927547052521,222
FIRM0222,Simulated firm 222,2007,341.35210130277187,298.1892876654363,222
FIRM0222,Simulated firm 222,2008,253.3277516471205,341.35210130277187,222
FIRM0222,Simulated firm 222,2009,420.24222847572446,253.3277516471205,222
FIRM0222,Simulated firm 222,2010,298.47689155896336,420.24222847572446,222
FIRM0222,Simulated firm 222,2011,414.7427608286214,298.47689155896336,222
FIRM0222,Simulated firm 222,2012,265.0088120873289,414.7427608286214,222
FIRM0222,Simulated firm 222,2013,298.23048153513054,265.0088120873289,222
FIRM0222,Simulated firm 222,2014,253.13909091644038,298.23048153513054,222
FIRM0223,Simulated firm 223,2001,386.2723790764112,355.3586422342651,223
FIRM0223,Simulated firm 223,2002,376.4356038580954,386.2723790764112,223
FIRM0223,Simulated firm 223,2003,358.9926262119528,376.4356038580954,223
FIRM0223,Simulated firm 223,2004,470.1421877961522,358.9926262119528,223
FIRM0223,Simulated firm 223,2005,543.1734351608825,470.1421877961522,223
FIRM0223,Simulated firm 223,2006,550.6418454912836,543.1734351608825,223
FIRM0223,Simulated firm 223,2007,308.71339619793775,550.6418454912836,223
FIRM0223,Simulated firm 223,2008,437.2905983755711,308.71339619793775,223
FIRM0223,Simulated firm 223,2009,426.9355965614851,437.2905983755711,223
FIRM0223,Simulated firm 223,2010,659.0578809272245,426.9355965614851,223
FIRM0223,Simulated firm 223,2011,441.3195191436648,659.0578809272245,223
FIRM0223,Simulated firm 223,2012,460.4830901650731,441.3195191436648,223
FIRM0223,Simulated firm 223,2013,331.17715199763234,460.4830901650731,223
FIRM0223,Simulated firm 223,2014,383.9702045455434,331.17715199763234,223
FIRM0224,Simulated firm 224,2001,157.12252932530754,107.5306340417639,224
FIRM0224,Simulated firm 224,2002,218.85463806204407,157.12252932530754,224
FIRM0224,Simulated firm 224,2003,127.3175536507171,218.85463806204407,224
FIRM0224,Simulated firm 224,2004,145.47538824564643,127.3175536507171,224
FIRM0224,Simulated firm 224,2005,124.02263975179105,145.47538824564643,224
FIRM0224,Simulated firm 224,2006,132.67550188391087,124.02263975179105,224
FIRM0224,Simulated firm 224,2007,157.93809276399796,132.67550188391087,224
FIRM0224,Simulated firm 224,2008,248.88979240985674,157.93809276399796,224
FIRM0224,Simulated firm 224,2009,215.67415398906343,248.88979240985674,224
FIRM0224,Simulated firm 224,2010,234.0683989183491,215.67415398906343,224
FIRM0224,Simulated firm 224,2011,193.62626934986994,234.0683989183491,224
FIRM0224,Simulated firm 224,2012,145.01403324667734,193.62626934986994,224
FIRM0224,Simulated firm 224,2013,140.28544347798194,145.01403324667734,224
FIRM0224,Simulated firm 224,2014,127.4917367116701,140.28544347798194,224
FIRM0225,Simulated firm 225,2001,425.52245097344104,249.54615416535458,225
FIRM0225,Simulated firm 225,2002,647.3473608799096,425.52245097344104,225
FIRM0225,Simulated firm 225,2003,645.1754411134419,647.3473608799096,225
FIRM0225,Simulated firm 225,2004,818.7514053551909,645.1754411134419,225
FIRM0225,Simulated firm 225,2005,473.77711004774835,818.7514053551909,225
FIRM0225,Simulated firm 225,2006,335.7200521376385,473.77711004774835,225
FIRM0225,Simulated firm 225,2007,645.1603916538719,335.7200521376385,225
FIRM0225,Simulated firm 225,2008,517.2626640524509,645.1603916538719,225
FIRM0225,Simulated firm 225,2009,735.6414283109465,517.2626640524509,225
FIRM0225,Simulated firm 225,2010,672.3937593072934,735.6414283109465,225
FIRM0225,Simulated firm 225,2011,402.09323558156575,672.3937593072934,225
FIRM0225,Simulated firm 225,2012,342.5690854299377,402.09323558156575,225
FIRM0225,Simulated firm 225,2013,340.4789753625124,342.5690854299377,225
FIRM0225,Simulated firm 225,2014,380.9601758252436,340.4789753625124,225
FIRM0226,Simulated firm 226,2001,28.876777746775154,27.12413068390571,226
FIRM0226,Simulated firm 226,2002,36.834242486498724,28.876777746775154,226
FIRM0226,Simulated firm 226,2003,28.64137132111646,36.834242486498724,226
FIRM0226,Simulated firm 226,2004,31.544513306210604,28.64137132111646,226
FIRM0226,Simulated firm 226,2005,21.481556352916265,31.544513306210604,226
FIRM0226,Simulated firm 226,2006,25.85694746104236,21.481556352916265,226
FIRM0226,Simulated firm 226,2007,25.587848568689715,25.85694746104236,226
FIRM0226,Simulated firm 226,2008,20.719861832487798,25.587848568689715,226
FIRM0226,Simulated firm 226,2009,28.471507391160806,20.719861832487798,226
FIRM0226,Simulated firm 226,2010,21.514240854732297,28.471507391160806,226
FIRM0226,Simulated firm 226,2011,27.99749648877617,21.514240854732297,226
FIRM0226,Simulated firm 226,2012,32.14787719131509,27.99749648877617,226
FIRM0226,Simulated firm 226,2013,44.78329204428811,32.14787719131509,226
FIRM0226,Simulated firm 226,2014,25.29477036071872,44.78329204428811,226
FIRM0227,Simulated firm 227,2001,238.97900127565222,286.42454240807103,227
FIRM0227,Simulated firm 227,2002,190.79303709948672,238.97900127565222,227
FIRM0227,Simulated firm 227,2003,867.75933948355,190.79303709948672,227
FIRM0227,Simulated firm 227,2004,291.69715413143905,867.75933948355,227
FIRM0227,Simulated firm 227,2005,315.1733396094662,291.69715413143905,227
FIRM0227,Simulated firm 227,2006,422.65154590814836,315.1733396094662,227
FIRM0227,Simulated firm 227,2007,250.90155132669656,422.65154590814836,227
FIRM0227,Simulated firm 227,2008,205.04150011376197,250.90155132669656,227
FIRM0227,Simulated firm 227,2009,226.21106827917177,205.04150011376197,227
FIRM0227,Simulated firm 227,2010,200.98645767315904,226.21106827917177,227
FIRM0227,Simulated firm 227,2011,370.1940154004495,200.98645767315904,227
FIRM0227,Simulated firm 227,2012,459.9131560560451,370.1940154004495,227
FIRM0227,Simulated firm 227,2013,287.6501946702287,459.9131560560451,227
FIRM0227,Simulated firm 227,2014,332.9537390500082,287.6501946702287,227
FIRM0228,Simulated firm 228,2001,488.1702079530457,491.7803944045961,228
FIRM0228,Simulated firm 228,2002,513.6811420696638,488.1702079530457,228
FIRM0228,Simulated firm 228,2003,200.13783724235645,513.6811420696638,228
FIRM0228,Simulated firm 228,2004,272.28731656769173,200.13783724235645,228
FIRM0228,Simulated firm 228,2005,316.4427079306819,272.28731656769173,228
FIRM0228,Simulated firm 228,2006,264.62774937558555,316.4427079306819,228
FIRM0228,Simulated firm 228,2007,295.0504062753809,264.62774937558555,228
FIRM0228,Simulated firm 228,2008,350.7630375124022,295.0504062753809,228
FIRM0228,Simulated firm 228,2009,182.98874147491392,350.7630375124022,228
FIRM0228,Simulated firm 228,2010,348.3061225460074,182.98874147491392,228
FIRM0228,Simulated firm 228,2011,399.7075482196365,348.3061225460074,228
FIRM0228,Simulated firm 228,2012,318.187433631895,399.7075482196365,228
FIRM0228,Simulated firm 228,2013,177.81996323888308,318.187433631895,228
FIRM0228,Simulated firm 228,2014,289.1578232671283,177.81996323888308,228
FIRM0229,Simulated firm 229,2001,89.01716710647008,74.67753705632592,229
FIRM0229,Simulated firm 229,2002,85.45402594134565,89.01716710647008,229
FIRM0229,Simulated firm 229,2003,67.16823648790613,85.45402594134565,229
FIRM0229,Simulated firm 229,2004,58.57071187669306,67.16823648790613,229
FIRM0229,Simulated firm 229,2005,67.93195746279385,58.57071187669306,229
FIRM0229,Simulated firm 229,2006,45.05245930903319,67.93195746279385,229
FIRM0229,Simulated firm 229,2007,59.88036628586434,45.05245930903319,229
FIRM0229,Simulated firm 229,2008,150.78921764564333,59.88036628586434,229
FIRM0229,Simulated firm 229,2009,67.88118767979775,150.78921764564333,229
FIRM0229,Simulated firm 229,2010,75.48839991979317,67.88118767979775,229
FIRM0229,Simulated firm 229,2011,49.23872111176676,75.48839991979317,229
FIRM0229,Simulated firm 229,2012,88.84774956861355,49.23872111176676,229
FIRM0229,Simulated firm 229,2013,66.33260352590982,88.84774956861355,229
FIRM0229,Simulated firm 229,2014,74.83214596640094,66.33260352590982,229
FIRM0230,Simulated firm 230,2001,108.46077120971718,97.43076849867147,230
FIRM0230,Simulated firm 230,2002,88.70734125890043,108.46077120971718,230
FIRM0230,Simulated firm 230,2003,82.28061185459474,88.70734125890043,230
FIRM0230,Simulated firm 230,2004,63.60371420303934,82.28061185459474,230
FIRM0230,Simulated firm 230,2005,59.529951986188614,63.60371420303934,230
FIRM0230,Simulated firm 230,2006,88.26209641088901,59.529951986188614,230
FIRM0230,Simulated firm 230,2007,92.4518661284463,88.26209641088901,230
FIRM0230,Simulated firm 230,2008,96.34403644086096,92.4518661284463,230
FIRM0230,Simulated firm 230,2009,69.30049696073364,96.34403644086096,230
FIRM0230,Simulated firm 230,2010,74.01585843123684,69.30049696073364,230
FIRM0230,Simulated firm 230,2011,87.86587849762711,74.01585843123684,230
FIRM0230,Simulated firm 230,2012,76.17185520941092,87.86587849762711,230
FIRM0230,Simulated firm 230,2013,158.49976709485938,76.17185520941092,230
FIRM0230,Simulated firm 230,2014,73.65035222911487,158.49976709485938,230
FIRM0231,Simulated firm 231,2001,264.6413389630532,238.16340078236001,231
FIRM0231,Simulated firm 231,2002,296.37921950132517,264.6413389630532,231
FIRM0231,Simulated firm 231,2003,192.04979896755844,296.37921950132517,231
FIRM0231,Simulated firm 231,2004,246.97917184471936,192.04979896755844,231
FIRM0231,Simulated firm 231,2005,238.99283927073108,246.97917184471936,231
FIRM0231,Simulated firm 231,2006,249.77044485435252,238.99283927073108,231
FIRM0231,Simulated firm 231,2007,221.71398187366395,249.77044485435252,231
FIRM0231,Simulated firm 231,2008,265.15789299918555,221.71398187366395,231
FIRM0231,Simulated firm 231,2009,228.28053816577957,265.15789299918555,231
FIRM0231,Simulated firm 231,2010,156.78790586735943,228.28053816577957,231
FIRM0231,Simulated firm 231,2011,226.5578434359848,156.78790586735943,231
FIRM0231,Simulated firm 231,2012,233.25281892283803,226.5578434359848,231
FIRM0231,Simulated firm 231,2013,260.11572890786846,233.25281892283803,231
FIRM0231,Simulated firm 231,2014,223.51800996110362,260.11572890786846,231
FIRM0232,Simulated firm 232,2001,459.5198035025348,733.6883424648144,232
FIRM0232,Simulated firm 232,2002,91.64086839866927,459.5198035025348,232
FIRM0232,Simulated firm 232,2003,663.092655512307,91.64086839866927,232
FIRM0232,Simulated firm 232,2004,456.4725713761444,663.092655512307,232
FIRM0232,Simulated firm 232,2005,477.6378921822189,456.4725713761444,232
FIRM0232,Simulated firm 232,2006,510.2649663191286,477.6378921822189,232
FIRM0232,Simulated firm 232,2007,499.43113375824083,510.2649663191286,232
FIRM0232,Simulated firm 232,2008,545.191799011165,499.43113375824083,232
FIRM0232,Simulated firm 232,2009,560.0005357627996,545.191799011165,232
FIRM0232,Simulated firm 232,2010,406.3691525900827,560.0005357627996,232
FIRM0232,Simulated firm 232,2011,358.66568287470517,406.3691525900827,232
FIRM0232,Simulated firm 232,2012,368.02119557497633,358.66568287470517,232
FIRM0232,Simulated firm 232,2013,641.7864268275098,368.02119557497633,232
FIRM0232,Simulated firm 232,2014,447.3619421456183,641.7864268275098,232
FIRM0233,Simulated firm 233,2001,356.88004332572245,365.3665287563471,233
FIRM0233,Simulated firm 233,2002,302.19137657609735,356.88004332572245,233
FIRM0233,Simulated firm 233,2003,241.99593040911068,302.19137657609735,233
FIRM0233,Simulated firm 233,2004,359.1946004363111,241.99593040911068,233
FIRM0233,Simulated firm 233,2005,299.65181329014786,359.1946004363111,233
FIRM0233,Simulated firm 233,2006,23.674967071183293,299.65181329014786,233
FIRM0233,Simulated firm 233,2007,267.4118742844118,23.674967071183293,233
FIRM0233,Simulated firm 233,2008,204.97337602493465,267.4118742844118,233
FIRM0233,Simulated firm 233,2009,270.37414020714533,204.97337602493465,233
FIRM0233,Simulated firm 233,2010,238.37332416512518,270.37414020714533,233
FIRM0233,Simulated firm 233,2011,306.0535049525962,238.37332416512518,233
FIRM0233,Simulated firm 233,2012,291.86069039715676,306.0535049525962,233
FIRM0233,Simulated firm 233,2013,283.42159913011733,291.86069039715676,233
FIRM0233,Simulated firm 233,2014,305.26877833180197,283.42159913011733,233
FIRM0234,Simulated firm 234,2001,570.4687057043076,518.9252325380958,234
FIRM0234,Simulated firm 234,2002,591.4242204951291,570.4687057043076,234
FIRM0234,Simulated firm 234,2003,382.7789838033695,591.4242204951291,234
FIRM0234,Simulated firm 234,2004,607.604669207532,382.7789838033695,234
FIRM0234,Simulated firm 234,2005,458.1706545629257,607.604669207532,234
FIRM0234,Simulated firm 234,2006,421.78008160127143,458.1706545629257,234
FIRM0234,Simulated firm 234,2007,358.2943777646213,421.78008160127143,234
FIRM0234,Simulated firm 234,2008,252.51658299702876,358.2943777646213,234
FIRM0234,Simulated firm 234,2009,509.57109491709554,252.51658299702876,234
FIRM0234,Simulated firm 234,2010,504.5351875353633,509.57109491709554,234
FIRM0234,Simulated firm 234,2011,400.0422369182728,504.5351875353633,234
FIRM0234,Simulated firm 234,2012,402.76510581994097,400.0422369182728,234
FIRM0234,Simulated firm 234,2013,442.1268326026983,402.76510581994097,234
FIRM0234,Simulated firm 234,2014,114.40399614502314,442.1268326026983,234
FIRM0235,Simulated firm 235,2001,303.39117457719084,328.8105773564679,235
FIRM0235,Simulated firm 235,2002,529.0638580901203,303.39117457719084,235
FIRM0235,Simulated firm 235,2003,354.3440425338475,529.0638580901203,235
FIRM0235,Simulated firm 235,2004,274.8522015532545,354.3440425338475,235
FIRM0235,Simulated firm 235,2005,459.12397491696163,274.8522015532545,235
FIRM0235,Simulated firm 235,2006,442.8618867725633,459.12397491696163,235
FIRM0235,Simulated firm 235,2007,465.6207826571313,442.8618867725633,235
FIRM0235,Simulated firm 235,2008,441.59313781040817,465.6207826571313,235
FIRM0235,Simulated firm 235,2009,339.6314475840539,441.59313781040817,235
FIRM0235,Simulated firm 235,2010,369.45072837605255,339.6314475840539,235
FIRM0235,Simulated firm 235,2011,525.0420905674031,369.45072837605255,235
FIRM0235,Simulated firm 235,2012,81.46683340198312,525.0420905674031,235
FIRM0235,Simulated firm 235,2013,397.82996026925446,81.46683340198312,235
FIRM0235,Simulated firm 235,2014,450.9381501506284,397.82996026925446,235
FIRM0236,Simulated firm 236,2001,308.0093562411304,348.0292535335666,236
FIRM0236,Simulated firm 236,2002,191.44256855506944,308.0093562411304,236
FIRM0236,Simulated firm 236,2003,260.9894499930324,191.44256855506944,236
FIRM0236,Simulated firm 236,2004,253.38179013349662,260.9894499930324,236
FIRM0236,Simulated firm 236,2005,222.75149404221176,253.38179013349662,236
FIRM0236,Simulated firm 236,2006,241.08265593676376,222.75149404221176,236
FIRM0236,Simulated firm 236,2007,203.89743139456837,241.08265593676376,236
FIRM0236,Simulated firm 236,2008,229.90743451413059,203.89743139456837,236
FIRM0236,Simulated firm 236,2009,49.60961126990376,229.90743451413059,236
FIRM0236,Simulated firm 236,2010,7.227601355075113,49.60961126990376,236
FIRM0236,Simulated firm 236,2011,245.52412316457878,7.227601355075113,236
FIRM0236,Simulated firm 236,2012,220.81863532011542,245.52412316457878,236
FIRM0236,Simulated firm 236,2013,355.8905252399599,220.81863532011542,236
FIRM0236,Simulated firm 236,2014,247.52611362611225,355.8905252399599,236
FIRM0237,Simulated firm 237,2001,368.5004472526446,145.62803944706582,237
FIRM0237,Simulated firm 237,2002,358.7211293567147,368.5004472526446,237
FIRM0237,Simulated firm 237,2003,290.00419321931287,358.7211293567147,237
FIRM0237,Simulated firm 237,2004,473.1893481685422,290.00419321931287,237
FIRM0237,Simulated firm 237,2005,543.9332307774039,473.1893481685422,237
FIRM0237,Simulated firm 237,2006,343.32551244819643,543.9332307774039,237
FIRM0237,Simulated firm 237,2007,512.1319648752509,343.32551244819643,237
FIRM0237,Simulated firm 237,2008,717.2338144306541,512.1319648752509,237
FIRM0237,Simulated firm 237,2009,629.6223203173653,717.2338144306541,237
FIRM0237,Simulated firm 237,2010,966.4351711690239,629.6223203173653,237
FIRM0237,Simulated firm 237,2011,297.72156447118056,966.4351711690239,237
FIRM0237,Simulated firm 237,2012,296.9760149920707,297.72156447118056,237
FIRM0237,Simulated firm 237,2013,454.2568999821524,296.9760149920707,237
FIRM0237,Simulated firm 237,2014,389.5482619815487,454.2568999821524,237
FIRM0238,Simulated firm 238,2001,25.36934585198035,17.39996894366525,238
FIRM0238,Simulated firm 238,2002,25.560881201593773,25.36934585198035,238
FIRM0238,Simulated firm 238,2003,26.966646373143902,25.560881201593773,238
FIRM0238,Simulated firm 238,2004,28.081107890359817,26.966646373143902,238
FIRM0238,Simulated firm 238,2005,21.375596374943566,28.081107890359817,238
FIRM0238,Simulated firm 238,2006,25.293830724554805,21.375596374943566,238
FIRM0238,Simulated firm 238,2007,32.74290683895055,25.293830724554805,238
FIRM0238,Simulated firm 238,2008,25.008614014892405,32.74290683895055,238
FIRM0238,Simulated firm 238,2009,60.44507891684069,25.008614014892405,238
FIRM0238,Simulated firm 238,2010,11.974805231417822,60.44507891684069,238
FIRM0238,Simulated firm 238,2011,31.078984007213062,11.974805231417822,238
FIRM0238,Simulated firm 238,2012,32.55009652774891,31.078984007213062,238
FIRM0238,Simulated firm 238,2013,32.213083222043245,32.55009652774891,238
FIRM0238,Simulated firm 238,2014,22.2376193908797,32.213083222043245,238
FIRM0239,Simulated firm 239,2001,43.93723135031946,58.51832656464018,239
FIRM0239,Simulated firm 239,2002,65.80360348716908,43.93723135031946,239
FIRM0239,Simulated firm 239,2003,57.543578423405464,65.80360348716908,239
FIRM0239,Simulated firm 239,2004,62.950429301116564,57.543578423405464,239
FIRM0239,Simulated firm 239,2005,67.3834574525522,62.950429301116564,239
FIRM0239,Simulated firm 239,2006,73.81850393341401,67.3834574525522,239
FIRM0239,Simulated firm 239,2007,68.5896361285859,73.81850393341401,239
FIRM0239,Simulated firm 239,2008,68.29084938830405,68.5896361285859,239
FIRM0239,Simulated firm 239,2009,46.37702739056721,68.29084938830405,239
FIRM0239,Simulated firm 239,2010,70.4202910466769,46.37702739056721,239
FIRM0239,Simulated firm 239,2011,88.03239596840321,70.4202910466769,239
FIRM0239,Simulated firm 239,2012,70.47399196534926,88.03239596840321,239
FIRM0239,Simulated firm 239,2013,103.29485415295564,70.47399196534926,239
FIRM0239,Simulated firm 239,2014,55.87015591502236,103.29485415295564,239
FIRM0240,Simulated firm 240,2001,350.3366863989291,378.5158198159487,240
FIRM0240,Simulated firm 240,2002,430.4203835116174,350.3366863989291,240
FIRM0240,Simulated firm 240,2003,322.66563298033753,430.4203835116174,240
FIRM0240,Simulated firm 240,2004,510.5281243777841,322.66563298033753,240
FIRM0240,Simulated firm 240,2005,291.23758752222676,510.5281243777841,240
FIRM0240,Simulated firm 240,2006,335.7774131934933,291.23758752222676,240
FIRM0240,Simulated firm 240,2007,295.4780665506812,335.7774131934933,240
FIRM0240,Simulated firm 240,2008,390.42032601732956,295.4780665506812,240
FIRM0240,Simulated firm 240,2009,426.0821057465227,390.42032601732956,240
FIRM0240,Simulated firm 240,2010,282.2957698170699,426.0821057465227,240
FIRM0240,Simulated firm 240,2011,373.08847451981046,282.2957698170699,240
FIRM0240,Simulated firm 240,2012,526.6827017077134,373.08847451981046,240
FIRM0240,Simulated firm 240,2013,568.1175043531817,526.6827017077134,240
FIRM0240,Simulated firm 240,2014,489.17891329292877,568.1175043531817,240
FIRM0241,Simulated firm 241,2001,401.1046225679521,225.8345656213982,241
FIRM0241,Simulated firm 241,2002,523.0968444956255,401.1046225679521,241
FIRM0241,Simulated firm 241,2003,350.84243429873135,523.0968444956255,241
FIRM0241,Simulated firm 241,2004,31.771894169931702,350.84243429873135,241
FIRM0241,Simulated firm 241,2005,512.1719088113225,31.771894169931702,241
FIRM0241,Simulated firm 241,2006,532.8460876392567,512.1719088113225,241
FIRM0241,Simulated firm 241,2007,390.8448255878205,532.8460876392567,241
FIRM0241,Simulated firm 241,2008,295.87378409404766,390.8448255878205,241
FIRM0241,Simulated firm 241,2009,264.75719932572684,295.87378409404766,241
FIRM0241,Simulated firm 241,2010,242.62059634263747,264.75719932572684,241
FIRM0241,Simulated firm 241,2011,337.85645231818387,242.62059634263747,241
FIRM0241,Simulated firm 241,2012,385.00818372091635,337.85645231818387,241
FIRM0241,Simulated firm 241,2013,375.3332602270998,385.00818372091635,241
FIRM0241,Simulated firm 241,2014,319.4465840749611,375.3332602270998,241
FIRM0242,Simulated firm 242,2001,115.46552831374935,85.67547158021952,242
FIRM0242,Simulated firm 242,2002,132.4585633449288,115.46552831374935,242
FIRM0242,Simulated firm 242,2003,133.96201086448588,132.4585633449288,242
FIRM0242,Simulated firm 242,2004,108.95471013347154,133.96201086448588,242
FIRM0242,Simulated firm 242,2005,173.31822431863748,108.95471013347154,242
FIRM0242,Simulated firm 242,2006,98.81890574850051,173.31822431863748,242
FIRM0242,Simulated firm 242,2007,70.49813237619593,98.81890574850051,242
FIRM0242,Simulated firm 242,2008,162.27414383430198,70.49813237619593,242
FIRM0242,Simulated firm 242,2009,131.43446983366235,162.27414383430198,242
FIRM0242,Simulated firm 242,2010,115.69608859618513,131.43446983366235,242
FIRM0242,Simulated firm 242,2011,143.35910419724652,115.69608859618513,242
FIRM0242,Simulated firm 242,2012,121.08173262318644,143.35910419724652,242
FIRM0242,Simulated firm 242,2013,91.46906927120192,121.08173262318644,242
FIRM0242,Simulated firm 242,2014,93.09648850654497,91.46906927120192,242
FIRM0243,Simulated firm 243,2001,248.89768608126153,203.03682582638694,243
FIRM0243,Simulated firm 243,2002,50.25135247244271,248.89768608126153,243
FIRM0243,Simulated firm 243,2003,336.5378063091459,50.25135247244271,243
FIRM0243,Simulated firm 243,2004,231.82529377915213,336.5378063091459,243
FIRM0243,Simulated firm 243,2005,43.907575632476714,231.82529377915213,243
FIRM0243,Simulated firm 243,2006,222.08602615106855,43.907575632476714,243
FIRM0243,Simulated firm 243,2007,217.98121515114656,222.08602615106855,243
FIRM0243,Simulated firm 243,2008,219.51242554971486,217.98121515114656,243
FIRM0243,Simulated firm 243,2009,196.62168831539051,219.51242554971486,243
FIRM0243,Simulated firm 243,2010,277.06620155976475,196.62168831539051,243
FIRM0243,Simulated firm 243,2011,257.5977462582667,277.06620155976475,243
FIRM0243,Simulated firm 243,2012,255.09274339021033,257.5977462582667,243
FIRM0243,Simulated firm 243,2013,182.90135088977806,255.09274339021033,243
FIRM0243,Simulated firm 243,2014,292.67679941664215,182.90135088977806,243
FIRM0244,Simulated firm 244,2001,437.2967277796329,339.35847458984733,244
FIRM0244,Simulated firm 244,2002,334.7557520263838,437.2967277796329,244
FIRM0244,Simulated firm 244,2003,463.06454596150434,334.7557520263838,244
FIRM0244,Simulated firm 244,2004,255.92468091127705,463.06454596150434,244
FIRM0244,Simulated firm 244,2005,444.1992238775751,255.92468091127705,244
FIRM0244,Simulated firm 244,2006,220.0196720598799,444.1992238775751,244
FIRM0244,Simulated firm 244,2007,326.8307974057622,220.0196720598799,244
FIRM0244,Simulated firm 244,2008,286.92059896054826,326.8307974057622,244
FIRM0244,Simulated firm 244,2009,272.92971666093365,286.92059896054826,244
FIRM0244,Simulated firm 244,2010,260.19342969770753,272.92971666093365,244
FIRM0244,Simulated firm 244,2011,448.6786011066886,260.19342969770753,244
FIRM0244,Simulated firm 244,2012,284.8074687910647,448.6786011066886,244
FIRM0244,Simulated firm 244,2013,338.9824144543891,284.8074687910647,244
FIRM0244,Simulated firm 244,2014,357.60568139692737,338.9824144543891,244
FIRM0245,Simulated firm 245,2001,440.6503617252199,500.25972368450726,245
FIRM0245,Simulated firm 245,2002,620.2803151300805,440.6503617252199,245
FIRM0245,Simulated firm 245,2003,466.56644669246606,620.2803151300805,245
FIRM0245,Simulated firm 245,2004,363.28315939509685,466.56644669246606,245
FIRM0245,Simulated firm 245,2005,387.26493348547035,363.28315939509685,245
FIRM0245,Simulated firm 245,2006,293.841176759888,387.26493348547035,245
FIRM0245,Simulated firm 245,2007,452.2014619613442,293.841176759888,245
FIRM0245,Simulated firm 245,2008,485.9811710578394,452.2014619613442,245
FIRM0245,Simulated firm 245,2009,496.65616977485644,485.9811710578394,245
FIRM0245,Simulated firm 245,2010,473.82690010688026,496.65616977485644,245
FIRM0245,Simulated firm 245,2011,403.1868653281614,473.82690010688026,245
FIRM0245,Simulated firm 245,2012,420.719343815599,403.1868653281614,245
FIRM0245,Simulated firm 245,2013,421.0101741030583,420.719343815599,245
FIRM0245,Simulated firm 245,2014,535.1507661792214,421.0101741030583,245
FIRM0246,Simulated firm 246,2001,267.5228802248627,9.522563345888907,246
FIRM0246,Simulated firm 246,2002,235.22610757366382,267.5228802248627,246
FIRM0246,Simulated firm 246,2003,491.65517353464963,235.22610757366382,246
FIRM0246,Simulated firm 246,2004,399.4973290796362,491.65517353464963,246
FIRM0246,Simulated firm 246,2005,270.06168751302374,399.4973290796362,246
FIRM0246,Simulated firm 246,2006,216.67678987502654,270.06168751302374,246
FIRM0246,Simulated firm 246,2007,228.83365478699088,216.67678987502654,246
FIRM0246,Simulated firm 246,2008,378.0420038549468,228.83365478699088,246
FIRM0246,Simulated firm 246,2009,207.0867515412111,378.0420038549468,246
FIRM0246,Simulated firm 246,2010,299.4374295251274,207.0867515412111,246
FIRM0246,Simulated firm 246,2011,361.5316160546004,299.4374295251274,246
FIRM0246,Simulated firm 246,2012,224.1387063041326,361.5316160546004,246
FIRM0246,Simulated firm 246,2013,298.6757566453949,224.1387063041326,246
FIRM0246,Simulated firm 246,2014,271.0773289433225,298.6757566453949,246
FIRM0247,Simulated firm 247,2001,178.34737949007243,185.33833767481073,247
FIRM0247,Simulated firm 247,2002,260.1961252297999,178.34737949007243,247
FIRM0247,Simulated firm 247,2003,297.8876552162823,260.1961252297999,247
FIRM0247,Simulated firm 247,2004,197.70090210927762,297.8876552162823,247
FIRM0247,Simulated firm 247,2005,229.46076747873957,197.70090210927762,247
FIRM0247,Simulated firm 247,2006,211.56428503792023,229.46076747873957,247
FIRM0247,Simulated firm 247,2007,138.60956202338474,211.56428503792023,247
FIRM0247,Simulated firm 247,2008,195.90671219829747,138.60956202338474,247
FIRM0247,Simulated firm 247,2009,133.25683891157487,195.90671219829747,247
FIRM0247,Simulated firm 247,2010,187.34727351811836,133.25683891157487,247
FIRM0247,Simulated firm 247,2011,209.03798706786736,187.34727351811836,247
FIRM0247,Simulated firm 247,2012,249.3745491125554,209.03798706786736,247
FIRM0247,Simulated firm 247,2013,224.374674430572,249.3745491125554,247
FIRM0247,Simulated firm 247,2014,261.9756752041125,224.374674430572,247
FIRM0248,Simulated firm 248,2001,262.8402052540077,157.4618421129354,248
FIRM0248,Simulated firm 248,2002,272.7961886792599,262.8402052540077,248
FIRM0248,Simulated firm 248,2003,120.8002566727325,272.7961886792599,248
FIRM0248,Simulated firm 248,2004,131.99455005936306,120.8002566727325,248
FIRM0248,Simulated firm 248,2005,190.30587408127076,131.99455005936306,248
FIRM0248,Simulated firm 248,2006,168.63478758912035,190.30587408127076,248
FIRM0248,Simulated firm 248,2007,174.48443742278747,168.63478758912035,248
FIRM0248,Simulated firm 248,2008,204.95703042727962,174.48443742278747,248
FIRM0248,Simulated firm 248,2009,242.37080992461037,204.95703042727962,248
FIRM0248,Simulated firm 248,2010,155.66057106225904,242.37080992461037,248
FIRM0248,Simulated firm 248,2011,253.1082327509004,155.66057106225904,248
FIRM0248,Simulated firm 248,2012,162.6301777626925,253.1082327509004,248
FIRM0248,Simulated firm 248,2013,330.56201636031403,162.6301777626925,248
FIRM0248,Simulated firm 248,2014,263.37207493373114,330.56201636031403,248
FIRM0249,Simulated firm 249,2001,157.85048623544907,186.9562280534953,249
FIRM0249,Simulated firm 249,2002,35.053236054145266,157.85048623544907,249
FIRM0249,Simulated firm 249,2003,180.3340014273268,35.053236054145266,249
FIRM0249,Simulated firm 249,2004,177.444913374177,180.3340014273268,249
FIRM0249,Simulated firm 249,2005,136.48178375161777,177.444913374177,249
FIRM0249,Simulated firm 249,2006,148.77492815935514,136.48178375161777,249
FIRM0249,Simulated firm 249,2007,246.6853884576997,148.77492815935514,249
FIRM0249,Simulated firm 249,2008,178.6508521616275,246.6853884576997,249
FIRM0249,Simulated firm 249,2009,193.39909214922494,178.6508521616275,249
FIRM0249,Simulated firm 249,2010,261.84872007795485,193.39909214922494,249
FIRM0249,Simulated firm 249,2011,317.97988507745265,261.84872007795485,249
FIRM0249,Simulated firm 249,2012,292.1084189015615,317.97988507745265,249
FIRM0249,Simulated firm 249,2013,256.12350848979946,292.1084189015615,249
FIRM0249,Simulated firm 249,2014,205.67328443038502,256.12350848979946,249
FIRM0250,Simulated firm 250,2001,291.2437422548739,299.2246471559456,250
FIRM0250,Simulated firm 250,2002,241.30372309650778,291.2437422548739,250
FIRM0250,Simulated firm 250,2003,257.3545666068008,241.30372309650778,250
FIRM0250,Simulated firm 250,2004,417.60089881673906,257.3545666068008,250
FIRM0250,Simulated firm 250,2005,270.8255185243446,417.60089881673906,250
FIRM0250,Simulated firm 250,2006,241.62592385323745,270.8255185243446,250
FIRM0250,Simulated firm 250,2007,427.05978916872056,241.62592385323745,250
FIRM0250,Simulated firm 250,2008,227.6132971994256,427.05978916872056,250
FIRM0250,Simulated firm 250,2009,336.7464542013079,227.6132971994256,250
FIRM0250,Simulated firm 250,2010,192.50780953435665,336.7464542013079,250
FIRM0250,Simulated firm 250,2011,483.5945724999219,192.50780953435665,250
FIRM0250,Simulated firm 250,2012,468.2875104547727,483.5945724999219,250
FIRM0250,Simulated firm 250,2013,246.0667948756134,468.2875104547727,250
FIRM0250,Simulated firm 250,2014,312.4671562127011,246.0667948756134,250
FIRM0251,Simulated firm 251,2001,331.2782957448654,331.8994109654467,251
FIRM0251,Simulated firm 251,2002,379.24325391252194,331.2782957448654,251
FIRM0251,Simulated firm 251,2003,359.6499276789617,379.24325391252194,251
FIRM0251,Simulated firm 251,2004,487.4925596503315,359.6499276789617,251
FIRM0251,Simulated firm 251,2005,472.1165092685068,487.4925596503315,251
FIRM0251,Simulated firm 251,2006,399.649242242508,472.1165092685068,251
FIRM0251,Simulated firm 251,2007,494.16663405309686,399.649242242508,251
FIRM0251,Simulated firm 251,2008,315.7285579681551,494.16663405309686,251
FIRM0251,Simulated firm 251,2009,443.12545109935724,315.7285579681551,251
FIRM0251,Simulated firm 251,2010,421.5730431266113,443.12545109935724,251
FIRM0251,Simulated firm 251,2011,394.07437261801294,421.5730431266113,251
FIRM0251,Simulated firm 251,2012,447.3002141828651,394.07437261801294,251
FIRM0251,Simulated firm 251,2013,260.66905379776233,447.3002141828651,251
FIRM0251,Simulated firm 251,2014,333.2957081471574,260.66905379776233,251
FIRM0252,Simulated firm 252,2001,228.36869160670082,259.8897432648277,252
FIRM0252,Simulated firm 252,2002,160.67064507118425,228.36869160670082,252
FIRM0252,Simulated firm 252,2003,227.12486624212082,160.67064507118425,252
FIRM0252,Simulated firm 252,2004,201.41386141435027,227.12486624212082,252
FIRM0252,Simulated firm 252,2005,300.4195624179432,201.41386141435027,252
FIRM0252,Simulated firm 252,2006,174.73422005045705,300.4195624179432,252
FIRM0252,Simulated firm 252,2007,176.06059602591372,174.73422005045705,252
FIRM0252,Simulated firm 252,2008,251.42593703603154,176.06059602591372,252
FIRM0252,Simulated firm 252,2009,219.87088687173357,251.42593703603154,252
FIRM0252,Simulated firm 252,2010,217.4009741626452,219.87088687173357,252
FIRM0252,Simulated firm 252,2011,394.66260124514855,217.4009741626452,252
FIRM0252,Simulated firm 252,2012,267.6577655985103,394.66260124514855,252
FIRM0252,Simulated firm 252,2013,210.98467576429496,267.6577655985103,252
FIRM0252,Simulated firm 252,2014,156.49357819189268,210.98467576429496,252
FIRM0253,Simulated firm 253,2001,99.86133870967835,121.6570142290967,253
FIRM0253,Simulated firm 253,2002,107.59213212671098,99.86133870967835,253
FIRM0253,Simulated firm 253,2003,108.37587718314379,107.59213212671098,253
FIRM0253,Simulated firm 253,2004,202.84328848603528,108.37587718314379,253
FIRM0253,Simulated firm 253,2005,95.46454194505847,202.84328848603528,253
FIRM0253,Simulated firm 253,2006,166.98410970838103,95.46454194505847,253
FIRM0253,Simulated firm 253,2007,148.55634189828874,166.98410970838103,253
FIRM0253,Simulated firm 253,2008,148.00421621854545,148.55634189828874,253
FIRM0253,Simulated firm 253,2009,106.64866680034801,148.00421621854545,253
FIRM0253,Simulated firm 253,2010,161.0459010062147,106.64866680034801,253
FIRM0253,Simulated firm 253,2011,67.72263842107287,161.0459010062147,253
FIRM0253,Simulated firm 253,2012,103.94816050902136,67.72263842107287,253
FIRM0253,Simulated firm 253,2013,190.7880455255325,103.94816050902136,253
FIRM0253,Simulated firm 253,2014,210.24632185972234,190.7880455255325,253
FIRM0254,Simulated firm 254,2001,129.22189637746638,192.56661209617727,254
FIRM0254,Simulated firm 254,2002,123.4679810186088,129.22189637746638,254
FIRM0254,Simulated firm 254,2003,116.23045645534836,123.4679810186088,254
FIRM0254,Simulated firm 254,2004,220.1114864899311,116.23045645534836,254
FIRM0254,Simulated firm 254,2005,148.67089338483717,220.1114864899311,254
FIRM0254,Simulated firm 254,2006,96.234262081504,148.67089338483717,254
FIRM0254,Simulated firm 254,2007,177.27275358068445,96.234262081504,254
FIRM0254,Simulated firm 254,2008,122.3588948398306,177.27275358068445,254
FIRM0254,Simulated firm 254,2009,1.7760232529991025,122.3588948398306,254
FIRM0254,Simulated firm 254,2010,107.26722102334635,1.7760232529991025,254
FIRM0254,Simulated firm 254,2011,166.05889146369043,107.26722102334635,254
FIRM0254,Simulated firm 254,2012,142.94350194522536,166.05889146369043,254
FIRM0254,Simulated firm 254,2013,150.0915691285887,142.94350194522536,254
FIRM0254,Simulated firm 254,2014,176.7759235900475,150.0915691285887,254
FIRM0255,Simulated firm 255,2001,304.38924202527517,240.0227654024083,255
FIRM0255,Simulated firm 255,2002,367.6841963461713,304.38924202527517,255
FIRM0255,Simulated firm 255,2003,473.79513964491906,367.6841963461713,255
FIRM0255,Simulated firm 255,2004,282.47599576462267,473.79513964491906,255
FIRM0255,Simulated firm 255,2005,334.88662651211513,282.47599576462267,255
FIRM0255,Simulated firm 255,2006,362.0314443431925,334.88662651211513,255
FIRM0255,Simulated firm 255,2007,301.0406075880733,362.0314443431925,255
FIRM0255,Simulated firm 255,2008,361.04363045211,301.0406075880733,255
FIRM0255,Simulated firm 255,2009,349.0138060416606,361.04363045211,255
FIRM0255,Simulated firm 255,2010,318.35857501480496,349.0138060416606,255
FIRM0255,Simulated firm 255,2011,437.8742504002797,318.35857501480496,255
FIRM0255,Simulated firm 255,2012,417.1629587012662,437.8742504002797,255
FIRM0255,Simulated firm 255,2013,443.029599774745,417.1629587012662,255
FIRM0255,Simulated firm 255,2014,453.4086932637092,443.029599774745,255
FIRM0256,Simulated firm 256,2001,276.0591315414965,1300.1624634956918,256
FIRM0256,Simulated firm 256,2002,282.45141226305293,276.0591315414965,256
FIRM0256,Simulated firm 256,2003,466.40155586274,282.45141226305293,256
FIRM0256,Simulated firm 256,2004,354.1565463241727,466.40155586274,256
FIRM0256,Simulated firm 256,2005,343.89963797451367,354.1565463241727,256
FIRM0256,Simulated firm 256,2006,332.21516750982966,343.89963797451367,256
FIRM0256,Simulated firm 256,2007,487.1986449961078,332.21516750982966,256
FIRM0256,Simulated firm 256,2008,664.7112281876227,487.1986449961078,256
FIRM0256,Simulated firm 256,2009,505.3681292270269,664.7112281876227,256
FIRM0256,Simulated firm 256,2010,350.4875982285017,505.3681292270269,256
FIRM0256,Simulated firm 256,2011,480.58346295574756,350.4875982285017,256
FIRM0256,Simulated firm 256,2012,280.62149140665326,480.58346295574756,256
FIRM0256,Simulated firm 256,2013,211.7808004397479,280.62149140665326,256
FIRM0256,Simulated firm 256,2014,373.980060764579,211.7808004397479,256
FIRM0257,Simulated firm 257,2001,60.66383605524276,44.789621185129214,257
FIRM0257,Simulated firm 257,2002,70.40726725648257,60.66383605524276,257
FIRM0257,Simulated firm 257,2003,120.5712192370188,70.40726725648257,257
FIRM0257,Simulated firm 257,2004,90.34973941001219,120.5712192370188,257
FIRM0257,Simulated firm 257,2005,44.974735028388494,90.34973941001219,257
FIRM0257,Simulated firm 257,2006,45.85145983501373,44.974735028388494,257
FIRM0257,Simulated firm 257,2007,56.24538177323343,45.85145983501373,257
FIRM0257,Simulated firm 257,2008,105.51401139162456,56.24538177323343,257
FIRM0257,Simulated firm 257,2009,45.396392489022546,105.51401139162456,257
FIRM0257,Simulated firm 257,2010,56.97906253442666,45.396392489022546,257
FIRM0257,Simulated firm 257,2011,56.91101361866284,56.97906253442666,257
FIRM0257,Simulated firm 257,2012,74.51834930101072,56.91101361866284,257
FIRM0257,Simulated firm 257,2013,82.84392379624836,74.51834930101072,257
FIRM0257,Simulated firm 257,2014,78.0220631368294,82.84392379624836,257
FIRM0258,Simulated firm 258,2001,35.08151380289421,52.939001791277796,258
FIRM0258,Simulated firm 258,2002,50.88364121808661,35.08151380289421,258
FIRM0258,Simulated firm 258,2003,69.29963556673373,50.88364121808661,258
FIRM0258,Simulated firm 258,2004,75.94482846003734,69.29963556673373,258
FIRM0258,Simulated firm 258,2005,54.50964187354857,75.94482846003734,258
FIRM0258,Simulated firm 258,2006,33.1893761216216,54.50964187354857,258
FIRM0258,Simulated firm 258,2007,54.74490380789869,33.1893761216216,258
FIRM0258,Simulated firm 258,2008,47.917930048776306,54.74490380789869,258
FIRM0258,Simulated firm 258,2009,34.24644351577655,47.917930048776306,258
FIRM0258,Simulated firm 258,2010,38.31586578094041,34.24644351577655,258
FIRM0258,Simulated firm 258,2011,39.864108078359806,38.31586578094041,258
FIRM0258,Simulated firm 258,2012,58.868145528053105,39.864108078359806,258
FIRM0258,Simulated firm 258,2013,74.96728665476576,58.868145528053105,258
FIRM0258,Simulated firm 258,2014,56.49831236621305,74.96728665476576,258
FIRM0259,Simulated firm 259,2001,286.37886691236207,348.9111132063308,259
FIRM0259,Simulated firm 259,2002,253.97559404404578,286.37886691236207,259
FIRM0259,Simulated firm 259,2003,334.42602766788843,253.97559404404578,259
FIRM0259,Simulated firm 259,2004,312.18299996588365,334.42602766788843,259
FIRM0259,Simulated firm 259,2005,239.08976901571688,312.18299996588365,259
FIRM0259,Simulated firm 259,2006,306.95756540073563,239.08976901571688,259
FIRM0259,Simulated firm 259,2007,290.90383853522303,306.95756540073563,259
FIRM0259,Simulated firm 259,2008,269.943377149559,290.90383853522303,259
FIRM0259,Simulated firm 259,2009,251.93184005777889,269.943377149559,259
FIRM0259,Simulated firm 259,2010,320.3078442814007,251.93184005777889,259
FIRM0259,Simulated firm 259,2011,255.6867618460117,320.3078442814007,259
FIRM0259,Simulated firm 259,2012,492.8774098882849,255.6867618460117,259
FIRM0259,Simulated firm 259,2013,329.184275725905,492.8774098882849,259
FIRM0259,Simulated firm 259,2014,321.67370852685644,329.184275725905,259
FIRM0260,Simulated firm 260,2001,78.07201581223897,82.38526645290538,260
FIRM0260,Simulated firm 260,2002,2.4889925793183356,78.07201581223897,260
FIRM0260,Simulated firm 260,2003,71.65575915544208,2.4889925793183356,260
FIRM0260,Simulated firm 260,2004,57.34168928099845,71.65575915544208,260
FIRM0260,Simulated firm 260,2005,57.18140242618084,57.34168928099845,260
FIRM0260,Simulated firm 260,2006,64.31188743621526,57.18140242618084,260
FIRM0260,Simulated firm 260,2007,116.63552628618292,64.31188743621526,260
FIRM0260,Simulated firm 260,2008,116.47441922425226,116.63552628618292,260
FIRM0260,Simulated firm 260,2009,72.03565539216777,116.47441922425226,260
FIRM0260,Simulated firm 260,2010,60.58179727529315,72.03565539216777,260
FIRM0260,Simulated firm 260,2011,77.24919216817196,60.58179727529315,260
FIRM0260,Simulated firm 260,2012,101.89963454656242,77.24919216817196,260
FIRM0260,Simulated firm 260,2013,109.85792979024355,101.89963454656242,260
FIRM0260,Simulated firm 260,2014,90.32011673814527,109.85792979024355,260
FIRM0261,Simulated firm 261,2001,424.1332089328402,434.8446024437524,261
FIRM0261,Simulated firm 261,2002,268.3375655833537,424.1332089328402,261
FIRM0261,Simulated firm 261,2003,285.1701698176635,268.3375655833537,261
FIRM0261,Simulated firm 261,2004,607.6081940673176,285.1701698176635,261
FIRM0261,Simulated firm 261,2005,416.0729977377119,607.6081940673176,261
FIRM0261,Simulated firm 261,2006,240.35499580896587,416.0729977377119,261
FIRM0261,Simulated firm 261,2007,259.98388169315666,240.35499580896587,261
FIRM0261,Simulated firm 261,2008,315.7167937265748,259.98388169315666,261
FIRM0261,Simulated firm 261,2009,517.9076464909588,315.7167937265748,261
FIRM0261,Simulated firm 261,2010,502.5007450455268,517.9076464909588,261
FIRM0261,Simulated firm 261,2011,463.07843208187194,502.5007450455268,261
FIRM0261,Simulated firm 261,2012,414.88479668947207,463.07843208187194,261
FIRM0261,Simulated firm 261,2013,552.757035961957,414.88479668947207,261
FIRM0261,Simulated firm 261,2014,569.0827833857963,552.757035961957,261
FIRM0262,Simulated firm 262,2001,187.61511611930064,129.02062807884934,262
FIRM0262,Simulated firm 262,2002,139.7713380629071,187.61511611930064,262
FIRM0262,Simulated firm 262,2003,124.8479121965772,139.7713380629071,262
FIRM0262,Simulated firm 262,2004,231.1663275042317,124.8479121965772,262
FIRM0262,Simulated firm 262,2005,195.49734964579466,231.1663275042317,262
FIRM0262,Simulated firm 262,2006,172.04367031092633,195.49734964579466,262
FIRM0262,Simulated firm 262,2007,131.79700676743155,172.04367031092633,262
FIRM0262,Simulated firm 262,2008,233.17678434222918,131.79700676743155,262
FIRM0262,Simulated firm 262,2009,304.43417512274806,233.17678434222918,262
FIRM0262,Simulated firm 262,2010,127.86523562043874,304.43417512274806,262
FIRM0262,Simulated firm 262,2011,121.44313784270204,127.86523562043874,262
FIRM0262,Simulated firm 262,2012,161.09659802426992,121.44313784270204,262
FIRM0262,Simulated firm 262,2013,190.94449830218673,161.09659802426992,262
FIRM0262,Simulated firm 262,2014,148.08820700854918,190.94449830218673,262
FIRM0263,Simulated firm 263,2001,88.49639542366637,236.15769482782497,263
FIRM0263,Simulated firm 263,2002,73.6020889122747,88.49639542366637,263
FIRM0263,Simulated firm 263,2003,75.51971209698077,73.6020889122747,263
FIRM0263,Simulated firm 263,2004,402.8306608155032,75.51971209698077,263
FIRM0263,Simulated firm 263,2005,82.95809414724074,402.8306608155032,263
FIRM0263,Simulated firm 263,2006,120.58871189244213,82.95809414724074,263
FIRM0263,Simulated firm 263,2007,56.05978234659697,120.58871189244213,263
FIRM0263,Simulated firm 263,2008,111.54916558697116,56.05978234659697,263
FIRM0263,Simulated firm 263,2009,70.23909810743984,111.54916558697116,263
FIRM0263,Simulated firm 263,2010,103.71756642319552,70.23909810743984,263
FIRM0263,Simulated firm 263,2011,10.42592097655955,103.71756642319552,263
FIRM0263,Simulated firm 263,2012,76.78145781423346,10.42592097655955,263
FIRM0263,Simulated firm 263,2013,65.37663004741822,76.78145781423346,263
FIRM0263,Simulated firm 263,2014,104.25721417605678,65.37663004741822,263
FIRM0264,Simulated firm 264,2001,367.1171612422262,630.8987497619,264
FIRM0264,Simulated firm 264,2002,306.040569176134,367.1171612422262,264
FIRM0264,Simulated firm 264,2003,623.0230646677417,306.040569176134,264
FIRM0264,Simulated firm 264,2004,377.0981445417974,623.0230646677417,264
FIRM0264,Simulated firm 264,2005,424.9380611872487,377.0981445417974,264
FIRM0264,Simulated firm 264,2006,352.1417746786038,424.9380611872487,264
FIRM0264,Simulated firm 264,2007,526.7861305168818,352.1417746786038,264
FIRM0264,Simulated firm 264,2008,530.3238443365123,526.7861305168818,264
FIRM0264,Simulated firm 264,2009,653.2297642051833,530.3238443365123,264
FIRM0264,Simulated firm 264,2010,583.5339460282024,653.2297642051833,264
FIRM0264,Simulated firm 264,2011,572.1719972048974,583.5339460282024,264
FIRM0264,Simulated firm 264,2012,434.4241012990273,572.1719972048974,264
FIRM0264,Simulated firm 264,2013,421.3736106792382,434.4241012990273,264
FIRM0264,Simulated firm 264,2014,421.5080515792972,421.3736106792382,264
FIRM0265,Simulated firm 265,2001,126.81813859858357,92.2241098790488,265
FIRM0265,Simulated firm 265,2002,74.72420712326759,126.81813859858357,265
FIRM0265,Simulated firm 265,2003,62.341830849963536,74.72420712326759,265
FIRM0265,Simulated firm 265,2004,109.4244733181861,62.341830849963536,265
FIRM0265,Simulated firm 265,2005,83.49951508957307,109.4244733181861,265
FIRM0265,Simulated firm 265,2006,72.19848282925341,83.49951508957307,265
FIRM0265,Simulated firm 265,2007,166.5231938883046,72.19848282925341,265
FIRM0265,Simulated firm 265,2008,95.63825209968753,166.5231938883046,265
FIRM0265,Simulated firm 265,2009,68.57595876396059,95.63825209968753,265
FIRM0265,Simulated firm 265,2010,81.18312282971725,68.57595876396059,265
FIRM0265,Simulated firm 265,2011,88.84374905818476,81.18312282971725,265
FIRM0265,Simulated firm 265,2012,108.82711792827601,88.84374905818476,265
FIRM0265,Simulated firm 265,2013,81.27972602629556,108.82711792827601,265
FIRM0265,Simulated firm 265,2014,91.7976101223954,81.27972602629556,265
FIRM0266,Simulated firm 266,2001,168.57979359088202,160.92292086493657,266
FIRM0266,Simulated firm 266,2002,147.1690377374104,168.57979359088202,266
FIRM0266,Simulated firm 266,2003,235.65703902527758,147.1690377374104,266
FIRM0266,Simulated firm 266,2004,179.1201664180991,235.65703902527758,266
FIRM0266,Simulated firm 266,2005,176.45510599154736,179.1201664180991,266
FIRM0266,Simulated firm 266,2006,174.73552897409033,176.45510599154736,266
FIRM0266,Simulated firm 266,2007,200.2090195483369,174.73552897409033,266
FIRM0266,Simulated firm 266,2008,158.1831205316067,200.2090195483369,266
FIRM0266,Simulated firm 266,2009,117.27757289214728,158.1831205316067,266
FIRM0266,Simulated firm 266,2010,166.48172221672627,117.27757289214728,266
FIRM0266,Simulated firm 266,2011,171.94689717222076,166.48172221672627,266
FIRM0266,Simulated firm 266,2012,209.09440607615824,171.94689717222076,266
FIRM0266,Simulated firm 266,2013,114.65851572507748,209.09440607615824,266
FIRM0266,Simulated firm 266,2014,120.75999935574107,114.65851572507748,266
FIRM0267,Simulated firm 267,2001,105.33711461378263,90.86256767862751,267
FIRM0267,Simulated firm 267,2002,65.82022447465603,105.33711461378263,267
FIRM0267,Simulated firm 267,2003,69.01320690980162,65.82022447465603,267
FIRM0267,Simulated firm 267,2004,111.98943937772266,69.01320690980162,267
FIRM0267,Simulated firm 267,2005,66.40405886908323,111.98943937772266,267
FIRM0267,Simulated firm 267,2006,72.47797182434496,66.40405886908323,267
FIRM0267,Simulated firm 267,2007,113.94526194068547,72.47797182434496,267
FIRM0267,Simulated firm 267,2008,104.92693387896068,113.94526194068547,267
FIRM0267,Simulated firm 267,2009,76.7884340093938,104.92693387896068,267
FIRM0267,Simulated firm 267,2010,66.26014707790708,76.7884340093938,267
FIRM0267,Simulated firm 267,2011,96.66186352953069,66.26014707790708,267
FIRM0267,Simulated firm 267,2012,87.21019308571462,96.66186352953069,267
FIRM0267,Simulated firm 267,2013,81.66694659824803,87.21019308571462,267
FIRM0267,Simulated firm 267,2014,100.67721067976669,81.66694659824803,267
FIRM0268,Simulated firm 268,2001,80.78124854831344,54.45502611974363,268
FIRM0268,Simulated firm 268,2002,75.95402933284352,80.78124854831344,268
FIRM0268,Simulated firm 268,2003,77.33213046504315,75.95402933284352,268
FIRM0268,Simulated firm 268,2004,57.75278061948366,77.33213046504315,268
FIRM0268,Simulated firm 268,2005,101.41897499912618,57.75278061948366,268
FIRM0268,Simulated firm 268,2006,61.84678465942977,101.41897499912618,268
FIRM0268,Simulated firm 268,2007,64.08852666174117,61.84678465942977,268
FIRM0268,Simulated firm 268,2008,69.50956662117032,64.08852666174117,268
FIRM0268,Simulated firm 268,2009,84.39060066299638,69.50956662117032,268
FIRM0268,Simulated firm 268,2010,76.74220219334725,84.39060066299638,268
FIRM0268,Simulated firm 268,2011,49.575894094386356,76.74220219334725,268
FIRM0268,Simulated firm 268,2012,72.28263340536164,49.575894094386356,268
FIRM0268,Simulated firm 268,2013,73.76850234858594,72.28263340536164,268
FIRM0268,Simulated firm 268,2014,102.1416138129763,73.76850234858594,268
FIRM0269,Simulated firm 269,2001,32.95691636507103,26.827610319020653,269
FIRM0269,Simulated firm 269,2002,58.16966394376306,32.95691636507103,269
FIRM0269,Simulated firm 269,2003,38.77222446265224,58.16966394376306,269
FIRM0269,Simulated firm 269,2004,22.79956788510849,38.77222446265224,269
FIRM0269,Simulated firm 269,2005,30.660154627498567,22.79956788510849,269
FIRM0269,Simulated firm 269,2006,32.32311210831522,30.660154627498567,269
FIRM0269,Simulated firm 269,2007,26.616172563483698,32.32311210831522,269
FIRM0269,Simulated firm 269,2008,35.02592632423235,26.616172563483698,269
FIRM0269,Simulated firm 269,2009,22.72371889983467,35.02592632423235,269
FIRM0269,Simulated firm 269,2010,24.835879686161118,22.72371889983467,269
FIRM0269,Simulated firm 269,2011,27.85404619871257,24.835879686161118,269
FIRM0269,Simulated firm 269,2012,26.32320894958403,27.85404619871257,269
FIRM0269,Simulated firm 269,2013,34.00875414191574,26.32320894958403,269
FIRM0269,Simulated firm 269,2014,28.695933217623818,34.00875414191574,269
FIRM0270,Simulated firm 270,2001,59.62859287722798,8.516816995744076,270
FIRM0270,Simulated firm 270,2002,52.0254762466295,59.62859287722798,270
FIRM0270,Simulated firm 270,2003,31.84519562414133,52.0254762466295,270
FIRM0270,Simulated firm 270,2004,31.71384236757454,31.84519562414133,270
FIRM0270,Simulated firm 270,2005,39.77878161889125,31.71384236757454,270
FIRM0270,Simulated firm 270,2006,32.67340905511259,39.77878161889125,270
FIRM0270,Simulated firm 270,2007,56.932659677305544,32.67340905511259,270
FIRM0270,Simulated firm 270,2008,38.79687818419067,56.932659677305544,270
FIRM0270,Simulated firm 270,2009,50.90881731107332,38.79687818419067,270
FIRM0270,Simulated firm 270,2010,74.73758762951189,50.90881731107332,270
FIRM0270,Simulated firm 270,2011,53.75094355531139,74.73758762951189,270
FIRM0270,Simulated firm 270,2012,28.397274680827163,53.75094355531139,270
FIRM0270,Simulated firm 270,2013,39.206186322720356,28.397274680827163,270
FIRM0270,Simulated firm 270,2014,42.56607541270531,39.206186322720356,270
FIRM0271,Simulated firm 271,2001,124.90856812693384,106.80391933899593,271
FIRM0271,Simulated firm 271,2002,176.42169708185165,124.90856812693384,271
FIRM0271,Simulated firm 271,2003,151.3597835655534,176.42169708185165,271
FIRM0271,Simulated firm 271,2004,98.52868158987957,151.3597835655534,271
FIRM0271,Simulated firm 271,2005,98.24267118549615,98.52868158987957,271
FIRM0271,Simulated firm 271,2006,146.53805158490016,98.24267118549615,271
FIRM0271,Simulated firm 271,2007,99.84809709966206,146.53805158490016,271
FIRM0271,Simulated firm 271,2008,86.91534594725258,99.84809709966206,271
FIRM0271,Simulated firm 271,2009,127.45393333805494,86.91534594725258,271
FIRM0271,Simulated firm 271,2010,108.11467793834215,127.45393333805494,271
FIRM0271,Simulated firm 271,2011,70.44335542778268,108.11467793834215,271
FIRM0271,Simulated firm 271,2012,92.57646324059351,70.44335542778268,271
FIRM0271,Simulated firm 271,2013,73.301675138876,92.57646324059351,271
FIRM0271,Simulated firm 271,2014,55.39970267610899,73.301675138876,271
FIRM0272,Simulated firm 272,2001,45.25669923284523,69.31887666973934,272
FIRM0272,Simulated firm 272,2002,41.040399115584854,45.25669923284523,272
FIRM0272,Simulated firm 272,2003,38.88357411801349,41.040399115584854,272
FIRM0272,Simulated firm 272,2004,44.07885304280457,38.88357411801349,272
FIRM0272,Simulated firm 272,2005,38.76900048528081,44.07885304280457,272
FIRM0272,Simulated firm 272,2006,34.63785375252998,38.76900048528081,272
FIRM0272,Simulated firm 272,2007,39.301961057573614,34.63785375252998,272
FIRM0272,Simulated firm 272,2008,62.499577628061814,39.301961057573614,272
FIRM0272,Simulated firm 272,2009,55.65212389789267,62.499577628061814,272
FIRM0272,Simulated firm 272,2010,39.31391013933078,55.65212389789267,272
FIRM0272,Simulated firm 272,2011,252.92224465599162,39.31391013933078,272
FIRM0272,Simulated firm 272,2012,43.168743002261145,252.92224465599162,272
FIRM0272,Simulated firm 272,2013,36.33981804395426,43.168743002261145,272
FIRM0272,Simulated firm 272,2014,48.04335841500359,36.33981804395426,272
FIRM0273,Simulated firm 273,2001,410.3026387998756,1020.7372839602838,273
FIRM0273,Simulated firm 273,2002,244.64800278159183,410.3026387998756,273
FIRM0273,Simulated firm 273,2003,220.34093108971885,244.64800278159183,273
FIRM0273,Simulated firm 273,2004,267.3295798801987,220.34093108971885,273
FIRM0273,Simulated firm 273,2005,229.1378025451482,267.3295798801987,273
FIRM0273,Simulated firm 273,2006,356.9434480486106,229.1378025451482,273
FIRM0273,Simulated firm 273,2007,393.3602733302748,356.9434480486106,273
FIRM0273,Simulated firm 273,2008,305.4140279310806,393.3602733302748,273
FIRM0273,Simulated firm 273,2009,307.92073636323227,305.4140279310806,273
FIRM0273,Simulated firm 273,2010,302.6080881893873,307.92073636323227,273
FIRM0273,Simulated firm 273,2011,378.8537291803726,302.6080881893873,273
FIRM0273,Simulated firm 273,2012,358.6442055921535,378.8537291803726,273
FIRM0273,Simulated firm 273,2013,242.65184677643293,358.6442055921535,273
FIRM0273,Simulated firm 273,2014,346.81468291979394,242.65184677643293,273
FIRM0274,Simulated firm 274,2001,434.06150369282733,424.7246655183643,274
FIRM0274,Simulated firm 274,2002,194.75625152174146,434.06150369282733,274
FIRM0274,Simulated firm 274,2003,356.1815941738429,194.75625152174146,274
FIRM0274,Simulated firm 274,2004,331.55043127891213,356.1815941738429,274
FIRM0274,Simulated firm 274,2005,339.99258628837475,331.55043127891213,274
FIRM0274,Simulated firm 274,2006,517.074250668402,339.99258628837475,274
FIRM0274,Simulated firm 274,2007,342.81287593018845,517.074250668402,274
FIRM0274,Simulated firm 274,2008,281.98846543480386,342.81287593018845,274
FIRM0274,Simulated firm 274,2009,200.68583911595556,281.98846543480386,274
FIRM0274,Simulated firm 274,2010,405.3046544389618,200.68583911595556,274
FIRM0274,Simulated firm 274,2011,429.0525801824753,405.3046544389618,274
FIRM0274,Simulated firm 274,2012,262.5879187052071,429.0525801824753,274
FIRM0274,Simulated firm 274,2013,484.51749615815487,262.5879187052071,274
FIRM0274,Simulated firm 274,2014,401.22894267486674,484.51749615815487,274
FIRM0275,Simulated firm 275,2001,145.31264534534427,287.0776405014828,275
FIRM0275,Simulated firm 275,2002,264.3367577330815,145.31264534534427,275
FIRM0275,Simulated firm 275,2003,156.55437555616658,264.3367577330815,275
FIRM0275,Simulated firm 275,2004,188.90507793967814,156.55437555616658,275
FIRM0275,Simulated firm 275,2005,243.87636003202385,188.90507793967814,275
FIRM0275,Simulated firm 275,2006,153.20588450804667,243.87636003202385,275
FIRM0275,Simulated firm 275,2007,177.2325481391959,153.20588450804667,275
FIRM0275,Simulated firm 275,2008,144.74564883309068,177.2325481391959,275
FIRM0275,Simulated firm 275,2009,242.1476437170359,144.74564883309068,275
FIRM0275,Simulated firm 275,2010,166.28782503226745,242.1476437170359,275
FIRM0275,Simulated firm 275,2011,203.31379786396624,166.28782503226745,275
FIRM0275,Simulated firm 275,2012,224.10248071290522,203.31379786396624,275
FIRM0275,Simulated firm 275,2013,218.16808023997996,224.10248071290522,275
FIRM0275,Simulated firm 275,2014,213.1712508317233,218.16808023997996,275
FIRM0276,Simulated firm 276,2001,121.27807438259438,176.04397681967026,276
FIRM0276,Simulated firm 276,2002,158.11931232309536,121.27807438259438,276
FIRM0276,Simulated firm 276,2003,175.65059847065768,158.11931232309536,276
FIRM0276,Simulated firm 276,2004,170.9087125457118,175.65059847065768,276
FIRM0276,Simulated firm 276,2005,162.47429959090084,170.9087125457118,276
FIRM0276,Simulated firm 276,2006,25.38929354892306,162.47429959090084,276
FIRM0276,Simulated firm 276,2007,179.26749943567634,25.38929354892306,276
FIRM0276,Simulated firm 276,2008,187.63387993147282,179.26749943567634,276
FIRM0276,Simulated firm 276,2009,150.90883553926176,187.63387993147282,276
FIRM0276,Simulated firm 276,2010,214.0252758889875,150.90883553926176,276
FIRM0276,Simulated firm 276,2011,242.72296507195864,214.0252758889875,276
FIRM0276,Simulated firm 276,2012,168.80114957925608,242.72296507195864,276
FIRM0276,Simulated firm 276,2013,22.562144966107994,168.80114957925608,276
FIRM0276,Simulated firm 276,2014,126.24622391887496,22.562144966107994,276
FIRM0277,Simulated firm 277,2001,251.7463912817921,236.217969033316,277
FIRM0277,Simulated firm 277,2002,19.049000715727683,251.7463912817921,277
FIRM0277,Simulated firm 277,2003,62.78202715564465,19.049000715727683,277
FIRM0277,Simulated firm 277,2004,360.0854168786188,62.78202715564465,277
FIRM0277,Simulated firm 277,2005,154.67146612379523,360.0854168786188,277
FIRM0277,Simulated firm 277,2006,260.2869923725899,154.67146612379523,277
FIRM0277,Simulated firm 277,2007,222.07377903538693,260.2869923725899,277
FIRM0277,Simulated firm 277,2008,253.64204681246648,222.07377903538693,277
FIRM0277,Simulated firm 277,2009,374.47344512176113,253.64204681246648,277
FIRM0277,Simulated firm 277,2010,250.75008198421463,374.47344512176113,277
FIRM0277,Simulated firm 277,2011,242.03031454941396,250.75008198421463,277
FIRM0277,Simulated firm 277,2012,298.6673463631898,242.03031454941396,277
FIRM0277,Simulated firm 277,2013,273.17834439907995,298.6673463631898,277
FIRM0277,Simulated firm 277,2014,260.5608997721796,273.17834439907995,277
FIRM0278,Simulated firm 278,2001,577.2067929726369,462.62177478864044,278
FIRM0278,Simulated firm 278,2002,528.206638506803,577.2067929726369,278
FIRM0278,Simulated firm 278,2003,399.57523879479794,528.206638506803,278
FIRM0278,Simulated firm 278,2004,618.5152925758496,399.57523879479794,278
FIRM0278,Simulated firm 278,2005,377.9012964694994,618.5152925758496,278
FIRM0278,Simulated firm 278,2006,436.85242195753483,377.9012964694994,278
FIRM0278,Simulated firm 278,2007,449.09949146266285,436.85242195753483,278
FIRM0278,Simulated firm 278,2008,395.1073090596909,449.09949146266285,278
FIRM0278,Simulated firm 278,2009,598.8280565072965,395.1073090596909,278
FIRM0278,Simulated firm 278,2010,390.4959041027453,598.8280565072965,278
FIRM0278,Simulated firm 278,2011,412.8742053276186,390.4959041027453,278
FIRM0278,Simulated firm 278,2012,548.8996604165021,412.8742053276186,278
FIRM0278,Simulated firm 278,2013,381.12202359687194,548.8996604165021,278
FIRM0278,Simulated firm 278,2014,315.26432673737037,381.12202359687194,278
FIRM0279,Simulated firm 279,2001,326.17122782286197,428.45375668682493,279
FIRM0279,Simulated firm 279,2002,318.26374080524477,326.17122782286197,279
FIRM0279,Simulated firm 279,2003,253.9739508262718,318.26374080524477,279
FIRM0279,Simulated firm 279,2004,260.7093325056002,253.9739508262718,279
FIRM0279,Simulated firm 279,2005,264.6632114758186,260.7093325056002,279
FIRM0279,Simulated firm 279,2006,625.7947920091244,264.6632114758186,279
FIRM0279,Simulated firm 279,2007,264.45328325268935,625.7947920091244,279
FIRM0279,Simulated firm 279,2008,324.3744897958162,264.45328325268935,279
FIRM0279,Simulated firm 279,2009,403.74117492727055,324.3744897958162,279
FIRM0279,Simulated firm 279,2010,482.5363350203269,403.74117492727055,279
FIRM0279,Simulated firm 279,2011,495.4170853661809,482.5363350203269,279
FIRM0279,Simulated firm 279,2012,344.09062089725444,495.4170853661809,279
FIRM0279,Simulated firm 279,2013,423.57122343094164,344.09062089725444,279
FIRM0279,Simulated firm 279,2014,400.92474113499213,423.57122343094164,279
FIRM0280,Simulated firm 280,2001,41.11737763325067,39.8331666957546,280
FIRM0280,Simulated firm 280,2002,43.79567897725305,41.11737763325067,280
FIRM0280,Simulated firm 280,2003,34.47007707045008,43.79567897725305,280
FIRM0280,Simulated firm 280,2004,52.962002890282164,34.47007707045008,280
FIRM0280,Simulated firm 280,2005,62.194939514105364,52.962002890282164,280
FIRM0280,Simulated firm 280,2006,36.334108793588236,62.194939514105364,280
FIRM0280,Simulated firm 280,2007,68.44837683428726,36.334108793588236,280
FIRM0280,Simulated firm 280,2008,34.948928144158685,68.44837683428726,280
FIRM0280,Simulated firm 280,2009,40.56877942254132,34.948928144158685,280
FIRM0280,Simulated firm 280,2010,38.31633811724098,40.56877942254132,280
FIRM0280,Simulated firm 280,2011,40.18075091861817,38.31633811724098,280
FIRM0280,Simulated firm 280,2012,51.35386947384926,40.18075091861817,280
FIRM0280,Simulated firm 280,2013,37.79478286778809,51.35386947384926,280
FIRM0280,Simulated firm 280,2014,30.07534983760193,37.79478286778809,280
FIRM0281,Simulated firm 281,2001,99.11644839160083,89.97875843149909,281
FIRM0281,Simulated firm 281,2002,108.62960312826313,99.11644839160083,281
FIRM0281,Simulated firm 281,2003,86.09999870350526,108.62960312826313,281
FIRM0281,Simulated firm 281,2004,88.20402223288538,86.09999870350526,281
FIRM0281,Simulated firm 281,2005,109.60283949665174,88.20402223288538,281
FIRM0281,Simulated firm 281,2006,110.5400313272991,109.60283949665174,281
FIRM0281,Simulated firm 281,2007,129.38200569495993,110.5400313272991,281
FIRM0281,Simulated firm 281,2008,89.72430752593161,129.38200569495993,281
FIRM0281,Simulated firm 281,2009,117.62745474321261,89.72430752593161,281
FIRM0281,Simulated firm 281,2010,100.47579581594539,117.62745474321261,281
FIRM0281,Simulated firm 281,2011,92.62827747847417,100.47579581594539,281
FIRM0281,Simulated firm 281,2012,101.25708669588869,92.62827747847417,281
FIRM0281,Simulated firm 281,2013,104.60694820492694,101.25708669588869,281
FIRM0281,Simulated firm 281,2014,76.99365027900681,104.60694820492694,281
FIRM0282,Simulated firm 282,2001,151.83056473332925,97.66313853600747,282
FIRM0282,Simulated firm 282,2002,118.13724740692157,151.83056473332925,282
FIRM0282,Simulated firm 282,2003,135.76312058636321,118.13724740692157,282
FIRM0282,Simulated firm 282,2004,150.66648292656905,135.76312058636321,282
FIRM0282,Simulated firm 282,2005,126.50320688931996,150.66648292656905,282
FIRM0282,Simulated firm 282,2006,147.4305537256089,126.50320688931996,282
FIRM0282,Simulated firm 282,2007,130.70355964327467,147.4305537256089,282
FIRM0282,Simulated firm 282,2008,132.17311015633177,130.70355964327467,282
FIRM0282,Simulated firm 282,2009,171.6792239828135,132.17311015633177,282
FIRM0282,Simulated firm 282,2010,123.26908551502109,171.6792239828135,282
FIRM0282,Simulated firm 282,2011,152.2813707372107,123.26908551502109,282
FIRM0282,Simulated firm 282,2012,7.542507948431657,152.2813707372107,282
FIRM0282,Simulated firm 282,2013,134.57193293578743,7.542507948431657,282
FIRM0282,Simulated firm 282,2014,183.65312967718333,134.57193293578743,282
FIRM0283,Simulated firm 283,2001,97.58622797329406,239.46195513968647,283
FIRM0283,Simulated firm 283,2002,123.35961637180995,97.58622797329406,283
FIRM0283,Simulated firm 283,2003,106.85555829331824,123.35961637180995,283
FIRM0283,Simulated firm 283,2004,130.06449006353563,106.85555829331824,283
FIRM0283,Simulated firm 283,2005,165.86004336535788,130.06449006353563,283
FIRM0283,Simulated firm 283,2006,181.2599626985175,165.86004336535788,283
FIRM0283,Simulated firm 283,2007,182.89685626424125,181.2599626985175,283
FIRM0283,Simulated firm 283,2008,95.6977129269378,182.89685626424125,283
FIRM0283,Simulated firm 283,2009,135.71992648086083,95.6977129269378,283
FIRM0283,Simulated firm 283,2010,116.48412002316013,135.71992648086083,283
FIRM0283,Simulated firm 283,2011,128.2890583512782,116.48412002316013,283
FIRM0283,Simulated firm 283,2012,120.16720515455306,128.2890583512782,283
FIRM0283,Simulated firm 283,2013,96.73174763929136,120.16720515455306,283
FIRM0283,Simulated firm 283,2014,181.7543251345658,96.73174763929136,283
FIRM0284,Simulated firm 284,2001,246.3314847418856,39.19053207752544,284
FIRM0284,Simulated firm 284,2002,404.9984531883537,246.3314847418856,284
FIRM0284,Simulated firm 284,2003,196.04497976388393,404.9984531883537,284
FIRM0284,Simulated firm 284,2004,314.12799096754736,196.04497976388393,284
FIRM0284,Simulated firm 284,2005,362.1337004982055,314.12799096754736,284
FIRM0284,Simulated firm 284,2006,395.72364078035554,362.1337004982055,284
FIRM0284,Simulated firm 284,2007,308.77098601461324,395.72364078035554,284
FIRM0284,Simulated firm 284,2008,336.82553711154395,308.77098601461324,284
FIRM0284,Simulated firm 284,2009,362.0810601135596,336.82553711154395,284
FIRM0284,Simulated firm 284,2010,274.89633758802034,362.0810601135596,284
FIRM0284,Simulated firm 284,2011,229.5047461852533,274.89633758802034,284
FIRM0284,Simulated firm 284,2012,888.751043088064,229.5047461852533,284
FIRM0284,Simulated firm 284,2013,327.46023556420965,888.751043088064,284
FIRM0284,Simulated firm 284,2014,285.71818450850094,327.46023556420965,284
FIRM0285,Simulated firm 285,2001,124.8039362623927,153.86811495756658,285
FIRM0285,Simulated firm 285,2002,233.55579146762187,124.8039362623927,285
FIRM0285,Simulated firm 285,2003,3.8436215338255777,233.55579146762187,285
FIRM0285,Simulated firm 285,2004,212.91857802782542,3.8436215338255777,285
FIRM0285,Simulated firm 285,2005,178.9012768875667,212.91857802782542,285
FIRM0285,Simulated firm 285,2006,188.95701871225245,178.9012768875667,285
FIRM0285,Simulated firm 285,2007,288.63593085237244,188.95701871225245,285
FIRM0285,Simulated firm 285,2008,179.28360721967508,288.63593085237244,285
FIRM0285,Simulated firm 285,2009,215.48356285356874,179.28360721967508,285
FIRM0285,Simulated firm 285,2010,179.50139034425632,215.48356285356874,285
FIRM0285,Simulated firm 285,2011,228.1268868734459,179.50139034425632,285
FIRM0285,Simulated firm 285,2012,99.18890992156855,228.1268868734459,285
FIRM0285,Simulated firm 285,2013,212.95363677028408,99.18890992156855,285
FIRM0285,Simulated firm 285,2014,270.8003118312641,212.95363677028408,285
FIRM0286,Simulated firm 286,2001,27.469874659568823,29.097220915080396,286
FIRM0286,Simulated firm 286,2002,31.718287190206826,27.469874659568823,286
FIRM0286,Simulated firm 286,2003,19.830552418383316,31.718287190206826,286
FIRM0286,Simulated firm 286,2004,47.1989089194508,19.830552418383316,286
FIRM0286,Simulated firm 286,2005,21.48461375566423,47.1989089194508,286
FIRM0286,Simulated firm 286,2006,47.04220882874123,21.48461375566423,286
FIRM0286,Simulated firm 286,2007,64.48185584574682,47.04220882874123,286
FIRM0286,Simulated firm 286,2008,38.75803737951822,64.48185584574682,286
FIRM0286,Simulated firm 286,2009,61.8517717374548,38.75803737951822,286
FIRM0286,Simulated firm 286,2010,46.17398051324013,61.8517717374548,286
FIRM0286,Simulated firm 286,2011,113.17134705658651,46.17398051324013,286
FIRM0286,Simulated firm 286,2012,56.5022606880291,113.17134705658651,286
FIRM0286,Simulated firm 286,2013,38.762853362897914,56.5022606880291,286
FIRM0286,Simulated firm 286,2014,51.87204181538049,38.762853362897914,286
FIRM0287,Simulated firm 287,2001,292.88053115958473,176.959965873181,287
FIRM0287,Simulated firm 287,2002,180.89044763393355,292.88053115958473,287
FIRM0287,Simulated firm 287,2003,218.19420277144803,180.89044763393355,287
FIRM0287,Simulated firm 287,2004,309.39411360932934,218.19420277144803,287
FIRM0287,Simulated firm 287,2005,220.6508542688973,309.39411360932934,287
FIRM0287,Simulated firm 287,2006,172.6852112491067,220.6508542688973,287
FIRM0287,Simulated firm 287,2007,141.2321793165596,172.6852112491067,287
FIRM0287,Simulated firm 287,2008,9.304398279885678,141.2321793165596,287
FIRM0287,Simulated firm 287,2009,214.59122572465776,9.304398279885678,287
FIRM0287,Simulated firm 287,2010,188.4117689799352,214.59122572465776,287
FIRM0287,Simulated firm 287,2011,145.44336014501033,188.4117689799352,287
FIRM0287,Simulated firm 287,2012,230.12282929944652,145.44336014501033,287
FIRM0287,Simulated firm 287,2013,229.28602843229166,230.12282929944652,287
FIRM0287,Simulated firm 287,2014,187.6047083795442,229.28602843229166,287
FIRM0288,Simulated firm 288,2001,174.12988556664962,376.2149318496528,288
FIRM0288,Simulated firm 288,2002,237.20463739587103,174.12988556664962,288
FIRM0288,Simulated firm 288,2003,300.00608635463556,237.20463739587103,288
FIRM0288,Simulated firm 288,2004,203.0167969804349,300.00608635463556,288
FIRM0288,Simulated firm 288,2005,321.47010731399524,203.0167969804349,288
FIRM0288,Simulated firm 288,2006,346.55603555986426,321.47010731399524,288
FIRM0288,Simulated firm 288,2007,143.3833627143653,346.55603555986426,288
FIRM0288,Simulated firm 288,2008,798.2343271776958,143.3833627143653,288
FIRM0288,Simulated firm 288,2009,295.3278853723698,798.2343271776958,288
FIRM0288,Simulated firm 288,2010,230.67786457194362,295.3278853723698,288
FIRM0288,Simulated firm 288,2011,184.59543245730103,230.67786457194362,288
FIRM0288,Simulated firm 288,2012,332.9481760200498,184.59543245730103,288
FIRM0288,Simulated firm 288,2013,195.76406457279958,332.9481760200498,288
FIRM0288,Simulated firm 288,2014,295.18815218515726,195.76406457279958,288
FIRM0289,Simulated firm 289,2001,66.27927946829674,50.076236148262595,289
FIRM0289,Simulated firm 289,2002,83.37918203438261,66.27927946829674,289
FIRM0289,Simulated firm 289,2003,12.592768431328665,83.37918203438261,289
FIRM0289,Simulated firm 289,2004,96.12213373822976,12.592768431328665,289
FIRM0289,Simulated firm 289,2005,76.51106274353796,96.12213373822976,289
FIRM0289,Simulated firm 289,2006,6.077466092727601,76.51106274353796,289
FIRM0289,Simulated firm 289,2007,47.58849728756347,6.077466092727601,289
FIRM0289,Simulated firm 289,2008,54.61845574622082,47.58849728756347,289
FIRM0289,Simulated firm 289,2009,65.50461857448826,54.61845574622082,289
FIRM0289,Simulated firm 289,2010,98.81851968344944,65.50461857448826,289
FIRM0289,Simulated firm 289,2011,104.44191016480609,98.81851968344944,289
FIRM0289,Simulated firm 289,2012,58.13644719951728,104.44191016480609,289
FIRM0289,Simulated firm 289,2013,57.712589648174635,58.13644719951728,289
FIRM0289,Simulated firm 289,2014,79.83820336309326,57.712589648174635,289
FIRM0290,Simulated firm 290,2001,559.1843139441368,486.370890160125,290
FIRM0290,Simulated firm 290,2002,563.4859492291619,559.1843139441368,290
FIRM0290,Simulated firm 290,2003,328.15308775293704,563.4859492291619,290
FIRM0290,Simulated firm 290,2004,277.9590793433449,328.15308775293704,290
FIRM0290,Simulated firm 290,2005,468.9188943130553,277.9590793433449,290
FIRM0290,Simulated firm 290,2006,426.8939072603368,468.9188943130553,290
FIRM0290,Simulated firm 290,2007,247.19985234215613,426.8939072603368,290
FIRM0290,Simulated firm 290,2008,254.84636116506198,247.19985234215613,290
FIRM0290,Simulated firm 290,2009,276.5357143607104,254.84636116506198,290
FIRM0290,Simulated firm 290,2010,462.9662287542312,276.5357143607104,290
FIRM0290,Simulated firm 290,2011,391.27310055859766,462.9662287542312,290
FIRM0290,Simulated firm 290,2012,465.7247767652409,391.27310055859766,290
FIRM0290,Simulated firm 290,2013,309.6589217718634,465.7247767652409,290
FIRM0290,Simulated firm 290,2014,474.5759805427906,309.6589217718634,290
FIRM0291,Simulated firm 291,2001,51.76431661459392,47.093388005537115,291
FIRM0291,Simulated firm 291,2002,38.60692413112885,51.76431661459392,291
FIRM0291,Simulated firm 291,2003,36.6550683186415,38.60692413112885,291
FIRM0291,Simulated firm 291,2004,30.55680222854937,36.6550683186415,291
FIRM0291,Simulated firm 291,2005,40.12191853766989,30.55680222854937,291
FIRM0291,Simulated firm 291,2006,56.695006630454024,40.12191853766989,291
FIRM0291,Simulated firm 291,2007,61.06584909428307,56.695006630454024,291
FIRM0291,Simulated firm 291,2008,32.4796559184785,61.06584909428307,291
FIRM0291,Simulated firm 291,2009,42.77956766147486,32.4796559184785,291
FIRM0291,Simulated firm 291,2010,64.84057050909591,42.77956766147486,291
FIRM0291,Simulated firm 291,2011,67.49886475319472,64.84057050909591,291
FIRM0291,Simulated firm 291,2012,39.72987206230727,67.49886475319472,291
FIRM0291,Simulated firm 291,2013,58.102010031769375,39.72987206230727,291
FIRM0291,Simulated firm 291,2014,55.294415448190094,58.102010031769375,291
FIRM0292,Simulated firm 292,2001,296.08967329080446,557.8698620344347,292
FIRM0292,Simulated firm 292,2002,386.4894538129898,296.08967329080446,292
FIRM0292,Simulated firm 292,2003,429.85422080611534,386.4894538129898,292
FIRM0292,Simulated firm 292,2004,426.847997837898,429.85422080611534,292
FIRM0292,Simulated firm 292,2005,440.43292930270655,426.847997837898,292
FIRM0292,Simulated firm 292,2006,720.4385911757146,440.43292930270655,292
FIRM0292,Simulated firm 292,2007,413.48721382185965,720.4385911757146,292
FIRM0292,Simulated firm 292,2008,288.0123345936473,413.48721382185965,292
FIRM0292,Simulated firm 292,2009,487.42677021201524,288.0123345936473,292
FIRM0292,Simulated firm 292,2010,441.7912126293902,487.42677021201524,292
FIRM0292,Simulated firm 292,2011,340.0014762419513,441.7912126293902,292
FIRM0292,Simulated firm 292,2012,456.35792672176433,340.0014762419513,292
FIRM0292,Simulated firm 292,2013,271.9521114093002,456.35792672176433,292
FIRM0292,Simulated firm 292,2014,504.60401084906334,271.9521114093002,292
FIRM0293,Simulated firm 293,2001,71.7808374038584,38.224260118956614,293
FIRM0293,Simulated firm 293,2002,55.59926997839966,71.7808374038584,293
FIRM0293,Simulated firm 293,2003,51.04895953288732,55.59926997839966,293
FIRM0293,Simulated firm 293,2004,78.74029802748201,51.04895953288732,293
FIRM0293,Simulated firm 293,2005,58.55044767256081,78.74029802748201,293
FIRM0293,Simulated firm 293,2006,65.61346714522091,58.55044767256081,293
FIRM0293,Simulated firm 293,2007,43.44641186992433,65.61346714522091,293
FIRM0293,Simulated firm 293,2008,93.81159528483558,43.44641186992433,293
FIRM0293,Simulated firm 293,2009,67.20827914966411,93.81159528483558,293
FIRM0293,Simulated firm 293,2010,67.16641079835394,67.20827914966411,293
FIRM0293,Simulated firm 293,2011,88.11964234916537,67.16641079835394,293
FIRM0293,Simulated firm 293,2012,73.9184984858987,88.11964234916537,293
FIRM0293,Simulated firm 293,2013,34.76333600772361,73.9184984858987,293
FIRM0293,Simulated firm 293,2014,96.61106786013221,34.76333600772361,293
FIRM0294,Simulated firm 294,2001,596.5803276861965,375.3777030583961,294
FIRM0294,Simulated firm 294,2002,372.21614863041714,596.5803276861965,294
FIRM0294,Simulated firm 294,2003,352.03548968838174,372.21614863041714,294
FIRM0294,Simulated firm 294,2004,456.51039782001476,352.03548968838174,294
FIRM0294,Simulated firm 294,2005,701.7258314806685,456.51039782001476,294
FIRM0294,Simulated firm 294,2006,549.1808666356534,701.7258314806685,294
FIRM0294,Simulated firm 294,2007,469.6232465491005,549.1808666356534,294
FIRM0294,Simulated firm 294,2008,454.6394846609589,469.6232465491005,294
FIRM0294,Simulated firm 294,2009,417.0093562737186,454.6394846609589,294
FIRM0294,Simulated firm 294,2010,588.5349951517458,417.0093562737186,294
FIRM0294,Simulated firm 294,2011,498.5545420463387,588.5349951517458,294
FIRM0294,Simulated firm 294,2012,287.55068009304335,498.5545420463387,294
FIRM0294,Simulated firm 294,2013,321.4462580436701,287.55068009304335,294
FIRM0294,Simulated firm 294,2014,473.8967915637187,321.4462580436701,294
FIRM0295,Simulated firm 295,2001,450.17155084909797,329.2612663233335,295
FIRM0295,Simulated firm 295,2002,543.8936499940048,450.17155084909797,295
FIRM0295,Simulated firm 295,2003,487.88313183722005,543.8936499940048,295
FIRM0295,Simulated firm 295,2004,317.70352400051644,487.88313183722005,295
FIRM0295,Simulated firm 295,2005,347.2980151318093,317.70352400051644,295
FIRM0295,Simulated firm 295,2006,491.8880377500954,347.2980151318093,295
FIRM0295,Simulated firm 295,2007,721.6097422417655,491.8880377500954,295
FIRM0295,Simulated firm 295,2008,426.4042965451011,721.6097422417655,295
FIRM0295,Simulated firm 295,2009,549.0883950359816,426.4042965451011,295
FIRM0295,Simulated firm 295,2010,489.00359239014716,549.0883950359816,295
FIRM0295,Simulated firm 295,2011,372.0278336424774,489.00359239014716,295
FIRM0295,Simulated firm 295,2012,550.8309760923312,372.0278336424774,295
FIRM0295,Simulated firm 295,2013,289.49462143829714,550.8309760923312,295
FIRM0295,Simulated firm 295,2014,539.7094603859485,289.49462143829714,295
FIRM0296,Simulated firm 296,2001,411.35528014067796,537.2978654505444,296
FIRM0296,Simulated firm 296,2002,363.22291792013675,411.35528014067796,296
FIRM0296,Simulated firm 296,2003,420.0647878036065,363.22291792013675,296
FIRM0296,Simulated firm 296,2004,395.097091949574,420.0647878036065,296
FIRM0296,Simulated firm 296,2005,442.6480579108856,395.097091949574,296
FIRM0296,Simulated firm 296,2006,430.5247423638229,442.6480579108856,296
FIRM0296,Simulated firm 296,2007,411.3030702389973,430.5247423638229,296
FIRM0296,Simulated firm 296,2008,310.27482813811355,411.3030702389973,296
FIRM0296,Simulated firm 296,2009,351.35654711525245,310.27482813811355,296
FIRM0296,Simulated firm 296,2010,830.0153536102789,351.35654711525245,296
FIRM0296,Simulated firm 296,2011,414.17222146868755,830.0153536102789,296
FIRM0296,Simulated firm 296,2012,444.7364270897565,414.17222146868755,296
FIRM0296,Simulated firm 296,2013,424.89007191279194,444.7364270897565,296
FIRM0296,Simulated firm 296,2014,683.5899028947429,424.89007191279194,296
FIRM0297,Simulated firm 297,2001,319.156545106031,324.5845342295696,297
FIRM0297,Simulated firm 297,2002,446.48419885647576,319.156545106031,297
FIRM0297,Simulated firm 297,2003,410.08166656997207,446.48419885647576,297
FIRM0297,Simulated firm 297,2004,449.77089080386276,410.08166656997207,297
FIRM0297,Simulated firm 297,2005,442.27478450127796,449.77089080386276,297
FIRM0297,Simulated firm 297,2006,495.66558596424824,442.27478450127796,297
FIRM0297,Simulated firm 297,2007,23.92892986560156,495.66558596424824,297
FIRM0297,Simulated firm 297,2008,435.2783277530464,23.92892986560156,297
FIRM0297,Simulated firm 297,2009,319.63584467289496,435.2783277530464,297
FIRM0297,Simulated firm 297,2010,239.78966032709778,319.63584467289496,297
FIRM0297,Simulated firm 297,2011,441.4816466503306,239.78966032709778,297
FIRM0297,Simulated firm 297,2012,434.79869741900325,441.4816466503306,297
FIRM0297,Simulated firm 297,2013,145.16736796220488,434.79869741900325,297
FIRM0297,Simulated firm 297,2014,498.0837462522911,145.16736796220488,297
FIRM0298,Simulated firm 298,2001,447.9664800251608,311.679991677434,298
FIRM0298,Simulated firm 298,2002,365.38913841536305,447.9664800251608,298
FIRM0298,Simulated firm 298,2003,372.2773427955837,365.38913841536305,298
FIRM0298,Simulated firm 298,2004,240.4455064390222,372.2773427955837,298
FIRM0298,Simulated firm 298,2005,486.14766895915585,240.4455064390222,298
FIRM0298,Simulated firm 298,2006,418.9330440305703,486.14766895915585,298
FIRM0298,Simulated firm 298,2007,443.39336322957865,418.9330440305703,298
FIRM0298,Simulated firm 298,2008,301.75199609982496,443.39336322957865,298
FIRM0298,Simulated firm 298,2009,406.43573872882826,301.75199609982496,298
FIRM0298,Simulated firm 298,2010,365.20027799815136,406.43573872882826,298
FIRM0298,Simulated firm 298,2011,424.60173705473636,365.20027799815136,298
FIRM0298,Simulated firm 298,2012,401.6917883203399,424.60173705473636,298
FIRM0298,Simulated firm 298,2013,581.3145121617199,401.6917883203399,298
FIRM0298,Simulated firm 298,2014,526.2826057966688,581.3145121617199,298
FIRM0299,Simulated firm 299,2001,295.8034259191342,419.9751639917236,299
FIRM0299,Simulated firm 299,2002,357.88686060529903,295.8034259191342,299
FIRM0299,Simulated firm 299,2003,289.866010757298,357.88686060529903,299
FIRM0299,Simulated firm 299,2004,400.90484641218455,289.866010757298,299
FIRM0299,Simulated firm 299,2005,307.3980860673758,400.90484641218455,299
FIRM0299,Simulated firm 299,2006,280.35503599982206,307.3980860673758,299
FIRM0299,Simulated firm 299,2007,337.43532718270114,280.35503599982206,299
FIRM0299,Simulated firm 299,2008,428.66284206481185,337.43532718270114,299
FIRM0299,Simulated firm 299,2009,409.4500163268009,428.66284206481185,299
FIRM0299,Simulated firm 299,2010,284.1619782070788,409.4500163268009,299
FIRM0299,Simulated firm 299,2011,471.3059050275341,284.1619782070788,299
FIRM0299,Simulated firm 299,2012,254.80601339788024,471.3059050275341,299
FIRM0299,Simulated firm 299,2013,272.3803565637892,254.80601339788024,299
FIRM0299,Simulated firm 299,2014,396.25549362019393,272.3803565637892,299
