unit_id,country,time,actual,forecast_naive,error_naive,squared_error_naive
ABW,Aruba,2016,1.23433537363427,3.61147906591042,-2.37714369227615,5.650812133728287
ABW,Aruba,2017,3.49342985290626,1.23433537363427,2.2590944792719903,5.103507866277185
ABW,Aruba,2018,3.21247111920076,3.49342985290626,-0.2809587337055004,0.07893781004539828
ABW,Aruba,2019,1.22914408896015,3.21247111920076,-1.9833270302406099,3.933586108883037
ABW,Aruba,2020,-23.9400592677491,1.22914408896015,-25.16920335670925,633.4887976113841
ABW,Aruba,2021,14.833691976226,-23.9400592677491,38.7737512439751,1503.4037855296606
ABW,Aruba,2022,10.6079607621246,14.833691976226,-4.225731214101399,17.856804293830887
ABW,Aruba,2023,9.51636022347185,10.6079607621246,-1.0916005386527505,1.1915917359869752
ABW,Aruba,2024,6.81077669324554,9.51636022347185,-2.70558353022631,7.320182239031861
AFE,Africa Eastern and Southern,2016,2.2925005812875,2.93390345864022,-0.6414028773527201,0.41139765107634846
AFE,Africa Eastern and Southern,2017,2.67886266771569,2.2925005812875,0.38636208642819003,0.14927566182914417
AFE,Africa Eastern and Southern,2018,2.70620741957582,2.67886266771569,0.027344751860129968,0.0007477354542920813
AFE,Africa Eastern and Southern,2019,1.93559262617022,2.70620741957582,-0.7706147934055998,0.5938471598155552
AFE,Africa Eastern and Southern,2020,-2.93076411386527,1.93559262617022,-4.86635674003549,23.681427921288844
AFE,Africa Eastern and Southern,2021,4.45264295607002,-2.93076411386527,7.38340706993529,54.51469996037042
AFE,Africa Eastern and Southern,2022,3.66802914041513,4.45264295607002,-0.7846138156548896,0.6156188397165251
AFE,Africa Eastern and Southern,2023,1.94138157772015,3.66802914041513,-1.72664756269498,2.981311805760515
AFE,Africa Eastern and Southern,2024,2.78793146807502,1.94138157772015,0.84654989035487,0.7166467168598425
AFE,Africa Eastern and Southern,2025,3.7430158719504,2.78793146807502,0.9550844038753801,0.9121862185259901
AFG,Afghanistan,2016,2.26031420279821,1.45131466066431,0.8089995421339,0.6544802591728599
AFG,Afghanistan,2017,2.6470032027451,2.26031420279821,0.3866889999468901,0.14952838267992596
AFG,Afghanistan,2018,1.18922812944517,2.6470032027451,-1.45777507329993,2.125108164334616
AFG,Afghanistan,2019,3.91160341625552,1.18922812944517,2.72237528681035,7.411327202235736
AFG,Afghanistan,2020,-2.35110067203466,3.91160341625552,-6.26270408829018,39.221462497486534
AFG,Afghanistan,2021,-20.7388393676343,-2.35110067203466,-18.387738695599637,338.1089343376523
AFG,Afghanistan,2022,-6.24017199240269,-20.7388393676343,14.498667375231609,210.21135565760542
AFG,Afghanistan,2023,2.26694373649188,-6.24017199240269,8.50711572889457,72.3710180248054
AFG,Afghanistan,2024,1.87319280045979,2.26694373649188,-0.3937509360320899,0.15503979962614695
AFW,Africa Western and Central,2016,0.176171718599761,2.93291103762179,-2.756739319022029,7.599611673042039
AFW,Africa Western and Central,2017,2.30276059142707,0.176171718599761,2.126588872827309,4.522380234032925
AFW,Africa Western and Central,2018,2.89995418634321,2.30276059142707,0.5971935949161398,0.3566401898088624
AFW,Africa Western and Central,2019,3.28314241472725,2.89995418634321,0.3831882283840402,0.14683321837209937
AFW,Africa Western and Central,2020,-3.71879330346492,3.28314241472725,-7.00193571819217,49.027103801695304
AFW,Africa Western and Central,2021,2.54547274764256,-3.71879330346492,6.26426605110748,39.2410291590577
AFW,Africa Western and Central,2022,4.47710763731639,2.54547274764256,1.93163488967383,3.7312133470052293
AFW,Africa Western and Central,2023,3.64459087867006,4.47710763731639,-0.8325167586463302,0.693084153426992
AFW,Africa Western and Central,2024,4.59618335068083,3.64459087867006,0.9515924720107702,0.9055282327875686
AFW,Africa Western and Central,2025,4.6000999560392,4.59618335068083,0.003916605358369907,1.5339797533211865e-05
AGO,Angola,2016,-0.233076954805284,0.763177710914789,-0.996254665720073,0.9925233589690144
AGO,Angola,2017,-0.164688656961076,-0.233076954805284,0.068388297844208,0.004676959282028104
AGO,Angola,2018,-0.506697543616156,-0.164688656961076,-0.34200888665508,0.11697007855104737
AGO,Angola,2019,-1.05523414494337,-0.506697543616156,-0.5485366013272139,0.3008924029956108
AGO,Angola,2020,-5.27349128300007,-1.05523414494337,-4.218257138056701,17.793693282766306
AGO,Angola,2021,1.09058369944815,-5.27349128300007,6.36407498244822,40.50145038222331
AGO,Angola,2022,3.55749206675667,1.09058369944815,2.4669083673085197,6.085636892696787
AGO,Angola,2023,1.32016587081031,3.55749206675667,-2.23732619594636,5.00562850706781
AGO,Angola,2024,4.95267860425956,1.32016587081031,3.6325127334492504,13.195148758670944
AGO,Angola,2025,3.13353542450008,4.95267860425956,-1.8191431797594801,3.309281908465432
ALB,Albania,2016,3.90893551362245,2.2277040745779,1.68123143904455,2.8265391516318084
ALB,Albania,2017,3.28317593330073,3.90893551362245,-0.62575958032172,0.3915750523644151
ALB,Albania,2018,3.67141928098908,3.28317593330073,0.3882433476883502,0.1507328970242572
ALB,Albania,2019,2.06257790176122,3.67141928098908,-1.6088413792278602,2.5883705835158035
ALB,Albania,2020,-3.31375636888916,2.06257790176122,-5.37633427065038,28.904970189769756
ALB,Albania,2021,8.96957619074095,-3.31375636888916,12.28333255963011,150.8802587704692
ALB,Albania,2022,4.8268006234359,8.96957619074095,-4.14277556730505,17.16258940105968
ALB,Albania,2023,4.01541716935742,4.8268006234359,-0.8113834540784799,0.6583431095523247
ALB,Albania,2024,4.04592845095348,4.01541716935742,0.03051128159605998,0.0009309383046340685
ALB,Albania,2025,3.78893836241024,4.04592845095348,-0.2569900885432399,0.06604390560946229
AND,Andorra,2016,3.70967806978986,1.43414039522716,2.2755376745627,5.17807170835422
AND,Andorra,2017,0.346071889630295,3.70967806978986,-3.363606180159565,11.31384653520762
AND,Andorra,2018,1.58876549046354,0.346071889630295,1.242693600833245,1.5442873855518964
AND,Andorra,2019,2.01554763848308,1.58876549046354,0.42678214801953995,0.1821430018681725
AND,Andorra,2020,-11.1839399355384,2.01554763848308,-13.199487574021479,174.22647221674742
AND,Andorra,2021,8.28677879049404,-11.1839399355384,19.470718726032437,379.10888770827023
AND,Andorra,2022,9.56461225648184,8.28677879049404,1.2778334659878006,1.6328583667983954
AND,Andorra,2023,2.58355480961319,9.56461225648184,-6.98105744686865,48.73516307648024
AND,Andorra,2024,3.8491605039052,2.58355480961319,1.26560569429201,1.6017577734243607
AND,Andorra,2025,3.86803450687808,3.8491605039052,0.01887400297288,0.0003562279882202831
ARB,Arab World,2016,3.57245633977796,3.34998278420424,0.22247355557371984,0.04949448292961301
ARB,Arab World,2017,1.33126991214532,3.57245633977796,-2.24118642763264,5.022916603404754
ARB,Arab World,2018,2.67038341212846,1.33126991214532,1.33911349998314,1.7932249658370951
ARB,Arab World,2019,1.74949238304778,2.67038341212846,-0.92089102908068,0.8480402874412738
ARB,Arab World,2020,-5.28641417078185,1.74949238304778,-7.03590655382963,49.50398103422274
ARB,Arab World,2021,4.43140396719774,-5.28641417078185,9.71781813797959,94.4359893628451
ARB,Arab World,2022,6.99667634282584,4.43140396719774,2.5652723756280995,6.580622361160633
ARB,Arab World,2023,1.6487292798157,6.99667634282584,-5.34794706301014,28.60053778875878
ARB,Arab World,2024,2.00521809439076,1.6487292798157,0.35648881457505976,0.12708427491713134
ARB,Arab World,2025,3.67757993848036,2.00521809439076,1.6723618440896,2.7967941375667675
ARE,United Arab Emirates,2016,5.65790147196586,7.08766622657654,-1.4297647546106802,2.0442272535269383
ARE,United Arab Emirates,2017,-1.06137114472548,5.65790147196586,-6.71927261669134,45.14862449741808
ARE,United Arab Emirates,2018,1.53720634021511,-1.06137114472548,2.59857748494059,6.752604945240162
ARE,United Arab Emirates,2019,1.27129120536284,1.53720634021511,-0.2659151348522699,0.07071085894350089
ARE,United Arab Emirates,2020,-8.69343363776639,1.27129120536284,-9.964724843129229,99.29574119927683
ARE,United Arab Emirates,2021,4.55280140106356,-8.69343363776639,13.24623503882995,175.46274270392627
ARE,United Arab Emirates,2022,7.51452414254605,4.55280140106356,2.9617227414824905,8.771801597414559
ARE,United Arab Emirates,2023,4.30113648499413,7.51452414254605,-3.2133876575519205,10.325860237707019
ARE,United Arab Emirates,2024,3.99181200361831,4.30113648499413,-0.3093244813758198,0.0956816347784199
ARG,Argentina,2016,-2.08032784377811,2.73115982828944,-4.81148767206755,23.150413618458007
ARG,Argentina,2017,2.81850297775918,-2.08032784377811,4.89883082153729,23.99854341804372
ARG,Argentina,2018,-2.61739646282038,2.81850297775918,-5.4358994405795595,29.549002728093168
ARG,Argentina,2019,-2.00086100285785,-2.61739646282038,0.6165354599625301,0.38011597339120856
ARG,Argentina,2020,-9.9004848136464,-2.00086100285785,-7.899623810788551,62.40405635197743
ARG,Argentina,2021,10.4418119882506,-9.9004848136464,20.342296801897,413.8090391764689
ARG,Argentina,2022,6.02074537534855,10.4418119882506,-4.421066612902051,19.54582999571721
ARG,Argentina,2023,-1.85578803046339,6.02074537534855,-7.876533405811941,62.03977849287145
ARG,Argentina,2024,-1.34293072157739,-1.85578803046339,0.512857308886,0.26302261927779
ARG,Argentina,2025,4.36733330217022,-1.34293072157739,5.71026402374761,32.607115220906245
ARM,Armenia,2016,0.199999999825991,3.19999999896625,-2.9999999991402593,8.999999994841556
ARM,Armenia,2017,7.50000000164144,0.199999999825991,7.300000001815449,53.29000002650555
ARM,Armenia,2018,5.19999999965324,7.50000000164144,-2.3000000019881996,5.290000009145718
ARM,Armenia,2019,7.59999999853918,5.19999999965324,2.3999999988859395,5.759999994652509
ARM,Armenia,2020,-7.19999999920631,7.59999999853918,-14.79999999774549,219.0399999332665
ARM,Armenia,2021,5.80000000065645,-7.19999999920631,12.999999999862759,168.99999999643174
ARM,Armenia,2022,12.5999999997766,5.80000000065645,6.79999999912015,46.239999988034036
ARM,Armenia,2023,8.29999999959539,12.5999999997766,-4.30000000018121,18.49000000155841
ARM,Armenia,2024,5.90000000046228,8.29999999959539,-2.399999999133109,5.759999995838923
ARM,Armenia,2025,7.2,5.90000000046228,1.2999999995377198,1.6899999987980716
ATG,Antigua and Barbuda,2016,4.1203675438061,1.42161997595372,2.6987475678523793,7.283238434989133
ATG,Antigua and Barbuda,2017,2.71272657973627,4.1203675438061,-1.4076409640698295,1.9814530837274391
ATG,Antigua and Barbuda,2018,6.71200487159726,2.71272657973627,3.9992782918609895,15.994226855750554
ATG,Antigua and Barbuda,2019,3.1722219373937,6.71200487159726,-3.5397829342035596,12.530063221278763
ATG,Antigua and Barbuda,2020,-18.8687765208148,3.1722219373937,-22.040998458208502,485.80561303474957
ATG,Antigua and Barbuda,2021,8.17286311186622,-18.8687765208148,27.041639632681022,731.250274023785
ATG,Antigua and Barbuda,2022,8.49776342254205,8.17286311186622,0.3249003106758295,0.10556021187725051
ATG,Antigua and Barbuda,2023,3.86550160079324,8.49776342254205,-4.63226182174881,21.457849585231603
ATG,Antigua and Barbuda,2024,2.54044193946544,3.86550160079324,-1.3250596613278,1.7557831060781441
ATG,Antigua and Barbuda,2025,4.99803998431987,2.54044193946544,2.4575980448544303,6.039788150072319
AUS,Australia,2016,2.75564065529868,2.16434780647852,0.5912928488201596,0.3496272330658602
AUS,Australia,2017,2.29331030192918,2.75564065529868,-0.4623303533695,0.21374935564676675
AUS,Australia,2018,2.87417039499501,2.29331030192918,0.5808600930658301,0.3373984477164448
AUS,Australia,2019,2.19401703622717,2.87417039499501,-0.6801533587678401,0.46260859144317423
AUS,Australia,2020,-0.133531904304775,2.19401703622717,-2.327548940531945,5.41748407057138
AUS,Australia,2021,2.00694844335034,-0.133531904304775,2.140480347655115,4.5816561186977625
AUS,Australia,2022,4.25304559238732,2.00694844335034,2.24609714903698,5.044952402912049
AUS,Australia,2023,3.58382100798981,4.25304559238732,-0.6692245843975098,0.44786154436201964
AUS,Australia,2024,1.37340773365975,3.58382100798981,-2.21041327433006,4.885926843334537
AUS,Australia,2025,1.35039785076631,1.37340773365975,-0.023009882893440192,0.0005294547107698316
AUT,Austria,2016,2.11721964494312,1.30352331826198,0.8136963266811401,0.6621017120543807
AUT,Austria,2017,2.27224992038207,2.11721964494312,0.15503027543894987,0.024034386302676663
AUT,Austria,2018,2.48422114080024,2.27224992038207,0.21197122041817007,0.04493179828556844
AUT,Austria,2019,1.75497619649288,2.48422114080024,-0.7292449443073601,0.5317981887978447
AUT,Austria,2020,-6.31825509209936,1.75497619649288,-8.07323128859224,65.17706343910471
AUT,Austria,2021,4.92309171717903,-6.31825509209936,11.24134680927839,126.36787808647344
AUT,Austria,2022,5.33096379400371,4.92309171717903,0.4078720768246793,0.16635963105327708
AUT,Austria,2023,-0.786244288594673,5.33096379400371,-6.117208082598383,37.420234725806985
AUT,Austria,2024,-0.659089573171372,-0.786244288594673,0.12715471542330103,0.01616832165438067
AUT,Austria,2025,0.615747280959056,-0.659089573171372,1.2748368541304278,1.6252090046491656
AZE,Azerbaijan,2016,-3.06359842251706,1.04954641215085,-4.11314483466791,16.917960430955308
AZE,Azerbaijan,2017,0.153614661745507,-3.06359842251706,3.217213084262567,10.350460029550257
AZE,Azerbaijan,2018,1.50040167167313,0.153614661745507,1.3467870099276231,1.8138352501097876
AZE,Azerbaijan,2019,2.47980879185565,1.50040167167313,0.9794071201825201,0.9592383070642173
AZE,Azerbaijan,2020,-4.19896065333343,2.47980879185565,-6.678769445189079,44.60596130199124
AZE,Azerbaijan,2021,5.61644027150554,-4.19896065333343,9.815400924838968,96.34209531532967
AZE,Azerbaijan,2022,4.71468033247649,5.61644027150554,-0.9017599390290494,0.8131709876376748
AZE,Azerbaijan,2023,1.35447749115767,4.71468033247649,-3.36020284131882,11.290963134807072
AZE,Azerbaijan,2024,4.15806800428062,1.35447749115767,2.80359051312295,7.860119765273007
AZE,Azerbaijan,2025,1.44985591122698,4.15806800428062,-2.7082120930536404,7.33441274096198
BDI,Burundi,2016,3.20017470408993,-0.404525595204191,3.604700299294121,12.993864247731125
BDI,Burundi,2017,3.83185757061784,3.20017470408993,0.63168286652791,0.3990232438649173
BDI,Burundi,2018,5.34224473186408,3.83185757061784,1.5103871612462405,2.2812693768574768
BDI,Burundi,2019,4.45934202358784,5.34224473186408,-0.8829027082762408,0.7795171922815208
BDI,Burundi,2020,0.306443811651718,4.45934202358784,-4.1528982119361215,17.246563558702235
BDI,Burundi,2021,3.23707479372925,0.306443811651718,2.930630982077532,8.58859795311272
BDI,Burundi,2022,2.31770122350822,3.23707479372925,-0.9193735702210302,0.8452477616209635
BDI,Burundi,2023,3.25476897326196,2.31770122350822,0.9370677497537399,0.8780959676285376
BDI,Burundi,2024,4.11227376394912,3.25476897326196,0.8575047906871602,0.7353144660514305
BDI,Burundi,2025,4.24010529884178,4.11227376394912,0.12783153489265953,0.01634090131301323
BEL,Belgium,2016,1.19350273007754,1.47416433731927,-0.28066160724173006,0.07877093777951115
BEL,Belgium,2017,1.47446761556785,1.19350273007754,0.28096488549030996,0.07894126687858298
BEL,Belgium,2018,1.87796847383565,1.47446761556785,0.4035008582677999,0.16281294262285115
BEL,Belgium,2019,2.4428900448156,1.87796847383565,0.56492157097995,0.3191363813584547
BEL,Belgium,2020,-4.7929839083518,2.4428900448156,-7.235873953167401,52.35787186612643
BEL,Belgium,2021,6.25445686466593,-4.7929839083518,11.04744077301773,122.04594763333458
BEL,Belgium,2022,4.02460852835887,6.25445686466593,-2.22984833630706,4.972223602931363
BEL,Belgium,2023,1.56125539542029,4.02460852835887,-2.4633531329385803,6.0681086575583185
BEL,Belgium,2024,1.09775383828703,1.56125539542029,-0.4635015571332599,0.2148336934649566
BEL,Belgium,2025,0.983117967125935,1.09775383828703,-0.11463587116109497,0.013141382956863165
BEN,Benin,2016,3.33967342629693,1.77815106030278,1.5615223659941502,2.438352099499969
BEN,Benin,2017,5.67156195150444,3.33967342629693,2.33188852520751,5.437704093994457
BEN,Benin,2018,6.69725362180888,5.67156195150444,1.0256916703044396,1.0520434025319112
BEN,Benin,2019,6.86568662848335,6.69725362180888,0.16843300667447014,0.028369677737402104
BEN,Benin,2020,3.84879240030133,6.86568662848335,-3.01689422818202,9.101650784037988
BEN,Benin,2021,7.1554516457574,3.84879240030133,3.30665924545607,10.933995365560106
BEN,Benin,2022,6.25294705373625,7.1554516457574,-0.9025045920211499,0.8145145386192622
BEN,Benin,2023,6.3527773854442,6.25294705373625,0.09983033170794986,0.009966095128919298
BEN,Benin,2024,7.45311566226201,6.3527773854442,1.1003382768178103,1.210744323430388
BEN,Benin,2025,8.07408453688336,7.45311566226201,0.62096887462135,0.38560234324850584
BFA,Burkina Faso,2016,5.95797670754024,3.9212287937935,2.03674791374674,4.148342064151699
BFA,Burkina Faso,2017,6.20348941121868,5.95797670754024,0.2455127036784397,0.06027648766749733
BFA,Burkina Faso,2018,6.60456906812341,6.20348941121868,0.4010796569047299,0.16086489118281586
BFA,Burkina Faso,2019,5.88920497068135,6.60456906812341,-0.7153640974420599,0.511745791909093
BFA,Burkina Faso,2020,2.01077262406221,5.88920497068135,-3.8784323466191397,15.042237467301646
BFA,Burkina Faso,2021,6.94252492572348,2.01077262406221,4.93175230166127,24.32218076494123
BFA,Burkina Faso,2022,1.62673258211919,6.94252492572348,-5.31579234360429,28.25764824032199
BFA,Burkina Faso,2023,3.00027415814125,1.62673258211919,1.37354157602206,1.8866164610611642
BFA,Burkina Faso,2024,4.83395810163883,3.00027415814125,1.8336839434975798,3.3623968046408352
BFA,Burkina Faso,2025,5.29461839319283,4.83395810163883,0.46066029155400035,0.2122079042146166
BGD,Bangladesh,2016,7.11347821270093,6.55263987816197,0.5608383345389605,0.31453963748843494
BGD,Bangladesh,2017,6.59024999794057,7.11347821270093,-0.5232282147603602,0.2737677647213136
BGD,Bangladesh,2018,7.31941263014136,6.59024999794057,0.72916263220079,0.5316781441979846
BGD,Bangladesh,2019,7.88191515117722,7.31941263014136,0.5625025210358601,0.3164090861716982
BGD,Bangladesh,2020,3.44801755122445,7.88191515117722,-4.43389759995277,19.659447926866935
BGD,Bangladesh,2021,6.93867912442445,3.44801755122445,3.4906615731999997,12.184718218615098
BGD,Bangladesh,2022,7.09982877575158,6.93867912442445,0.16114965132713,0.02596921012285557
BGD,Bangladesh,2023,5.77511237007889,7.09982877575158,-1.3247164056726897,1.75487355545837
BGD,Bangladesh,2024,4.22325911250161,5.77511237007889,-1.5518532575772799,2.4082485330532153
BGD,Bangladesh,2025,3.48990671836833,4.22325911250161,-0.7333523941332802,0.5378057339810141
BGR,Bulgaria,2016,3.02662820096305,3.39755351999294,-0.37092531902989023,0.13758559229742584
BGR,Bulgaria,2017,2.74592737750996,3.02662820096305,-0.28070082345308967,0.07879295228724262
BGR,Bulgaria,2018,2.33015054210419,2.74592737750996,-0.41577683540577004,0.17287037686003678
BGR,Bulgaria,2019,3.79331964589196,2.33015054210419,1.4631691037877697,2.140863826279105
BGR,Bulgaria,2020,-3.13323543125917,3.79331964589196,-6.92655507715113,47.977165236808105
BGR,Bulgaria,2021,7.82817310703665,-3.13323543125917,10.96140853829582,120.15247714342452
BGR,Bulgaria,2022,4.08386398118941,7.82817310703665,-3.7443091258472405,14.019850829902927
BGR,Bulgaria,2023,1.68151075832925,4.08386398118941,-2.40235322286016,5.7713010073865965
BGR,Bulgaria,2024,3.38708962009333,1.68151075832925,1.7055788617640801,2.908999253696455
BGR,Bulgaria,2025,3.0963663917961,3.38708962009333,-0.29072322829722985,0.08451999547156323
BHR,Bahrain,2016,3.81499327422425,2.50787205267615,1.3071212215480998,1.7085658878213967
BHR,Bahrain,2017,4.95383534123657,3.81499327422425,1.1388420670123205,1.2969612535968946
BHR,Bahrain,2018,2.05258864979861,4.95383534123657,-2.90124669143796,8.41723236457971
BHR,Bahrain,2019,2.05287774418655,2.05258864979861,0.00028909438793967013,8.357556513821249e-08
BHR,Bahrain,2020,-5.9113629524152,2.05287774418655,-7.964240696601749,63.42912987340751
BHR,Bahrain,2021,4.35004091668986,-5.9113629524152,10.26140386910506,105.29640936488428
BHR,Bahrain,2022,6.18016125475185,4.35004091668986,1.83012033806199,3.3493404517881324
BHR,Bahrain,2023,3.87811614845566,6.18016125475185,-2.3020451062961897,5.299411671422235
BHR,Bahrain,2024,2.89710543153512,3.87811614845566,-0.9810107169205402,0.9623820267129523
BHR,Bahrain,2025,3.48137573668635,2.89710543153512,0.5842703051512301,0.3413717894815116
BHS,"Bahamas, The",2016,-1.15650811269629,0.997411675486745,-2.153919788183035,4.639370453926451
BHS,"Bahamas, The",2017,3.3713988456489,-1.15650811269629,4.52790695834519,20.501941423430786
BHS,"Bahamas, The",2018,2.39795510823548,3.3713988456489,-0.9734437374134197,0.9475927099094068
BHS,"Bahamas, The",2019,-0.838585871193203,2.39795510823548,-3.2365409794286832,10.47519751152118
BHS,"Bahamas, The",2020,-20.0893664891399,-0.838585871193203,-19.250780617946695,370.59255440031217
BHS,"Bahamas, The",2021,17.5861390037409,-20.0893664891399,37.6755054928808,1419.4437141440915
BHS,"Bahamas, The",2022,10.8779009410268,17.5861390037409,-6.7082380627141,45.00045790604622
BHS,"Bahamas, The",2023,3.04824180553773,10.8779009410268,-7.82965913548907,61.303562177947455
BHS,"Bahamas, The",2024,3.37866553336166,3.04824180553773,0.33042372782393015,0.10917983990906267
BIH,Bosnia and Herzegovina,2016,3.24225822231566,4.28413016137854,-1.04187193906288,1.0854971374066453
BIH,Bosnia and Herzegovina,2017,3.24409895306594,3.24225822231566,0.0018407307502799064,3.388289695026027e-06
BIH,Bosnia and Herzegovina,2018,3.82900399349064,3.24409895306594,0.5849050404247,0.34211390631422
BIH,Bosnia and Herzegovina,2019,2.88585242083978,3.82900399349064,-0.9431515726508599,0.8895348889937903
BIH,Bosnia and Herzegovina,2020,-3.01509335460439,2.88585242083978,-5.90094577544417,34.8211610447324
BIH,Bosnia and Herzegovina,2021,7.39164256472846,-3.01509335460439,10.40673591933285,108.30015249473253
BIH,Bosnia and Herzegovina,2022,4.22681333390325,7.39164256472846,-3.1648292308252097,10.016144060285688
BIH,Bosnia and Herzegovina,2023,1.99439414850893,4.22681333390325,-2.2324191853943196,4.983695419316637
BIH,Bosnia and Herzegovina,2024,3.22679979810856,1.99439414850893,1.2324056495996298,1.5188236851650856
BIH,Bosnia and Herzegovina,2025,2.12861913138053,3.22679979810856,-1.0981806667280298,1.20600077677522
BLR,Belarus,2016,-2.5264464460425,-3.82957056812593,1.3031241220834304,1.6981324775557112
BLR,Belarus,2017,2.53218349471909,-2.5264464460425,5.058629940761589,25.5897368775696
BLR,Belarus,2018,3.14919758275296,2.53218349471909,0.6170140880338701,0.38070638483226843
BLR,Belarus,2019,1.44645548204305,3.14919758275296,-1.7027421007099102,2.899330661529998
BLR,Belarus,2020,-0.672742918585868,1.44645548204305,-2.119198400628918,4.491001861228164
BLR,Belarus,2021,2.43886210234947,-0.672742918585868,3.111605020935338,9.682085806310004
BLR,Belarus,2022,-4.65839591328999,2.43886210234947,-7.09725801563946,50.37107134055856
BLR,Belarus,2023,4.12654007153881,-4.65839591328999,8.784935984828799,77.17510025753994
BLR,Belarus,2024,4.34999638140579,4.12654007153881,0.22345630986697973,0.049932722419367664
BLR,Belarus,2025,1.29999999999998,4.34999638140579,-3.0499963814058093,9.302477926588532
BLZ,Belize,2016,-0.0187414958130319,2.7602602736023,-2.779001769415332,7.722850834413546
BLZ,Belize,2017,-1.83323729057784,-0.0187414958130319,-1.8144957947648082,3.2923949892191726
BLZ,Belize,2018,0.822068592512508,-1.83323729057784,2.6553058830903478,7.050649332774212
BLZ,Belize,2019,4.25658710030072,0.822068592512508,3.434518507788212,11.795917380339768
BLZ,Belize,2020,-13.5228997055506,4.25658710030072,-17.77948680585132,316.1101510794412
BLZ,Belize,2021,17.9899244143607,-13.5228997055506,31.5128241199113,993.0580840124634
BLZ,Belize,2022,9.25051329530994,17.9899244143607,-8.73941111905076,76.37730670778807
BLZ,Belize,2023,0.500127941638667,9.25051329530994,-8.750385353671273,76.56924383774474
BLZ,Belize,2024,3.50466435023895,0.500127941638667,3.004536408600283,9.027239030604685
BLZ,Belize,2025,2.74831731763744,3.50466435023895,-0.7563470326015098,0.5720608337251094
BMU,Bermuda,2016,-0.657206304259205,0.775529699568978,-1.432736003828183,2.052732456665551
BMU,Bermuda,2017,3.61141983706115,-0.657206304259205,4.268626141320355,18.221169134363503
BMU,Bermuda,2018,-0.432801300339307,3.61141983706115,-4.044221137400457,16.355724608196642
BMU,Bermuda,2019,0.307106461240664,-0.432801300339307,0.739907761579971,0.5474634956462832
BMU,Bermuda,2020,-6.97162571479863,0.307106461240664,-7.278732176039293,52.9799420905097
BMU,Bermuda,2021,4.76497899668355,-6.97162571479863,11.73660471148218,137.7478901535857
BMU,Bermuda,2022,6.25695521240877,4.76497899668355,1.49197621572522,2.2259930282897487
BMU,Bermuda,2023,4.33447280353832,6.25695521240877,-1.92248240887045,3.695938612416328
BMU,Bermuda,2024,1.88822861970388,4.33447280353832,-2.44624418383444,5.984110606943826
BOL,Bolivia,2016,4.26392086992173,4.85718718508603,-0.5932663151642998,0.35196492070862634
BOL,Bolivia,2017,4.19520633364647,4.26392086992173,-0.0687145362752597,0.004721687495523981
BOL,Bolivia,2018,2.86808404814794,4.19520633364647,-1.3271222854985303,1.7612535606668425
BOL,Bolivia,2019,1.50672102666863,2.86808404814794,-1.36136302147931,1.8533092762512762
BOL,Bolivia,2020,-12.7194690092717,1.50672102666863,-14.22619003594033,202.38448293868794
BOL,Bolivia,2021,10.0290488827886,-12.7194690092717,22.7485178920603,517.4950662853876
BOL,Bolivia,2022,3.74741781241461,10.0290488827886,-6.281631070373991,39.45888890428789
BOL,Bolivia,2023,2.51636590154891,3.74741781241461,-1.2310519108656997,1.5154888072460906
BOL,Bolivia,2024,-1.12335595517212,2.51636590154891,-3.63972185672103,13.24757519429278
BOL,Bolivia,2025,-1.58237567348246,-1.12335595517212,-0.45901971831034016,0.21069910179770404
BRA,Brazil,2016,-3.27591690782192,-3.54576339269425,0.2698464848723301,0.07281712539795268
BRA,Brazil,2017,1.32286905404399,-3.27591690782192,4.59878596186591,21.14883232305496
BRA,Brazil,2018,1.783666761634,1.32286905404399,0.46079770759001004,0.2123345273202084
BRA,Brazil,2019,1.22077782360842,1.783666761634,-0.5628889380255802,0.31684395655156544
BRA,Brazil,2020,-3.2767587964736,1.22077782360842,-4.49753662008202,20.227835648978797
BRA,Brazil,2021,4.76260437908608,-3.2767587964736,8.03936317555968,64.63136026854502
BRA,Brazil,2022,3.01669435393015,4.76260437908608,-1.7459100251559305,3.048201815939982
BRA,Brazil,2023,3.24165532906981,3.01669435393015,0.22496097513965996,0.05060744033578671
BRA,Brazil,2024,3.41931516501906,3.24165532906981,0.17765983594925006,0.03156301730951444
BRA,Brazil,2025,2.2857464902475,3.41931516501906,-1.1335686747715599,1.2849779404233506
BRB,Barbados,2016,1.41632446821541,-0.772620078410995,2.188944546626405,4.791478228205477
BRB,Barbados,2017,0.654655602860373,1.41632446821541,-0.7616688653550369,0.5801394604512292
BRB,Barbados,2018,-0.252085325827849,0.654655602860373,-0.906740928688222,0.8221791117583792
BRB,Barbados,2019,0.241099789148677,-0.252085325827849,0.49318511497652595,0.24323155763440912
BRB,Barbados,2020,-17.4059314651747,0.241099789148677,-17.647031254323377,311.4177120910661
BRB,Barbados,2021,8.0198770096479,-17.4059314651747,25.4258084748226,646.4717365983607
BRB,Barbados,2022,15.9453206225473,8.0198770096479,7.9254436128994,62.8126564612479
BRB,Barbados,2023,1.81419817804516,15.9453206225473,-14.13112244450214,199.68862154151213
BRB,Barbados,2024,3.3669492581395,1.81419817804516,1.55275108009434,2.4110359167341398
BRB,Barbados,2025,2.70000021764021,3.3669492581395,-0.6669490404992899,0.4448210226229235
BRN,Brunei Darussalam,2016,-2.47791771833224,-0.392383749502031,-2.0855339688302093,4.3494519351446845
BRN,Brunei Darussalam,2017,1.32872661057823,-2.47791771833224,3.80664432891047,14.490541046826241
BRN,Brunei Darussalam,2018,0.0523710418528935,1.32872661057823,-1.2763555687253365,1.6290835378161772
BRN,Brunei Darussalam,2019,3.86884436177075,0.0523710418528935,3.8164733199178564,14.565468601644826
BRN,Brunei Darussalam,2020,1.1335733495246,3.86884436177075,-2.73527101224615,7.481707510434077
BRN,Brunei Darussalam,2021,-1.59076260099606,1.1335733495246,-2.7243359505206604,7.42200637129931
BRN,Brunei Darussalam,2022,-1.62833154515108,-1.59076260099606,-0.03756894415501999,0.0014114255649230107
BRN,Brunei Darussalam,2023,1.12764418162719,-1.62833154515108,2.75597572677827,7.595402206591013
BRN,Brunei Darussalam,2024,4.05251709306727,1.12764418162719,2.9248729114400804,8.554881548075972
BRN,Brunei Darussalam,2025,0.66956214816436,4.05251709306727,-3.3829549449029104,11.444384159243054
BTN,Bhutan,2016,8.47594339232963,6.66080128866197,1.8151421036676592,3.294740856507055
BTN,Bhutan,2017,2.08684522733067,8.47594339232963,-6.389098164998959,40.820575361993065
BTN,Bhutan,2018,3.50187185732737,2.08684522733067,1.4150266299966998,2.0023003635998173
BTN,Bhutan,2019,5.75514851246506,3.50187185732737,2.25327665513769,5.077255684588496
BTN,Bhutan,2020,-10.2183974208569,5.75514851246506,-15.973545933321962,255.15416968394658
BTN,Bhutan,2021,4.42136738945015,-10.2183974208569,14.639764810307051,214.32271370110465
BTN,Bhutan,2022,5.21386783786224,4.42136738945015,0.7925004484120892,0.6280569607333625
BTN,Bhutan,2023,4.63215702969933,5.21386783786224,-0.5817108081629092,0.33838746433354494
BTN,Bhutan,2024,7.49856206754038,4.63215702969933,2.8664050378410497,8.216277840960549
BTN,Bhutan,2025,8.00502716233098,7.49856206754038,0.5064650947906006,0.2565068922412521
BWA,Botswana,2016,7.20442475914267,-4.85132507409779,12.05574983324046,145.3411040416774
BWA,Botswana,2017,4.11437856445083,7.20442475914267,-3.0900461946918396,9.548385485329518
BWA,Botswana,2018,4.18869237159223,4.11437856445083,0.07431380714140001,0.005522541931849196
BWA,Botswana,2019,3.0317733945467,4.18869237159223,-1.1569189770455304,1.3384615194480765
BWA,Botswana,2020,-8.72888243996397,3.0317733945467,-11.76065583451067,138.31302565780987
BWA,Botswana,2021,11.9162724376008,-8.72888243996397,20.64515487756477,426.22241991863643
BWA,Botswana,2022,5.48601706446772,11.9162724376008,-6.430255373133079,41.34818416370683
BWA,Botswana,2023,3.20806812224438,5.48601706446772,-2.2779489422233405,5.1890513833764365
BWA,Botswana,2024,-2.77988981666252,3.20806812224438,-5.9879579389069,35.85564027811817
BWA,Botswana,2025,-0.733898323852287,-2.77988981666252,2.045991492810233,4.186081188651846
CAF,Central African Republic,2016,4.75031684122342,4.33712103020231,0.4131958110211098,0.17073077824539268
CAF,Central African Republic,2017,4.52727821346231,4.75031684122342,-0.2230386277611096,0.04974622947355881
CAF,Central African Republic,2018,3.78944359275462,4.52727821346231,-0.73783462070769,0.5443999275148608
CAF,Central African Republic,2019,3.09999999999999,3.78944359275462,-0.6894435927546301,0.4753324675904122
CAF,Central African Republic,2020,0.899999996857062,3.09999999999999,-2.200000003142928,4.840000013828883
CAF,Central African Republic,2021,0.982919996264229,0.899999996857062,0.08291999940716699,0.0068757263016845736
CAF,Central African Republic,2022,0.453901876447787,0.982919996264229,-0.529018119816442,0.27986017109412337
CAF,Central African Republic,2023,0.69996840076054,0.453901876447787,0.246066524312753,0.060548734387358666
CAF,Central African Republic,2024,1.49999999847535,0.69996840076054,0.80003159771481,0.6400505573421116
CAF,Central African Republic,2025,4.49950000393781,1.49999999847535,2.99950000546246,8.997000282769298
CAN,Canada,2016,1.03855091989323,0.64997101491096,0.3885799049822699,0.15099434255602992
CAN,Canada,2017,3.03383491841392,1.03855091989323,1.9952839985206903,3.981158234752714
CAN,Canada,2018,2.74296341402246,3.03383491841392,-0.29087150439146026,0.08460623206695128
CAN,Canada,2019,1.90843193887251,2.74296341402246,-0.83453147514995,0.6964427830159515
CAN,Canada,2020,-5.03823342794087,1.90843193887251,-6.94666536681338,48.25615971848447
CAN,Canada,2021,5.95052804984759,-5.03823342794087,10.988761477788461,120.75287881572766
CAN,Canada,2022,4.69541985045903,5.95052804984759,-1.2551081993885607,1.575296592172395
CAN,Canada,2023,1.95308552199025,4.69541985045903,-2.74233432846878,7.520397569098313
CAN,Canada,2024,2.04626605401701,1.95308552199025,0.09318053202676002,0.00868261154879005
CAN,Canada,2025,1.74268536175708,2.04626605401701,-0.30358069225993,0.09216123671301833
CEB,Central Europe and the Baltics,2016,2.80724942330426,4.0016836383322,-1.1944342150279401,1.4266730940294114
CEB,Central Europe and the Baltics,2017,5.10713071566526,2.80724942330426,2.299881292361,5.2894539589521035
CEB,Central Europe and the Baltics,2018,4.95337220818838,5.10713071566526,-0.1537585074768799,0.023641678621517736
CEB,Central Europe and the Baltics,2019,4.03232614160713,4.95337220818838,-0.9210460665812503,0.848325856764793
CEB,Central Europe and the Baltics,2020,-3.30110758026468,4.03232614160713,-7.33343372187181,53.77925015308662
CEB,Central Europe and the Baltics,2021,6.57271679525719,-3.30110758026468,9.87382437552187,97.49240779864985
CEB,Central Europe and the Baltics,2022,4.03989151407053,6.57271679525719,-2.5328252811866596,6.415203905018282
CEB,Central Europe and the Baltics,2023,0.720328299990356,4.03989151407053,-3.319563214080174,11.019499932274295
CEB,Central Europe and the Baltics,2024,2.09534007010555,0.720328299990356,1.375011770115194,1.8906573679553191
CEB,Central Europe and the Baltics,2025,2.36701156809835,2.09534007010555,0.2716714979927999,0.07380540282165186
CHE,Switzerland,2016,1.91159094214852,1.45450336491099,0.45708757723753,0.20892905326487496
CHE,Switzerland,2017,1.42034612231261,1.91159094214852,-0.49124481983591006,0.24132147301561574
CHE,Switzerland,2018,3.32743256101493,1.42034612231261,1.90708643870232,3.636978684682298
CHE,Switzerland,2019,1.11532187197474,3.32743256101493,-2.2121106890401903,4.893433700565866
CHE,Switzerland,2020,-2.2552579425106,1.11532187197474,-3.37057981448534,11.360808285816027
CHE,Switzerland,2021,6.17622836050151,-2.2552579425106,8.43148630301211,71.0899612778808
CHE,Switzerland,2022,3.53430286842426,6.17622836050151,-2.6419254920772497,6.979770305687618
CHE,Switzerland,2023,0.825560934124624,3.53430286842426,-2.7087419342996357,7.337282866633332
CHE,Switzerland,2024,1.39033363875791,0.825560934124624,0.564772704633286,0.31896820789879693
CHE,Switzerland,2025,1.30007790958307,1.39033363875791,-0.09025572917484004,0.008146096648882072
CHL,Chile,2016,1.753038749071,2.15194249981184,-0.39890375074083995,0.15912420235511016
CHL,Chile,2017,1.35769537343957,1.753038749071,-0.39534337563142996,0.15629638465565393
CHL,Chile,2018,3.99002947789977,1.35769537343957,2.6323341044601998,6.929182837504282
CHL,Chile,2019,0.644223402631923,3.99002947789977,-3.3458060752678467,11.19441829329923
CHL,Chile,2020,-6.1396969411886,0.644223402631923,-6.7839203438205224,46.02157523130195
CHL,Chile,2021,11.3374032409913,-6.1396969411886,17.4771001821799,305.44903077795266
CHL,Chile,2022,2.06391864254198,11.3374032409913,-9.27348459844932,85.99751659767675
CHL,Chile,2023,0.677024831595858,2.06391864254198,-1.3868938109461222,1.923474442840658
CHL,Chile,2024,2.80512637106611,0.677024831595858,2.1281015394702516,4.528816162295655
CHL,Chile,2025,2.45925474781374,2.80512637106611,-0.34587162325237,0.11962717977122936
CHN,China,2016,6.7736886867727,6.98162255562367,-0.20793386885097043,0.043236493815332566
CHN,China,2017,6.89123916636191,6.7736886867727,0.11755047958920972,0.013818115251653211
CHN,China,2018,6.757806142324,6.89123916636191,-0.13343302403790958,0.017804371903901356
CHN,China,2019,6.06737806333672,6.757806142324,-0.6904280789872805,0.4766909322540665
CHN,China,2020,2.33950385203023,6.06737806333672,-3.7278742113064895,13.897046135323981
CHN,China,2021,8.57038414981781,2.33950385203023,6.23088029778758,38.823869285357446
CHN,China,2022,3.13385438394069,8.57038414981781,-5.43652976587712,29.555855895267936
CHN,China,2023,5.41600334492955,3.13385438394069,2.28214896098886,5.208203880142532
CHN,China,2024,4.95830378788091,5.41600334492955,-0.45769955704863996,0.20948888452252123
CHN,China,2025,4.95994886240992,4.95830378788091,0.0016450745290104152,2.7062702059988395e-06
CIV,Cote d'Ivoire,2016,7.17275963956332,7.19494942728191,-0.022189787718589926,0.0004923866789960843
CIV,Cote d'Ivoire,2017,7.41076242592504,7.17275963956332,0.23800278636172045,0.05664532631594275
CIV,Cote d'Ivoire,2018,4.84314605889178,7.41076242592504,-2.56761636703326,6.592653808257076
CIV,Cote d'Ivoire,2019,6.72137167584978,4.84314605889178,1.8782256169579998,3.527731468197259
CIV,Cote d'Ivoire,2020,0.699728593494228,6.72137167584978,-6.021643082355552,36.26018541128047
CIV,Cote d'Ivoire,2021,7.06253713446816,0.699728593494228,6.362808540973932,40.48533252909081
CIV,Cote d'Ivoire,2022,6.39988362730921,7.06253713446816,-0.6626535071589501,0.43910967055005673
CIV,Cote d'Ivoire,2023,6.60000045209176,6.39988362730921,0.20011682478255022,0.040046743561049904
CIV,Cote d'Ivoire,2024,6.0195346193922,6.60000045209176,-0.5804658326995602,0.3369405829315938
CIV,Cote d'Ivoire,2025,6.4999999999999,6.0195346193922,0.4804653806076997,0.23084698196250175
CMR,Cameroon,2016,4.53579423678801,5.66695298703932,-1.13115875025131,1.2795201182701057
CMR,Cameroon,2017,3.54117654926007,4.53579423678801,-0.9946176875279398,0.9892643443434265
CMR,Cameroon,2018,3.95551423892049,3.54117654926007,0.41433768966042006,0.17167572107313456
CMR,Cameroon,2019,3.47505998194981,3.95551423892049,-0.4804542569706802,0.23083629304124842
CMR,Cameroon,2020,0.259932915907115,3.47505998194981,-3.2151270660426947,10.337042050800306
CMR,Cameroon,2021,3.33885747179505,0.259932915907115,3.078924555887935,9.479776420849717
CMR,Cameroon,2022,3.7367840056412,3.33885747179505,0.39792653384614995,0.15834552633881113
CMR,Cameroon,2023,3.34756290750219,3.7367840056412,-0.38922109813900985,0.15149306323653675
CMR,Cameroon,2024,3.52472308052245,3.34756290750219,0.17716017302025966,0.03138572690456834
CMR,Cameroon,2025,3.20000015616144,3.52472308052245,-0.3247229243610099,0.10544497760556616
COD,"Congo, Dem. Rep.",2016,0.393832798154563,6.35973756164829,-5.965904763493727,35.592019647077144
COD,"Congo, Dem. Rep.",2017,4.24121047272719,0.393832798154563,3.8473776745726274,14.802314970799877
COD,"Congo, Dem. Rep.",2018,6.07168870646615,4.24121047272719,1.83047823373896,3.3506505641921027
COD,"Congo, Dem. Rep.",2019,0.555384294580819,6.07168870646615,-5.516304411885331,30.429614364585568
COD,"Congo, Dem. Rep.",2020,0.775427992354622,0.555384294580819,0.22004369777380306,0.048419228929968784
COD,"Congo, Dem. Rep.",2021,6.42961005647355,0.775427992354622,5.6541820641189275,31.969774814204175
COD,"Congo, Dem. Rep.",2022,9.31116944064918,6.42961005647355,2.881559384175631,8.303384484530643
COD,"Congo, Dem. Rep.",2023,8.5334898318451,9.31116944064918,-0.77767960880408,0.6047855739496669
COD,"Congo, Dem. Rep.",2024,6.1025294442863,8.5334898318451,-2.430960387558801,5.9095684058800355
COD,"Congo, Dem. Rep.",2025,5.75924471639999,6.1025294442863,-0.34328472788631004,0.11784440439997793
COG,"Congo, Rep.",2016,-8.68524343913786,0.415193061293763,-9.100436500431623,82.81794449838817
COG,"Congo, Rep.",2017,-5.59477371915547,-8.68524343913786,3.09046971998239,9.551003090128031
COG,"Congo, Rep.",2018,-2.30431780125842,-5.59477371915547,3.2904559178970505,10.827100147623721
COG,"Congo, Rep.",2019,1.12447391976529,-2.30431780125842,3.4287917210237095,11.756612666160732
COG,"Congo, Rep.",2020,-6.26777227963225,1.12447391976529,-7.3922461993975395,54.64530387250737
COG,"Congo, Rep.",2021,1.01507036990908,-6.26777227963225,7.28284264954133,53.03979705797818
COG,"Congo, Rep.",2022,1.47535613247133,1.01507036990908,0.46028576256225007,0.21186298321751204
COG,"Congo, Rep.",2023,1.90686426346754,1.47535613247133,0.4315081309962099,0.18619926711584223
COG,"Congo, Rep.",2024,2.09998918002519,1.90686426346754,0.1931249165576503,0.037297233395399386
COG,"Congo, Rep.",2025,3.08292728120063,2.09998918002519,0.9829381011754399,0.9661673107423793
COL,Colombia,2016,2.08738250162794,2.95590137527523,-0.86851887364729,0.7543250338815572
COL,Colombia,2017,1.35936086788746,2.08738250162794,-0.7280216337404799,0.5300154991941575
COL,Colombia,2018,2.56432428277704,1.35936086788746,1.20496341488958,1.4519368312223582
COL,Colombia,2019,3.18685539245533,2.56432428277704,0.62253110967829,0.3875449825172831
COL,Colombia,2020,-7.18591413760859,3.18685539245533,-10.37276953006392,107.59434772382247
COL,Colombia,2021,10.8011981904878,-7.18591413760859,17.987112328096387,323.53620990355705
COL,Colombia,2022,7.32827729427979,10.8011981904878,-3.4729208962080094,12.061179551318244
COL,Colombia,2023,0.841819555752039,7.32827729427979,-6.486457738527751,42.07413399370654
COL,Colombia,2024,1.49330728771066,0.841819555752039,0.6514877319586209,0.42443626489258784
COL,Colombia,2025,2.64201548985928,1.49330728771066,1.1487082021486201,1.319530533683515
COM,Comoros,2016,3.3204465548877,1.14735632260047,2.1730902322872296,4.722321157662166
COM,Comoros,2017,3.81576287489548,3.3204465548877,0.49531632000778014,0.24533825686604965
COM,Comoros,2018,3.64245114733689,3.81576287489548,-0.1733117275585898,0.03003695490934286
COM,Comoros,2019,1.76078023564568,3.64245114733689,-1.88167091169121,3.5406854199048294
COM,Comoros,2020,-0.195556841918759,1.76078023564568,-1.956337077564439,3.82725476105337
COM,Comoros,2021,2.04245238320844,-0.195556841918759,2.238009225127199,5.008685291754446
COM,Comoros,2022,2.45381174550259,2.04245238320844,0.4113593622941498,0.1692165249470496
COM,Comoros,2023,3.1866131800554,2.45381174550259,0.73280143455281,0.5369979424826563
COM,Comoros,2024,3.30071498500033,3.1866131800554,0.11410180494493005,0.013019221891690864
COM,Comoros,2025,3.7544428489181,3.30071498500033,0.45372786391777,0.20586897449538238
CPV,Cabo Verde,2016,4.28071482662371,0.936026507808833,3.3446883188148764,11.186939950016685
CPV,Cabo Verde,2017,4.5513148102974,4.28071482662371,0.27059998367369076,0.0732243511642017
CPV,Cabo Verde,2018,3.70696458310842,4.5513148102974,-0.8443502271889805,0.712927306154083
CPV,Cabo Verde,2019,6.94782634051859,3.70696458310842,3.2408617574101704,10.503184930643737
CPV,Cabo Verde,2020,-20.8052758990735,6.94782634051859,-27.75310223959209,770.2346839212514
CPV,Cabo Verde,2021,7.03353010694514,-20.8052758990735,27.83880600601864,774.9991198407395
CPV,Cabo Verde,2022,15.843675684642,7.03353010694514,8.81014557769686,77.61866510021153
CPV,Cabo Verde,2023,4.7947613911073,15.843675684642,-11.0489142935347,122.07850706587541
CPV,Cabo Verde,2024,6.98888280991075,4.7947613911073,2.1941214188034506,4.814168800452067
CPV,Cabo Verde,2025,6.29698518253096,6.98888280991075,-0.6918976273797899,0.47872232677378257
CRI,Costa Rica,2016,4.20432320775184,3.65208093006359,0.5522422776882503,0.30497153326630655
CRI,Costa Rica,2017,4.15769914676933,4.20432320775184,-0.04662406098251015,0.0021738030625008255
CRI,Costa Rica,2018,2.85285959760458,4.15769914676933,-1.30483954916475,1.702606249064468
CRI,Costa Rica,2019,2.70813912948329,2.85285959760458,-0.14472046812129014,0.020944013893245354
CRI,Costa Rica,2020,-4.14159340574358,2.70813912948329,-6.84973253522687,46.91883580414553
CRI,Costa Rica,2021,8.21817953969082,-4.14159340574358,12.3597729454344,152.76398726269215
CRI,Costa Rica,2022,5.46119455235068,8.21817953969082,-2.7569849873401395,7.6009662204189095
CRI,Costa Rica,2023,4.79187732359398,5.46119455235068,-0.6693172287566993,0.44798555271054774
CRI,Costa Rica,2024,4.08292444182048,4.79187732359398,-0.7089528817735005,0.5026141885749509
CRI,Costa Rica,2025,4.56033547844829,4.08292444182048,0.47741103662781015,0.22792129789404028
CSS,Caribbean small states,2016,-3.08739815275796,-0.064034306514273,-3.023363846243687,9.14072894677342
CSS,Caribbean small states,2017,-0.750655745538538,-3.08739815275796,2.336742407219422,5.4603650776976185
CSS,Caribbean small states,2018,1.31016136681117,-0.750655745538538,2.060817112349708,4.246967170553389
CSS,Caribbean small states,2019,0.865089017714141,1.31016136681117,-0.445072349097029,0.19808939593074762
CSS,Caribbean small states,2020,-9.27326845637317,0.865089017714141,-10.13835747408731,102.78629227238204
CSS,Caribbean small states,2021,7.23640467044548,-9.27326845637317,16.50967312681865,272.5693067543979
CSS,Caribbean small states,2022,14.7413556305504,7.23640467044548,7.50495096010492,56.324288913579764
CSS,Caribbean small states,2023,8.80514656985758,14.7413556305504,-5.9362090606928195,35.23857801225153
CSS,Caribbean small states,2024,13.3281652583601,8.80514656985758,4.523018688502519,20.45769805654305
CSS,Caribbean small states,2025,7.97505570265018,13.3281652583601,-5.35310955570992,28.655781915432854
CUB,Cuba,2016,0.512843095700745,4.4383335888395,-3.9254904931387546,15.409475611722742
CUB,Cuba,2017,1.80979178380274,0.512843095700745,1.296948688101995,1.6820758995694858
CUB,Cuba,2018,2.24794852913217,1.80979178380274,0.43815674532943016,0.19198133347767912
CUB,Cuba,2019,-0.163087223606624,2.24794852913217,-2.411035752738794,5.813093400984723
CUB,Cuba,2020,-10.9494359030206,-0.163087223606624,-10.786348679413976,116.34531783389562
CUB,Cuba,2021,1.25448735650322,-10.9494359030206,12.203923259523819,148.93574292434647
CUB,Cuba,2022,1.77465227724316,1.25448735650322,0.5201649207399401,0.2705715447683882
CUB,Cuba,2023,-1.92937123169681,1.77465227724316,-3.70402350893997,13.719790154779968
CUB,Cuba,2024,-1.06173273220524,-1.92937123169681,0.86763849949157,0.7527965657999831
CUW,Curacao,2016,-1.06770848655277,0.458151544160046,-1.525860030712816,2.328248833326916
CUW,Curacao,2017,-1.2762081008495,-1.06770848655277,-0.20849961429673014,0.04347208916188523
CUW,Curacao,2018,-2.10411133101029,-1.2762081008495,-0.8279032301607898,0.6854237585106697
CUW,Curacao,2019,-3.20613230348162,-2.10411133101029,-1.1020209724713301,1.2144502237666561
CUW,Curacao,2020,-18.4384696124769,-3.20613230348162,-15.23233730899528,232.02409989500958
CUW,Curacao,2021,4.18371018614259,-18.4384696124769,22.62217979861949,511.76301884106783
CUW,Curacao,2022,6.90600055461097,4.18371018614259,2.7222903684683804,7.41086485025571
CUW,Curacao,2023,4.20199929761131,6.90600055461097,-2.7040012569996605,7.311622797855744
CUW,Curacao,2024,5.02690015475606,4.20199929761131,0.8249008571447503,0.6804614241181437
CYP,Cyprus,2016,6.57359080924678,3.41892038889013,3.1546704203566502,9.951945461073205
CYP,Cyprus,2017,5.75083236554525,6.57359080924678,-0.8227584437015301,0.6769314566821638
CYP,Cyprus,2018,6.27166360056404,5.75083236554525,0.5208312350187896,0.27126517537119765
CYP,Cyprus,2019,5.87559583386607,6.27166360056404,-0.3960677666979695,0.1568696758171172
CYP,Cyprus,2020,-3.22063018637567,5.87559583386607,-9.09622602024174,82.74132781132289
CYP,Cyprus,2021,11.3975590801512,-3.22063018637567,14.618189266526871,213.6914574320014
CYP,Cyprus,2022,8.73854684881674,11.3975590801512,-2.6590122313344597,7.070346046386263
CYP,Cyprus,2023,3.62045368236082,8.73854684881674,-5.118093166455921,26.194877660522796
CYP,Cyprus,2024,3.94076934447787,3.62045368236082,0.32031566211705,0.10260212339748413
CYP,Cyprus,2025,3.77325347982725,3.94076934447787,-0.1675158646506203,0.028061564909644936
CZE,Czechia,2016,2.58087013921376,4.95875848915604,-2.3778883499422796,5.654353004791218
CZE,Czechia,2017,5.17356529967881,2.58087013921376,2.5926951604650497,6.722068195098889
CZE,Czechia,2018,2.83030588267866,5.17356529967881,-2.3432594170001497,5.490864695359882
CZE,Czechia,2019,3.56577658128261,2.83030588267866,0.7354706986039501,0.5409171485049824
CZE,Czechia,2020,-5.30487955463876,3.56577658128261,-8.87065613592137,78.68854028175946
CZE,Czechia,2021,4.02901832055149,-5.30487955463876,9.33389787519025,87.12164954448106
CZE,Czechia,2022,2.8471706583814,4.02901832055149,-1.1818476621700902,1.3967638965769076
CZE,Czechia,2023,0.0475803308973752,2.8471706583814,-2.7995903274840246,7.837706001742108
CZE,Czechia,2024,1.25131096245923,0.0475803308973752,1.2037306315618548,1.4489674333603018
CZE,Czechia,2025,2.58046673293437,1.25131096245923,1.32915577047514,1.7666550621873631
DEU,Germany,2016,2.22222216259371,1.66300602334775,0.55921613924596,0.312722690393157
DEU,Germany,2017,2.797906720551,2.22222216259371,0.57568455795729,0.3314127102704804
DEU,Germany,2018,1.13569604599849,2.797906720551,-1.66221067455251,2.7629443265963105
DEU,Germany,2019,0.977734697038784,1.13569604599849,-0.15796134895970593,0.02495178776516999
DEU,Germany,2020,-4.13191443239947,0.977734697038784,-5.109649129438254,26.108514225969106
DEU,Germany,2021,3.90999994204108,-4.13191443239947,8.04191437444055,64.67238680583354
DEU,Germany,2022,1.8092581243061,3.90999994204108,-2.10074181773498,4.413116184780468
DEU,Germany,2023,-0.869647578573321,1.8092581243061,-2.6789057028794208,7.176535764919883
DEU,Germany,2024,-0.495851897260366,-0.869647578573321,0.373795681312955,0.1397232113682162
DEU,Germany,2025,0.239578342117881,-0.495851897260366,0.735430239378247,0.5408576369919458
DMA,Dominica,2016,1.44724556489263,-3.37338262476895,4.82062818966158,23.23845614295988
DMA,Dominica,2017,-7.5443637547282,1.44724556489263,-8.99160931962083,80.84903815669216
DMA,Dominica,2018,2.964010610466,-7.5443637547282,10.5083743651942,110.42593179907061
DMA,Dominica,2019,3.94809757938053,2.964010610466,0.98408696891453,0.968427162387387
DMA,Dominica,2020,-15.7064024545862,3.94809757938053,-19.65450003396673,386.29937158519823
DMA,Dominica,2021,5.37983838954712,-15.7064024545862,21.08624084413332,444.62955293679636
DMA,Dominica,2022,10.3968076616121,5.37983838954712,5.016969272064979,25.169980676844204
DMA,Dominica,2023,3.65221012208734,10.3968076616121,-6.74459753952476,45.48959597016344
DMA,Dominica,2024,2.052738472526,3.65221012208734,-1.5994716495613401,2.5583095577504746
DMA,Dominica,2025,3.05243763087539,2.052738472526,0.9996991583493902,0.999398407204479
DNK,Denmark,2016,3.07304549209093,2.10441456445301,0.9686309276379199,0.9382458739766972
DNK,Denmark,2017,3.05647723922718,3.07304549209093,-0.016568252863749855,0.00027450700295715525
DNK,Denmark,2018,1.8600074900921,3.05647723922718,-1.19646974913508,1.4315398605953613
DNK,Denmark,2019,1.71140093932736,1.8600074900921,-0.14860655076474005,0.022083906930193263
DNK,Denmark,2020,-1.78010601831291,1.71140093932736,-3.49150695764027,12.190620835250414
DNK,Denmark,2021,6.50025445756295,-1.78010601831291,8.28036047587586,68.56436961044709
DNK,Denmark,2022,0.443832614908331,6.50025445756295,-6.056421842654619,36.680245536183975
DNK,Denmark,2023,0.604587766175584,0.443832614908331,0.16075515126725298,0.02584221865895739
DNK,Denmark,2024,3.47783593140312,0.604587766175584,2.8732481652275363,8.255555018983404
DNK,Denmark,2025,2.92843280014236,3.47783593140312,-0.5494031312607603,0.30184380063912825
DOM,Dominican Republic,2016,6.71974078681295,6.98771131236387,-0.26797052555092016,0.07180820256403635
DOM,Dominican Republic,2017,3.93386176401576,6.71974078681295,-2.78587902279719,7.761121929661425
DOM,Dominican Republic,2018,7.09751640210159,3.93386176401576,3.16365463808583,10.008710669081985
DOM,Dominican Republic,2019,4.8940301149584,7.09751640210159,-2.20348628714319,4.8553518176280805
DOM,Dominican Republic,2020,-7.92905234231061,4.8940301149584,-12.82308245726901,164.43144370592023
DOM,Dominican Republic,2021,14.0124289062207,-7.92905234231061,21.94148124853131,481.42859937965113
DOM,Dominican Republic,2022,5.23795652902595,14.0124289062207,-8.774472377194751,76.99136549815371
DOM,Dominican Republic,2023,2.19229848237939,5.23795652902595,-3.04565804664656,9.276032937102938
DOM,Dominican Republic,2024,4.95352204492849,2.19229848237939,2.7612235625491,7.624355562376343
DOM,Dominican Republic,2025,2.11739113534632,4.95352204492849,-2.83613090958217,8.043638536287386
DZA,Algeria,2016,3.90000000017621,3.20000000089023,0.6999999992859802,0.48999999900037233
DZA,Algeria,2017,1.49999999895587,3.90000000017621,-2.4000000012203397,5.760000005857631
DZA,Algeria,2018,1.40000000088281,1.49999999895587,-0.09999999807306015,0.009999999614612034
DZA,Algeria,2019,0.899999999219148,1.40000000088281,-0.500000001663662,0.250000001663662
DZA,Algeria,2020,-4.99999999908597,0.899999999219148,-5.899999998305118,34.80999998000039
DZA,Algeria,2021,3.79999999900707,-4.99999999908597,8.79999999809304,77.43999996643751
DZA,Algeria,2022,3.60000000094915,3.79999999900707,-0.1999999980579199,0.039999999223167965
DZA,Algeria,2023,4.10000000005964,3.60000000094915,0.49999999911048976,0.24999999911048976
DZA,Algeria,2024,3.69999999907979,4.10000000005964,-0.4000000009798499,0.1600000007838799
DZA,Algeria,2025,3.815543719231,3.69999999907979,0.11554372015120995,0.01335035126638112
EAP,East Asia & Pacific (excluding high income),2016,6.50852874508779,6.66372817923681,-0.15519943414902038,0.02408686436017611
EAP,East Asia & Pacific (excluding high income),2017,6.66666534648019,6.50852874508779,0.1581366013924006,0.025007184699938994
EAP,East Asia & Pacific (excluding high income),2018,6.53800447051142,6.66666534648019,-0.1286608759687704,0.01655362100505132
EAP,East Asia & Pacific (excluding high income),2019,5.88489228328295,6.53800447051142,-0.6531121872284702,0.4265555291063563
EAP,East Asia & Pacific (excluding high income),2020,1.34340856610488,5.88489228328295,-4.541483717178069,20.625074353393533
EAP,East Asia & Pacific (excluding high income),2021,7.72023040471529,1.34340856610488,6.376821838610409,40.66385676137864
EAP,East Asia & Pacific (excluding high income),2022,3.54917734794495,7.72023040471529,-4.17105305677034,17.397683602393197
EAP,East Asia & Pacific (excluding high income),2023,5.26014161362973,3.54917734794495,1.71096426568478,2.927398718450259
EAP,East Asia & Pacific (excluding high income),2024,4.95407477892253,5.26014161362973,-0.30606683470719975,0.09367690730768434
EAP,East Asia & Pacific (excluding high income),2025,4.9444935536329,4.95407477892253,-0.009581225289630346,9.179987805065212e-05
EAR,Early-demographic dividend,2016,4.14710614319185,4.25265763904281,-0.10555149585095958,0.011141118276375137
EAR,Early-demographic dividend,2017,4.49000658496557,4.14710614319185,0.34290044177372003,0.11758071296861236
EAR,Early-demographic dividend,2018,3.61280978921729,4.49000658496557,-0.8771967957482802,0.7694742184710501
EAR,Early-demographic dividend,2019,2.27263621294111,3.61280978921729,-1.3401735762761802,1.7960652145488865
EAR,Early-demographic dividend,2020,-4.28342682037605,2.27263621294111,-6.556063033317161,42.981962496827805
EAR,Early-demographic dividend,2021,7.50689561708779,-4.28342682037605,11.79032243746384,139.01170317936325
EAR,Early-demographic dividend,2022,6.02429179462496,7.50689561708779,-1.4826038224628295,2.1981140943813933
EAR,Early-demographic dividend,2023,4.12336017326531,6.02429179462496,-1.9009316213596508,3.6135410290850305
EAR,Early-demographic dividend,2024,3.86155873347995,4.12336017326531,-0.2618014397853594,0.06853999387368717
EAR,Early-demographic dividend,2025,4.3721639998719,3.86155873347995,0.5106052663919503,0.2607177380671945
EAS,East Asia & Pacific,2016,4.63114688285732,4.75890325549717,-0.1277563726398503,0.016321690750092287
EAS,East Asia & Pacific,2017,5.03667021498299,4.63114688285732,0.4055233321256697,0.1644491728983062
EAS,East Asia & Pacific,2018,4.81200310102888,5.03667021498299,-0.22466711395410943,0.05047531209246879
EAS,East Asia & Pacific,2019,4.04090596808282,4.81200310102888,-0.7710971329460605,0.5945907884376346
EAS,East Asia & Pacific,2020,-0.0906651751610497,4.04090596808282,-4.131571143243869,17.069880111685453
EAS,East Asia & Pacific,2021,6.48037639158159,-0.0906651751610497,6.57104156674264,43.17858727185956
EAS,East Asia & Pacific,2022,3.05155877820648,6.48037639158159,-3.42881761337511,11.756790225791384
EAS,East Asia & Pacific,2023,4.07119548974431,3.05155877820648,1.0196367115378302,1.0396590235156804
EAS,East Asia & Pacific,2024,3.72534172801831,4.07119548974431,-0.34585376172600046,0.1196148245000251
EAS,East Asia & Pacific,2025,3.99734138634533,3.72534172801831,0.2719996583270201,0.07398381413001567
ECA,Europe & Central Asia (excluding high income),2016,2.85797309720172,3.4855285083172,-0.62755541111548,0.3938257940203191
ECA,Europe & Central Asia (excluding high income),2017,6.00896760124667,2.85797309720172,3.1509945040449505,9.928766364521485
ECA,Europe & Central Asia (excluding high income),2018,3.78753357770429,6.00896760124667,-2.2214340235423804,4.934769120951689
ECA,Europe & Central Asia (excluding high income),2019,2.61922676231219,3.78753357770429,-1.1683068153921,1.3649408148916302
ECA,Europe & Central Asia (excluding high income),2020,0.29079640989535,2.61922676231219,-2.32843035241684,5.42158790605601
ECA,Europe & Central Asia (excluding high income),2021,9.27987062914227,0.29079640989535,8.98907421924692,80.80345531912963
ECA,Europe & Central Asia (excluding high income),2022,3.11188050867233,9.27987062914227,-6.167990120469939,38.04410212621478
ECA,Europe & Central Asia (excluding high income),2023,5.05062997543834,3.11188050867233,1.93874946676601,3.7587494948854876
ECA,Europe & Central Asia (excluding high income),2024,4.05695234474402,5.05062997543834,-0.9936776306943198,0.987395233742277
ECA,Europe & Central Asia (excluding high income),2025,4.20093767131738,4.05695234474402,0.14398532657336016,0.020731774268437177
ECS,Europe & Central Asia,2016,1.90825385031148,2.07832382006356,-0.17006996975207977,0.02892379461147333
ECS,Europe & Central Asia,2017,2.96168679697557,1.90825385031148,1.0534329466640897,1.109720973117387
ECS,Europe & Central Asia,2018,2.18261664657453,2.96168679697557,-0.77907015040104,0.606950299245899
ECS,Europe & Central Asia,2019,1.83149788108096,2.18261664657453,-0.3511187654935699,0.12328438748172854
ECS,Europe & Central Asia,2020,-5.37584934879737,1.83149788108096,-7.20734722987833,51.945854092034836
ECS,Europe & Central Asia,2021,6.82460720354004,-5.37584934879737,12.20045655233741,148.85114008547285
ECS,Europe & Central Asia,2022,3.42810235027954,6.82460720354004,-3.3965048532605002,11.536245218222133
ECS,Europe & Central Asia,2023,1.04695405528739,3.42810235027954,-2.3811482949921503,5.669867202744024
ECS,Europe & Central Asia,2024,1.61092975636407,1.04695405528739,0.5639757010766802,0.3180685914049329
ECS,Europe & Central Asia,2025,1.703297097267,1.61092975636407,0.09236734090292997,0.008531725665478081
ECU,Ecuador,2016,-0.687954245877947,0.119692109287612,-0.8076463551655589,0.6522926350122121
ECU,Ecuador,2017,5.97039880954841,-0.687954245877947,6.658353055426357,44.3336654107055
ECU,Ecuador,2018,1.04429460679607,5.97039880954841,-4.92610420275234,24.266502616374265
ECU,Ecuador,2019,0.1654044646003,1.04429460679607,-0.8788901421957699,0.7724478820489006
ECU,Ecuador,2020,-9.24509619165865,0.1654044646003,-9.41050065625895,88.55752260145013
ECU,Ecuador,2021,9.42189269033631,-9.24509619165865,18.66698888199496,348.4564739205235
ECU,Ecuador,2022,5.86842354862311,9.42189269033631,-3.5534691417132,12.627142941107946
ECU,Ecuador,2023,1.8328406107788,5.86842354862311,-4.03558293784431,16.285929648220115
ECU,Ecuador,2024,-1.94409022506859,1.8328406107788,-3.77693083584739,14.265206538774864
ECU,Ecuador,2025,3.72594857272087,-1.94409022506859,5.67003879778946,32.149339968437744
EGY,"Egypt, Arab Rep.",2016,4.34664345601914,4.37201907781687,-0.02537562179773012,0.000643922181621436
EGY,"Egypt, Arab Rep.",2017,4.18122099961562,4.34664345601914,-0.16542245640351982,0.027364589082574418
EGY,"Egypt, Arab Rep.",2018,5.33110861887155,4.18122099961562,1.1498876192559297,1.32224153691807
EGY,"Egypt, Arab Rep.",2019,5.55209307084222,5.33110861887155,0.2209844519706703,0.048834128012777485
EGY,"Egypt, Arab Rep.",2020,3.55016483883115,5.55209307084222,-2.0019282320110703,4.00771664612297
EGY,"Egypt, Arab Rep.",2021,3.29064601193245,3.55016483883115,-0.2595188268987001,0.06735002151487747
EGY,"Egypt, Arab Rep.",2022,6.58784560870467,3.29064601193245,3.2971995967722205,10.871525180954894
EGY,"Egypt, Arab Rep.",2023,3.76028052279247,6.58784560870467,-2.8275650859122003,7.995124315069669
EGY,"Egypt, Arab Rep.",2024,2.3991692678251,3.76028052279247,-1.36111125496737,1.852623848398849
EGY,"Egypt, Arab Rep.",2025,4.39201068570188,2.3991692678251,1.9928414178767802,3.9714169168051354
EMU,Euro area,2016,1.80681433573471,2.14894477032594,-0.34213043459123016,0.11705323427358402
EMU,Euro area,2017,2.62315671239708,1.80681433573471,0.8163423766623699,0.6664148759347666
EMU,Euro area,2018,1.78229304985051,2.62315671239708,-0.8408636625465697,0.7070516989912315
EMU,Euro area,2019,1.63208944796722,1.78229304985051,-0.15020360188328996,0.022561122018713867
EMU,Euro area,2020,-6.04374915754508,1.63208944796722,-7.6758386055123005,58.918498297873015
EMU,Euro area,2021,6.44349747359811,-6.04374915754508,12.48724663114319,155.93132842699694
EMU,Euro area,2022,3.66468497532753,6.44349747359811,-2.7788124982705797,7.721798900544781
EMU,Euro area,2023,0.460070365687699,3.66468497532753,-3.2046146096398314,10.269554796317049
EMU,Euro area,2024,0.938707263867073,0.460070365687699,0.47863689817937405,0.2290932802987725
EMU,Euro area,2025,1.41107242318353,0.938707263867073,0.47236515931645706,0.22312884373606187
ESP,Spain,2016,2.91515598595787,4.06086672473866,-1.14571073878079,1.3126530969576238
ESP,Spain,2017,2.89604207865007,2.91515598595787,-0.019113907307799938,0.00036534145257116786
ESP,Spain,2018,2.39541124478878,2.89604207865007,-0.5006308338612899,0.25063123181265046
ESP,Spain,2019,1.96117850841711,2.39541124478878,-0.43423273637167004,0.18855806933682828
ESP,Spain,2020,-10.9400706350371,1.96117850841711,-12.90124914345421,166.442229461478
ESP,Spain,2021,6.68314420473001,-10.9400706350371,17.623214839767112,310.5777012885878
ESP,Spain,2022,6.37031712129601,6.68314420473001,-0.31282708343400056,0.09786078412982314
ESP,Spain,2023,2.46085796805582,6.37031712129601,-3.90945915324019,15.283870870853503
ESP,Spain,2024,3.45525405630191,2.46085796805582,0.99439608824609,0.9888235803191258
ESP,Spain,2025,2.82495400578509,3.45525405630191,-0.6303000505168197,0.3972781536815055
EST,Estonia,2016,3.09301920751959,1.83815262882932,1.25486657869027,1.5746901303138234
EST,Estonia,2017,5.63467248963991,3.09301920751959,2.54165328212032,6.460001406512996
EST,Estonia,2018,3.69969756161726,5.63467248963991,-1.9349749280226503,3.7441279720762606
EST,Estonia,2019,3.72664943466884,3.69969756161726,0.02695187305158031,0.000726403460988501
EST,Estonia,2020,-2.88380751483778,3.72664943466884,-6.61045694950662,43.69814108128037
EST,Estonia,2021,8.25488044580031,-2.88380751483778,11.13868796063809,124.07036948446395
EST,Estonia,2022,-1.22616966587796,8.25488044580031,-9.48105011167827,89.89031122015453
EST,Estonia,2023,-2.74421914571231,-1.22616966587796,-1.51804947983435,2.304474223225341
EST,Estonia,2024,-0.0900428648493801,-2.74421914571231,2.65417628086293,7.044651729895374
EST,Estonia,2025,0.584308464789387,-0.0900428648493801,0.6743513296387671,0.4547497157855731
ETH,Ethiopia,2016,9.43348265981905,10.3924630141307,-0.9589803543116489,0.9196433199556956
ETH,Ethiopia,2017,9.56418965754014,9.43348265981905,0.13070699772108973,0.017084319253260958
ETH,Ethiopia,2018,6.81614778557282,9.56418965754014,-2.7480418719673203,7.551734130085654
ETH,Ethiopia,2019,8.36408573111346,6.81614778557282,1.5479379455406406,2.396111883244579
ETH,Ethiopia,2020,6.05953089248577,8.36408573111346,-2.3045548386276904,5.3109730042423005
ETH,Ethiopia,2021,5.64153069324176,6.05953089248577,-0.4180001992440099,0.17472416656803197
ETH,Ethiopia,2022,5.32175988485454,5.64153069324176,-0.3197708083872204,0.10225336989661642
ETH,Ethiopia,2023,6.59424599054353,5.32175988485454,1.2724861056889898,1.619220889171531
ETH,Ethiopia,2024,7.61277447616879,6.59424599054353,1.0185284856252599,1.0374002760300853
ETH,Ethiopia,2025,9.7715182202934,7.61277447616879,2.1587437441246102,4.660174552797141
EUU,European Union,2016,1.91997902907598,2.37195113797821,-0.45197210890222994,0.2042787872255292
EUU,European Union,2017,2.81810835521954,1.91997902907598,0.8981293261435601,0.8066362864790854
EUU,European Union,2018,2.04641967934145,2.81810835521954,-0.7716886758780901,0.5955034124784799
EUU,European Union,2019,1.87525498889181,2.04641967934145,-0.17116469044964,0.02929735125672108
EUU,European Union,2020,-5.57888122067428,1.87525498889181,-7.45413620956609,55.56414663076431
EUU,European Union,2021,6.37773717070797,-5.57888122067428,11.95661839138225,142.96072335714027
EUU,European Union,2022,3.56455510630462,6.37773717070797,-2.81318206440335,7.913993327480695
EUU,European Union,2023,0.4380089249495,3.56455510630462,-3.12654618135512,9.775291024146284
EUU,European Union,2024,1.08657885620458,0.4380089249495,0.6485699312550799,0.4206429557282191
EUU,European Union,2025,1.53795434836212,1.08657885620458,0.45137549215754014,0.20373983492046158
FIN,Finland,2016,2.57193414898754,0.466503766322674,2.1054303826648657,4.432837096248323
FIN,Finland,2017,3.30337003591039,2.57193414898754,0.7314358869228501,0.5349984566786163
FIN,Finland,2018,1.19297759742292,3.30337003591039,-2.11039243848747,4.453756244425089
FIN,Finland,2019,1.34973845741737,1.19297759742292,0.1567608599944501,0.02457396722619959
FIN,Finland,2020,-2.49103605535707,1.34973845741737,-3.84077451277444,14.751548857977737
FIN,Finland,2021,2.67634641498897,-2.49103605535707,5.167382470346039,26.701841594839536
FIN,Finland,2022,0.763041912763526,2.67634641498897,-1.913304502225444,3.660734118236154
FIN,Finland,2023,-1.28973484453397,0.763041912763526,-2.052776757297496,4.213892415300823
FIN,Finland,2024,0.374566568538427,-1.28973484453397,1.664301413072397,2.769899193554777
FIN,Finland,2025,0.173444509584499,0.374566568538427,-0.201122058953928,0.040450082597867296
FJI,Fiji,2016,2.44565202449249,4.50120064471365,-2.05554862022116,4.2252801300931155
FJI,Fiji,2017,5.35336434979577,2.44565202449249,2.90771232530328,8.454790966720607
FJI,Fiji,2018,3.812350939512,5.35336434979577,-1.54101341028377,2.3747223306744147
FJI,Fiji,2019,-0.581946590349759,3.812350939512,-4.394297529861759,19.309850780949155
FJI,Fiji,2020,-17.1835352599354,-0.581946590349759,-16.60158866958564,275.61274635411434
FJI,Fiji,2021,-4.3459619989752,-17.1835352599354,12.8375732609602,164.8032872305203
FJI,Fiji,2022,17.7451269773594,-4.3459619989752,22.091088976334603,488.01621216033226
FJI,Fiji,2023,9.44245856738313,17.7451269773594,-8.302668409976272,68.93430272601792
FJI,Fiji,2024,3.53085896076352,9.44245856738313,-5.911599606619609,34.94700990898511
FJI,Fiji,2025,3.19546862124029,3.53085896076352,-0.3353903395232303,0.11248667984550768
FRA,France,2016,0.860031075424033,1.06675474783462,-0.20672367241058698,0.04273467673491968
FRA,France,2017,2.08361485997399,0.860031075424033,1.223583784549957,1.4971572778135958
FRA,France,2018,1.64590872395887,2.08361485997399,-0.4377061360151202,0.19158666150528691
FRA,France,2019,2.02744646419237,1.64590872395887,0.3815377402335003,0.14557104722248596
FRA,France,2020,-7.44064589948231,2.02744646419237,-9.46809236367468,89.64477300707479
FRA,France,2021,6.88233783360239,-7.44064589948231,14.322983733084701,205.14786301820897
FRA,France,2022,2.71676264185913,6.88233783360239,-4.16557519174326,17.352016678066896
FRA,France,2023,1.43921494437743,2.71676264185913,-1.2775476974817,1.632128119340793
FRA,France,2024,1.19046798275883,1.43921494437743,-0.2487469616186,0.06187505091448526
FRA,France,2025,0.840949955479587,1.19046798275883,-0.3495180272792431,0.1221628513931737
FSM,"Micronesia, Fed. Sts.",2016,1.26050420168067,4.3859649122807,-3.1254607106000303,9.768504653504447
FSM,"Micronesia, Fed. Sts.",2017,2.07468879668049,1.26050420168067,0.8141845949998201,0.6628965547350211
FSM,"Micronesia, Fed. Sts.",2018,0.406504065040664,2.07468879668049,-1.6681847316398262,2.782840298876239
FSM,"Micronesia, Fed. Sts.",2019,3.64372469635627,0.406504065040664,3.2372206313156062,10.479597415815412
FSM,"Micronesia, Fed. Sts.",2020,-2.05703124999999,3.64372469635627,-5.70075594635626,32.49861835991626
FSM,"Micronesia, Fed. Sts.",2021,3.09969928290539,-2.05703124999999,5.15673053290538,26.591869788998604
FSM,"Micronesia, Fed. Sts.",2022,-3.11412501063803,3.09969928290539,-6.21382429354342,38.61161235103038
FSM,"Micronesia, Fed. Sts.",2023,1.13097800090873,-3.11412501063803,4.24510301154676,18.020899578643373
FSM,"Micronesia, Fed. Sts.",2024,2.30132923576443,1.13097800090873,1.1703512348557001,1.3697220129282621
FSM,"Micronesia, Fed. Sts.",2025,1.0626071425539,2.30132923576443,-1.23872209321053,1.534432424207877
GAB,Gabon,2016,2.09144220829562,3.8788993950789,-1.7874571867832798,3.195003194583197
GAB,Gabon,2017,0.472642030911146,2.09144220829562,-1.618800177384474,2.6205140143000047
GAB,Gabon,2018,0.83791658082157,0.472642030911146,0.36527454991042396,0.13342549681226282
GAB,Gabon,2019,3.92080879452831,0.83791658082157,3.08289221370674,9.504224401333644
GAB,Gabon,2020,-1.8377610635094,3.92080879452831,-5.75856985803771,33.16112680990045
GAB,Gabon,2021,1.46795731508091,-1.8377610635094,3.30571837859031,10.927773998549748
GAB,Gabon,2022,3.03761449525692,1.46795731508091,1.56965718017601,2.463823663278103
GAB,Gabon,2023,2.43893665041031,3.03761449525692,-0.5986778448466099,0.3584151619101815
GAB,Gabon,2024,3.39403899521831,2.43893665041031,0.955102344808,0.9122204890577398
GAB,Gabon,2025,2.47287961498321,3.39403899521831,-0.9211593802351001,0.8485346037951138
GBR,United Kingdom,2016,2.20652020635357,2.14040560033371,0.06611460601985986,0.0043711411291612896
GBR,United Kingdom,2017,3.02322219840339,2.20652020635357,0.8167019920498197,0.6670021438181438
GBR,United Kingdom,2018,1.55133095078786,3.02322219840339,-1.4718912476155297,2.1664638448072004
GBR,United Kingdom,2019,1.25629899760824,1.55133095078786,-0.29503195317962017,0.08704385339698159
GBR,United Kingdom,2020,-10.047896637362,1.25629899760824,-11.30419563497024,127.78483895368022
GBR,United Kingdom,2021,8.5431118453255,-10.047896637362,18.5910084826875,345.62559640335854
GBR,United Kingdom,2022,5.14970388522993,8.5431118453255,-3.39340796009557,11.515217583639977
GBR,United Kingdom,2023,0.271650048355255,5.14970388522993,-4.878053836874675,23.795409235447735
GBR,United Kingdom,2024,1.08027716858781,0.271650048355255,0.808627120232555,0.653877819575595
GBR,United Kingdom,2025,1.38844207858726,1.08027716858781,0.3081649099994499,0.09496561175496905
GEO,Georgia,2016,3.45021517996871,3.35102350265353,0.0991916773151802,0.009838988848598833
GEO,Georgia,2017,5.15990261658827,3.45021517996871,1.7096874366195598,2.923031130934761
GEO,Georgia,2018,6.062036412677,5.15990261658827,0.9021337960887301,0.8138453860454625
GEO,Georgia,2019,5.38071926589951,6.062036412677,-0.6813171467774897,0.4641930544930194
GEO,Georgia,2020,-6.2904717853839,5.38071926589951,-11.671191051283412,136.216700555558
GEO,Georgia,2021,10.6442336580969,-6.2904717853839,16.9347054434808,286.7842484574583
GEO,Georgia,2022,10.9585321385624,10.6442336580969,0.31429848046550113,0.098783534822923
GEO,Georgia,2023,7.83220126555726,10.9585321385624,-3.1263308730051405,9.773944727505084
GEO,Georgia,2024,9.67979379712661,7.83220126555726,1.84759253156935,3.4135981627108394
GEO,Georgia,2025,7.46161504152039,9.67979379712661,-2.2181787556062202,4.92031699182276
GHA,Ghana,2016,3.37346574966936,2.12075933817334,1.2527064114960198,1.5692733534032353
GHA,Ghana,2017,8.12889488100956,3.37346574966936,4.7554291313401995,22.614106223199006
GHA,Ghana,2018,6.20007768127284,8.12889488100956,-1.9288171997367192,3.720335790000199
GHA,Ghana,2019,6.5077747939152,6.20007768127284,0.30769711264235955,0.0946775131284449
GHA,Ghana,2020,0.513941670628171,6.5077747939152,-5.993833123287029,35.92603550981274
GHA,Ghana,2021,5.07646643533542,0.513941670628171,4.562524764707249,20.81663222856694
GHA,Ghana,2022,3.80484978178042,5.07646643533542,-1.2716166535550002,1.6170089135984174
GHA,Ghana,2023,3.14009100080186,3.80484978178042,-0.66475878097856,0.4419042368881011
GHA,Ghana,2024,5.84746854280382,3.14009100080186,2.70737754200196,7.329893154936574
GHA,Ghana,2025,5.95441714756899,5.84746854280382,0.10694860476517043,0.011438004061216636
GIN,Guinea,2016,10.82062719659,3.82591056949435,6.99471662709565,48.92606069336834
GIN,Guinea,2017,10.3000053427355,10.82062719659,-0.5206218538545002,0.2710471147108966
GIN,Guinea,2018,6.35849192736715,10.3000053427355,-3.941513415368349,15.535528003528668
GIN,Guinea,2019,5.61691446889876,6.35849192736715,-0.7415774584683898,0.5499371269084364
GIN,Guinea,2020,4.70459096113575,5.61691446889876,-0.9123235077630101,0.8323341828170031
GIN,Guinea,2021,5.5823328114905,4.70459096113575,0.8777418503547496,0.7704307558641796
GIN,Guinea,2022,3.97240784200721,5.5823328114905,-1.6099249694832896,2.5918584073657707
GIN,Guinea,2023,5.54172668627702,3.97240784200721,1.5693188442698096,2.462761634980331
GIN,Guinea,2024,5.35004659049265,5.54172668627702,-0.19168009578436962,0.03674125911990511
GIN,Guinea,2025,7.44709668357611,5.35004659049265,2.0970500930834595,4.397619092901346
GMB,"Gambia, The",2016,1.94335965478776,4.0580738039996,-2.1147141492118395,4.472015932876754
GMB,"Gambia, The",2017,4.8226112492757,1.94335965478776,2.8792515944879398,8.290089744361344
GMB,"Gambia, The",2018,7.23489033258579,4.8226112492757,2.41227908331009,5.819090375775369
GMB,"Gambia, The",2019,6.22205315994859,7.23489033258579,-1.0128371726371999,1.025839138275717
GMB,"Gambia, The",2020,0.591487287873974,6.22205315994859,-5.630565872074616,31.70327203977138
GMB,"Gambia, The",2021,5.25596878816744,0.591487287873974,4.664481500293466,21.75738766657998
GMB,"Gambia, The",2022,5.49299823010114,5.25596878816744,0.2370294419337,0.056182956343401265
GMB,"Gambia, The",2023,5.91679576551141,5.49299823010114,0.4237975354102703,0.17960435101981934
GMB,"Gambia, The",2024,5.55126065805138,5.91679576551141,-0.3655351074600306,0.1336159147858161
GMB,"Gambia, The",2025,5.89309208233146,5.55126065805138,0.3418314242800804,0.11684872262534834
GNB,Guinea-Bissau,2016,5.4326782650304,6.1340893623123,-0.7014110972818992,0.4919775273901979
GNB,Guinea-Bissau,2017,4.66367943913264,5.4326782650304,-0.7689988258977607,0.5913591942321345
GNB,Guinea-Bissau,2018,3.76145359637003,4.66367943913264,-0.9022258427626095,0.814011471348701
GNB,Guinea-Bissau,2019,5.32749571119344,3.76145359637003,1.5660421148234098,2.4524879054005777
GNB,Guinea-Bissau,2020,2.89149979806913,5.32749571119344,-2.43599591312431,5.934076088758341
GNB,Guinea-Bissau,2021,5.0173096003907,2.89149979806913,2.12580980232157,4.519067315646472
GNB,Guinea-Bissau,2022,5.45776090019501,5.0173096003907,0.44045129980430975,0.19399734749930594
GNB,Guinea-Bissau,2023,4.63052364601562,5.45776090019501,-0.8272372541793898,0.6843214747022563
GNB,Guinea-Bissau,2024,4.40920107183611,4.63052364601562,-0.22132257417950996,0.048983681841444686
GNB,Guinea-Bissau,2025,5.81813762310792,4.40920107183611,1.4089365512718102,1.985102205509702
GNQ,Equatorial Guinea,2016,-8.81641723219757,-9.11004114881537,0.2936239166178005,0.08621500440997708
GNQ,Equatorial Guinea,2017,-5.66750850486686,-8.81641723219757,3.148908727330709,9.915626173059506
GNQ,Equatorial Guinea,2018,-6.23654406734575,-5.66750850486686,-0.5690355624788896,0.32380147136566634
GNQ,Equatorial Guinea,2019,-5.48182537893445,-6.23654406734575,0.7547186884113,0.5696002986372729
GNQ,Equatorial Guinea,2020,-4.79108083383294,-5.48182537893445,0.6907445451015102,0.4771280265874922
GNQ,Equatorial Guinea,2021,0.860269956382069,-4.79108083383294,5.651350790215009,31.937765754063804
GNQ,Equatorial Guinea,2022,3.22350831658598,0.860269956382069,2.363238360203911,5.58489554713927
GNQ,Equatorial Guinea,2023,-7.4250553172124,3.22350831658598,-10.64856363379838,113.39190746305336
GNQ,Equatorial Guinea,2024,0.39622552095193,-7.4250553172124,7.82128083816433,61.17243394943652
GNQ,Equatorial Guinea,2025,-5.84678505700693,0.39622552095193,-6.24301057795886,38.975181076506225
GRC,Greece,2016,-0.0317947678412054,-0.228301892172851,0.19650712433164558,0.038615049913092815
GRC,Greece,2017,1.47312472702352,-0.0317947678412054,1.5049194948647253,2.2647826860239
GRC,Greece,2018,2.06467207892409,1.47312472702352,0.5915473519005703,0.34992826954057715
GRC,Greece,2019,2.27718065334808,2.06467207892409,0.21250857442398985,0.04515989420371643
GRC,Greece,2020,-9.19623149726978,2.27718065334808,-11.473412150617861,131.63918637794558
GRC,Greece,2021,8.65449786002131,-9.19623149726978,17.85072935729109,318.648538587254
GRC,Greece,2022,5.52198580589408,8.65449786002131,-3.13251205412723,9.812631769252398
GRC,Greece,2023,2.13591131996631,5.52198580589408,-3.3860744859277703,11.465500424251013
GRC,Greece,2024,2.0865743380603,2.13591131996631,-0.0493369819060101,0.002434137783593968
GRC,Greece,2025,2.07306882481713,2.0865743380603,-0.013505513243170064,0.000182398887961442
GRD,Grenada,2016,3.7396039558691,6.44522314693144,-2.7056191910623397,7.32037520704483
GRD,Grenada,2017,4.43867566948151,3.7396039558691,0.69907171361241,0.4887012607729915
GRD,Grenada,2018,4.36144039364797,4.43867566948151,-0.07723527583353995,0.005965287833083001
GRD,Grenada,2019,0.676511738873756,4.36144039364797,-3.684928654774214,13.5786991907761
GRD,Grenada,2020,-13.7566222572107,0.676511738873756,-14.433133996084457,208.3153569489289
GRD,Grenada,2021,4.6977240232674,-13.7566222572107,18.4543462804781,340.56289663979584
GRD,Grenada,2022,7.31023806981959,4.6977240232674,2.6125140465521905,6.825229643432501
GRD,Grenada,2023,4.52657497450693,7.31023806981959,-2.7836630953126598,7.748780228205658
GRD,Grenada,2024,2.3996478454327,4.52657497450693,-2.12692712907423,4.5238190123919475
GRD,Grenada,2025,4.41201,2.3996478454327,2.0123621545673003,4.0496014411347465
GRL,Greenland,2016,4.68195410972302,-2.52931802394475,7.21127213366777,52.002445785813315
GRL,Greenland,2017,0.0527281828800312,4.68195410972302,-4.629225926842989,21.42973268175533
GRL,Greenland,2018,0.62306542854094,0.0527281828800312,0.5703372456609088,0.32528457378807185
GRL,Greenland,2019,2.83217756798683,0.62306542854094,2.20911213944589,4.880176444647198
GRL,Greenland,2020,0.250789762104304,2.83217756798683,-2.5813878058825264,6.663563004359004
GRL,Greenland,2021,1.63409410992996,0.250789762104304,1.383304347825656,1.9135309187133633
GRL,Greenland,2022,2.00455580865604,1.63409410992996,0.37046169872608026,0.13724187022301307
GRL,Greenland,2023,0.865961986998158,2.00455580865604,-1.1385938216578824,1.2963958907175017
GTM,Guatemala,2016,2.6778031930216,4.09217170075418,-1.4143685077325796,2.000438275665684
GTM,Guatemala,2017,3.0798512212244,2.6778031930216,0.40204802820279983,0.16164261698175933
GTM,Guatemala,2018,3.40687328176345,3.0798512212244,0.32702206053905014,0.10694342807920618
GTM,Guatemala,2019,4.01789830861587,3.40687328176345,0.6110250268524204,0.37335158344000113
GTM,Guatemala,2020,-1.78555117570465,4.01789830861587,-5.80344948432052,33.680025917060114
GTM,Guatemala,2021,8.04170398855833,-1.78555117570465,9.827255164262981,96.57494406353344
GTM,Guatemala,2022,4.15492196609047,8.04170398855833,-3.8867820224678606,15.107074490179354
GTM,Guatemala,2023,3.52430434049013,4.15492196609047,-0.6306176256003395,0.39767858971781
GTM,Guatemala,2024,3.71558453779777,3.52430434049013,0.1912801973076399,0.03658811388204965
GTM,Guatemala,2025,4.28003207921405,3.71558453779777,0.5644475414162797,0.31860102701088283
GUY,Guyana,2016,3.80745626378814,0.687404590619494,3.120051673168646,9.734722443242466
GUY,Guyana,2017,3.73449154571284,3.80745626378814,-0.07296471807529992,0.0053238500838079985
GUY,Guyana,2018,4.44091288475967,3.73449154571284,0.7064213390468299,0.4990311082607162
GUY,Guyana,2019,5.35284003535665,4.44091288475967,0.9119271505969797,0.8316111279959265
GUY,Guyana,2020,43.479651716849,5.35284003535665,38.12681168149235,1453.6537689959814
GUY,Guyana,2021,20.0599975568418,43.479651716849,-23.419654160007198,548.4802009743424
GUY,Guyana,2022,63.3346343654855,20.0599975568418,43.2746368086437,1872.69419092002
GUY,Guyana,2023,33.795011115873,63.3346343654855,-29.539623249612497,872.5893417290472
GUY,Guyana,2024,43.8192726391966,33.795011115873,10.024261523323595,100.48581908798589
GUY,Guyana,2025,19.3360097091818,43.8192726391966,-24.4832629300148,599.4301637002369
HKG,"Hong Kong SAR, China",2016,2.17544820327555,2.38780116013344,-0.2123529568578899,0.045093778286288855
HKG,"Hong Kong SAR, China",2017,3.79610937243891,2.17544820327555,1.62066116916336,2.6265426252339488
HKG,"Hong Kong SAR, China",2018,2.84690922660509,3.79610937243891,-0.94920014583382,0.9009809168509451
HKG,"Hong Kong SAR, China",2019,-1.67242865968056,2.84690922660509,-4.5193378862856495,20.42441493041684
HKG,"Hong Kong SAR, China",2020,-6.54479640529367,-1.67242865968056,-4.87236774561311,23.739967448490976
HKG,"Hong Kong SAR, China",2021,6.45443038333934,-6.54479640529367,12.99922678863301,168.97989710231408
HKG,"Hong Kong SAR, China",2022,-3.68528359281325,6.45443038333934,-10.13971397615259,102.81379951818417
HKG,"Hong Kong SAR, China",2023,3.15034461759902,-3.68528359281325,6.8356282104122705,46.725813030984064
HKG,"Hong Kong SAR, China",2024,2.62936861207362,3.15034461759902,-0.5209760055253998,0.2714159983332014
HKG,"Hong Kong SAR, China",2025,3.48764886355949,2.62936861207362,0.8582802514858701,0.7366449900906483
HND,Honduras,2016,3.89297219726413,3.84007997093951,0.05289222632461987,0.0027975876055748115
HND,Honduras,2017,4.84291391050387,3.89297219726413,0.9499417132397401,0.9023892585528526
HND,Honduras,2018,3.84499476966735,4.84291391050387,-0.9979191408365198,0.9958426116478978
HND,Honduras,2019,2.55963434592314,3.84499476966735,-1.2853604237442102,1.6521514189278956
HND,Honduras,2020,-8.96508223267296,2.55963434592314,-11.5247165785961,132.81909221696782
HND,Honduras,2021,12.5652843771279,-8.96508223267296,21.53036660980086,463.55668635242785
HND,Honduras,2022,4.14356194013767,12.5652843771279,-8.42172243699023,70.92540880570465
HND,Honduras,2023,3.57584760454412,4.14356194013767,-0.5677143355935499,0.3222995668384258
HND,Honduras,2024,3.63240745450875,3.57584760454412,0.056559849964629816,0.0031990166280214355
HND,Honduras,2025,3.75143102801252,3.63240745450875,0.11902357350377013,0.014166611049607371
HPC,Heavily indebted poor countries (HIPC),2016,4.30006123912206,4.90646824015406,-0.6064070010319993,0.3677294509006232
HPC,Heavily indebted poor countries (HIPC),2017,5.06377966448277,4.30006123912206,0.7637184253607101,0.5832658332354426
HPC,Heavily indebted poor countries (HIPC),2018,4.18286148680316,5.06377966448277,-0.88091817767961,0.7760168357663649
HPC,Heavily indebted poor countries (HIPC),2019,4.20365615145262,4.18286148680316,0.02079466464945945,0.0004324180778834785
HPC,Heavily indebted poor countries (HIPC),2020,0.003077720499121,4.20365615145262,-4.200578430953499,17.644859154591757
HPC,Heavily indebted poor countries (HIPC),2021,4.35683661926664,0.003077720499121,4.353758898767519,18.95521654859736
HPC,Heavily indebted poor countries (HIPC),2022,4.89961676353468,4.35683661926664,0.5427801442680398,0.29461028501163405
HPC,Heavily indebted poor countries (HIPC),2023,3.48241783540763,4.89961676353468,-1.4171989281270498,2.008452801884459
HPC,Heavily indebted poor countries (HIPC),2024,5.12099358552982,3.48241783540763,1.6385757501221896,2.6849304888884964
HPC,Heavily indebted poor countries (HIPC),2025,5.82575819723698,5.12099358552982,0.7047646117071604,0.4966931579147446
HRV,Croatia,2016,3.46613146011039,2.32056679330526,1.14556466680513,1.3123184058323485
HRV,Croatia,2017,3.2840626939789,3.46613146011039,-0.18206876613148992,0.033149035600643174
HRV,Croatia,2018,2.91107146210912,3.2840626939789,-0.3729912318697801,0.13912245905173606
HRV,Croatia,2019,3.10247285336254,2.91107146210912,0.19140139125341982,0.036634492573744695
HRV,Croatia,2020,-8.31046995309319,3.10247285336254,-11.41294280645573,130.2552635034296
HRV,Croatia,2021,12.6312741312741,-8.31046995309319,20.94174408436729,438.5566452951324
HRV,Croatia,2022,7.29479114889533,12.6312741312741,-5.3364829823787705,28.478050621218216
HRV,Croatia,2023,3.76204092717136,7.29479114889533,-3.53275022172397,12.480324129090759
HRV,Croatia,2024,3.82578440126859,3.76204092717136,0.06374347409723002,0.004063230489984235
HRV,Croatia,2025,3.40307537181749,3.82578440126859,-0.4227090294511,0.17868292357949092
HTI,Haiti,2016,1.81246807847532,1.40000000859727,0.41246806987805007,0.170129908668924
HTI,Haiti,2017,2.51027134544685,1.81246807847532,0.6978032669715302,0.4869293993961406
HTI,Haiti,2018,1.66781095484656,2.51027134544685,-0.8424603906002901,0.7097395097303933
HTI,Haiti,2019,-1.72309699839232,1.66781095484656,-3.39090795323888,11.498256747338692
HTI,Haiti,2020,-3.30550546965893,-1.72309699839232,-1.5824084712666102,2.5040165699363306
HTI,Haiti,2021,-1.79823988931486,-3.30550546965893,1.5072655803440702,2.2718495296899466
HTI,Haiti,2022,-1.68198396897978,-1.79823988931486,0.11625592033507992,0.013515439012956449
HTI,Haiti,2023,-1.86388420254838,-1.68198396897978,-0.18190023356859997,0.033087694972311225
HTI,Haiti,2024,-4.18495104762965,-1.86388420254838,-2.3210668450812704,5.387351299335522
HTI,Haiti,2025,-2.71291075761471,-4.18495104762965,1.4720402900149403,2.1669026154272695
HUN,Hungary,2016,2.43864141309342,3.65981615406955,-1.2211747409761302,1.4912677479981187
HUN,Hungary,2017,4.12418389451805,2.43864141309342,1.6855424814246303,2.8410534566871
HUN,Hungary,2018,5.60613813768876,4.12418389451805,1.4819542431707093,2.19618837885167
HUN,Hungary,2019,5.07718495088933,5.60613813768876,-0.5289531867994297,0.27979147382527236
HUN,Hungary,2020,-4.33872540024058,5.07718495088933,-9.41591035112991,88.65936774051538
HUN,Hungary,2021,7.22291580811137,-4.33872540024058,11.56164120835195,133.67154743066195
HUN,Hungary,2022,4.15238057779229,7.22291580811137,-3.07053523031908,9.428186600630644
HUN,Hungary,2023,-0.817107370513455,4.15238057779229,-4.969487948305745,24.695810468356044
HUN,Hungary,2024,0.709070599066038,-0.817107370513455,1.5261779695794928,2.329219194829783
HUN,Hungary,2025,0.509542309726868,0.709070599066038,-0.19952828933917,0.03981153824661554
IBD,IBRD only,2016,4.44703872345713,4.31854010648796,0.12849861696916953,0.016511894562989345
IBD,IBRD only,2017,5.16179362572515,4.44703872345713,0.7147549022680204,0.5108745703161675
IBD,IBRD only,2018,4.86157952405858,5.16179362572515,-0.3002141016665698,0.09012850683946551
IBD,IBRD only,2019,3.98803326580348,4.86157952405858,-0.8735462582551006,0.7630830653114868
IBD,IBRD only,2020,-1.28694758331594,3.98803326580348,-5.2749808491194194,27.82542295857663
IBD,IBRD only,2021,7.62447663420478,-1.28694758331594,8.91142421752072,79.41348158461477
IBD,IBRD only,2022,3.76945565506477,7.62447663420478,-3.8550209791400096,14.8611867496096
IBD,IBRD only,2023,4.63911789010562,3.76945565506477,0.8696622350408498,0.7563124030562464
IBD,IBRD only,2024,4.4256614810418,4.63911789010562,-0.21345640906382002,0.04556363857042087
IBD,IBRD only,2025,4.30532305518705,4.4256614810418,-0.12033842585474996,0.014481336737199155
IBT,IDA & IBRD total,2016,4.35480936392952,4.25326636645823,0.10154299747128981,0.010310980335454368
IBT,IDA & IBRD total,2017,5.07330968455011,4.35480936392952,0.7185003206205902,0.516242710731891
IBT,IDA & IBRD total,2018,4.82460273989518,5.07330968455011,-0.2487069446549297,0.06185514431959027
IBT,IDA & IBRD total,2019,3.98475924215585,4.82460273989518,-0.8398434977393303,0.7053371006950325
IBT,IDA & IBRD total,2020,-1.32331489746059,3.98475924215585,-5.30807413961644,28.175651071664806
IBT,IDA & IBRD total,2021,7.35158119263311,-1.32331489746059,8.6748960900937,75.25382217392297
IBT,IDA & IBRD total,2022,3.8271063174832,7.35158119263311,-3.52447487514991,12.421923145562973
IBT,IDA & IBRD total,2023,4.52590057203417,3.8271063174832,0.6987942545509704,0.4883134101934465
IBT,IDA & IBRD total,2024,4.42022565074735,4.52590057203417,-0.10567492128682066,0.011167188988975741
IBT,IDA & IBRD total,2025,4.33570580325535,4.42022565074735,-0.08451984749199948,0.00714360462007085
IDA,IDA total,2016,3.25606924193475,3.48188857013798,-0.22581932820322992,0.05099436899015807
IDA,IDA total,2017,4.00703084076721,3.25606924193475,0.7509615988324598,0.5639433229210044
IDA,IDA total,2018,4.37406543309571,4.00703084076721,0.36703459232850033,0.13471439196574844
IDA,IDA total,2019,3.94468113264645,4.37406543309571,-0.42938430044926035,0.1843708774723007
IDA,IDA total,2020,-1.76868159241481,3.94468113264645,-5.71336272506126,32.642513628119424
IDA,IDA total,2021,3.99322003260568,-1.76868159241481,5.76190162502049,33.199510336413766
IDA,IDA total,2022,4.56135207487173,3.99322003260568,0.5681320422660496,0.3227740174493924
IDA,IDA total,2023,3.09487183510299,4.56135207487173,-1.4664802397687398,2.1505642936321805
IDA,IDA total,2024,4.35048943307154,3.09487183510299,1.2556175979685502,1.5765755523283118
IDA,IDA total,2025,4.72576659326165,4.35048943307154,0.3752771601901097,0.14083294696035326
IDB,IDA blend,2016,2.37410124286114,3.9277692964975,-1.5536680536363598,2.4138844208901946
IDB,IDA blend,2017,2.82463712924834,2.37410124286114,0.4505358863872,0.20298258492269997
IDB,IDA blend,2018,3.8983413977238,2.82463712924834,1.0737042684754599,1.1528408561424224
IDB,IDA blend,2019,3.06868522671206,3.8983413977238,-0.8296561710117398,0.6883293620978613
IDB,IDA blend,2020,-3.22553173097771,3.06868522671206,-6.29421695768977,39.61716711046946
IDB,IDA blend,2021,4.36009454869888,-3.22553173097771,7.585626279676591,57.54172605492011
IDB,IDA blend,2022,4.82256296455954,4.36009454869888,0.46246841586066,0.21387703566866836
IDB,IDA blend,2023,2.87508782353444,4.82256296455954,-1.9474751410251003,3.7926594249107346
IDB,IDA blend,2024,4.11563151662068,2.87508782353444,1.2405436930862401,1.5389486544560476
IDB,IDA blend,2025,4.57673954149303,4.11563151662068,0.4611080248723498,0.21262061060167958
IDN,Indonesia,2016,5.03306918280177,4.87632230022123,0.15674688258054026,0.024569585198717676
IDN,Indonesia,2017,5.06978590134916,5.03306918280177,0.03671671854738978,0.0013481174208882368
IDN,Indonesia,2018,5.17429153955024,5.06978590134916,0.10450563820108005,0.010921428415815043
IDN,Indonesia,2019,5.01928768046282,5.17429153955024,-0.15500385908742054,0.024026196331992922
IDN,Indonesia,2020,-2.06551182934165,5.01928768046282,-7.084799509804469,50.194384094125645
IDN,Indonesia,2021,3.70288562827751,-2.06551182934165,5.768397457619161,33.274409229067196
IDN,Indonesia,2022,5.30719722664799,3.70288562827751,1.6043115983704794,2.5738157046660426
IDN,Indonesia,2023,5.04883117855516,5.30719722664799,-0.2583660480928298,0.06675301480710645
IDN,Indonesia,2024,5.03257477088519,5.04883117855516,-0.016256407669970052,0.00026427079033226116
IDN,Indonesia,2025,5.10808904438025,5.03257477088519,0.07551427349506046,0.00570240550148679
IDX,IDA only,2016,4.18372892932952,3.01701813615682,1.1667107931727005,1.361214074905672
IDX,IDA only,2017,5.22907858100467,4.18372892932952,1.0453496516751493,1.0927558942573559
IDX,IDA only,2018,4.85450921076745,5.22907858100467,-0.3745693702372197,0.14030221311990737
IDX,IDA only,2019,4.82130049368115,4.85450921076745,-0.0332087170862998,0.0011028188905179003
IDX,IDA only,2020,-0.335170512912143,4.82130049368115,-5.156471006593293,26.589193241837247
IDX,IDA only,2021,3.64269213685422,-0.335170512912143,3.9778626497663634,15.823391260406273
IDX,IDA only,2022,4.31005230149408,3.64269213685422,0.6673601646398599,0.4453695893481409
IDX,IDA only,2023,3.3073554888398,4.31005230149408,-1.0026968126542801,1.0054008981070526
IDX,IDA only,2024,4.57659622486648,3.3073554888398,1.2692407360266804,1.6109720459895494
IDX,IDA only,2025,4.86860827326892,4.57659622486648,0.29201204840244,0.08527103641218896
IMN,Isle of Man,2016,6.95230284899407,-0.385866882198087,7.338169731192157,53.848735003784775
IMN,Isle of Man,2017,2.83775807093689,6.95230284899407,-4.11454477805718,16.92947873063761
IMN,Isle of Man,2018,2.2133975392251,2.83775807093689,-0.62436053171179,0.38982607355942905
IMN,Isle of Man,2019,0.254877847398262,2.2133975392251,-1.9585196918268382,3.835799383273493
IMN,Isle of Man,2020,-8.83681697473475,0.254877847398262,-9.091694822133013,82.65891473880023
IMN,Isle of Man,2021,3.83783632334639,-8.83681697473475,12.67465329808114,160.64683622655912
IMN,Isle of Man,2022,-4.16847722466753,3.83783632334639,-8.006313548013921,64.10105662911126
IMN,Isle of Man,2023,-2.03524496955581,-4.16847722466753,2.13323225511172,4.550679854249036
IND,India,2016,8.25630550176662,7.99625378567987,0.2600517160867506,0.06762689503966395
IND,India,2017,6.79538341902422,8.25630550176662,-1.4609220827424005,2.1342933318443933
IND,India,2018,6.45385134495295,6.79538341902422,-0.34153207407126995,0.11664415761942343
IND,India,2019,3.87143694070524,6.45385134495295,-2.58241440424771,6.668864155266054
IND,India,2020,-5.77772470687303,3.87143694070524,-9.649161647578271,93.10632050109542
IND,India,2021,9.68959249191741,-5.77772470687303,15.46731719879044,239.23790132799854
IND,India,2022,7.6093649776932,9.68959249191741,-2.080227514224209,4.327346510935431
IND,India,2023,7.210224629335,7.6093649776932,-0.3991403483582001,0.15931301768750533
IND,India,2024,7.09927893176518,7.210224629335,-0.11094569756982064,0.012308947809254107
IND,India,2025,7.56666179284244,7.09927893176518,0.4673828610772599,0.21844673882876522
IRL,Ireland,2016,1.22271661130947,24.6239856364006,-23.401269025091132,547.6193919846896
IRL,Ireland,2017,10.1088576065965,1.22271661130947,8.886140995287029,78.96350178812075
IRL,Ireland,2018,7.68865937437435,10.1088576065965,-2.42019823222215,5.85735948325122
IRL,Ireland,2019,4.97288003766816,7.68865937437435,-2.7157793367061895,7.375457405680311
IRL,Ireland,2020,7.15369505735335,4.97288003766816,2.1808150196851903,4.755954150084517
IRL,Ireland,2021,16.2581881158197,7.15369505735335,9.10449305846635,82.89179385166194
IRL,Ireland,2022,7.51113888415304,16.2581881158197,-8.747049231666658,76.51087026120027
IRL,Ireland,2023,-2.53637409313261,7.51113888415304,-10.04751297728565,100.95251702872356
IRL,Ireland,2024,2.59946721553708,-2.53637409313261,5.13584130866969,26.37686594783799
IRL,Ireland,2025,12.3375990291434,2.59946721553708,9.73813181360632,94.83121121917151
IRN,"Iran, Islamic Rep.",2016,8.8150866425182,-1.42488493937503,10.23997158189323,104.85701799798092
IRN,"Iran, Islamic Rep.",2017,3.02685468694025,8.8150866425182,-5.788231955577949,33.50362917157373
IRN,"Iran, Islamic Rep.",2018,-3.74796015711334,3.02685468694025,-6.774814844053591,45.898116171208876
IRN,"Iran, Islamic Rep.",2019,-2.36143538770575,-3.74796015711334,1.3865247694075902,1.9224509361807711
IRN,"Iran, Islamic Rep.",2020,4.44180865358672,-2.36143538770575,6.803244041292469,46.28412948538149
IRN,"Iran, Islamic Rep.",2021,4.13089685034471,4.44180865358672,-0.31091180324200973,0.09666614939519817
IRN,"Iran, Islamic Rep.",2022,4.35281087521344,4.13089685034471,0.22191402486873013,0.04924583443343938
IRN,"Iran, Islamic Rep.",2023,5.33235116079808,4.35281087521344,0.9795402855846396,0.9594991710832372
IRN,"Iran, Islamic Rep.",2024,3.66312057949303,5.33235116079808,-1.6692305813050496,2.786330733563994
IRN,"Iran, Islamic Rep.",2025,-2.82597163290347,3.66312057949303,-6.4890922123965,42.1083177409849
IRQ,Iraq,2016,13.7873730187089,2.60676642939541,11.18060658931349,125.00596370500023
IRQ,Iraq,2017,-1.81975035118309,13.7873730187089,-15.60712336989199,243.58229988302872
IRQ,Iraq,2018,2.63385099105624,-1.81975035118309,4.45360134223933,19.834564915595962
IRQ,Iraq,2019,5.5137905789381,2.63385099105624,2.8799395878818603,8.294052029849139
IRQ,Iraq,2020,-12.0367930960454,5.5137905789381,-17.5505836749835,308.0229873325973
IRQ,Iraq,2021,1.5021807095434,-12.0367930960454,13.5389738055888,183.30381170841966
IRQ,Iraq,2022,7.95904804990212,1.5021807095434,6.45686734035872,41.69113585099109
IRQ,Iraq,2023,0.517705525140073,7.95904804990212,-7.441342524762047,55.373578570831995
IRQ,Iraq,2024,-1.54525198319173,0.517705525140073,-2.062957508331803,4.25579368118256
IRQ,Iraq,2025,-2.15574219066178,-1.54525198319173,-0.6104902074700502,0.372698293416825
ISL,Iceland,2016,6.21808764670307,3.76859020213645,2.4494974445666204,6.000037730938404
ISL,Iceland,2017,3.48506704155555,6.21808764670307,-2.7330206051475203,7.469401628160918
ISL,Iceland,2018,4.66077036232377,3.48506704155555,1.1757033207682204,1.382278298465421
ISL,Iceland,2019,1.13821227336888,4.66077036232377,-3.5225580889548906,12.40841549006153
ISL,Iceland,2020,-6.64587810456635,1.13821227336888,-7.78409037793523,60.59206301186383
ISL,Iceland,2021,5.18057190719905,-6.64587810456635,11.826450011765399,139.8649198807858
ISL,Iceland,2022,8.85729897856851,5.18057190719905,3.67672707136946,13.518321957341048
ISL,Iceland,2023,5.0322597376242,8.85729897856851,-3.82503924094431,14.630925194763824
ISL,Iceland,2024,-1.2828764442695,5.0322597376242,-6.3151361818937,39.88094499586294
ISL,Iceland,2025,1.27946207863934,-1.2828764442695,2.5623385229088402,6.565578705982658
ISR,Israel,2016,4.53601939236572,2.23599889603805,2.30002049632767,5.290094283527382
ISR,Israel,2017,4.34394518932547,4.53601939236572,-0.19207420304025025,0.03689249947354728
ISR,Israel,2018,4.05349952888294,4.34394518932547,-0.29044566044253006,0.08435868166989748
ISR,Israel,2019,3.57898762923605,4.05349952888294,-0.47451189964688956,0.22516154290649978
ISR,Israel,2020,-1.80206927953466,3.57898762923605,-5.38105690877071,28.955773455428993
ISR,Israel,2021,9.33534690236249,-1.80206927953466,11.13741618189715,124.04203920878449
ISR,Israel,2022,6.36407234798706,9.33534690236249,-2.97127455437543,8.828472477478911
ISR,Israel,2023,2.06272504731618,6.36407234798706,-4.30134730067088,18.501588600988665
ISR,Israel,2024,0.953618469238535,2.06272504731618,-1.1091065780776448,1.2301174015351029
ISR,Israel,2025,2.93114966387968,0.953618469238535,1.9775311946411451,3.9106296257788347
ITA,Italy,2016,1.23622108511661,0.885667635240807,0.35055344987580295,0.12288772121982709
ITA,Italy,2017,1.60369995294101,1.23622108511661,0.3674788678244001,0.13504071829750292
ITA,Italy,2018,0.826646712344115,1.60369995294101,-0.7770532405968951,0.6038117387221361
ITA,Italy,2019,0.429162533780342,0.826646712344115,-0.397484178563773,0.15799367220851737
ITA,Italy,2020,-8.86822122185345,0.429162533780342,-9.297383755633792,86.44134469952311
ITA,Italy,2021,8.93106210800055,-8.86822122185345,17.799283329854,316.81448705641844
ITA,Italy,2022,4.82117669913565,8.93106210800055,-4.1098854088648995,16.891158074000604
ITA,Italy,2023,0.922796543670316,4.82117669913565,-3.8983801554653343,15.197367836525924
ITA,Italy,2024,0.783039135276795,0.922796543670316,-0.13975740839352102,0.01953213320087342
ITA,Italy,2025,0.539583636778445,0.783039135276795,-0.24345549849835002,0.05927057974908011
JAM,Jamaica,2016,2.76043761369557,0.92148712399856,1.83895048969701,3.381738903556873
JAM,Jamaica,2017,2.29303371291363,2.76043761369557,-0.46740390078194016,0.21846640646617377
JAM,Jamaica,2018,2.51584458612513,2.29303371291363,0.2228108732115004,0.0496446852212713
JAM,Jamaica,2019,1.80943147301357,2.51584458612513,-0.7064131131115601,0.49901948637596577
JAM,Jamaica,2020,-8.30441923583135,1.80943147301357,-10.11385070884492,102.2899761608029
JAM,Jamaica,2021,5.70467978309095,-8.30441923583135,14.0090990189223,196.25485532196973
JAM,Jamaica,2022,6.43930323656186,5.70467978309095,0.7346234534709097,0.5396716183895259
JAM,Jamaica,2023,2.74634433906714,6.43930323656186,-3.69295889749472,13.637945418585417
JAM,Jamaica,2024,-0.535039063867487,2.74634433906714,-3.281383402934627,10.767477037054832
JAM,Jamaica,2025,0.0816454877745656,-0.535039063867487,0.6166845516420526,0.38029983623395947
JOR,Jordan,2016,2.11166806967252,2.52261671092148,-0.41094864124896,0.16887878574436646
JOR,Jordan,2017,2.50770398070352,2.11166806967252,0.3960359110309999,0.15684444282615406
JOR,Jordan,2018,1.85383415616927,2.50770398070352,-0.65386982453425,0.4275457474364509
JOR,Jordan,2019,1.85633006592765,1.85383415616927,0.0024959097583800993,6.229565521977006e-06
JOR,Jordan,2020,-1.15257534158022,1.85633006592765,-3.00890540750787,9.053511751330102
JOR,Jordan,2021,3.75201276755828,-1.15257534158022,4.9045881091385,24.05498452030277
JOR,Jordan,2022,2.7468615450031,3.75201276755828,-1.0051512225551802,1.0103289802041733
JOR,Jordan,2023,3.12900102017251,2.7468615450031,0.38213947516941005,0.14603057848275217
JOR,Jordan,2024,2.55605891810194,3.12900102017251,-0.5729421020705701,0.32826265232504354
JOR,Jordan,2025,2.82660839845745,2.55605891810194,0.27054948035550996,0.07319702132063648
JPN,Japan,2016,0.704986495111257,1.79997735783475,-1.094990862723493,1.1990049894479395
JPN,Japan,2017,1.62345062245441,0.704986495111257,0.9184641273431531,0.8435763532162197
JPN,Japan,2018,0.834143845965585,1.62345062245441,-0.7893067764888251,0.62300518741118
JPN,Japan,2019,-0.308496921143259,0.834143845965585,-1.142640767108844,1.3056279226590877
JPN,Japan,2020,-4.28327942675573,-0.308496921143259,-3.974782505612471,15.798895966922952
JPN,Japan,2021,3.56419531474475,-4.28327942675573,7.84747474150048,61.582859818488025
JPN,Japan,2022,1.33164750653741,3.56419531474475,-2.23254780820734,4.984269715931398
JPN,Japan,2023,0.720785304749811,1.33164750653741,-0.6108622017875991,0.37315262957279344
JPN,Japan,2024,-0.240084236041696,0.720785304749811,-0.9608695407915069,0.9232702744208813
JPN,Japan,2025,1.19311288444599,-0.240084236041696,1.4331971204876859,2.0540539861741944
KAZ,Kazakhstan,2016,1.09999999910173,1.20000000053288,-0.10000000143114995,0.010000000286229993
KAZ,Kazakhstan,2017,4.10000000257358,1.09999999910173,3.0000000034718504,9.000000020831102
KAZ,Kazakhstan,2018,4.09999999309841,4.10000000257358,-9.475169981953968e-09,8.977884618692156e-17
KAZ,Kazakhstan,2019,4.50000000091883,4.09999999309841,0.4000000078204202,0.16000000625633623
KAZ,Kazakhstan,2020,-2.49999999628,4.50000000091883,-6.999999997198831,48.99999996078363
KAZ,Kazakhstan,2021,4.29999999729456,-2.49999999628,6.799999993574561,46.23999991261403
KAZ,Kazakhstan,2022,3.19999999970734,4.29999999729456,-1.0999999975872203,1.2099999946918847
KAZ,Kazakhstan,2023,5.09999999973641,3.19999999970734,1.9000000000290695,3.6100000001104644
KAZ,Kazakhstan,2024,4.99999999996936,5.09999999973641,-0.09999999976704999,0.009999999953409998
KAZ,Kazakhstan,2025,6.5,4.99999999996936,1.5000000000306404,2.250000000091921
KEN,Kenya,2016,4.21351706814744,4.96772112759767,-0.7542040594502302,0.5688237632912063
KEN,Kenya,2017,3.83795817364721,4.21351706814744,-0.37555889450023017,0.141044483238235
KEN,Kenya,2018,5.64794640709219,3.83795817364721,1.8099882334449804,3.276057405209281
KEN,Kenya,2019,5.11415885767801,5.64794640709219,-0.5337875494141802,0.28492914790959584
KEN,Kenya,2020,-0.272766327438816,5.11415885767801,-5.3869251851168265,29.018962950045957
KEN,Kenya,2021,7.59048947333467,-0.272766327438816,7.863255800773486,61.83079178839788
KEN,Kenya,2022,4.85998104287999,7.59048947333467,-2.7305084304546803,7.4556762887840815
KEN,Kenya,2023,5.71999241214208,4.85998104287999,0.8600113692620903,0.7396195552600555
KEN,Kenya,2024,4.66019594571891,5.71999241214208,-1.0597964664231698,1.1231685502430369
KEN,Kenya,2025,4.63261093844984,4.66019594571891,-0.027585007269069983,0.0007609326260346438
KGZ,Kyrgyz Republic,2016,4.33585592190116,3.87582544512439,0.4600304767767702,0.21162803956346252
KGZ,Kyrgyz Republic,2017,4.73993722377884,4.33585592190116,0.4040813018776799,0.16328169852716065
KGZ,Kyrgyz Republic,2018,3.75791013557165,4.73993722377884,-0.98202708820719,0.964377201972692
KGZ,Kyrgyz Republic,2019,4.60062565707598,3.75791013557165,0.84271552150433,0.710169450184315
KGZ,Kyrgyz Republic,2020,-7.14897757727955,4.60062565707598,-11.74960323435553,138.0531761647779
KGZ,Kyrgyz Republic,2021,5.50700762671923,-7.14897757727955,12.65598520399878,160.17396148383605
KGZ,Kyrgyz Republic,2022,8.96750520041391,5.50700762671923,3.4604975736946804,11.97504345754677
KGZ,Kyrgyz Republic,2023,9.0132928339342,8.96750520041391,0.04578763352028936,0.002096507383388326
KGZ,Kyrgyz Republic,2024,11.5397119406559,9.0132928339342,2.5264191067217006,6.382793502808475
KGZ,Kyrgyz Republic,2025,11.0960203357132,11.5397119406559,-0.44369160494269977,0.19686224029662877
KHM,Cambodia,2016,7.90550116130704,7.20703472529512,0.6984664360119197,0.48785536223519316
KHM,Cambodia,2017,8.07503915535979,7.90550116130704,0.1695379940527495,0.028743131427430124
KHM,Cambodia,2018,8.77622376224463,8.07503915535979,0.7011846068848406,0.4916598529322485
KHM,Cambodia,2019,7.93695013588524,8.77622376224463,-0.8392736263593896,0.7043802199024404
KHM,Cambodia,2020,-3.55572193406549,7.93695013588524,-11.49267206995073,132.08151130742561
KHM,Cambodia,2021,3.08984284148661,-3.55572193406549,6.6455647755521,44.16353118605883
KHM,Cambodia,2022,5.12990110773977,3.08984284148661,2.04005826625316,4.16183772970785
KHM,Cambodia,2023,5.00733043811898,5.12990110773977,-0.12257066962079044,0.01502356905128896
KHM,Cambodia,2024,6.0158145735202,5.00733043811898,1.0084841354012202,1.0170402513559467
KHM,Cambodia,2025,5.34932084572877,6.0158145735202,-0.6664937277914298,0.4442138891853165
KIR,Kiribati,2016,7.08803465778669,11.2653209431294,-4.177286285342709,17.449720709712288
KIR,Kiribati,2017,3.71200171622053,7.08803465778669,-3.3760329415661605,11.397598422539863
KIR,Kiribati,2018,3.42465753424656,3.71200171622053,-0.2873441819739697,0.08256667891428981
KIR,Kiribati,2019,3.31125827814569,3.42465753424656,-0.1133992561008701,0.012859391284230724
KIR,Kiribati,2020,-1.28205128205127,3.31125827814569,-4.5933095601969605,21.098492715796795
KIR,Kiribati,2021,8.44155844155846,-1.28205128205127,9.72360972360973,94.54858605707769
KIR,Kiribati,2022,5.08982035928143,8.44155844155846,-3.3517380822770297,11.234148172186101
KIR,Kiribati,2023,3.13390313390313,5.08982035928143,-1.9559172253783,3.825612192531547
KIR,Kiribati,2024,4.69613259668509,3.13390313390313,1.5622294627819602,2.440560894384012
KIR,Kiribati,2025,4.22163588390501,4.69613259668509,-0.47449671278008054,0.22514713043910226
KNA,St. Kitts and Nevis,2016,3.93270319273282,0.694135527876625,3.2385676648561947,10.488320519852106
KNA,St. Kitts and Nevis,2017,0.220941147299996,3.93270319273282,-3.711762045432824,13.777177481915661
KNA,St. Kitts and Nevis,2018,2.00352549800972,0.220941147299996,1.7825843507097239,3.177606967395208
KNA,St. Kitts and Nevis,2019,2.93824658056356,2.00352549800972,0.9347210825538399,0.8737035021706224
KNA,St. Kitts and Nevis,2020,-15.3018891740649,2.93824658056356,-18.24013575462846,332.70255234727557
KNA,St. Kitts and Nevis,2021,0.367606879216311,-15.3018891740649,15.669496053281211,245.53310656379546
KNA,St. Kitts and Nevis,2022,10.4804941546807,0.367606879216311,10.11288727546439,102.27048904624957
KNA,St. Kitts and Nevis,2023,3.02127526129283,10.4804941546807,-7.45921889338787,55.63994649947456
KNA,St. Kitts and Nevis,2024,0.312226855858171,3.02127526129283,-2.7090484054346593,7.33894326298807
KNA,St. Kitts and Nevis,2025,2.68858456990016,0.312226855858171,2.376357714041989,5.647075985086868
KOR,"Korea, Rep.",2016,3.17152748983935,2.92029267301234,0.2512348168270102,0.06311893318610137
KOR,"Korea, Rep.",2017,3.433191763972,3.17152748983935,0.26166427413265003,0.06846819235736662
KOR,"Korea, Rep.",2018,3.17611568177327,3.433191763972,-0.2570760821987301,0.06608811203864826
KOR,"Korea, Rep.",2019,2.31380210595475,3.17611568177327,-0.8623135758185199,0.7435847030409222
KOR,"Korea, Rep.",2020,-0.700242317542106,2.31380210595475,-3.0140444234968564,9.084463786812497
KOR,"Korea, Rep.",2021,4.61296795454287,-0.700242317542106,5.313210272084976,28.2302033953893
KOR,"Korea, Rep.",2022,2.72756456708991,4.61296795454287,-1.88540338745296,3.5547459334190967
KOR,"Korea, Rep.",2023,1.58301467403629,2.72756456708991,-1.1445498930536198,1.3099944576890525
KOR,"Korea, Rep.",2024,2.00361101838986,1.58301467403629,0.4205963443535701,0.1769012848835869
KOR,"Korea, Rep.",2025,1.00701840291242,2.00361101838986,-0.99659261547744,0.9931968412241646
KWT,Kuwait,2016,2.92607584256388,0.592770817217982,2.333305025345898,5.444312341304422
KWT,Kuwait,2017,-4.71222270495362,2.92607584256388,-7.6382985475175,58.34360470100794
KWT,Kuwait,2018,2.74333045031415,-4.71222270495362,7.455553155267769,55.58527285102319
KWT,Kuwait,2019,2.26381706595791,2.74333045031415,-0.4795133843562396,0.22993308577677474
KWT,Kuwait,2020,-4.81731593381585,2.26381706595791,-7.081132999773761,50.14244456048494
KWT,Kuwait,2021,1.67213054307859,-4.81731593381585,6.48944647689444,42.11291557647767
KWT,Kuwait,2022,6.75866711966617,1.67213054307859,5.08653657658758,25.872854344963297
KWT,Kuwait,2023,-1.64087799968877,6.75866711966617,-8.39954511935494,70.5523582120794
KWT,Kuwait,2024,-1.47401818168846,-1.64087799968877,0.1668598180003098,0.02784219886309651
KWT,Kuwait,2025,2.731825804492,-1.47401818168846,4.20584398618046,17.68912363609034
LAC,Latin America & Caribbean (excluding high income),2016,-0.977477793493975,0.0699385356183484,-1.0474163291123233,1.0970809664911347
LAC,Latin America & Caribbean (excluding high income),2017,1.58746258230468,-0.977477793493975,2.564940375798655,6.578919131402145
LAC,Latin America & Caribbean (excluding high income),2018,1.15229755041935,1.58746258230468,-0.43516503188532996,0.18936860497576025
LAC,Latin America & Caribbean (excluding high income),2019,0.182794027991264,1.15229755041935,-0.969503522428086,0.9399370800004663
LAC,Latin America & Caribbean (excluding high income),2020,-6.79640022295334,0.182794027991264,-6.979194250944603,48.709152392418204
LAC,Latin America & Caribbean (excluding high income),2021,6.85451332312384,-6.79640022295334,13.65091354607718,186.3474406424735
LAC,Latin America & Caribbean (excluding high income),2022,3.97595959337909,6.85451332312384,-2.8785537297447505,8.286071575027414
LAC,Latin America & Caribbean (excluding high income),2023,2.12680994822227,3.97595959337909,-1.8491496451568197,3.419354410183592
LAC,Latin America & Caribbean (excluding high income),2024,1.99001515816749,2.12680994822227,-0.13679479005478012,0.01871281458613137
LAC,Latin America & Caribbean (excluding high income),2025,2.21490070818977,1.99001515816749,0.22488555002227995,0.050573510608823376
LAO,Lao PDR,2016,7.02283625501138,7.27006584373785,-0.24722958872647016,0.061122469541859584
LAO,Lao PDR,2017,6.8925308726989,7.02283625501138,-0.13030538231248023,0.016979492659601636
LAO,Lao PDR,2018,6.24796000755872,6.8925308726989,-0.6445708651401798,0.41547160018755985
LAO,Lao PDR,2019,5.4577350924848,6.24796000755872,-0.79022491507392,0.624455416403584
LAO,Lao PDR,2020,0.503031829018681,5.4577350924848,-4.954703263466119,24.549084429001805
LAO,Lao PDR,2021,2.52835100486102,0.503031829018681,2.0253191758423386,4.101917764034689
LAO,Lao PDR,2022,2.70742652643155,2.52835100486102,0.17907552157052997,0.032068042425757344
LAO,Lao PDR,2023,3.74568140158232,2.70742652643155,1.0382548751507703,1.0779731857743415
LAO,Lao PDR,2024,4.13019264438475,3.74568140158232,0.38451124280243,0.14784889584146926
LAO,Lao PDR,2025,4.53760564766725,4.13019264438475,0.40741300328249963,0.16598535524366606
LBN,Lebanon,2016,1.55454940856943,0.462320792597581,1.092228615971849,1.192963349547781
LBN,Lebanon,2017,0.903028464073813,1.55454940856943,-0.651520944495617,0.4244795411164609
LBN,Lebanon,2018,-1.88470575631651,0.903028464073813,-2.787734220390323,7.771462083535241
LBN,Lebanon,2019,-6.91492472851026,-1.88470575631651,-5.03021897219375,25.303102908217948
LBN,Lebanon,2020,-21.3998996914321,-6.91492472851026,-14.48497496292184,209.81449967647254
LBN,Lebanon,2021,-7.00123862514116,-21.3998996914321,14.398661066290941,207.32144050192258
LBN,Lebanon,2022,-0.621678970663112,-7.00123862514116,6.379559654478048,40.69878138504407
LBN,Lebanon,2023,-0.760584470257314,-0.621678970663112,-0.13890549959420206,0.01929473781751487
LBN,Lebanon,2024,-7.07989192861814,-0.760584470257314,-6.319307458360826,39.93364675329476
LBR,Liberia,2016,-1.5549586174878,-0.0185649695590939,-1.5363936479287061,2.360505441395677
LBR,Liberia,2017,2.45515592012239,-1.5549586174878,4.01011453761019,16.081018604752586
LBR,Liberia,2018,1.15757512207355,2.45515592012239,-1.2975807980488399,1.6837159274650642
LBR,Liberia,2019,-2.46729763532686,1.15757512207355,-3.62487275740041,13.13970250734365
LBR,Liberia,2020,-2.98249127649473,-2.46729763532686,-0.5151936411678699,0.26542448789980794
LBR,Liberia,2021,4.98671283481617,-2.98249127649473,7.9692041113109,63.50821416773454
LBR,Liberia,2022,4.80810517290655,4.98671283481617,-0.17860766190961996,0.03190069689282111
LBR,Liberia,2023,4.68375688761311,4.80810517290655,-0.12434828529343989,0.01546249605541872
LBR,Liberia,2024,4.02185464964835,4.68375688761311,-0.6619022379647603,0.4381145726227582
LBR,Liberia,2025,5.01656107992214,4.02185464964835,0.9947064302737907,0.9894408824280276
LBY,Libya,2016,-1.4909411172622,-0.842656252118843,-0.648284865143357,0.42027326637394063
LBY,Libya,2017,32.4918021862688,-1.4909411172622,33.982743303531,1154.8268424336811
LBY,Libya,2018,7.9413678529104,32.4918021862688,-24.5504343333584,602.7238259565429
LBY,Libya,2019,-11.1960828853386,7.9413678529104,-19.137450738249,366.24202075890724
LBY,Libya,2020,-29.4552967282824,-11.1960828853386,-18.2592138429438,333.39889016235054
LBY,Libya,2021,28.2996823429147,-29.4552967282824,57.7549790711971,3335.637607514415
LBY,Libya,2022,-8.29981811198795,28.2996823429147,-36.59950045490265,1339.5234335484195
LBY,Libya,2023,10.2000497852517,-8.29981811198795,18.49986789723965,342.24511221531816
LBY,Libya,2024,1.89995052025442,10.2000497852517,-8.30009926499728,68.8916478088084
LBY,Libya,2025,13.3717080516958,1.89995052025442,11.47175753144138,131.60122086018202
LCA,St. Lucia,2016,3.42787214525211,0.101917836412952,3.325954308839158,11.061972064485762
LCA,St. Lucia,2017,3.37982617272246,3.42787214525211,-0.04804597252965026,0.0023084154763199074
LCA,St. Lucia,2018,2.88677902171601,3.37982617272246,-0.4930471510064498,0.2430954931155769
LCA,St. Lucia,2019,-1.0293678947917,2.88677902171601,-3.91614691650771,15.336206671672846
LCA,St. Lucia,2020,-22.9005138634176,-1.0293678947917,-21.8711459686259,478.34702598094094
LCA,St. Lucia,2021,11.1466993240856,-22.9005138634176,34.0472131875032,1159.212725835292
LCA,St. Lucia,2022,19.3456795355342,11.1466993240856,8.1989802114486,67.22327650772573
LCA,St. Lucia,2023,3.90774802925928,19.3456795355342,-15.437931506274918,238.32972919243576
LCA,St. Lucia,2024,4.76890217855616,3.90774802925928,0.8611541492968797,0.7415864688512326
LCA,St. Lucia,2025,-0.57407528214496,4.76890217855616,-5.342977460701119,28.54740814556018
LCN,Latin America & Caribbean,2016,-0.730974962811146,0.239853960080666,-0.9708289228918121,0.9425087975232761
LCN,Latin America & Caribbean,2017,1.55352771899284,-0.730974962811146,2.284502681803986,5.218952503169604
LCN,Latin America & Caribbean,2018,1.22291785556858,1.55352771899284,-0.33060986342426,0.10930288179340786
LCN,Latin America & Caribbean,2019,0.317364964426716,1.22291785556858,-0.905552891141864,0.8200260386553886
LCN,Latin America & Caribbean,2020,-6.85943781930433,0.317364964426716,-7.176802783731046,51.50649819656969
LCN,Latin America & Caribbean,2021,7.07608139571873,-6.85943781930433,13.93551921502306,194.19869579227694
LCN,Latin America & Caribbean,2022,4.09058657203177,7.07608139571873,-2.9854948236869605,8.913179342261635
LCN,Latin America & Caribbean,2023,2.20678468368602,4.09058657203177,-1.8838018883457495,3.5487095545350114
LCN,Latin America & Caribbean,2024,2.25497168830525,2.20678468368602,0.04818700461922987,0.0023219874141736808
LCN,Latin America & Caribbean,2025,2.32153204967842,2.25497168830525,0.06656036137317001,0.004430281706126982
LDC,Least developed countries: UN classification,2016,3.79797989969202,2.75018770897304,1.04779219071898,1.0978684749316794
LDC,Least developed countries: UN classification,2017,4.50257523548829,3.79797989969202,0.7045953357962702,0.4964545872258588
LDC,Least developed countries: UN classification,2018,4.65270171918264,4.50257523548829,0.15012648369434967,0.022537961106429836
LDC,Least developed countries: UN classification,2019,4.82459913567837,4.65270171918264,0.17189741649572987,0.029548721797906425
LDC,Least developed countries: UN classification,2020,-0.181011978205504,4.82459913567837,-5.005611113883874,25.056142623437758
LDC,Least developed countries: UN classification,2021,2.75579291386683,-0.181011978205504,2.9368048920723338,8.624822974099992
LDC,Least developed countries: UN classification,2022,4.71510989192116,2.75579291386683,1.9593169780543302,3.838923020491953
LDC,Least developed countries: UN classification,2023,3.05090811063616,4.71510989192116,-1.664201781285,2.769567568832167
LDC,Least developed countries: UN classification,2024,3.87232968748361,3.05090811063616,0.8214215768474502,0.6747334069105515
LDC,Least developed countries: UN classification,2025,4.30000841303122,3.87232968748361,0.4276787255476098,0.18290909228602772
LKA,Sri Lanka,2016,5.05362488993089,4.20595547501601,0.84766941491488,0.718543436982135
LKA,Sri Lanka,2017,6.46068127080994,5.05362488993089,1.40705638087905,1.97980765897245
LKA,Sri Lanka,2018,2.31008425504933,6.46068127080994,-4.15059701576061,17.227455587240883
LKA,Sri Lanka,2019,-0.220483886824823,2.31008425504933,-2.530568141874153,6.403775120668404
LKA,Sri Lanka,2020,-4.62451503712715,-0.220483886824823,-4.404031150302327,19.395490372833237
LKA,Sri Lanka,2021,4.2074764950026,-4.62451503712715,8.831991532129749,78.00407442361158
LKA,Sri Lanka,2022,-7.34919311146656,4.2074764950026,-11.55666960646916,133.55661239308807
LKA,Sri Lanka,2023,-2.0289296690344,-7.34919311146656,5.32026344243216,28.305203096880096
LKA,Sri Lanka,2024,4.99241614398109,-2.0289296690344,7.02134581301549,49.299297025950146
LKA,Sri Lanka,2025,4.9534339114043,4.99241614398109,-0.03898223257678968,0.0015196144566709223
LMY,Low & middle income,2016,4.64827928186369,4.65256634204385,-0.004287060180160118,1.8378884988314506e-05
LMY,Low & middle income,2017,5.26386453553506,4.64827928186369,0.6155852536713695,0.37894520453764435
LMY,Low & middle income,2018,4.92164615265142,5.26386453553506,-0.34221838288363937,0.1171134215834932
LMY,Low & middle income,2019,4.09130986730312,4.92164615265142,-0.8303362853483005,0.6894583467660144
LMY,Low & middle income,2020,-1.15067064256841,4.09130986730312,-5.24198050987153,27.478359665872983
LMY,Low & middle income,2021,7.37033958733097,-1.15067064256841,8.52101022989938,72.60761533804988
LMY,Low & middle income,2022,4.00803776152725,7.37033958733097,-3.36230182580372,11.30507356780303
LMY,Low & middle income,2023,4.65212132351984,4.00803776152725,0.6440835619925904,0.41484363482906306
LMY,Low & middle income,2024,4.42439890311286,4.65212132351984,-0.22772242040698032,0.05185750075601349
LMY,Low & middle income,2025,4.53280075988324,4.42439890311286,0.10840185677037972,0.01175096255126592
LSO,Lesotho,2016,3.60890731687714,3.12406678044546,0.4848405364316801,0.23507034576735933
LSO,Lesotho,2017,-3.13817493733471,3.60890731687714,-6.7470822542118505,45.523118945100464
LSO,Lesotho,2018,-1.48063315848241,-3.13817493733471,1.6575417788523001,2.7474447486408473
LSO,Lesotho,2019,-1.41799383085205,-1.48063315848241,0.06263932763035984,0.003923685365983562
LSO,Lesotho,2020,-8.15595785459911,-1.41799383085205,-6.73796402374706,45.400159185309676
LSO,Lesotho,2021,2.26670961833291,-8.15595785459911,10.42266747293202,108.63199725131513
LSO,Lesotho,2022,2.38778020186284,2.26670961833291,0.12107058352993016,0.014658086196277797
LSO,Lesotho,2023,1.69433177608774,2.38778020186284,-0.6934484257750999,0.48087071920996427
LSO,Lesotho,2024,5.22503380336101,1.69433177608774,3.5307020272732705,12.465856805391583
LSO,Lesotho,2025,1.98256080770996,5.22503380336101,-3.2424729956510507,10.513631127526299
LTE,Late-demographic dividend,2016,4.44982415289267,4.70954361182743,-0.25971945893476,0.06745419734936449
LTE,Late-demographic dividend,2017,5.26224829988129,4.44982415289267,0.8124241469886204,0.6600329946101875
LTE,Late-demographic dividend,2018,5.44116105376224,5.26224829988129,0.17891275388095007,0.032009773501265416
LTE,Late-demographic dividend,2019,4.74723356857159,5.44116105376224,-0.6939274851906498,0.48153535470301956
LTE,Late-demographic dividend,2020,0.235409361022192,4.74723356857159,-4.511824207549398,20.356557679828754
LTE,Late-demographic dividend,2021,7.59396655185003,0.235409361022192,7.358557190827837,54.14836393068407
LTE,Late-demographic dividend,2022,3.28975241103197,7.59396655185003,-4.304214140818059,18.526259370018145
LTE,Late-demographic dividend,2023,4.43253867675644,3.28975241103197,1.1427862657244705,1.3059604491284802
LTE,Late-demographic dividend,2024,4.52553873018407,4.43253867675644,0.0930000534276294,0.008649009937541923
LTE,Late-demographic dividend,2025,4.45332355682564,4.52553873018407,-0.07221517335842975,0.005215031263188062
LTU,Lithuania,2016,2.67192215053329,2.83280643343234,-0.16088428289904977,0.025883752483941477
LTU,Lithuania,2017,4.61224310312809,2.67192215053329,1.9403209525948002,3.7648453990783928
LTU,Lithuania,2018,4.91836780106811,4.61224310312809,0.3061246979400192,0.09371233068886799
LTU,Lithuania,2019,4.67735183530451,4.91836780106811,-0.24101596576359974,0.05808869575296068
LTU,Lithuania,2020,0.0428158336981426,4.67735183530451,-4.634536001606367,21.478923950185532
LTU,Lithuania,2021,6.39481772930206,0.0428158336981426,6.352001895603918,40.34792808175576
LTU,Lithuania,2022,2.46532013155011,6.39481772930206,-3.92949759775195,15.440951370738347
LTU,Lithuania,2023,0.739537398185803,2.46532013155011,-1.7257827333643072,2.9783260427783795
LTU,Lithuania,2024,3.03019543767596,0.739537398185803,2.290658039490157,5.2471142538808895
LTU,Lithuania,2025,2.92007656461696,3.03019543767596,-0.1101188730589997,0.01212616620378409
LUX,Luxembourg,2016,4.97819047122638,2.26836572735107,2.7098247438753105,7.343150142518892
LUX,Luxembourg,2017,1.31711942298405,4.97819047122638,-3.6610710482423303,13.403441220278195
LUX,Luxembourg,2018,1.61129891211624,1.31711942298405,0.29417948913219005,0.08654157182607633
LUX,Luxembourg,2019,2.74932091920692,1.61129891211624,1.13802200709068,1.2950940886226996
LUX,Luxembourg,2020,-0.510051634039826,2.74932091920692,-3.259372553246746,10.623509440858212
LUX,Luxembourg,2021,6.92973270801744,-0.510051634039826,7.439784342057266,55.35039105632046
LUX,Luxembourg,2022,-1.09741256293819,6.92973270801744,-8.02714527095563,64.43506120102533
LUX,Luxembourg,2023,0.0994370594039111,-1.09741256293819,1.196849622342101,1.43244901850043
LUX,Luxembourg,2024,0.358614003982225,0.0994370594039111,0.25917694457831386,0.06717268860095038
LUX,Luxembourg,2025,0.63787818818335,0.358614003982225,0.279264184201125,0.07798848457751986
LVA,Latvia,2016,2.55168601974034,3.78336712084972,-1.23168110110938,1.5170383348300147
LVA,Latvia,2017,3.39894872623931,2.55168601974034,0.8472627064989697,0.7178540938239594
LVA,Latvia,2018,4.30971286294503,3.39894872623931,0.9107641367057204,0.8294913127093162
LVA,Latvia,2019,0.675372771884227,4.30971286294503,-3.6343400910608032,13.208427897491848
LVA,Latvia,2020,-3.46922750780554,0.675372771884227,-4.144600279689767,17.177711478404493
LVA,Latvia,2021,6.94254173062592,-3.46922750780554,10.41176923843146,108.40493867434765
LVA,Latvia,2022,1.90853419029801,6.94254173062592,-5.03400754032791,25.341231916078257
LVA,Latvia,2023,-0.941606068823631,1.90853419029801,-2.850140259121641,8.123299496665975
LVA,Latvia,2024,-0.0370556648288982,-0.941606068823631,0.9045504039947327,0.8182114333670342
LVA,Latvia,2025,2.13786855731288,-0.0370556648288982,2.174924222141778,4.730295372059019
MAC,"Macao SAR, China",2016,-0.701510212552961,-21.7540078753246,21.05249766277164,443.20765784100536
MAC,"Macao SAR, China",2017,9.91855844513513,-0.701510212552961,10.62006865768809,112.78585829400892
MAC,"Macao SAR, China",2018,6.35917030567686,9.91855844513513,-3.55938813945827,12.669243927316206
MAC,"Macao SAR, China",2019,-2.4609094006739,6.35917030567686,-8.820079706350759,77.7938060263805
MAC,"Macao SAR, China",2020,-54.4020925789353,-2.4609094006739,-51.941183178261404,2697.8865099577056
MAC,"Macao SAR, China",2021,22.4622020023362,-54.4020925789353,76.86429458127151,5908.119781476485
MAC,"Macao SAR, China",2022,-18.956941494497,22.4622020023362,-41.4191434968332,1715.54544801126
MAC,"Macao SAR, China",2023,75.3084184293413,-18.956941494497,94.2653599238383,8885.958081570781
MAC,"Macao SAR, China",2024,7.84960207010525,75.3084184293413,-67.45881635923605,4550.691904589134
MAC,"Macao SAR, China",2025,4.67106705680436,7.84960207010525,-3.1785350133008894,10.103084830779686
MAR,Morocco,2016,0.52118550608968,4.34458297635238,-3.8233974702627003,14.618368215611216
MAR,Morocco,2017,5.05789816173446,0.52118550608968,4.536712655644781,20.58176171988752
MAR,Morocco,2018,3.06564133025955,5.05789816173446,-1.99225683147491,3.9690872825584482
MAR,Morocco,2019,2.89097476137077,3.06564133025955,-0.1746665688887803,0.030508410287379033
MAR,Morocco,2020,-7.17820744246774,2.89097476137077,-10.06918220383851,101.38843025409815
MAR,Morocco,2021,8.15473889823681,-7.17820744246774,15.332946340704549,235.09924348692502
MAR,Morocco,2022,1.81269242194809,8.15473889823681,-6.342046476288719,40.22155350740616
MAR,Morocco,2023,3.65564411017931,1.81269242194809,1.8429516882312198,3.3964709251543033
MAR,Morocco,2024,3.79336515978963,3.65564411017931,0.13772104961032028,0.0189670875057683
MAR,Morocco,2025,4.59524349182247,3.79336515978963,0.8018783320328398,0.6430088593837692
MCO,Monaco,2016,3.00844358752744,4.91037176536236,-1.90192817783492,3.617330793642459
MCO,Monaco,2017,-3.20618323813213,3.00844358752744,-6.21462682565957,38.62158658220754
MCO,Monaco,2018,5.69790121192926,-3.20618323813213,8.90408445006139,79.28271989382505
MCO,Monaco,2019,7.12088951975396,5.69790121192926,1.4229883078247,2.024895724205803
MCO,Monaco,2020,-13.2391048292108,7.12088951975396,-20.35999434896476,414.52936988987705
MCO,Monaco,2021,22.2322155851208,-13.2391048292108,35.4713204143316,1258.2145719361777
MCO,Monaco,2022,11.2662955198601,22.2322155851208,-10.965920065260702,120.25140287768728
MCO,Monaco,2023,5.44395088840088,11.2662955198601,-5.822344631459219,33.89969700748199
MCO,Monaco,2024,8.51053758860212,5.44395088840088,3.0665867002012392,9.403953989851125
MDA,Moldova,2016,4.64601436259409,-0.338235622387202,4.984249984981292,24.842747912786013
MDA,Moldova,2017,4.17561205106279,4.64601436259409,-0.4704023115313003,0.2212783346939905
MDA,Moldova,2018,4.07559546585034,4.17561205106279,-0.10001658521244927,0.010003317317559126
MDA,Moldova,2019,3.5523140853476,4.07559546585034,-0.5232813805027403,0.2738234031808537
MDA,Moldova,2020,-8.27597831976949,3.5523140853476,-11.82829240511709,139.90850122095063
MDA,Moldova,2021,13.9299997889786,-8.27597831976949,22.20597810874809,493.1054637661995
MDA,Moldova,2022,-4.64785101037361,13.9299997889786,-18.57785079935221,345.1365403229915
MDA,Moldova,2023,1.18802067937429,-4.64785101037361,5.8358716897479,34.057398379201004
MDA,Moldova,2024,0.270670455512573,1.18802067937429,-0.917350223861717,0.8415314332191424
MDA,Moldova,2025,2.41649734575068,0.270670455512573,2.1458268902381072,4.604573042868946
MDG,Madagascar,2016,3.99314606199499,3.13229807490305,0.8608479870919399,0.7410592568802447
MDG,Madagascar,2017,3.93330759462793,3.99314606199499,-0.05983846736705978,0.003580642176838678
MDG,Madagascar,2018,3.19435651744398,3.93330759462793,-0.73895107718395,0.5460486944713201
MDG,Madagascar,2019,4.41123212909589,3.19435651744398,1.2168756116519095,1.4807862542332089
MDG,Madagascar,2020,-7.13767162064489,4.41123212909589,-11.54890374974078,133.37717782077667
MDG,Madagascar,2021,4.65068343174309,-7.13767162064489,11.788355052387981,138.96531484116124
MDG,Madagascar,2022,4.13753534956307,4.65068343174309,-0.5131480821800203,0.2633209542450328
MDG,Madagascar,2023,4.23086580696344,4.13753534956307,0.09333045740036994,0.008710574278562267
MDG,Madagascar,2024,4.32283728087992,4.23086580696344,0.0919714739164803,0.008458752014369818
MDG,Madagascar,2025,3.002568866856,4.32283728087992,-1.32026841402392,1.7431086850692372
MDV,Maldives,2016,6.37528306716864,3.86813536494475,2.50714770222389,6.285789600766531
MDV,Maldives,2017,7.07442863215275,6.37528306716864,0.6991455649841098,0.48880452103695016
MDV,Maldives,2018,8.5689555834747,7.07442863215275,1.4945269513219506,2.233610808227684
MDV,Maldives,2019,6.92305989050099,8.5689555834747,-1.6458956929737107,2.7089726321494116
MDV,Maldives,2020,-32.9088287752921,6.92305989050099,-39.83188866579309,1586.5793546841358
MDV,Maldives,2021,37.507870124321,-32.9088287752921,70.4166988996131,4958.511483918772
MDV,Maldives,2022,13.8260895184139,37.507870124321,-23.6817806059071,560.8267326663176
MDV,Maldives,2023,4.94286301229583,13.8260895184139,-8.88322650611807,78.91171315899867
MDV,Maldives,2024,3.49440422654285,4.94286301229583,-1.44845878575298,2.0980328540249973
MDV,Maldives,2025,6.31092335003081,3.49440422654285,2.8165191234879603,7.932779972973388
MEA,"Middle East, North Africa, Afghanistan & Pakistan",2016,4.50367765418986,2.77014189000649,1.7335357641833702,3.005146245702821
MEA,"Middle East, North Africa, Afghanistan & Pakistan",2017,2.07681939089466,4.50367765418986,-2.4268582632952,5.889641030124195
MEA,"Middle East, North Africa, Afghanistan & Pakistan",2018,2.4028056194,2.07681939089466,0.32598622850533987,0.10626702117513566
MEA,"Middle East, North Africa, Afghanistan & Pakistan",2019,1.58096878672049,2.4028056194,-0.82183683267951,0.6754157795486889
MEA,"Middle East, North Africa, Afghanistan & Pakistan",2020,-3.55690005451382,1.58096878672049,-5.13786884123431,26.39769622972639
MEA,"Middle East, North Africa, Afghanistan & Pakistan",2021,5.030413314914,-3.55690005451382,8.58731336942782,73.74195090475378
MEA,"Middle East, North Africa, Afghanistan & Pakistan",2022,6.44954466678931,5.030413314914,1.4191313518753104,2.013933793875446
MEA,"Middle East, North Africa, Afghanistan & Pakistan",2023,2.29073324961962,6.44954466678931,-4.158811417169691,17.29571240358097
MEA,"Middle East, North Africa, Afghanistan & Pakistan",2024,2.3285702387722,2.29073324961962,0.037836989152579825,0.0014316377481324433
MEA,"Middle East, North Africa, Afghanistan & Pakistan",2025,2.74495660378074,2.3285702387722,0.41638636500854,0.17337760496502508
MEX,Mexico,2016,1.7724932254128,2.70232343024026,-0.92983020482746,0.8645842098094763
MEX,Mexico,2017,1.87172854648381,1.7724932254128,0.09923532107100996,0.009847648948066433
MEX,Mexico,2018,1.97208211101069,1.87172854648381,0.10035356452688005,0.010070837913250677
MEX,Mexico,2019,-0.392690513290532,1.97208211101069,-2.364772624301222,5.592149564644489
MEX,Mexico,2020,-8.35403459379062,-0.392690513290532,-7.961344080500089,63.3829995681138
MEX,Mexico,2021,6.04848347173572,-8.35403459379062,14.40251806552634,207.4325266278126
MEX,Mexico,2022,3.70975708309098,6.04848347173572,-2.33872638864474,5.469641120943266
MEX,Mexico,2023,3.1067964131456,3.70975708309098,-0.60296066994538,0.36356156950098145
MEX,Mexico,2024,1.35057631384696,3.1067964131456,-1.75622009929864,3.084309037180525
MEX,Mexico,2025,0.561683456144578,1.35057631384696,-0.7888928577023819,0.6223519409338306
MHL,Marshall Islands,2016,2.5040827436037,1.88574597892401,0.6183367646796898,0.38234035455454607
MHL,Marshall Islands,2017,3.55815188528943,2.5040827436037,1.05406914168573,1.1110617554540914
MHL,Marshall Islands,2018,5.48717948717949,3.55815188528943,1.92902760189006,3.721147488853716
MHL,Marshall Islands,2019,10.4521147301896,5.48717948717949,4.9649352430101095,24.650581967283856
MHL,Marshall Islands,2020,-2.77288732394366,10.4521147301896,-13.22500205413326,174.90067933182894
MHL,Marshall Islands,2021,2.15939339067452,-2.77288732394366,4.93228071461818,24.327393047794427
MHL,Marshall Islands,2022,-0.700580183196621,2.15939339067452,-2.859973573871141,8.179448843241266
MHL,Marshall Islands,2023,-5.39477377525279,-0.700580183196621,-4.694193592056169,22.035453479701196
MHL,Marshall Islands,2024,3.30188679245282,-5.39477377525279,8.69666056770561,75.63190502988566
MHL,Marshall Islands,2025,2.28310502283105,3.30188679245282,-1.01878176962177,1.0379162941136653
MIC,Middle income,2016,4.69349170335944,4.73712887124695,-0.043637167887510486,0.0019042024212427764
MIC,Middle income,2017,5.29620389044459,4.69349170335944,0.6027121870851504,0.3632619804609653
MIC,Middle income,2018,4.94307020212865,5.29620389044459,-0.35313368831593994,0.12470340182361941
MIC,Middle income,2019,4.09328498445664,4.94307020212865,-0.84978521767201,0.7221349161738654
MIC,Middle income,2020,-1.17178883495949,4.09328498445664,-5.265073819416131,27.72100232390116
MIC,Middle income,2021,7.4508617815507,-1.17178883495949,8.62265061651019,74.35010365440357
MIC,Middle income,2022,4.01198144032888,7.4508617815507,-3.4388803412218207,11.825898001241907
MIC,Middle income,2023,4.70121337251241,4.01198144032888,0.6892319321835307,0.4750406563414431
MIC,Middle income,2024,4.43845841319835,4.70121337251241,-0.26275495931406034,0.06904016864413351
MIC,Middle income,2025,4.52178755917781,4.43845841319835,0.08332914597945962,0.006943746569666091
MKD,North Macedonia,2016,2.84820519363306,3.85586514041738,-1.0076599467843201,1.015378568353379
MKD,North Macedonia,2017,1.08177273813243,2.84820519363306,-1.7664324555006299,3.120283619845985
MKD,North Macedonia,2018,2.88059670964267,1.08177273813243,1.79882397151024,3.235767680479873
MKD,North Macedonia,2019,3.91041953840173,2.88059670964267,1.0298228287590598,1.060535058633312
MKD,North Macedonia,2020,-4.68845000956652,3.91041953840173,-8.598869547968249,73.94055750297568
MKD,North Macedonia,2021,4.51067949038222,-4.68845000956652,9.19912949994874,84.62398355682714
MKD,North Macedonia,2022,2.75888415332967,4.51067949038222,-1.7517953370525499,3.0687869029190566
MKD,North Macedonia,2023,2.554965253403,2.75888415332967,-0.2039188999266699,0.04158291774730321
MKD,North Macedonia,2024,2.99373536567732,2.554965253403,0.43877011227431995,0.19251921142521933
MKD,North Macedonia,2025,3.48706619829503,2.99373536567732,0.49333083261771016,0.24337531041128316
MLI,Mali,2016,6.00506308559498,6.23887890181064,-0.23381581621566028,0.05466983591259542
MLI,Mali,2017,5.37554769647939,6.00506308559498,-0.62951538911559,0.3962896251333527
MLI,Mali,2018,4.86784999935264,5.37554769647939,-0.5076976971267495,0.25775695166780466
MLI,Mali,2019,4.99999911699705,4.86784999935264,0.13214911764440984,0.017463389294196073
MLI,Mali,2020,-1.16910834857605,4.99999911699705,-6.1691074655731,38.05788692178976
MLI,Mali,2021,3.10094124463507,-1.16910834857605,4.27004959321112,18.233323528482455
MLI,Mali,2022,3.70319027585386,3.10094124463507,0.6022490312187898,0.36270389560397087
MLI,Mali,2023,4.76394100040932,3.70319027585386,1.0607507245554597,1.1251920996449327
MLI,Mali,2024,5.01653579205785,4.76394100040932,0.25259479164853005,0.0638041287679643
MLI,Mali,2025,5.59946842896643,5.01653579205785,0.5829326369085805,0.339810459173191
MLT,Malta,2016,4.07800422216982,9.62070302842181,-5.542698806251989,30.721510056827228
MLT,Malta,2017,12.9713425287845,4.07800422216982,8.89333830661468,79.09146623590007
MLT,Malta,2018,7.18921425536917,12.9713425287845,-5.7821282734153305,33.43300737022895
MLT,Malta,2019,4.0850557312243,7.18921425536917,-3.1041585241448697,9.635800143021255
MLT,Malta,2020,-3.45728232537419,4.0850557312243,-7.54233805659849,56.88686336001389
MLT,Malta,2021,13.3509818925498,-3.45728232537419,16.80826421792399,282.517746019544
MLT,Malta,2022,2.59276776884379,13.3509818925498,-10.758214123706011,115.7391711315075
MLT,Malta,2023,10.6340558017004,2.59276776884379,8.04128803285661,64.66231322736293
MLT,Malta,2024,6.21275996991034,10.6340558017004,-4.421295831790061,19.547856832204165
MLT,Malta,2025,3.96156139018959,6.21275996991034,-2.2511985797207497,5.06789504533672
MMR,Myanmar,2016,5.86247291518572,6.99284029026121,-1.1303673750754903,1.2777304026350542
MMR,Myanmar,2017,6.13610824360305,5.86247291518572,0.2736353284173303,0.07487629295806021
MMR,Myanmar,2018,6.26886221471075,6.13610824360305,0.13275397110770015,0.017623616844864087
MMR,Myanmar,2019,6.57911006765414,6.26886221471075,0.3102478529433901,0.0962537302559834
MMR,Myanmar,2020,-9.04834717984643,6.57911006765414,-15.62745724750057,244.21742002245813
MMR,Myanmar,2021,-12.0163724829177,-9.04834717984643,-2.9680253030712684,8.809174199671295
MMR,Myanmar,2022,4.0374934360085,-12.0163724829177,16.0538659189262,257.72661094286013
MMR,Myanmar,2023,0.958446625126115,4.0374934360085,-3.079046810882385,9.480529263604987
MMR,Myanmar,2024,-0.97204641363362,0.958446625126115,-1.930493038759735,3.726803372699796
MMR,Myanmar,2025,-2.01184475795665,-0.97204641363362,-1.0397983443230299,1.0811805968569141
MNA,"Middle East, North Africa, Afghanistan & Pakistan (excluding high income)",2016,5.56210361617076,1.11561157880718,4.44649203736358,19.77129143833772
MNA,"Middle East, North Africa, Afghanistan & Pakistan (excluding high income)",2017,3.40247234432427,5.56210361617076,-2.1596312718464903,4.6640072303372895
MNA,"Middle East, North Africa, Afghanistan & Pakistan (excluding high income)",2018,2.09831066371866,3.40247234432427,-1.3041616806056098,1.7008376891600485
MNA,"Middle East, North Africa, Afghanistan & Pakistan (excluding high income)",2019,1.39546116127963,2.09831066371866,-0.7028495024390302,0.49399742307879235
MNA,"Middle East, North Africa, Afghanistan & Pakistan (excluding high income)",2020,-2.61983985761596,1.39546116127963,-4.01530101889559,16.122642272343963
MNA,"Middle East, North Africa, Afghanistan & Pakistan (excluding high income)",2021,4.33211957315503,-2.61983985761596,6.951959430770989,48.3297399270857
MNA,"Middle East, North Africa, Afghanistan & Pakistan (excluding high income)",2022,4.3206385298363,4.33211957315503,-0.011481043318729789,0.00013181435568654994
MNA,"Middle East, North Africa, Afghanistan & Pakistan (excluding high income)",2023,2.89591827095839,4.3206385298363,-1.42472025887791,2.029827816057139
MNA,"Middle East, North Africa, Afghanistan & Pakistan (excluding high income)",2024,2.26137020265979,2.89591827095839,-0.6345480682985998,0.40265125098148447
MNA,"Middle East, North Africa, Afghanistan & Pakistan (excluding high income)",2025,1.99549507789871,2.26137020265979,-0.2658751247610802,0.07068958196671997
MNE,Montenegro,2016,3.4393056210999,2.52306333975571,0.9162422813441902,0.8394999181228061
MNE,Montenegro,2017,3.21668504736274,3.4393056210999,-0.22262057373716004,0.04955991985106231
MNE,Montenegro,2018,4.73292113433965,3.21668504736274,1.5162360869769098,2.298971871451051
MNE,Montenegro,2019,4.39391565821528,4.73292113433965,-0.3390054761243695,0.11492471284231046
MNE,Montenegro,2020,-14.9926187023533,4.39391565821528,-19.38653436056858,375.83771451350617
MNE,Montenegro,2021,13.0462607426359,-14.9926187023533,28.0388794449892,786.1787605306378
MNE,Montenegro,2022,7.73954689516201,13.0462607426359,-5.3067138474738895,28.161211858971132
MNE,Montenegro,2023,6.47836283518564,7.73954689516201,-1.2611840599763697,1.5905852331384793
MNE,Montenegro,2024,3.16409886329913,6.47836283518564,-3.3142639718865103,10.984345675344947
MNE,Montenegro,2025,2.74455354258522,3.16409886329913,-0.41954532071390993,0.17601827613293755
MNG,Mongolia,2016,1.48978448679577,2.37983580731722,-0.8900513205214502,0.7921913531619773
MNG,Mongolia,2017,5.63687638694772,1.48978448679577,4.14709190015195,17.19837122830591
MNG,Mongolia,2018,7.74488062024881,5.63687638694772,2.1080042333010898,4.4436818476153155
MNG,Mongolia,2019,5.60224422064255,7.74488062024881,-2.1426363996062596,4.590890740917675
MNG,Mongolia,2020,-4.55775197583431,5.60224422064255,-10.159996196476861,103.22552271242428
MNG,Mongolia,2021,1.63676957736662,-4.55775197583431,6.19452155320093,38.372097273070864
MNG,Mongolia,2022,5.0327096366527,1.63676957736662,3.39594005928608,11.532408886263944
MNG,Mongolia,2023,7.4221127615025,5.0327096366527,2.3894031248498004,5.709247293041991
MNG,Mongolia,2024,5.12204539122661,7.4221127615025,-2.3000673702758903,5.290309907807849
MNG,Mongolia,2025,6.84391415938607,5.12204539122661,1.7218687681594602,2.964832054762977
MOZ,Mozambique,2016,4.69699024225795,7.3930936986377,-2.69610345637975,7.268973847502834
MOZ,Mozambique,2017,2.63820737310658,4.69699024225795,-2.0587828691513703,4.238586902311148
MOZ,Mozambique,2018,3.48493202422782,2.63820737310658,0.8467246511212401,0.7169426348163858
MOZ,Mozambique,2019,2.31781394821475,3.48493202422782,-1.16711807601307,1.36216460335645
MOZ,Mozambique,2020,-1.21952250011192,2.31781394821475,-3.53733644832667,12.512749148660339
MOZ,Mozambique,2021,2.37743572761507,-1.21952250011192,3.59695822772699,12.938108492012889
MOZ,Mozambique,2022,4.3693080193804,2.37743572761507,1.9918722917653295,3.967555226702466
MOZ,Mozambique,2023,5.50384456650241,4.3693080193804,1.1345365471220106,1.287173176755534
MOZ,Mozambique,2024,2.14892499135355,5.50384456650241,-3.3549195751488603,11.25548535571701
MOZ,Mozambique,2025,-0.523485382072337,2.14892499135355,-2.672410373425887,7.1417772039942875
MRT,Mauritania,2016,1.26090922448303,5.37633923694936,-4.11543001246633,16.93676418750862
MRT,Mauritania,2017,6.27054569386574,1.26090922448303,5.00963646938271,25.096457555369263
MRT,Mauritania,2018,4.77217363890155,6.27054569386574,-1.4983720549641903,2.2451188150976105
MRT,Mauritania,2019,3.14100489264639,4.77217363890155,-1.63116874625516,2.6607114787596307
MRT,Mauritania,2020,-0.36065738652286,3.14100489264639,-3.50166227916925,12.261638717356787
MRT,Mauritania,2021,0.7427154981402,-0.36065738652286,1.10337288466306,1.2174317226096822
MRT,Mauritania,2022,6.7960049994761,0.7427154981402,6.0532895013359,36.64231378698343
MRT,Mauritania,2023,6.80949002457973,6.7960049994761,0.013485025103629589,0.0001818459020455202
MRT,Mauritania,2024,6.3076021190402,6.80949002457973,-0.5018879055395296,0.2518914697268557
MRT,Mauritania,2025,4.02891976567948,6.3076021190402,-2.27868235336072,5.1923932675175495
MUS,Mauritius,2016,3.88576121076034,3.71766362108832,0.16809758967202004,0.02825679965354282
MUS,Mauritius,2017,3.95441730960265,3.88576121076034,0.06865609884231016,0.004713659908245063
MUS,Mauritius,2018,4.11669369456492,3.95441730960265,0.16227638496226993,0.026333625116422826
MUS,Mauritius,2019,2.86394938684734,4.11669369456492,-1.2527443077175802,1.5693683005187993
MUS,Mauritius,2020,-14.1974358137792,2.86394938684734,-17.06138520062654,291.0908649641583
MUS,Mauritius,2021,3.33809084057279,-14.1974358137792,17.53552665435199,307.4946950454891
MUS,Mauritius,2022,8.3424438025047,3.33809084057279,5.004352961931911,25.04354856759669
MUS,Mauritius,2023,4.69918189687444,8.3424438025047,-3.6432619056302604,13.273357313016637
MUS,Mauritius,2024,4.94844235250574,4.69918189687444,0.24926045563130028,0.06213077474152342
MUS,Mauritius,2025,3.15157395305867,4.94844235250574,-1.79686839944707,3.228736044931475
MWI,Malawi,2016,2.49999999914311,2.80000000003355,-0.30000000089044,0.09000000053426399
MWI,Malawi,2017,4.00000000089172,2.49999999914311,1.5000000017486097,2.250000005245829
MWI,Malawi,2018,4.35356471619211,4.00000000089172,0.35356471530039,0.12500800790544586
MWI,Malawi,2019,5.71682519194337,4.35356471619211,1.36326047575126,1.8584791247455519
MWI,Malawi,2020,0.793596429787286,5.71682519194337,-4.923228762156084,24.238181444520926
MWI,Malawi,2021,4.55829212016083,0.793596429787286,3.7646956903735447,14.17293364111714
MWI,Malawi,2022,0.921115069005936,4.55829212016083,-3.6371770511548944,13.229056901447814
MWI,Malawi,2023,1.94575281675984,0.921115069005936,1.024637747753904,1.0498825141221928
MWI,Malawi,2024,1.6734340852915,1.94575281675984,-0.27231873146833996,0.07415749150852585
MWI,Malawi,2025,1.88518707821663,1.6734340852915,0.21175299292513006,0.04483933001275018
MYS,Malaysia,2016,4.44978139761541,5.09153242155011,-0.6417510239347006,0.4118443767212367
MYS,Malaysia,2017,5.81272240983328,4.44978139761541,1.3629410122178705,1.8576082027854732
MYS,Malaysia,2018,4.84308697634881,5.81272240983328,-0.9696354334844699,0.9401928738686158
MYS,Malaysia,2019,4.41318742129586,4.84308697634881,-0.4298995550529501,0.18481362743472446
MYS,Malaysia,2020,-5.45684658426701,4.41318742129586,-9.870034005562871,97.41757127096746
MYS,Malaysia,2021,3.31534954399166,-5.45684658426701,8.77219612825867,76.95142491263641
MYS,Malaysia,2022,9.03173723044451,3.31534954399166,5.716387686452849,32.67708818182976
MYS,Malaysia,2023,3.5370638041057,9.03173723044451,-5.494673426338809,30.19143606211387
MYS,Malaysia,2024,5.10545921024041,3.5370638041057,1.5683954061347096,2.459864149984461
MYS,Malaysia,2025,5.17127082911057,5.10545921024041,0.06581161887016052,0.004331169178311268
NAC,North America,2016,1.7574135378599,2.76110438770922,-1.0036908498493198,1.0073953220712497
NAC,North America,2017,2.50284500298896,1.7574135378599,0.7454314651290599,0.5556680692044569
NAC,North America,2018,2.94789312072024,2.50284500298896,0.44504811773128017,0.19806782709615542
NAC,North America,2019,2.53036581365198,2.94789312072024,-0.4175273070682599,0.174329052147673
NAC,North America,2020,-2.31236247885967,2.53036581365198,-4.84272829251165,23.4520173150928
NAC,North America,2021,6.13640923701173,-2.31236247885967,8.4487717158714,71.38174350690856
NAC,North America,2022,2.68881207167273,6.13640923701173,-3.447597165339,11.885926214453507
NAC,North America,2023,2.85945132916503,2.68881207167273,0.1706392574922999,0.029117756197523433
NAC,North America,2024,2.73606791647842,2.85945132916503,-0.1233834126866098,0.015223466526194263
NAC,North America,2025,2.12972384862783,2.73606791647842,-0.60634406785059,0.3676531286176009
NAM,Namibia,2016,0.0337944502063294,4.26417453763675,-4.2303800874304205,17.89611568412781
NAM,Namibia,2017,-1.02724808856709,0.0337944502063294,-1.0610425387734195,1.1258112690867434
NAM,Namibia,2018,1.05993949860752,-1.02724808856709,2.08718758717461,4.35635202405577
NAM,Namibia,2019,-0.839152163419357,1.05993949860752,-1.8990916620268767,3.606549140780005
NAM,Namibia,2020,-8.10140201443319,-0.839152163419357,-7.262249851013834,52.74027289855046
NAM,Namibia,2021,3.60382919248703,-8.10140201443319,11.705231206920221,137.01243760745902
NAM,Namibia,2022,5.3987247803654,3.60382919248703,1.7948955878783703,3.2216501713852406
NAM,Namibia,2023,4.32498048866805,5.3987247803654,-1.0737442916973503,1.1529268039526446
NAM,Namibia,2024,3.77851723267591,4.32498048866805,-0.5464632559921401,0.2986220901495312
NAM,Namibia,2025,1.73018153842335,3.77851723267591,-2.04833569425256,4.195679116349117
NCL,New Caledonia,2018,0.400000000000006,2.10010882688805,-1.700108826888044,2.890370023262641
NCL,New Caledonia,2019,-1.39999999506659,0.400000000000006,-1.799999995066596,3.239999982239745
NCL,New Caledonia,2020,-2.40000000692145,-1.39999999506659,-1.00000001185486,1.0000000237097202
NCL,New Caledonia,2021,-2.0999999972552,-2.40000000692145,0.30000000966624984,0.09000000579975
NCL,New Caledonia,2022,3.50000000289097,-2.0999999972552,5.600000000146171,31.36000000163711
NCL,New Caledonia,2023,2.79999999603682,3.50000000289097,-0.7000000068541503,0.49000000959581047
NCL,New Caledonia,2024,-13.4999999989747,2.79999999603682,-16.299999995011518,265.68999983737547
NER,Niger,2016,4.28137558478143,4.39264883207291,-0.11127324729147947,0.012381735562790744
NER,Niger,2017,5.53198531271451,4.28137558478143,1.25060972793308,1.5640246916008522
NER,Niger,2018,6.89458420864513,5.53198531271451,1.3625988959306197,1.8566757511913436
NER,Niger,2019,6.07881528959186,6.89458420864513,-0.8157689190532693,0.6654789292933395
NER,Niger,2020,4.45481803846413,6.07881528959186,-1.6239972511277303,2.6373670716704245
NER,Niger,2021,1.11520063869706,4.45481803846413,-3.3396173997670697,11.153044376826964
NER,Niger,2022,12.2215497467041,1.11520063869706,11.106349108007041,123.3509905089288
NER,Niger,2023,2.63516980401258,12.2215497467041,-9.58637994269152,91.89868040563827
NER,Niger,2024,8.32327058280728,2.63516980401258,5.6881007787947,32.35449046972487
NER,Niger,2025,7.00782960149,8.32327058280728,-1.3154409813172805,1.73038497532897
NGA,Nigeria,2016,-1.61686894903467,2.65269329541779,-4.26956224445246,18.229161759253927
NGA,Nigeria,2017,0.805886619091581,-1.61686894903467,2.422755568126251,5.869744542886753
NGA,Nigeria,2018,1.92275734199798,0.805886619091581,1.116870722906399,1.2474002116854623
NGA,Nigeria,2019,2.20842927835211,1.92275734199798,0.28567193635413,0.08160845522031811
NGA,Nigeria,2020,-6.36889840468527,2.20842927835211,-8.57732768303738,73.57055018219938
NGA,Nigeria,2021,1.109252540249,-6.36889840468527,7.47815094493427,55.922741555221315
NGA,Nigeria,2022,4.31882949157136,1.109252540249,3.2095769513223598,10.301384206459733
NGA,Nigeria,2023,3.31590368111438,4.31882949157136,-1.0029258104569796,1.0058601812807895
NGA,Nigeria,2024,4.07106650147703,3.31590368111438,0.7551628203626497,0.5702708852580716
NGA,Nigeria,2025,4.01336180700973,4.07106650147703,-0.057704694467299866,0.003329831763564428
NIC,Nicaragua,2016,4.56314739524967,4.79226768332697,-0.22912028807729978,0.05249610640862484
NIC,Nicaragua,2017,4.63120757580209,4.56314739524967,0.06806018055242014,0.004632188176828028
NIC,Nicaragua,2018,-3.3633566598573,4.63120757580209,-7.99456423565939,63.91305731808421
NIC,Nicaragua,2019,-2.89686986728901,-3.3633566598573,0.46648679256828984,0.21760992764065068
NIC,Nicaragua,2020,-2.23654176262323,-2.89686986728901,0.6603281046657803,0.4360332058115017
NIC,Nicaragua,2021,10.4543887816515,-2.23654176262323,12.69093054427473,161.0597180796053
NIC,Nicaragua,2022,3.55027477135765,10.4543887816515,-6.904114010293851,47.666790267135845
NIC,Nicaragua,2023,4.42779393186883,3.55027477135765,0.8775191605111803,0.7700398770642466
NIC,Nicaragua,2024,3.58094495324541,4.42779393186883,-0.8468489786234206,0.7171531925955307
NIC,Nicaragua,2025,4.92352556770889,3.58094495324541,1.3425806144634804,1.8025227063331366
NLD,Netherlands,2016,2.42428065449427,2.12064007193544,0.30364058255882975,0.09219760337666551
NLD,Netherlands,2017,2.78150834679987,2.42428065449427,0.3572276923055999,0.12761162414998437
NLD,Netherlands,2018,2.25873158164956,2.78150834679987,-0.5227767651503097,0.27329554618102203
NLD,Netherlands,2019,2.3001616053659,2.25873158164956,0.04143002371634008,0.0017164468651365017
NLD,Netherlands,2020,-3.86799714191608,2.3001616053659,-6.16815874728198,38.04618233167121
NLD,Netherlands,2021,6.27683593745216,-3.86799714191608,10.14483307936824,102.91763820824409
NLD,Netherlands,2022,5.00723453395074,6.27683593745216,-1.2696014035014196,1.6118877237727745
NLD,Netherlands,2023,-0.598061017580278,5.00723453395074,-5.605295551531018,31.41933822001342
NLD,Netherlands,2024,1.07383137319854,-0.598061017580278,1.671892390778818,2.7952241663441115
NLD,Netherlands,2025,1.78463214703797,1.07383137319854,0.71080077383943,0.5052377400907325
NOR,Norway,2016,1.29158732771135,2.04428845501438,-0.7527011273030297,0.5665589870432518
NOR,Norway,2017,2.66964474273466,1.29158732771135,1.3780574150233098,1.8990422391007267
NOR,Norway,2018,1.1103912365576,2.66964474273466,-1.5592535061770598,2.4312714965254543
NOR,Norway,2019,1.46970781954143,1.1103912365576,0.35931658298382985,0.12910840680717547
NOR,Norway,2020,-1.36055723261586,1.46970781954143,-2.83026505215729,8.010400265462907
NOR,Norway,2021,4.14314688769197,-1.36055723261586,5.50370412030783,30.290759043893388
NOR,Norway,2022,4.08039770659241,4.14314688769197,-0.0627491810995604,0.003937459728665428
NOR,Norway,2023,0.352695581319765,4.08039770659241,-3.727702125272645,13.895763134762195
NOR,Norway,2024,1.42372134524737,0.352695581319765,1.071025763927605,1.14709618699671
NOR,Norway,2025,1.08528185031417,1.42372134524737,-0.33843949493320014,0.1145412917306396
NPL,Nepal,2016,0.433113719381524,3.97605327162971,-3.5429395522481864,12.55242067088458
NPL,Nepal,2017,8.97727935643466,0.433113719381524,8.544165637053137,73.00276643339964
NPL,Nepal,2018,7.62237610397933,8.97727935643466,-1.3549032524553306,1.8357628235140333
NPL,Nepal,2019,6.65705543110468,7.62237610397933,-0.9653206728746504,0.9318440014791678
NPL,Nepal,2020,-2.3696206292072,6.65705543110468,-9.02667606031188,81.4808806978076
NPL,Nepal,2021,4.838149614115,-2.3696206292072,7.2077702433222,51.951951880520966
NPL,Nepal,2022,5.6313145568451,4.838149614115,0.7931649427301002,0.6291106263760431
NPL,Nepal,2023,1.98254843461849,5.6313145568451,-3.6487661222266103,13.313494214708616
NPL,Nepal,2024,3.67787459697703,1.98254843461849,1.69532616235854,2.874130796777335
NPL,Nepal,2025,4.43073194983359,3.67787459697703,0.7528573528565601,0.566794193750187
NRU,Naoero,2016,4.13223140495909,3.41880341880281,0.7134279861562804,0.5089794914310058
NRU,Naoero,2017,-6.34920634920609,4.13223140495909,-10.481437754165182,109.86053739443925
NRU,Naoero,2018,-0.847457627118729,-6.34920634920609,5.5017487220873615,30.269239000989916
NRU,Naoero,2019,8.5470085470084,-0.847457627118729,9.394466174127128,88.2559946968188
NRU,Naoero,2020,1.57480314960559,8.5470085470084,-6.972205397402809,48.61164810357286
NRU,Naoero,2021,7.75193798449692,1.57480314960559,6.17713483489133,38.156994768427936
NRU,Naoero,2022,0.0,7.75193798449692,-7.75193798449692,60.09254251548617
NRU,Naoero,2023,-0.719424460431725,0.0,-0.719424460431725,0.5175715542674787
NRU,Naoero,2024,1.44927536231899,-0.719424460431725,2.168699822750715,4.703258921198982
NRU,Naoero,2025,2.14285714285656,1.44927536231899,0.6935817805375701,0.48105568629366613
NZL,New Zealand,2016,3.7435247472109,3.72968312125018,0.013841625960719917,0.00019159060923647556
NZL,New Zealand,2017,3.31568621648204,3.7435247472109,-0.4278385307288599,0.1830458083762296
NZL,New Zealand,2018,3.32219666491432,3.31568621648204,0.0065104484322797695,4.238593878937411e-05
NZL,New Zealand,2019,2.32371708441623,3.32219666491432,-0.9984795804980902,0.9969614726716421
NZL,New Zealand,2020,-0.240916114758988,2.32371708441623,-2.564633199175218,6.577343446311713
NZL,New Zealand,2021,4.29916005216614,-0.240916114758988,4.540076166925129,20.61229160148157
NZL,New Zealand,2022,3.34521847792682,4.29916005216614,-0.9539415742393205,0.9100045270621929
NZL,New Zealand,2023,1.81389453412019,3.34521847792682,-1.53132394380663,2.344953020875491
NZL,New Zealand,2024,-0.868722371893952,1.81389453412019,-2.682616906014142,7.196433464432887
NZL,New Zealand,2025,0.462871830681081,-0.868722371893952,1.331594202575033,1.7731431203314378
OED,OECD members,2016,1.85463774155879,2.53080900311944,-0.6761712615606499,0.4572075749605208
OED,OECD members,2017,2.61204188490709,1.85463774155879,0.7574041433482999,0.5736610363611719
OED,OECD members,2018,2.38931017293615,2.61204188490709,-0.22273171197094,0.04960941551750577
OED,OECD members,2019,1.85301586905177,2.38931017293615,-0.5362943038843799,0.28761158037883167
OED,OECD members,2020,-3.86432916323412,1.85301586905177,-5.71734503228589,32.688034218204145
OED,OECD members,2021,6.09471533648059,-3.86432916323412,9.959044499714711,99.18256734729783
OED,OECD members,2022,3.15854809219758,6.09471533648059,-2.93616724428301,8.621078086400486
OED,OECD members,2023,1.78937161232169,3.15854809219758,-1.3691764798758899,1.874644233045333
OED,OECD members,2024,1.78218444615328,1.78937161232169,-0.007187166168409975,5.165535753233693e-05
OED,OECD members,2025,1.77005853071937,1.78218444615328,-0.012125915433910173,0.00014703782511034093
OMN,Oman,2016,5.04642394571691,5.01705799719045,0.02936594852646035,0.0008623589328587188
OMN,Oman,2017,0.304057565922449,5.04642394571691,-4.742366379794461,22.490038880204825
OMN,Oman,2018,1.28710391543288,0.304057565922449,0.9830463495104311,0.9663801252857848
OMN,Oman,2019,-1.12863801728058,1.28710391543288,-2.41574193271346,5.835809085470163
OMN,Oman,2020,-3.37972052697999,-1.12863801728058,-2.25108250969941,5.067372465474595
OMN,Oman,2021,2.5821749892893,-3.37972052697999,5.961895516269291,35.544198146911874
OMN,Oman,2022,7.98570728354278,2.5821749892893,5.4035322942534805,29.198161255040283
OMN,Oman,2023,1.41401383200161,7.98570728354278,-6.5716934515411705,43.187154821029104
OMN,Oman,2024,1.63163231397978,1.41401383200161,0.2176184819781699,0.04735780369848306
OMN,Oman,2025,2.39787382295398,1.63163231397978,0.7662415089742003,0.5871260500750595
OSS,Other small states,2016,4.11324521484462,3.35379601684932,0.7594491979953002,0.5767630843357047
OSS,Other small states,2017,5.06269393757441,4.11324521484462,0.9494487227297901,0.9014528770932299
OSS,Other small states,2018,4.36915856791936,5.06269393757441,-0.6935353696550504,0.48099130896256737
OSS,Other small states,2019,4.24191171511896,4.36915856791936,-0.1272468528004005,0.01619176154760679
OSS,Other small states,2020,-5.76450168062843,4.24191171511896,-10.00641339574739,100.12830904659283
OSS,Other small states,2021,7.99114438236406,-5.76450168062843,13.75564606299249,189.21779861032078
OSS,Other small states,2022,4.39868942923867,7.99114438236406,-3.59245495312539,12.90573259023515
OSS,Other small states,2023,3.20030722043091,4.39868942923867,-1.1983822088077596,1.4361199183869646
OSS,Other small states,2024,2.76881258067121,3.20030722043091,-0.43149463975970015,0.1861876241413534
OSS,Other small states,2025,2.88340086402312,2.76881258067121,0.11458828335191029,0.013130474681537682
PAK,Pakistan,2016,6.57383828511043,4.21794209572506,2.35589618938537,5.550246855160507
PAK,Pakistan,2017,4.43262590683975,6.57383828511043,-2.14121237827068,4.584790448859581
PAK,Pakistan,2018,6.15170261099519,4.43262590683975,1.71907670415544,2.95522471476993
PAK,Pakistan,2019,2.49763692943365,6.15170261099519,-3.6540656815615398,13.3521960051658
PAK,Pakistan,2020,-1.27408744338709,2.49763692943365,-3.77172437282074,14.225904744530004
PAK,Pakistan,2021,6.51388575852702,-1.27408744338709,7.7879732019141095,60.652526593732304
PAK,Pakistan,2022,4.7781068690358,6.51388575852702,-1.73577888949122,3.0129283532033733
PAK,Pakistan,2023,-0.414935997088406,4.7781068690358,-5.193042866124206,26.96769420940351
PAK,Pakistan,2024,3.08176295579301,-0.414935997088406,3.496698952881416,12.22690356708199
PAK,Pakistan,2025,3.69842668749033,3.08176295579301,0.61666373169732,0.3802741579908643
PAN,Panama,2016,4.57196707937275,5.26691719595516,-0.6949501165824099,0.4829556645379051
PAN,Panama,2017,5.7440594635578,4.57196707937275,1.1720923841850501,1.3738005570645953
PAN,Panama,2018,3.91824253321265,5.7440594635578,-1.8258169303451504,3.3336074631349875
PAN,Panama,2019,3.10295395631086,3.91824253321265,-0.8152885769017897,0.6646954636265454
PAN,Panama,2020,-17.8211174074602,3.10295395631086,-20.92407136377106,437.8167624361841
PAN,Panama,2021,16.4669992022652,-17.8211174074602,34.2881166097254,1175.6749406421268
PAN,Panama,2022,11.0386022908773,16.4669992022652,-5.4283969113879,29.467493027565688
PAN,Panama,2023,7.16634016390665,11.0386022908773,-3.87226212697065,14.994413979971263
PAN,Panama,2024,2.74784148771307,7.16634016390665,-4.41849867619358,19.523130551524417
PAN,Panama,2025,4.35030460627731,2.74784148771307,1.6024631185642395,2.567888046358628
PER,Peru,2016,3.95331871520767,3.25224477218451,0.7010739430231601,0.4915046735860411
PER,Peru,2017,2.51883544233135,3.95331871520767,-1.43448327287632,2.0577422601619584
PER,Peru,2018,3.969351341365,2.51883544233135,1.45051589903365,2.103996373349398
PER,Peru,2019,2.24063176875049,3.969351341365,-1.72871957261451,2.988471360740494
PER,Peru,2020,-10.9333065010382,2.24063176875049,-13.173938269788689,173.552649536203
PER,Peru,2021,13.4166456126513,-10.9333065010382,24.349952113689497,592.9201679389716
PER,Peru,2022,2.81819976419922,13.4166456126513,-10.59844584845208,112.32705440257114
PER,Peru,2023,-0.350699814345759,2.81819976419922,-3.1688995785449787,10.041924538902544
PER,Peru,2024,3.5152749274832,-0.350699814345759,3.8659747418289587,14.945760704459484
PER,Peru,2025,3.43056395124466,3.5152749274832,-0.08471097623853963,0.007175949495286425
PHL,Philippines,2016,7.14945675000752,6.34830971672761,0.8011470332799098,0.6418365689332008
PHL,Philippines,2017,6.9309883258402,7.14945675000752,-0.2184684241673196,0.047728452358151874
PHL,Philippines,2018,6.34148557153473,6.9309883258402,-0.5895027543054701,0.3475134973337354
PHL,Philippines,2019,6.11852566221303,6.34148557153473,-0.22295990932170007,0.04971112116474072
PHL,Philippines,2020,-9.51829474045297,6.11852566221303,-15.636820402666,244.51015230523168
PHL,Philippines,2021,5.71473313185116,-9.51829474045297,15.23302787230413,232.04513815839448
PHL,Philippines,2022,7.58098212785563,5.71473313185116,1.8662489960044697,3.482885315087691
PHL,Philippines,2023,5.51894967856043,7.58098212785563,-2.0620324492951996,4.25197782194636
PHL,Philippines,2024,5.71474526128652,5.51894967856043,0.19579558272609,0.038335910215049146
PHL,Philippines,2025,4.40240158710621,5.71474526128652,-1.31234367418031,1.7222459191610757
PLW,Palau,2016,1.66650688235592,8.57000568228419,-6.90349879992827,47.65829568061107
PLW,Palau,2017,-3.42143170174889,1.66650688235592,-5.08793858410481,25.88711903562246
PLW,Palau,2018,-0.417625859260369,-3.42143170174889,3.0038058424885214,9.022849539368176
PLW,Palau,2019,0.300684343692609,-0.417625859260369,0.718310202952978,0.5159695476663484
PLW,Palau,2020,-6.00740723664144,0.300684343692609,-6.308091580334049,39.792019385881325
PLW,Palau,2021,-11.9146400192064,-6.00740723664144,-5.90723278256496,34.89539914741016
PLW,Palau,2022,-0.462879543823192,-11.9146400192064,11.451760475383209,131.14281798554904
PLW,Palau,2023,1.22284844405733,-0.462879543823192,1.685727987880522,2.8416788491237135
PLW,Palau,2024,12.0059720184866,1.22284844405733,10.78312357442927,116.27575402141228
PLW,Palau,2025,6.28637654202731,12.0059720184866,-5.719595476459291,32.71377241433358
PNG,Papua New Guinea,2016,5.48957315278187,6.57835632304275,-1.0887831702608803,1.1854487918433332
PNG,Papua New Guinea,2017,3.53461081750459,5.48957315278187,-1.9549623352772798,3.8218777323527955
PNG,Papua New Guinea,2018,-0.279252284959952,3.53461081750459,-3.813863102464542,14.545551764340463
PNG,Papua New Guinea,2019,4.48051456942582,-0.279252284959952,4.759766854385772,22.655380508109424
PNG,Papua New Guinea,2020,-3.16743204434815,4.48051456942582,-7.64794661377397,58.491087407136725
PNG,Papua New Guinea,2021,-0.510612607034361,-3.16743204434815,2.656819437313789,7.058689522488357
PNG,Papua New Guinea,2022,5.70701964996525,-0.510612607034361,6.217632256999611,38.658950883282074
PNG,Papua New Guinea,2023,3.81046308333708,5.70701964996525,-1.8965565666281705,3.596926810420434
PNG,Papua New Guinea,2024,3.88795324667848,3.81046308333708,0.07749016334140002,0.006004725414676855
PNG,Papua New Guinea,2025,5.63792052319458,3.88795324667848,1.7499672765161005,3.0623854688771783
POL,Poland,2016,3.03117767594847,4.43176700264478,-1.40058932669631,1.9616504620556232
POL,Poland,2017,5.15245773325907,3.03117767594847,2.1212800573106003,4.4998290815436635
POL,Poland,2018,6.2458584723942,5.15245773325907,1.09340073913513,1.1955251763412484
POL,Poland,2019,4.58045817256199,6.2458584723942,-1.6654002998322106,2.773558158681217
POL,Poland,2020,-2.03556882399977,4.58045817256199,-6.616026996561759,43.77181321923401
POL,Poland,2021,6.92718266052501,-2.03556882399977,8.96275148452478,80.33091417335115
POL,Poland,2022,5.25545697386036,6.92718266052501,-1.67172568666465,2.7946667714543953
POL,Poland,2023,0.249610834017872,5.25545697386036,-5.005846139842488,25.058495575775936
POL,Poland,2024,3.02841630700273,0.249610834017872,2.7788054729848577,7.721759856690599
POL,Poland,2025,3.5727250346774,3.02841630700273,0.5443087276746703,0.2962719910228184
PRE,Pre-demographic dividend,2016,2.48790883634129,3.04225473776046,-0.5543459014191701,0.3072993784202322
PRE,Pre-demographic dividend,2017,1.65401035196942,2.48790883634129,-0.83389848437187,0.6953866822377018
PRE,Pre-demographic dividend,2018,2.65801624793845,1.65401035196942,1.0040058959690301,1.008027839140575
PRE,Pre-demographic dividend,2019,3.16086400453494,2.65801624793845,0.50284775659649,0.2528558663141228
PRE,Pre-demographic dividend,2020,-4.15455315541389,3.16086400453494,-7.315417159948829,53.5153282240738
PRE,Pre-demographic dividend,2021,2.29076410791771,-4.15455315541389,6.445317263331599,41.54211462500034
PRE,Pre-demographic dividend,2022,4.63522422118558,2.29076410791771,2.34446011326787,5.496493222703994
PRE,Pre-demographic dividend,2023,2.44455093685518,4.63522422118558,-2.1906732843304,4.799049438678941
PRE,Pre-demographic dividend,2024,3.328621675752,2.44455093685518,0.8840707388968201,0.7815810713735695
PRE,Pre-demographic dividend,2025,3.57431469085844,3.328621675752,0.24569301510643982,0.06036505767209326
PRI,Puerto Rico (US),2016,-1.26369434781117,-1.04929003238674,-0.21440431542442995,0.04596921047261845
PRI,Puerto Rico (US),2017,-2.88521838398481,-1.26369434781117,-1.6215240361736398,2.6293401998888517
PRI,Puerto Rico (US),2018,-4.36142703162535,-2.88521838398481,-1.4762086476405405,2.1791919713687133
PRI,Puerto Rico (US),2019,1.67546379498209,-4.36142703162535,6.03689082660744,36.44405085237706
PRI,Puerto Rico (US),2020,-4.1808743093346,1.67546379498209,-5.8563381043166896,34.2966959920716
PRI,Puerto Rico (US),2021,0.385222719529239,-4.1808743093346,4.5660970288638385,20.849242076999175
PRI,Puerto Rico (US),2022,2.95709565499587,0.385222719529239,2.5718729354666308,6.614530396185744
PRI,Puerto Rico (US),2023,0.731492105366186,2.95709565499587,-2.2256035496296835,4.953311160124247
PRI,Puerto Rico (US),2024,3.17707554784896,0.731492105366186,2.445583442482774,5.980878374145896
PRI,Puerto Rico (US),2025,0.317670046196895,3.17707554784896,-2.859405501652065,8.176199822878097
PRT,Portugal,2016,2.00414129666575,1.58979803702681,0.4143432596389398,0.1716803368082219
PRT,Portugal,2017,3.31472008175986,2.00414129666575,1.3105787850941102,1.717616751938754
PRT,Portugal,2018,2.94628343449202,3.31472008175986,-0.3684366472678402,0.1357455630499669
PRT,Portugal,2019,2.74568432648596,2.94628343449202,-0.20059910800606007,0.040240002132826955
PRT,Portugal,2020,-8.20463159324387,2.74568432648596,-10.950315919729828,119.90941874188852
PRT,Portugal,2021,5.55875672070374,-8.20463159324387,13.763388313947608,189.4308578805096
PRT,Portugal,2022,6.98584137580278,5.55875672070374,1.4270846550990397,2.036570612819145
PRT,Portugal,2023,3.09998745904281,6.98584137580278,-3.8858539167599697,15.099860662398799
PRT,Portugal,2024,2.21459232301109,3.09998745904281,-0.88539513603172,0.783924546908628
PRT,Portugal,2025,1.86448007464475,2.21459232301109,-0.3501122483663399,0.12257858645613369
PRY,Paraguay,2016,4.26802583314583,2.95715168367079,1.3108741494750404,1.7183910357619108
PRY,Paraguay,2017,4.81007885554041,4.26802583314583,0.5420530223945796,0.29382147908709866
PRY,Paraguay,2018,3.20425034076639,4.81007885554041,-1.60582851477402,2.5786852188613354
PRY,Paraguay,2019,-0.40185510068001,3.20425034076639,-3.6061054414463998,13.003996454829334
PRY,Paraguay,2020,-0.819785390971916,-0.40185510068001,-0.41793029029190604,0.17466572754347684
PRY,Paraguay,2021,3.99461510731535,-0.819785390971916,4.814400498287266,23.178452157908673
PRY,Paraguay,2022,-0.0280771723899278,3.99461510731535,-4.022692279705278,16.182053177200444
PRY,Paraguay,2023,5.28584584975323,-0.0280771723899278,5.3139230221431575,28.237777885263068
PRY,Paraguay,2024,4.66914577981763,5.28584584975323,-0.6167000699355993,0.38031897625857314
PRY,Paraguay,2025,6.64262511156879,4.66914577981763,1.97347933175116,3.894620672849005
PSE,West Bank and Gaza,2016,8.86461881995935,3.72129967114788,5.14331914881147,26.45373186653074
PSE,West Bank and Gaza,2017,1.41936756294787,8.86461881995935,-7.44525125701148,55.43176628003103
PSE,West Bank and Gaza,2018,1.22707737782703,1.41936756294787,-0.19229018512083984,0.036975515293806854
PSE,West Bank and Gaza,2019,1.36268746558062,1.22707737782703,0.13561008775358996,0.01839009590053637
PSE,West Bank and Gaza,2020,-11.3184661065134,1.36268746558062,-12.68115357209402,160.81165591903294
PSE,West Bank and Gaza,2021,7.01198227592003,-11.3184661065134,18.33044838243343,336.0053379010564
PSE,West Bank and Gaza,2022,4.08276027347105,7.01198227592003,-2.92922200244898,8.580341539631211
PSE,West Bank and Gaza,2023,-0.97217780620403,4.08276027347105,-5.05493807967508,25.552398989349182
PSE,West Bank and Gaza,2024,-22.8573273913324,-0.97217780620403,-21.88514958512837,478.95977236344453
PSE,West Bank and Gaza,2025,4.34444072337577,-22.8573273913324,27.20176811470817,739.9361885663541
PSS,Pacific island small states,2016,3.74906305678715,3.97583679136102,-0.22677373457386985,0.051426326692579974
PSS,Pacific island small states,2017,3.88507048124241,3.74906305678715,0.13600742445526004,0.018498019506953265
PSS,Pacific island small states,2018,2.72310809047187,3.88507048124241,-1.1619623907705403,1.35015659756519
PSS,Pacific island small states,2019,1.1632387186459,2.72310809047187,-1.55986937182597,2.433192457160746
PSS,Pacific island small states,2020,-10.2465615365926,1.1632387186459,-11.4098002552385,130.1835418644405
PSS,Pacific island small states,2021,-2.62004384629151,-10.2465615365926,7.626517690301089,58.163772080475454
PSS,Pacific island small states,2022,8.33511772575022,-2.62004384629151,10.95516157204173,120.01556506953983
PSS,Pacific island small states,2023,7.23510889764707,8.33511772575022,-1.1000088281031495,1.2100194219048643
PSS,Pacific island small states,2024,3.66740238652645,7.23510889764707,-3.56770651112062,12.728529749492466
PSS,Pacific island small states,2025,3.31927523064815,3.66740238652645,-0.3481271558782999,0.12119251665991411
PST,Post-demographic dividend,2016,1.80639608099386,2.25737860257307,-0.45098252157921026,0.20338523476994286
PST,Post-demographic dividend,2017,2.47944817538426,1.80639608099386,0.6730520943904001,0.4529991217633041
PST,Post-demographic dividend,2018,2.28758807836371,2.47944817538426,-0.19186009702054996,0.036810296828734844
PST,Post-demographic dividend,2019,1.82164159324701,2.28758807836371,-0.4659464851167001,0.21710612699260723
PST,Post-demographic dividend,2020,-4.03866257492757,1.82164159324701,-5.86030416817458,34.34316494352436
PST,Post-demographic dividend,2021,5.82057405938134,-4.03866257492757,9.85923663430891,97.20454701129889
PST,Post-demographic dividend,2022,2.86042677787768,5.82057405938134,-2.9601472815036605,8.762471928193511
PST,Post-demographic dividend,2023,1.79595440239152,2.86042677787768,-1.06447237548616,1.1331014381731486
PST,Post-demographic dividend,2024,1.77944527022298,1.79595440239152,-0.016509132168539997,0.00027255144495832214
PST,Post-demographic dividend,2025,1.6533096131564,1.77944527022298,-0.12613565706657992,0.01591020398361785
PYF,French Polynesia,2016,2.30219823670438,1.80334081452726,0.4988574221771198,0.24885872766120115
PYF,French Polynesia,2017,4.29263363103487,2.30219823670438,1.9904353943304902,3.961833059003574
PYF,French Polynesia,2018,1.80687498305207,4.29263363103487,-2.4857586479828,6.178996056021278
PYF,French Polynesia,2019,2.68946658143334,1.80687498305207,0.88259159838127,0.778967929533205
PYF,French Polynesia,2020,-10.5738138632489,2.68946658143334,-13.26328044468224,175.9146081542903
PYF,French Polynesia,2021,3.36590242421546,-10.5738138632489,13.939716287464359,194.31569017499913
PYF,French Polynesia,2022,2.9373470716322,3.36590242421546,-0.4285553525832597,0.18365969022776205
PYF,French Polynesia,2023,2.77284077155413,2.9373470716322,-0.1645063000780702,0.02706232276537608
PYF,French Polynesia,2024,1.12638897730247,2.77284077155413,-1.6464517942516599,2.71080351079451
QAT,Qatar,2016,3.06419188430156,4.75334572438737,-1.68915384008581,2.853240695476638
QAT,Qatar,2017,-1.49760470227838,3.06419188430156,-4.56179658657994,20.809988097332397
QAT,Qatar,2018,1.23487220191065,-1.49760470227838,2.73247690418903,7.466430031926466
QAT,Qatar,2019,0.688240954592672,1.23487220191065,-0.546631247317978,0.2988057205444084
QAT,Qatar,2020,-3.5576039896784,0.688240954592672,-4.245844944271072,18.027199290792222
QAT,Qatar,2021,1.62684671918775,-3.5576039896784,5.18445070886615,26.878529152662722
QAT,Qatar,2022,4.18500970982862,1.62684671918775,2.55816299064087,6.54419788668464
QAT,Qatar,2023,1.18715991623776,4.18500970982862,-2.99784979359086,8.987103384932762
QAT,Qatar,2024,3.10963283242745,1.18715991623776,1.92247291618969,3.6959021134828913
QAT,Qatar,2025,2.90166036660493,3.10963283242745,-0.20797246582251994,0.043252546540299225
ROU,Romania,2016,2.85993252302089,3.1570360543854,-0.29710353136451007,0.08827050834926242
ROU,Romania,2017,8.19547826641261,2.85993252302089,5.335545743391721,28.468048379825515
ROU,Romania,2018,5.39452228185675,8.19547826641261,-2.800955984555861,7.845354427419292
ROU,Romania,2019,3.96028958497598,5.39452228185675,-1.4342326968807697,2.057023428801886
ROU,Romania,2020,-3.59802546034757,3.96028958497598,-7.55831504532355,57.12812632436433
ROU,Romania,2021,5.58735072538869,-3.59802546034757,9.18537618573626,84.3711356734908
ROU,Romania,2022,4.18771305104109,5.58735072538869,-1.3996376743476002,1.958985619453159
ROU,Romania,2023,2.25773416555121,4.18771305104109,-1.9299788854898798,3.7248184984367585
ROU,Romania,2024,0.916003764382594,2.25773416555121,-1.3417304011686162,1.8002404694200957
ROU,Romania,2025,0.677829835052762,0.916003764382594,-0.23817392932983206,0.056726820612411834
RUS,Russian Federation,2016,0.193671130698817,-1.9727192264298,2.1663903571286167,4.693247179459855
RUS,Russian Federation,2017,1.82670527549192,0.193671130698817,1.633034144793103,2.6668005180601413
RUS,Russian Federation,2018,2.80634082046656,1.82670527549192,0.9796355449746401,0.9596858009777601
RUS,Russian Federation,2019,2.19807571381982,2.80634082046656,-0.6082651066467402,0.3699864399639702
RUS,Russian Federation,2020,-2.65365449695453,2.19807571381982,-4.85173021077435,23.539286038140517
RUS,Russian Federation,2021,5.866491772979,-2.65365449695453,8.52014626993353,72.59289246106225
RUS,Russian Federation,2022,-1.43537063467896,5.866491772979,-7.30186240765796,53.3171946203685
RUS,Russian Federation,2023,4.06661395813023,-1.43537063467896,5.5019845928091895,30.2718344595097
RUS,Russian Federation,2024,4.92167966203073,4.06661395813023,0.8550657039005003,0.7311373579868581
RUS,Russian Federation,2025,1.00117656925738,4.92167966203073,-3.92050309277335,15.370344500445402
RWA,Rwanda,2016,5.65874584202778,8.87036752872743,-3.21162168669965,10.314513858479506
RWA,Rwanda,2017,4.70393439751061,5.65874584202778,-0.95481144451717,0.9116648945809649
RWA,Rwanda,2018,8.07084254621641,4.70393439751061,3.3669081487058,11.336070481821519
RWA,Rwanda,2019,9.28613387454543,8.07084254621641,1.2152913283290196,1.476933012711713
RWA,Rwanda,2020,-2.77710485515125,9.28613387454543,-12.063238729696678,145.52172864965394
RWA,Rwanda,2021,8.41140448646523,-2.77710485515125,11.18850934161648,125.18274128743926
RWA,Rwanda,2022,9.82497394651698,8.41140448646523,1.4135694600517503,1.9981786183909969
RWA,Rwanda,2023,8.55964292914153,9.82497394651698,-1.2653310173754502,1.6010625835323917
RWA,Rwanda,2024,7.22717103344534,8.55964292914153,-1.33247189569619,1.7754813528201985
RWA,Rwanda,2025,9.37579834182446,7.22717103344534,2.14862730837912,4.616599310312502
SAS,South Asia,2016,7.96912333644603,7.68973935190233,0.27938398454370006,0.07805541081951443
SAS,South Asia,2017,6.78411966009934,7.96912333644603,-1.1850036763466898,1.4042337129551703
SAS,South Asia,2018,6.39366632555758,6.78411966009934,-0.39045333454176046,0.1524538064547799
SAS,South Asia,2019,4.09454306534288,6.39366632555758,-2.2991232602146994,5.285967765660268
SAS,South Asia,2020,-4.98750173652559,4.09454306534288,-9.08204480186847,82.4835377831461
SAS,South Asia,2021,9.24659959756499,-4.98750173652559,14.234101334090578,202.6096407891592
SAS,South Asia,2022,7.10115392414392,9.24659959756499,-2.1454456734210696,4.602937137601187
SAS,South Asia,2023,6.7848640413625,7.10115392414392,-0.3162898827814198,0.10003928994988427
SAS,South Asia,2024,6.75761201913679,6.7848640413625,-0.027252022225709993,0.0007426727153905915
SAS,South Asia,2025,7.12381420637792,6.75761201913679,0.3662021872411305,0.13410404194018802
SAU,Saudi Arabia,2016,1.70404739202878,4.65512316652699,-2.95107577449821,8.70884822683021
SAU,Saudi Arabia,2017,1.18210705878283,1.70404739202878,-0.52194033324595,0.2724217114688934
SAU,Saudi Arabia,2018,3.2269508901591,1.18210705878283,2.0448438313762702,4.181386294717584
SAU,Saudi Arabia,2019,1.65158925617395,3.2269508901591,-1.5753616339851502,2.481764277832362
SAU,Saudi Arabia,2020,-3.80478901996312,1.65158925617395,-5.45637827613707,29.77206389230054
SAU,Saudi Arabia,2021,6.51959698325419,-3.80478901996312,10.32438600321731,106.59294634342949
SAU,Saudi Arabia,2022,12.0005874752929,6.51959698325419,5.48099049203871,30.041256773818734
SAU,Saudi Arabia,2023,0.542592439393161,12.0005874752929,-11.457995035899739,131.28565024270304
SAU,Saudi Arabia,2024,2.64893068308965,0.542592439393161,2.1063382436964893,4.436660796858411
SAU,Saudi Arabia,2025,4.50246560191663,2.64893068308965,1.85353491882698,3.4355916953109396
SDN,Sudan,2016,3.46764218409288,1.91017689052751,1.5574652935653701,2.4256981406606646
SDN,Sudan,2017,0.70925628476644,3.46764218409288,-2.75838589932644,7.608692769602934
SDN,Sudan,2018,-2.6809305497999,0.70925628476644,-3.39018683456634,11.49336677326694
SDN,Sudan,2019,-2.17825104530091,-2.6809305497999,0.5026795044989898,0.2526866842433499
SDN,Sudan,2020,-3.62980082410752,-2.17825104530091,-1.4515497788066098,2.106996760353518
SDN,Sudan,2021,-1.8685204827207,-3.62980082410752,1.7612803413868199,3.1021084409556727
SDN,Sudan,2022,-0.957816591119183,-1.8685204827207,0.910703891601517,0.8293815781781476
SDN,Sudan,2023,-29.4332716274387,-0.957816591119183,-28.475455036319516,810.8515395254545
SDN,Sudan,2024,-13.9643378424022,-29.4332716274387,15.4689337850365,239.28791244584366
SDN,Sudan,2025,3.06427942935869,-13.9643378424022,17.02861727176089,289.9738061881133
SEN,Senegal,2016,6.35606857208136,6.36704365066983,-0.010975078588470133,0.00012045235002309557
SEN,Senegal,2017,7.40748618589598,6.35606857208136,1.0514176138146203,1.10547899863963
SEN,Senegal,2018,6.20924103388887,7.40748618589598,-1.19824515200711,1.4357914443085422
SEN,Senegal,2019,4.6136280976221,6.20924103388887,-1.59561293626677,2.5459806423818634
SEN,Senegal,2020,1.34207377285524,4.6136280976221,-3.2715543247668597,10.703067699900743
SEN,Senegal,2021,6.5440010991951,1.34207377285524,5.2019273263398595,27.06004790852136
SEN,Senegal,2022,3.85043193752725,6.5440010991951,-2.69356916166785,7.255314828688044
SEN,Senegal,2023,4.25743083300657,3.85043193752725,0.4069988954793198,0.16564810092138627
SEN,Senegal,2024,6.46220577412338,4.25743083300657,2.20477494111681,4.861032540976632
SEN,Senegal,2025,6.68227744849194,6.46220577412338,0.22007167436856,0.04843154185938151
SGP,Singapore,2016,3.91095306322606,2.97679931634806,0.9341537468780001,0.8726432228062068
SGP,Singapore,2017,4.32679370770501,3.91095306322606,0.41584064447894953,0.1729234416006681
SGP,Singapore,2018,3.18660848474074,4.32679370770501,-1.1401852229642695,1.3000223426660809
SGP,Singapore,2019,1.15877947300108,3.18660848474074,-2.02782901173966,4.112090500853046
SGP,Singapore,2020,-3.61084281729929,1.15877947300108,-4.76962229030037,22.749296792130153
SGP,Singapore,2021,10.1410845197192,-3.61084281729929,13.75192733701849,189.11550548263645
SGP,Singapore,2022,4.01027884472296,10.1410845197192,-6.130805674996241,37.58677822456611
SGP,Singapore,2023,1.45026775889565,4.01027884472296,-2.5600110858273095,6.55365675955872
SGP,Singapore,2024,5.3435120192366,1.45026775889565,3.8932442603409503,15.157350870677753
SGP,Singapore,2025,5.02588199508003,5.3435120192366,-0.3176300241565704,0.10088883224570348
SLB,Solomon Islands,2016,5.55494348257992,1.67578612030815,3.8791573622717697,15.047861841267274
SLB,Solomon Islands,2017,3.07546176144591,5.55494348257992,-2.4794817211340097,6.14782960543767
SLB,Solomon Islands,2018,2.74585244829055,3.07546176144591,-0.3296093131553599,0.10864229931874811
SLB,Solomon Islands,2019,1.74925244485951,2.74585244829055,-0.9966000034310403,0.9932115668387494
SLB,Solomon Islands,2020,-3.38125925839405,1.74925244485951,-5.1305117032535605,26.32215033722175
SLB,Solomon Islands,2021,-0.227975292792024,-3.38125925839405,3.153283965602026,9.943199767722838
SLB,Solomon Islands,2022,-2.58448361755723,-0.227975292792024,-2.3565083247652057,5.553131484687716
SLB,Solomon Islands,2023,2.84111851154807,-2.58448361755723,5.4256021291053,29.437158463351967
SLB,Solomon Islands,2024,2.99755987604104,2.84111851154807,0.15644136449297008,0.02447390052442232
SLB,Solomon Islands,2025,3.61715088072386,2.99755987604104,0.6195910046828201,0.3838930130838664
SLE,Sierra Leone,2016,6.43743652764257,-4.36333262093788,10.80076914858045,116.65661420092727
SLE,Sierra Leone,2017,3.20786087715987,6.43743652764257,-3.2295756504827,10.430158882190753
SLE,Sierra Leone,2018,2.8938564123677,3.20786087715987,-0.3140044647921698,0.09859880390941701
SLE,Sierra Leone,2019,5.50270937378153,2.8938564123677,2.6088529614138296,6.8061137742777085
SLE,Sierra Leone,2020,-1.2533490322766,5.50270937378153,-6.75605840605813,45.64432518606871
SLE,Sierra Leone,2021,5.8968527047094,-1.2533490322766,7.150201736986,51.12538487959762
SLE,Sierra Leone,2022,5.3135546141915,5.8968527047094,-0.5832980905178999,0.3402366624018282
SLE,Sierra Leone,2023,5.7100218981806,5.3135546141915,0.39646728398910014,0.1571863072736938
SLE,Sierra Leone,2024,4.29322334404611,5.7100218981806,-1.4167985541344903,2.0073181429975824
SLE,Sierra Leone,2025,4.60865077581276,4.29322334404611,0.31542743176664967,0.09949446471090444
SLV,El Salvador,2016,2.53906241135864,2.40000008852115,0.1390623228374901,0.01933832963295832
SLV,El Salvador,2017,2.24761908134138,2.53906241135864,-0.29144333001725986,0.08493921461154945
SLV,El Salvador,2018,2.4124442237792,2.24761908134138,0.16482514243781976,0.02716732757964757
SLV,El Salvador,2019,2.43747159065784,2.4124442237792,0.025027366878640045,0.0006263690928780488
SLV,El Salvador,2020,-7.893101359867,2.43747159065784,-10.33057295052484,106.72073748611548
SLV,El Salvador,2021,11.9047617015957,-7.893101359867,19.7978630614627,391.9553818004292
SLV,El Salvador,2022,2.9546041089332,11.9047617015957,-8.9501575926625,80.10532093349418
SLV,El Salvador,2023,3.35508721646165,2.9546041089332,0.40048310752845007,0.16038671941564409
SLV,El Salvador,2024,2.5904637107794,3.35508721646165,-0.7646235056822501,0.584649105441814
SLV,El Salvador,2025,3.90594189242583,2.5904637107794,1.31547818164643,1.730482846387798
SMR,San Marino,2016,2.34441211810459,2.29150309460655,0.05290902349803961,0.0027993647675161075
SMR,San Marino,2017,0.258259899709444,2.34441211810459,-2.0861522183951458,4.352031078314988
SMR,San Marino,2018,1.49390399796074,0.258259899709444,1.235644098251296,1.5268163375432584
SMR,San Marino,2019,2.06569082920953,1.49390399796074,0.5717868312487899,0.32694018038953215
SMR,San Marino,2020,-6.64791226034481,2.06569082920953,-8.71360308955434,75.92687880229094
SMR,San Marino,2021,13.8977857594089,-6.64791226034481,20.545698019753708,422.1257071189114
SMR,San Marino,2022,7.89844678230362,13.8977857594089,-5.999338977105279,35.992068162214615
SMR,San Marino,2023,0.401932371532837,7.89844678230362,-7.496514410770783,56.19772831089402
SOM,"Somalia, Fed. Rep.",2016,7.03487260042162,10.4621881235147,-3.42731552309308,11.746491694834793
SOM,"Somalia, Fed. Rep.",2017,14.7357956045195,7.03487260042162,7.700923004097881,59.304215115043924
SOM,"Somalia, Fed. Rep.",2018,2.05431507261069,14.7357956045195,-12.68148053190881,160.81994848118217
SOM,"Somalia, Fed. Rep.",2019,2.80033312513012,2.05431507261069,0.74601805251943,0.556542934684883
SOM,"Somalia, Fed. Rep.",2020,-2.76455696202532,2.80033312513012,-5.56489008715544,30.968001682120885
SOM,"Somalia, Fed. Rep.",2021,3.44719850031242,-2.76455696202532,6.21175546233774,38.58590592388275
SOM,"Somalia, Fed. Rep.",2022,2.71821202053759,3.44719850031242,-0.72898647977483,0.5314212876944986
SOM,"Somalia, Fed. Rep.",2023,4.17524257571303,2.71821202053759,1.45703055517544,2.1229380387148504
SOM,"Somalia, Fed. Rep.",2024,4.11139335779471,4.17524257571303,-0.0638492179183201,0.004076722628781128
SOM,"Somalia, Fed. Rep.",2025,2.99114404482197,4.11139335779471,-1.12024931297274,1.254958523215896
SRB,Serbia,2016,2.97519807160826,1.2957386351958,1.67945943641246,2.8205839985548575
SRB,Serbia,2017,2.3634031250553,2.97519807160826,-0.6117949465529602,0.37429305662773943
SRB,Serbia,2018,4.64935035491007,2.3634031250553,2.2859472298547705,5.225554737680699
SRB,Serbia,2019,4.75020793899014,4.64935035491007,0.10085758408007006,0.010172252266468403
SRB,Serbia,2020,-0.950023991851594,4.75020793899014,-5.700231930841735,32.492644065387694
SRB,Serbia,2021,7.94905650472278,-0.950023991851594,8.899080496574374,79.19363368451042
SRB,Serbia,2022,2.70347705543654,7.94905650472278,-5.2455794492862395,27.51610375877413
SRB,Serbia,2023,3.74793303561771,2.70347705543654,1.0444559801811697,1.090888294536208
SRB,Serbia,2024,3.94992622592932,3.74793303561771,0.20199319031161034,0.04080124893226243
SRB,Serbia,2025,2.03039196235113,3.94992622592932,-1.91953426357819,3.684611789050664
SSA,Sub-Saharan Africa (excluding high income),2016,1.30783035327565,2.92864568387523,-1.6208153305995803,2.627042335906627
SSA,Sub-Saharan Africa (excluding high income),2017,2.50327515080239,1.30783035327565,1.1954447975267402,1.4290882639337488
SSA,Sub-Saharan Africa (excluding high income),2018,2.7922269325805,2.50327515080239,0.28895178177810976,0.08349313219274436
SSA,Sub-Saharan Africa (excluding high income),2019,2.54617045203717,2.7922269325805,-0.24605648054332985,0.06054379161737006
SSA,Sub-Saharan Africa (excluding high income),2020,-3.28342298905326,2.54617045203717,-5.82959344109043,33.98415968840456
SSA,Sub-Saharan Africa (excluding high income),2021,3.58478965187514,-3.28342298905326,6.8682126409284,47.17234488100866
SSA,Sub-Saharan Africa (excluding high income),2022,4.02837470360804,3.58478965187514,0.44358505173289986,0.19676769812087944
SSA,Sub-Saharan Africa (excluding high income),2023,2.71209038880693,4.02837470360804,-1.3162843148011096,1.7326043973914267
SSA,Sub-Saharan Africa (excluding high income),2024,3.61639391196729,2.71209038880693,0.90430352316036,0.8177648620002398
SSA,Sub-Saharan Africa (excluding high income),2025,4.13764837892776,3.61639391196729,0.5212544669604697,0.27170621932624345
SSF,Sub-Saharan Africa,2016,1.31700355850863,2.93344601140815,-1.61644245289952,2.612886203535817
SSF,Sub-Saharan Africa,2017,2.5074548530006,1.31700355850863,1.19045129449197,1.4171742845576072
SSF,Sub-Saharan Africa,2018,2.79433082130898,2.5074548530006,0.2868759683083799,0.0822978211928706
SSF,Sub-Saharan Africa,2019,2.54913933046186,2.79433082130898,-0.24519149084712,0.06011886718383333
SSF,Sub-Saharan Africa,2020,-3.29212615874913,2.54913933046186,-5.84126548921099,34.120382515447304
SSF,Sub-Saharan Africa,2021,3.58194129290288,-3.29212615874913,6.87406745165201,47.252803329861564
SSF,Sub-Saharan Africa,2022,4.03371066956886,3.58194129290288,0.4517693766659798,0.20409556969316797
SSF,Sub-Saharan Africa,2023,2.71446691675897,4.03371066956886,-1.3192437528098901,1.7404040793279225
SSF,Sub-Saharan Africa,2024,3.6161279249573,2.71446691675897,0.9016610081983303,0.8129925737052295
SSF,Sub-Saharan Africa,2025,4.13928145259649,3.6161279249573,0.5231535276391894,0.27368961348132814
SST,Small states,2016,1.764520691762,2.25069098311559,-0.4861702913535899,0.2363615521948345
SST,Small states,2017,3.2130480541305,1.764520691762,1.4485273623685002,2.0982315195302443
SST,Small states,2018,3.38174135854818,3.2130480541305,0.1686933044176797,0.028457430955355956
SST,Small states,2019,3.11127439080343,3.38174135854818,-0.27046696774475,0.07315238064103963
SST,Small states,2020,-6.9752973416568,3.11127439080343,-10.08657173246023,101.73892931406577
SST,Small states,2021,7.29421049896773,-6.9752973416568,14.26950784062453,203.61885401364495
SST,Small states,2022,7.42838535135735,7.29421049896773,0.13417485238962001,0.01800289101377632
SST,Small states,2023,5.02859646200615,7.42838535135735,-2.3997888893512,5.758986713453465
SST,Small states,2024,6.06796967493719,5.02859646200615,1.0393732129310402,1.0802966757585934
SST,Small states,2025,4.39108110908893,6.06796967493719,-1.6768885658482606,2.8119552622726363
STP,Sao Tome and Principe,2016,5.17682468684113,1.5397042826735,3.6371204041676295,13.228644834412501
STP,Sao Tome and Principe,2017,4.11297966281954,5.17682468684113,-1.0638450240215898,1.131766235135497
STP,Sao Tome and Principe,2018,4.37812808264972,4.11297966281954,0.26514841983018034,0.07030368453844157
STP,Sao Tome and Principe,2019,2.01431672129407,4.37812808264972,-2.3638113613556504,5.587604152074054
STP,Sao Tome and Principe,2020,2.62485949543812,2.01431672129407,0.6105427741440503,0.3727624790595129
STP,Sao Tome and Principe,2021,1.89929891337832,2.62485949543812,-0.7255605820598001,0.5264381582389559
STP,Sao Tome and Principe,2022,0.168698492216564,1.89929891337832,-1.730600421161756,2.9949778177252475
STP,Sao Tome and Principe,2023,0.372252775001456,0.168698492216564,0.203554282784892,0.041434346040071776
STP,Sao Tome and Principe,2024,1.47888850952698,0.372252775001456,1.106635734525524,1.224642648928846
STP,Sao Tome and Principe,2025,1.02847453097097,1.47888850952698,-0.45041397855600995,0.2028727520786538
SUR,Suriname,2016,-4.91166050905851,-3.41304268067621,-1.4986178283823004,2.245855395545282
SUR,Suriname,2017,1.56603782534897,-4.91166050905851,6.4776983344074806,41.96057571158545
SUR,Suriname,2018,4.94827108468886,1.56603782534897,3.3822332593398894,11.439501820584931
SUR,Suriname,2019,1.16758977233877,4.94827108468886,-3.7806813123500893,14.293551185553193
SUR,Suriname,2020,-15.9751917148622,1.16758977233877,-17.14278148720097,293.8749571179203
SUR,Suriname,2021,-2.43538583612838,-15.9751917148622,13.53980587873382,183.3263432337949
SUR,Suriname,2022,2.40622235601218,-2.43538583612838,4.84160819214056,23.441169886202584
SUR,Suriname,2023,2.41659215006946,2.40622235601218,0.010369794057280224,0.00010753262879040425
SUR,Suriname,2024,1.72095749127065,2.41659215006946,-0.69563465879881,0.48390757852213684
SUR,Suriname,2025,1.79169153226913,1.72095749127065,0.07073404099848002,0.005003304555974652
SVK,Slovak Republic,2016,1.94781841524558,5.17687909722133,-3.22906068197575,10.426832887881696
SVK,Slovak Republic,2017,2.87473327453695,1.94781841524558,0.9269148592913701,0.8591711563751404
SVK,Slovak Republic,2018,4.06211981896483,2.87473327453695,1.1873865444278802,1.4098868058883822
SVK,Slovak Republic,2019,2.27589910019393,4.06211981896483,-1.7862207187709003,3.1905844561664316
SVK,Slovak Republic,2020,-2.58551241733207,2.27589910019393,-4.861411517525999,23.63332194273444
SVK,Slovak Republic,2021,5.6558588065555,-2.58551241733207,8.241371223887569,67.92019964992208
SVK,Slovak Republic,2022,0.544591632137454,5.6558588065555,-5.111267174418046,26.125052128283436
SVK,Slovak Republic,2023,2.11263633214959,0.544591632137454,1.5680447000121358,2.458764181236149
SVK,Slovak Republic,2024,1.93867445549446,2.11263633214959,-0.17396187665512985,0.030262734529374613
SVK,Slovak Republic,2025,0.807418690144758,1.93867445549446,-1.131255765349702,1.27973960663694
SVN,Slovenia,2016,3.03441486663654,2.39330621338168,0.64110865325486,0.4110203052782603
SVN,Slovenia,2017,5.17440215579958,3.03441486663654,2.1399872891630403,4.5795455977793775
SVN,Slovenia,2018,4.37908347331195,5.17440215579958,-0.7953186824876299,0.6325318067138596
SVN,Slovenia,2019,3.50525332381912,4.37908347331195,-0.87383014949283,0.7635791301626617
SVN,Slovenia,2020,-4.08500094942896,3.50525332381912,-7.59025427324808,57.61195993256074
SVN,Slovenia,2021,8.41686457725321,-4.08500094942896,12.50186552668217,156.29664164724406
SVN,Slovenia,2022,2.66850555542486,8.41686457725321,-5.74835902182835,33.04363144383538
SVN,Slovenia,2023,2.3758326648385,2.66850555542486,-0.2926728905863598,0.08565742088417534
SVN,Slovenia,2024,1.73139722479493,2.3758326648385,-0.6444354400435701,0.41529703638414983
SVN,Slovenia,2025,1.05992996255246,1.73139722479493,-0.67146726224247,0.450868284263398
SWE,Sweden,2016,2.13117914731151,4.38824673608589,-2.2570675887743796,5.094354100295792
SWE,Sweden,2017,1.88282184966646,2.13117914731151,-0.2483572976450501,0.06168134729355201
SWE,Sweden,2018,1.7702553546772,1.88282184966646,-0.11256649498925997,0.01267121579416709
SWE,Sweden,2019,2.60823012869524,1.7702553546772,0.8379747740180401,0.7022017218905854
SWE,Sweden,2020,-1.93379704032216,2.60823012869524,-4.5420271690174,20.63001080409222
SWE,Sweden,2021,5.2258643028773,-1.93379704032216,7.15966134319946,51.260750549304696
SWE,Sweden,2022,1.25543620445816,5.2258643028773,-3.9704280984191396,15.764299284716225
SWE,Sweden,2023,-0.204061304891439,1.25543620445816,-1.459497509349599,2.1301329797976827
SWE,Sweden,2024,1.01779633304398,-0.204061304891439,1.2218576379354191,1.4929360873811217
SWE,Sweden,2025,1.54316373266217,1.01779633304398,0.52536739961819,0.27601090458157895
SWZ,Eswatini,2016,2.94916821059911,1.70425806017289,1.2449101504262199,1.5498012826342333
SWZ,Eswatini,2017,3.52095345987983,2.94916821059911,0.5717852492807203,0.3269383712950154
SWZ,Eswatini,2018,0.0653956557843571,3.52095345987983,-3.455557804095473,11.940879737445128
SWZ,Eswatini,2019,6.43186888691574,0.0653956557843571,6.3664732311313825,40.53198140271247
SWZ,Eswatini,2020,-2.95183453409287,6.43186888691574,-9.38370342100861,88.05388989344868
SWZ,Eswatini,2021,4.23621913615419,-2.95183453409287,7.1880536702470605,51.668115566352235
SWZ,Eswatini,2022,0.386070835562705,4.23621913615419,-3.8501483005914854,14.823641936547503
SWZ,Eswatini,2023,3.53257662836211,0.386070835562705,3.146505792799405,9.900498704120213
SWZ,Eswatini,2024,3.03162462475916,3.53257662836211,-0.5009520036029502,0.25095290991381025
SWZ,Eswatini,2025,4.1939175580556,3.03162462475916,1.16229293329644,1.3509248627908428
SYC,Seychelles,2016,12.1175272453913,8.9140088750469,3.2035183703443995,10.262529949134036
SYC,Seychelles,2017,6.95416218794271,12.1175272453913,-5.16336505744859,26.66033871648108
SYC,Seychelles,2018,4.93947272254312,6.95416218794271,-2.0146894653995897,4.058973641992084
SYC,Seychelles,2019,5.5142920737342,4.93947272254312,0.5748193511910804,0.33041728650373464
SYC,Seychelles,2020,-11.7398608281732,5.5142920737342,-17.2541529019074,297.70579236239956
SYC,Seychelles,2021,0.552281631207279,-11.7398608281732,12.292142459380479,151.09676624170436
SYC,Seychelles,2022,9.88048366355446,0.552281631207279,9.32820203234718,87.01535315628607
SYC,Seychelles,2023,5.17980996672414,9.88048366355446,-4.700673696830319,22.096333204072415
SYC,Seychelles,2024,3.34667429007052,5.17980996672414,-1.8331356766536202,3.360386409020326
SYC,Seychelles,2025,5.79795669973812,3.34667429007052,2.4512824096676,6.008785451945794
SYR,Syrian Arab Republic,2016,-6.40568496867387,-4.17969204561759,-2.22599292305628,4.955044493496642
SYR,Syrian Arab Republic,2017,-0.723346297115341,-6.40568496867387,5.682338671558529,32.288972778289555
SYR,Syrian Arab Republic,2018,1.39323324059961,-0.723346297115341,2.116579537714951,4.479908939473636
SYR,Syrian Arab Republic,2019,1.22072818348491,1.39323324059961,-0.1725050571147,0.029757994730145905
SYR,Syrian Arab Republic,2020,0.954914586675713,1.22072818348491,-0.2658135968091969,0.0706568682486423
SYR,Syrian Arab Republic,2021,1.7896919997567,0.954914586675713,0.834777413080987,0.6968533293901847
SYR,Syrian Arab Republic,2022,-0.20247264200475,1.7896919997567,-1.99216464176145,3.9687199598845266
TCD,Chad,2016,-4.12250332637034,3.30415979779805,-7.42666312416839,55.15532515988259
TCD,Chad,2017,-1.61746922820204,-4.12250332637034,2.5050340981682995,6.275195832985865
TCD,Chad,2018,5.74111580758154,-1.61746922820204,7.35858503578358,54.14877372885803
TCD,Chad,2019,5.38282202874814,5.74111580758154,-0.3582937788334002,0.1283744319507175
TCD,Chad,2020,-0.393646582380399,5.38282202874814,-5.776468611128539,33.367589615353275
TCD,Chad,2021,0.293442648033434,-0.393646582380399,0.687089230413833,0.4720916105506732
TCD,Chad,2022,4.12969897668356,0.293442648033434,3.8362563286501263,14.716862619108147
TCD,Chad,2023,3.99861309461539,4.12969897668356,-0.13108588206817018,0.01718350847759022
TCD,Chad,2024,4.95210484607125,3.99861309461539,0.9534917514558598,0.9091465200943633
TCD,Chad,2025,5.58988021765651,4.95210484607125,0.6377753715852599,0.4067574246007163
TEA,East Asia & Pacific (IDA & IBRD countries),2016,6.50841250220505,6.66374638813893,-0.15533388593387976,0.024128616119319567
TEA,East Asia & Pacific (IDA & IBRD countries),2017,6.66638400332221,6.50841250220505,0.15797150111716007,0.024954995165208906
TEA,East Asia & Pacific (IDA & IBRD countries),2018,6.53783889633732,6.66638400332221,-0.1285451069848902,0.016523844529756866
TEA,East Asia & Pacific (IDA & IBRD countries),2019,5.88481120447702,6.53783889633732,-0.6530276918602995,0.4264451663363903
TEA,East Asia & Pacific (IDA & IBRD countries),2020,1.34329202401489,5.88481120447702,-4.54151918046213,20.625396466505414
TEA,East Asia & Pacific (IDA & IBRD countries),2021,7.71993890573823,1.34329202401489,6.376646881723341,40.661625454192006
TEA,East Asia & Pacific (IDA & IBRD countries),2022,3.5491103392587,7.71993890573823,-4.17082856647953,17.39581093096169
TEA,East Asia & Pacific (IDA & IBRD countries),2023,5.2600647393007,3.5491103392587,1.7109544000419996,2.927364959023079
TEA,East Asia & Pacific (IDA & IBRD countries),2024,4.95413752144529,5.2600647393007,-0.30592721785540977,0.09359146262475135
TEA,East Asia & Pacific (IDA & IBRD countries),2025,4.94449693162349,4.95413752144529,-0.009640589821799495,9.2940972112184e-05
TEC,Europe & Central Asia (IDA & IBRD countries),2016,1.89511334774663,1.46022367131448,0.43488967643214993,0.18912903066726006
TEC,Europe & Central Asia (IDA & IBRD countries),2017,4.37963852941809,1.89511334774663,2.4845251816714597,6.1728653783596
TEC,Europe & Central Asia (IDA & IBRD countries),2018,3.81479272946348,4.37963852941809,-0.5648457999546097,0.319050777726363
TEC,Europe & Central Asia (IDA & IBRD countries),2019,2.83114768378128,3.81479272946348,-0.9836450456821999,0.9675575758951371
TEC,Europe & Central Asia (IDA & IBRD countries),2020,-1.44509752100556,2.83114768378128,-4.27624520478684,18.286273051462445
TEC,Europe & Central Asia (IDA & IBRD countries),2021,7.59725679517675,-1.44509752100556,9.04235431618231,81.76417157938086
TEC,Europe & Central Asia (IDA & IBRD countries),2022,1.97113681599863,7.59725679517675,-5.62611997917812,31.65322602010721
TEC,Europe & Central Asia (IDA & IBRD countries),2023,3.8319198777364,1.97113681599863,1.86078306173777,3.4625136028501897
TEC,Europe & Central Asia (IDA & IBRD countries),2024,4.03167528195137,3.8319198777364,0.19975540421496962,0.0399022215130859
TEC,Europe & Central Asia (IDA & IBRD countries),2025,2.84310557858637,4.03167528195137,-1.1885697033649998,1.4126979397571635
TGO,Togo,2016,4.21490387414525,5.4680413807304,-1.2531375065851496,1.5703536104104456
TGO,Togo,2017,4.00791259566937,4.21490387414525,-0.20699127847588006,0.042845389365079325
TGO,Togo,2018,4.79518333086139,4.00791259566937,0.7872707351920196,0.619795210489783
TGO,Togo,2019,4.91949260488683,4.79518333086139,0.12430927402544079,0.015452795608732127
TGO,Togo,2020,2.15900131150536,4.91949260488683,-2.7604912933814703,7.620312180834903
TGO,Togo,2021,5.13562929064506,2.15900131150536,2.9766279791396997,8.860314126197292
TGO,Togo,2022,6.29443692019429,5.13562929064506,1.15880762954923,1.3428351223015054
TGO,Togo,2023,6.19762969378132,6.29443692019429,-0.09680722641297024,0.009371639085772083
TGO,Togo,2024,6.52651376797853,6.19762969378132,0.32888407419721055,0.1081647342605563
TGO,Togo,2025,6.31032671625633,6.52651376797853,-0.21618705172220043,0.04673684133233737
THA,Thailand,2016,3.43515771692182,3.13404724911635,0.3011104678054699,0.09066751382202892
THA,Thailand,2017,4.1776810321001,3.43515771692182,0.7425233151782802,0.5513408735833436
THA,Thailand,2018,4.22287028746071,4.1776810321001,0.04518925536060969,0.0020420688000463917
THA,Thailand,2019,2.11455779628278,4.22287028746071,-2.1083124911779296,4.444981560456887
THA,Thailand,2020,-6.09306312966953,2.11455779628278,-8.20762092595231,67.36504126413027
THA,Thailand,2021,1.55858232076893,-6.09306312966953,7.65164545043846,58.54767809921559
THA,Thailand,2022,2.63784213566305,1.55858232076893,1.0792598148941202,1.1648017480452906
THA,Thailand,2023,2.24883437970568,2.63784213566305,-0.38900775595737036,0.15132703419498902
THA,Thailand,2024,2.94859986593323,2.24883437970568,0.6997654862275504,0.48967173571528005
THA,Thailand,2025,2.44247444990198,2.94859986593323,-0.5061254160312503,0.25616293675280616
TJK,Tajikistan,2016,6.89999999999999,6.01930331771186,0.8806966822881295,0.7756266461933184
TJK,Tajikistan,2017,7.10000041864309,6.89999999999999,0.20000041864309992,0.04000016745741523
TJK,Tajikistan,2018,7.5999988895536,7.10000041864309,0.4999984709105103,0.2499984709128484
TJK,Tajikistan,2019,7.40000016310556,7.5999988895536,-0.1999987264480403,0.03999949058083805
TJK,Tajikistan,2020,4.40000111553493,7.40000016310556,-2.99999904757063,8.999994285424687
TJK,Tajikistan,2021,9.39999955037523,4.40000111553493,4.9999984348402995,24.999984348405444
TJK,Tajikistan,2022,8.00000033846364,9.39999955037523,-1.3999992119115898,1.9599977933530726
TJK,Tajikistan,2023,8.29999921651935,8.00000033846364,0.29999887805571035,0.08999932683468496
TJK,Tajikistan,2024,8.39999980983981,8.29999921651935,0.10000059332046085,0.0100001186644442
TJK,Tajikistan,2025,8.40000053390075,8.39999980983981,7.240609392056285e-07,5.242642436833369e-13
TKM,Turkmenistan,2016,6.22909997062793,6.45254918531575,-0.22344921468781997,0.04992955154460346
TKM,Turkmenistan,2017,6.45138358820188,6.22909997062793,0.2222836175739502,0.04941000664176215
TKM,Turkmenistan,2018,6.20602363832646,6.45138358820188,-0.24535994987541976,0.0602015050028685
TKM,Turkmenistan,2019,6.33169567608873,6.20602363832646,0.12567203776226954,0.0157934610753213
TKM,Turkmenistan,2020,5.87065623130427,6.33169567608873,-0.46103944478445946,0.21255736964716265
TKM,Turkmenistan,2021,6.15115785574542,5.87065623130427,0.28050162444114957,0.07868116131412371
TKM,Turkmenistan,2022,6.23491365071671,6.15115785574542,0.0837557949712906,0.007015033191272868
TKM,Turkmenistan,2023,6.31879850268643,6.23491365071671,0.08388485196971995,0.007036668389981829
TKM,Turkmenistan,2024,6.28235647996578,6.31879850268643,-0.036442022720650336,0.0013280210199723952
TKM,Turkmenistan,2025,6.30000003697894,6.28235647996578,0.017643557013159672,0.0003112951040766158
TLA,Latin America & the Caribbean (IDA & IBRD countries),2016,-0.748991632597836,0.189496368114675,-0.9384880007125109,0.8807597274813659
TLA,Latin America & the Caribbean (IDA & IBRD countries),2017,1.62136105748272,-0.748991632597836,2.370352690080556,5.618571875372128
TLA,Latin America & the Caribbean (IDA & IBRD countries),2018,1.30772581346528,1.62136105748272,-0.3136352440174399,0.09836706628987908
TLA,Latin America & the Caribbean (IDA & IBRD countries),2019,0.295159946142377,1.30772581346528,-1.012565867322903,1.0252896356673828
TLA,Latin America & the Caribbean (IDA & IBRD countries),2020,-6.78167389936947,0.295159946142377,-7.076833845511847,50.081577276981996
TLA,Latin America & the Caribbean (IDA & IBRD countries),2021,7.27596087772766,-6.78167389936947,14.05763477709713,197.61709552625067
TLA,Latin America & the Caribbean (IDA & IBRD countries),2022,4.12386672781881,7.27596087772766,-3.1520941499088497,9.935697529889595
TLA,Latin America & the Caribbean (IDA & IBRD countries),2023,2.28058560829545,4.12386672781881,-1.8432811195233603,3.3976852855912925
TLA,Latin America & the Caribbean (IDA & IBRD countries),2024,2.27782988064618,2.28058560829545,-0.00275572764926979,7.594034876950004e-06
TLA,Latin America & the Caribbean (IDA & IBRD countries),2025,2.356382434447,2.27782988064618,0.07855255380082005,0.006170503708630728
TLS,Timor-Leste,2016,3.00993062553351,2.48004040218397,0.5298902233495402,0.2807836488014256
TLS,Timor-Leste,2017,-3.18241522489195,3.00993062553351,-6.19234585042546,38.345147131281415
TLS,Timor-Leste,2018,-0.466502170658785,-3.18241522489195,2.715913054233165,7.376183718154119
TLS,Timor-Leste,2019,24.2128840085001,-0.466502170658785,24.679386179158886,609.0721021800587
TLS,Timor-Leste,2020,31.7257416721413,24.2128840085001,7.512857663641199,56.4430302741323
TLS,Timor-Leste,2021,5.36980119392668,31.7257416721413,-26.35594047821462,694.6355984911919
TLS,Timor-Leste,2022,-20.5224802314812,5.36980119392668,-25.89228142540788,670.410237412522
TLS,Timor-Leste,2023,-18.1359049134472,-20.5224802314812,2.3865753180340015,5.6957417486490955
TLS,Timor-Leste,2024,-9.10069289810397,-18.1359049134472,9.035212015343228,81.63505616220264
TLS,Timor-Leste,2025,6.97538939119629,-9.10069289810397,16.07608228930026,258.4404217723535
TMN,"Middle East, North Africa, Afghanistan & Pakistan (IDA & IBRD)",2016,5.53604079765444,1.09556855918702,4.44047223846742,19.71779370059986
TMN,"Middle East, North Africa, Afghanistan & Pakistan (IDA & IBRD)",2017,3.41861623376329,5.53604079765444,-2.11742456389115,4.483486783769627
TMN,"Middle East, North Africa, Afghanistan & Pakistan (IDA & IBRD)",2018,2.1052660162653,3.41861623376329,-1.31335021749799,1.7248887938020179
TMN,"Middle East, North Africa, Afghanistan & Pakistan (IDA & IBRD)",2019,1.39572055452479,2.1052660162653,-0.7095454617405101,0.5034547622765537
TMN,"Middle East, North Africa, Afghanistan & Pakistan (IDA & IBRD)",2020,-2.55101546183431,1.39572055452479,-3.9467360163591,15.576725182826097
TMN,"Middle East, North Africa, Afghanistan & Pakistan (IDA & IBRD)",2021,4.31282389000222,-2.55101546183431,6.86383935183653,47.11229064781972
TMN,"Middle East, North Africa, Afghanistan & Pakistan (IDA & IBRD)",2022,4.3223956322189,4.31282389000222,0.009571742216679446,9.161824906256356e-05
TMN,"Middle East, North Africa, Afghanistan & Pakistan (IDA & IBRD)",2023,2.92442456913298,4.3223956322189,-1.3979710630859197,1.9543230932255764
TMN,"Middle East, North Africa, Afghanistan & Pakistan (IDA & IBRD)",2024,2.43947657943453,2.92442456913298,-0.4849479896984499,0.23517455271256785
TMN,"Middle East, North Africa, Afghanistan & Pakistan (IDA & IBRD)",2025,1.9829526200861,2.43947657943453,-0.45652395934843004,0.20841412545916702
TON,Tonga,2016,6.59869879417958,1.11374402398066,5.48495477019892,30.084728831127887
TON,Tonga,2017,3.20231976224244,6.59869879417958,-3.3963790319371396,11.535390528582262
TON,Tonga,2018,0.527828083180253,3.20231976224244,-2.674491679062187,7.1529057413728765
TON,Tonga,2019,-0.285210784299821,0.527828083180253,-0.8130388674800739,0.6610322000332812
TON,Tonga,2020,1.80618715298932,-0.285210784299821,2.091397937289141,4.373945332097274
TON,Tonga,2021,-0.934919892094683,1.80618715298932,-2.741107045084003,7.513667832609156
TON,Tonga,2022,-2.12854876486114,-0.934919892094683,-1.1936288727664572,1.4247498859017234
TON,Tonga,2023,2.79014715494606,-2.12854876486114,4.918695919807201,24.193569551528004
TON,Tonga,2024,1.71653807667747,2.79014715494606,-1.07360907826859,1.1526364529407316
TON,Tonga,2025,2.79999999999998,1.71653807667747,1.0834619233225098,1.173889739289712
TSA,South Asia (IDA & IBRD),2016,7.96912333644603,7.68973935190233,0.27938398454370006,0.07805541081951443
TSA,South Asia (IDA & IBRD),2017,6.78411966009934,7.96912333644603,-1.1850036763466898,1.4042337129551703
TSA,South Asia (IDA & IBRD),2018,6.39366632555758,6.78411966009934,-0.39045333454176046,0.1524538064547799
TSA,South Asia (IDA & IBRD),2019,4.09454306534288,6.39366632555758,-2.2991232602146994,5.285967765660268
TSA,South Asia (IDA & IBRD),2020,-4.98750173652559,4.09454306534288,-9.08204480186847,82.4835377831461
TSA,South Asia (IDA & IBRD),2021,9.24659959756499,-4.98750173652559,14.234101334090578,202.6096407891592
TSA,South Asia (IDA & IBRD),2022,7.10115392414392,9.24659959756499,-2.1454456734210696,4.602937137601187
TSA,South Asia (IDA & IBRD),2023,6.7848640413625,7.10115392414392,-0.3162898827814198,0.10003928994988427
TSA,South Asia (IDA & IBRD),2024,6.75761201913679,6.7848640413625,-0.027252022225709993,0.0007426727153905915
TSA,South Asia (IDA & IBRD),2025,7.12381420637792,6.75761201913679,0.3662021872411305,0.13410404194018802
TSS,Sub-Saharan Africa (IDA & IBRD countries),2016,1.31700355850862,2.93344601140815,-1.61644245289953,2.6128862035358495
TSS,Sub-Saharan Africa (IDA & IBRD countries),2017,2.50745485300064,1.31700355850862,1.19045129449202,1.4171742845577262
TSS,Sub-Saharan Africa (IDA & IBRD countries),2018,2.7943308213089,2.50745485300064,0.28687596830826,0.0822978211928018
TSS,Sub-Saharan Africa (IDA & IBRD countries),2019,2.5491393304619,2.7943308213089,-0.2451914908470001,0.06011886718377453
TSS,Sub-Saharan Africa (IDA & IBRD countries),2020,-3.29212615874916,2.5491393304619,-5.84126548921106,34.12038251544813
TSS,Sub-Saharan Africa (IDA & IBRD countries),2021,3.58194129290288,-3.29212615874916,6.87406745165204,47.252803329861976
TSS,Sub-Saharan Africa (IDA & IBRD countries),2022,4.03371066956888,3.58194129290288,0.45176937666599937,0.20409556969318562
TSS,Sub-Saharan Africa (IDA & IBRD countries),2023,2.71446691675898,4.03371066956888,-1.3192437528098995,1.7404040793279472
TSS,Sub-Saharan Africa (IDA & IBRD countries),2024,3.61612792495724,2.71446691675898,0.9016610081982597,0.8129925737051021
TSS,Sub-Saharan Africa (IDA & IBRD countries),2025,4.13928145259648,3.61612792495724,0.5231535276392401,0.2736896134813811
TTO,Trinidad and Tobago,2016,-7.53636305379372,-0.406283288730492,-7.130079765063228,50.8380374561641
TTO,Trinidad and Tobago,2017,-4.87274946918724,-7.53636305379372,2.6636135846064803,7.0948373281001835
TTO,Trinidad and Tobago,2018,-0.945449700943314,-4.87274946918724,3.927299768243926,15.423683469648795
TTO,Trinidad and Tobago,2019,0.467734528855885,-0.945449700943314,1.413184229799199,1.9970896673531553
TTO,Trinidad and Tobago,2020,-8.78879817831519,0.467734528855885,-9.256532707171075,85.68339775892788
TTO,Trinidad and Tobago,2021,-0.716740625909793,-8.78879817831519,8.072057552405397,65.15811312934501
TTO,Trinidad and Tobago,2022,0.86126082651883,-0.716740625909793,1.578001452428623,2.490088583866844
TTO,Trinidad and Tobago,2023,1.46645947294053,0.86126082651883,0.6051986464217001,0.36626540163065796
TTO,Trinidad and Tobago,2024,2.50920813979569,1.46645947294053,1.0427486668551598,1.087324782228213
TTO,Trinidad and Tobago,2025,-0.787768572727643,2.50920813979569,-3.2969767125233327,10.870055442921162
TUN,Tunisia,2016,1.117231963992,0.967834205635981,0.1493977583560191,0.022319690201803473
TUN,Tunisia,2017,2.25261437620587,1.117231963992,1.1353824122138698,1.2890932219645859
TUN,Tunisia,2018,2.60696965356362,2.25261437620587,0.3543552773577501,0.125567662591288
TUN,Tunisia,2019,1.55009304966742,2.60696965356362,-1.0568766038962,1.1169881558631654
TUN,Tunisia,2020,-8.97512622934723,1.55009304966742,-10.52521927901465,110.78024087134166
TUN,Tunisia,2021,4.73603648206102,-8.97512622934723,13.71116271140825,187.99598289871201
TUN,Tunisia,2022,2.75228761004381,4.73603648206102,-1.9837488720172098,3.9352595872295524
TUN,Tunisia,2023,0.184015548469745,2.75228761004381,-2.5682720615740653,6.5960213822619
TUN,Tunisia,2024,1.61444564976986,0.184015548469745,1.430430101300115,2.0461302747054573
TUN,Tunisia,2025,2.49311010666248,1.61444564976986,0.8786644568926198,0.7720512278064026
TUR,Turkiye,2016,3.32366508200445,5.80557386628684,-2.4819087842823904,6.159871213498093
TUR,Turkiye,2017,7.82585730002594,3.32366508200445,4.50219221802149,20.26973476801326
TUR,Turkiye,2018,3.46815306092219,7.82585730002594,-4.35770423910375,18.989586235502795
TUR,Turkiye,2019,1.30162365464503,3.46815306092219,-2.16652940627716,4.693849668263664
TUR,Turkiye,2020,1.80306247087255,1.30162365464503,0.5014388162275201,0.2514408864196566
TUR,Turkiye,2021,11.811094450607,1.80306247087255,10.008031979734449,100.16070410738743
TUR,Turkiye,2022,5.44122511322401,11.811094450607,-6.3698693373829895,40.57523537533201
TUR,Turkiye,2023,5.04512369812289,5.44122511322401,-0.3961014151011195,0.1568963310451094
TUR,Turkiye,2024,3.3276230893799,5.04512369812289,-1.7175006087429905,2.949808341032543
TUR,Turkiye,2025,3.60462514082589,3.3276230893799,0.2770020514459901,0.07673013650528696
TUV,Tuvalu,2016,4.77650497336539,9.37896384662504,-4.602458873259649,21.182627680046476
TUV,Tuvalu,2017,3.26802914033142,4.77650497336539,-1.50847583303397,2.27549933884753
TUV,Tuvalu,2018,1.38668386152332,3.26802914033142,-1.8813452788081002,3.5394600580935283
TUV,Tuvalu,2019,13.4465048163198,1.38668386152332,12.05982095479648,145.4392814617483
TUV,Tuvalu,2020,-3.03030303030303,13.4465048163198,-16.47680784662283,271.48519681453166
TUV,Tuvalu,2021,0.0,-3.03030303030303,3.03030303030303,9.182736455463726
TUV,Tuvalu,2022,-10.9375,0.0,-10.9375,119.62890625
TUV,Tuvalu,2023,3.50877192982458,-10.9375,14.44627192982458,208.69477267043757
TUV,Tuvalu,2024,3.38983050847457,3.50877192982458,-0.11894142135000996,0.014147061712760605
TUV,Tuvalu,2025,1.63934426229508,3.38983050847457,-1.75048624617949,3.0642020980635616
TZA,Tanzania,2016,6.86711619644551,6.16062877406682,0.7064874223786894,0.4991244779792847
TZA,Tanzania,2017,6.72726996832438,6.86711619644551,-0.13984622812112946,0.01955696751970698
TZA,Tanzania,2018,5.50267599384966,6.72726996832438,-1.22459397447472,1.4996304023197913
TZA,Tanzania,2019,5.79999999996723,5.50267599384966,0.29732400611756926,0.08840156461380036
TZA,Tanzania,2020,1.99196460647855,5.79999999996723,-3.8080353934886797,14.501133558062484
TZA,Tanzania,2021,4.32138429480482,1.99196460647855,2.32941968832627,5.426196084362056
TZA,Tanzania,2022,4.56600576430955,4.32138429480482,0.24462146950473063,0.05983966334265386
TZA,Tanzania,2023,5.06952353203394,4.56600576430955,0.5035177677243894,0.2535301424141521
TZA,Tanzania,2024,5.5263138305945,5.06952353203394,0.4567902985605601,0.20865737685904562
TZA,Tanzania,2025,5.85286828692739,5.5263138305945,0.3265544563328904,0.1066378129508696
UGA,Uganda,2016,4.78100029254482,5.18785986002466,-0.40685956747983987,0.16553470764988237
UGA,Uganda,2017,3.13140551723596,4.78100029254482,-1.6495947753088602,2.7211629227262892
UGA,Uganda,2018,6.30392378262997,3.13140551723596,3.17251826539401,10.064872144258619
UGA,Uganda,2019,6.43874503276439,6.30392378262997,0.13482125013442037,0.018176769487807942
UGA,Uganda,2020,2.95130642218098,6.43874503276439,-3.48743861058341,12.162228062587946
UGA,Uganda,2021,3.53658034070898,2.95130642218098,0.5852739185279998,0.34254555970911976
UGA,Uganda,2022,4.58802192181773,3.53658034070898,1.05144158110875,1.1055293984844683
UGA,Uganda,2023,5.33697295511469,4.58802192181773,0.7489510332969598,0.5609276502765838
UGA,Uganda,2024,6.05558075875589,5.33697295511469,0.7186078036412002,0.5163971754540299
UGA,Uganda,2025,6.33181157677313,6.05558075875589,0.2762308180172397,0.0763034648224734
UKR,Ukraine,2016,2.44098194492067,-9.7729872128676,12.21396915778827,149.1810425874031
UKR,Ukraine,2017,2.35997228099491,2.44098194492067,-0.08100966392576003,0.006562565649364587
UKR,Ukraine,2018,3.48836234022659,2.35997228099491,1.12839005923168,1.2732641257728743
UKR,Ukraine,2019,3.19950386354134,3.48836234022659,-0.2888584766852498,0.083439219552923
UKR,Ukraine,2020,-3.75281793983162,3.19950386354134,-6.952321803372961,48.334778457655055
UKR,Ukraine,2021,3.44562065945944,-3.75281793983162,7.19843859929106,51.81751826776343
UKR,Ukraine,2022,-28.7585842155085,3.44562065945944,-32.20420487496794,1037.110811628909
UKR,Ukraine,2023,5.53473354963334,-28.7585842155085,34.293317765141836,1176.0316433409926
UKR,Ukraine,2024,3.24811808426423,5.53473354963334,-2.2866154653691098,5.22861028646519
UKR,Ukraine,2025,1.82152376756284,3.24811808426423,-1.4265943167013901,2.035171344444706
URY,Uruguay,2016,1.68979822971775,0.370741257681345,1.319056972036405,1.739911295477849
URY,Uruguay,2017,1.74037649141989,1.68979822971775,0.05057826170213997,0.002558160556810159
URY,Uruguay,2018,0.164777608846705,1.74037649141989,-1.575598882573185,2.4825118387658693
URY,Uruguay,2019,0.928351027546341,0.164777608846705,0.763573418699636,0.5830443657446497
URY,Uruguay,2020,-7.35732706897301,0.928351027546341,-8.285678096519351,68.65246151914054
URY,Uruguay,2021,5.84427325018082,-7.35732706897301,13.20160031915383,174.2822509866825
URY,Uruguay,2022,4.60623000920732,5.84427325018082,-1.2380432409735,1.532751066520168
URY,Uruguay,2023,0.761749241321681,4.60623000920732,-3.8444807678856394,14.780032374642555
URY,Uruguay,2024,3.32575905957381,0.761749241321681,2.564009818252129,6.574146348093317
URY,Uruguay,2025,1.78471117082752,3.32575905957381,-1.54104788874629,2.3748285954093977
USA,United States,2016,1.81945147909089,2.94555045227337,-1.1260989731824802,1.2680988974026364
USA,United States,2017,2.45762230126449,1.81945147909089,0.6381708221736,0.4072619982737286
USA,United States,2018,2.96650506701943,2.45762230126449,0.5088827657549402,0.25896166928239733
USA,United States,2019,2.58382533052225,2.96650506701943,-0.3826797364971801,0.14644378072555123
USA,United States,2020,-2.081375977796,2.58382533052225,-4.665201308318251,21.76410324713432
USA,United States,2021,6.15202247867526,-2.081375977796,8.23339845647126,67.78885014302332
USA,United States,2022,2.52421385073222,6.15202247867526,-3.62780862794304,13.160995440977963
USA,United States,2023,2.93436322440155,2.52421385073222,0.41014937366933024,0.1682225087213439
USA,United States,2024,2.79318715363841,2.93436322440155,-0.14117607076313998,0.01993068295611911
USA,United States,2025,2.16138195623856,2.79318715363841,-0.6318051973998502,0.3991778074614637
UZB,Uzbekistan,2016,6.71108022628,7.94477659311639,-1.2336963668363898,1.5220067255453082
UZB,Uzbekistan,2017,4.70027401956061,6.71108022628,-2.0108062067193897,4.043341600981221
UZB,Uzbekistan,2018,5.72368380757618,4.70027401956061,1.0234097880155693,1.0473675942060725
UZB,Uzbekistan,2019,6.79331098484522,5.72368380757618,1.06962717726904,1.1441022983525344
UZB,Uzbekistan,2020,1.62162281640448,6.79331098484522,-5.17168816844074,26.746358511589936
UZB,Uzbekistan,2021,8.20448512353877,1.62162281640448,6.58286230713429,43.334076154689384
UZB,Uzbekistan,2022,6.08592335737373,8.20448512353877,-2.1185617661650404,4.488303957056336
UZB,Uzbekistan,2023,6.31603004201926,6.08592335737373,0.23010668464552975,0.05294908631855728
UZB,Uzbekistan,2024,6.67618796188361,6.31603004201926,0.3601579198643501,0.12971372724101563
UZB,Uzbekistan,2025,7.69962477932913,6.67618796188361,1.0234368174455204,1.0474229193030153
VCT,St. Vincent and the Grenadines,2016,4.1496810046981,2.78509791763551,1.3645830870625897,1.8620870014972672
VCT,St. Vincent and the Grenadines,2017,1.54810173239956,4.1496810046981,-2.60157927229854,6.7682147100534
VCT,St. Vincent and the Grenadines,2018,3.1756114423991,1.54810173239956,1.62750970999954,2.6487878561427864
VCT,St. Vincent and the Grenadines,2019,0.668428481084234,3.1756114423991,-2.507182961314866,6.285966401507582
VCT,St. Vincent and the Grenadines,2020,-4.26892434422649,0.668428481084234,-4.937352825310724,24.377452921603794
VCT,St. Vincent and the Grenadines,2021,2.09340124465459,-4.26892434422649,6.36232558888108,40.47918689893098
VCT,St. Vincent and the Grenadines,2022,3.1108330034352,2.09340124465459,1.01743175878061,1.0351673837754056
VCT,St. Vincent and the Grenadines,2023,5.32636472098717,3.1108330034352,2.21553171755197,4.908580791478783
VCT,St. Vincent and the Grenadines,2024,4.06183490050209,5.32636472098717,-1.2645298204850803,1.5990356668960295
VCT,St. Vincent and the Grenadines,2025,3.3921670546227,4.06183490050209,-0.6696678458793901,0.44845502380474256
VEN,"Venezuela, RB",2016,-17.1122994652406,-6.18729096989966,-10.92500849534094,119.35581062327171
VEN,"Venezuela, RB",2017,-15.6989247311828,-17.1122994652406,1.4133747340578005,1.9976281388729582
VEN,"Venezuela, RB",2018,-19.6428571428571,-15.6989247311828,-3.9439324116743,15.554602867855062
VEN,"Venezuela, RB",2019,-27.6190476190476,-19.6428571428571,-7.976190476190499,63.619614512472026
VEN,"Venezuela, RB",2020,-29.8245614035088,-27.6190476190476,-2.2055137844612,4.864291053448364
VEN,"Venezuela, RB",2021,0.625000000000014,-29.8245614035088,30.449561403508813,927.1757896660536
VEN,"Venezuela, RB",2022,8.07453416149069,0.625000000000014,7.449534161490675,55.495559223216574
VEN,"Venezuela, RB",2023,4.02298850574712,8.07453416149069,-4.051545655743569,16.415022200574583
VEN,"Venezuela, RB",2024,5.52486187845305,4.02298850574712,1.50187337270593,2.255623627643085
VEN,"Venezuela, RB",2025,1.57068062827224,5.52486187845305,-3.9541812501808105,15.635549359281477
VNM,Viet Nam,2016,6.69000892660424,6.98715430598611,-0.29714537938186947,0.08829537648799514
VNM,Viet Nam,2017,6.94019037359206,6.69000892660424,0.25018144698781963,0.0625907564169192
VNM,Viet Nam,2018,7.46500685572751,6.94019037359206,0.5248164821354502,0.2754323399210293
VNM,Viet Nam,2019,7.35926270105006,7.46500685572751,-0.10574415467745002,0.011181826248448474
VNM,Viet Nam,2020,2.86541320912272,7.35926270105006,-4.493849491927341,20.19468325609562
VNM,Viet Nam,2021,2.55372852648131,2.86541320912272,-0.3116846826414097,0.09714734139327627
VNM,Viet Nam,2022,8.53750041218142,2.55372852648131,5.98377188570011,35.80552598009505
VNM,Viet Nam,2023,4.97865959483225,8.53750041218142,-3.5588408173491697,12.665347963230506
VNM,Viet Nam,2024,7.03955197123018,4.97865959483225,2.0608923763979305,4.247277387095109
VNM,Viet Nam,2025,8.01882998978245,7.03955197123018,0.9792780185522698,0.9589854376196597
VUT,Vanuatu,2016,3.61980830670927,3.50101268962098,0.11879561708828978,0.014112398639387567
VUT,Vanuatu,2017,4.22332192519966,3.61980830670927,0.6035136184903904,0.36422868770336453
VUT,Vanuatu,2018,2.51532789491979,4.22332192519966,-1.7079940302798704,2.9172436074716748
VUT,Vanuatu,2019,3.27677257380314,2.51532789491979,0.76144467888335,0.579797998999768
VUT,Vanuatu,2020,-5.72530282073851,3.27677257380314,-9.00207539454165,81.0373614090122
VUT,Vanuatu,2021,-1.16332488626091,-5.72530282073851,4.5619779344776,20.811642674660508
VUT,Vanuatu,2022,5.59195729750803,-1.16332488626091,6.75528218376894,45.63383738234606
VUT,Vanuatu,2023,5.82973013269719,5.59195729750803,0.23777283518916015,0.056535921153891514
VUT,Vanuatu,2024,3.76564827114278,5.82973013269719,-2.06408186155441,4.260433931197918
VUT,Vanuatu,2025,3.05357824026483,3.76564827114278,-0.7120700308779497,0.5070437288745243
WLD,World,2016,2.78974074234593,3.12721325699906,-0.3374725146531299,0.11388769814630696
WLD,World,2017,3.44658623167955,2.78974074234593,0.65684548933362,0.4314459968579227
WLD,World,2018,3.28663086462807,3.44658623167955,-0.15995536705147995,0.025585719448573678
WLD,World,2019,2.680308747553,3.28663086462807,-0.6063221170750701,0.36762650965439503
WLD,World,2020,-2.88621185457086,2.680308747553,-5.566520602123861,30.98615161386939
WLD,World,2021,6.48508887596752,-2.88621185457086,9.37130073053838,87.82127738218917
WLD,World,2022,3.44001097265647,6.48508887596752,-3.04507790331105,9.27249943723322
WLD,World,2023,2.85938493335973,3.44001097265647,-0.5806260392967402,0.33712659750941965
WLD,World,2024,2.90001340156714,2.85938493335973,0.04062846820741006,0.0016506724288805302
WLD,World,2025,2.92127318539153,2.90001340156714,0.021259783824389977,0.0004519784082597937
WSM,Samoa,2016,7.9838628784713,3.8503618166494,4.1335010618219,17.08583102808278
WSM,Samoa,2017,1.40628239971301,7.9838628784713,-6.57758047875829,43.26456495454214
WSM,Samoa,2018,-0.609647103380141,1.40628239971301,-2.015929503093151,4.063971761441398
WSM,Samoa,2019,4.45185891688691,-0.609647103380141,5.061506020267051,25.6188431931996
WSM,Samoa,2020,-3.10864485863991,4.45185891688691,-7.56050377552682,57.161217339755304
WSM,Samoa,2021,-5.04350589708287,-3.10864485863991,-1.93486103844296,3.74368723808457
WSM,Samoa,2022,2.26705310780669,-5.04350589708287,7.31055900488956,53.44427296397184
WSM,Samoa,2023,15.233606465518,2.26705310780669,12.966553357711309,168.1315059783744
WSM,Samoa,2024,4.7483863916535,15.233606465518,-10.4852200738645,109.93983999737108
WSM,Samoa,2025,4.20440659006225,4.7483863916535,-0.5439798015912496,0.29591402453925525
YEM,"Yemen, Rep.",2016,-9.37512379736752,-27.9945462502541,18.61942245288658,346.682892479057
YEM,"Yemen, Rep.",2017,-5.07179568062152,-9.37512379736752,4.303328116746,18.518632880376675
YEM,"Yemen, Rep.",2018,0.752447592962554,-5.07179568062152,5.824243273584074,33.921809709889324
ZAF,South Africa,2016,0.664552307858116,1.32186223678229,-0.6573099289241741,0.43205634266230275
ZAF,South Africa,2017,1.15794695181735,0.664552307858116,0.49339464395923394,0.24343827468765922
ZAF,South Africa,2018,1.55678384721676,1.15794695181735,0.39883689539941014,0.15907086913184001
ZAF,South Africa,2019,0.25993557687633,1.55678384721676,-1.29684827034043,1.681815436284965
ZAF,South Africa,2020,-6.1689177146757,0.25993557687633,-6.428853291552031,41.33015464429938
ZAF,South Africa,2021,4.85864865060148,-6.1689177146757,11.027566365277181,121.60721994059259
ZAF,South Africa,2022,2.05813661692193,4.85864865060148,-2.8005120336795497,7.842867650783967
ZAF,South Africa,2023,0.80610455095804,2.05813661692193,-1.2520320659638902,1.567584294201807
ZAF,South Africa,2024,0.534843531905139,0.80610455095804,-0.271261019052901,0.07358254045761832
ZAF,South Africa,2025,1.11462608103956,0.534843531905139,0.5797825491344211,0.33614780428080737
ZMB,Zambia,2016,3.75510031678988,2.92037511217961,0.8347252046102702,0.6967661672116575
ZMB,Zambia,2017,3.52586277149926,3.75510031678988,-0.22923754529062013,0.05254985217086911
ZMB,Zambia,2018,4.03449389667165,3.52586277149926,0.5086311251723901,0.2587056214941315
ZMB,Zambia,2019,1.44130602603785,4.03449389667165,-2.5931878706338,6.724623332402262
ZMB,Zambia,2020,-2.78505506545167,1.44130602603785,-4.226361091489521,17.862128075656493
ZMB,Zambia,2021,6.23492204726448,-2.78505506545167,9.01997711271615,81.35998711392318
ZMB,Zambia,2022,5.21122360356247,6.23492204726448,-1.0236984437020107,1.0479585036379186
ZMB,Zambia,2023,5.36794285493059,5.21122360356247,0.15671925136811993,0.02456092374938396
ZMB,Zambia,2024,3.82004825518591,5.36794285493059,-1.5478945997446796,2.3959776919187417
ZMB,Zambia,2025,3.75772836763902,3.82004825518591,-0.06231988754689022,0.0038837683838570426
ZWE,Zimbabwe,2016,0.75579405855224,1.77985356392176,-1.02405950536952,1.0486978705376662
ZWE,Zimbabwe,2017,4.73441117758482,0.75579405855224,3.97861711903258,15.829394179859108
ZWE,Zimbabwe,2018,5.00992154297603,4.73441117758482,0.27551036539120943,0.07590596143799773
ZWE,Zimbabwe,2019,-6.33244976028571,5.00992154297603,-11.34237130326174,128.6493867810554
ZWE,Zimbabwe,2020,-7.81695060188729,-6.33244976028571,-1.4845008416015792,2.203742748715797
ZWE,Zimbabwe,2021,8.46801676808001,-7.81695060188729,16.2849673699673,265.2001622408997
ZWE,Zimbabwe,2022,6.13926327570213,8.46801676808001,-2.3287534923778805,5.423092828262176
ZWE,Zimbabwe,2023,5.3508687909833,6.13926327570213,-0.7883944847188298,0.6215658635350692
ZWE,Zimbabwe,2024,1.67649454921512,5.3508687909833,-3.6743742417681804,13.501026068569491
ZWE,Zimbabwe,2025,8.10671343048909,1.67649454921512,6.430218881273971,41.34771486109228
