model,mse,mae
ar1,0.9956115609556601,0.7955671971736274
naive,1.2521765416593418,0.8951891468054454
