unit_id,country,time,target,lag_1_target,unit_code
SIM000,Simulated unit 0,1961,-0.5714615751635104,2.914151239263294,0
SIM000,Simulated unit 0,1962,2.7084766423212656,-0.5714615751635104,0
SIM000,Simulated unit 0,1963,5.246780134566401,2.7084766423212656,0
SIM000,Simulated unit 0,1964,-1.9050374852216683,5.246780134566401,0
SIM000,Simulated unit 0,1965,-4.249561011719955,-1.9050374852216683,0
SIM000,Simulated unit 0,1966,-1.3662153975301168,-4.249561011719955,0
SIM000,Simulated unit 0,1967,-0.9684570155488166,-1.3662153975301168,0
SIM000,Simulated unit 0,1968,0.16852231815784377,-0.9684570155488166,0
SIM000,Simulated unit 0,1969,-1.6580183918260336,0.16852231815784377,0
SIM000,Simulated unit 0,1970,2.4433828894928658,-1.6580183918260336,0
SIM000,Simulated unit 0,1971,4.599405539982564,2.4433828894928658,0
SIM000,Simulated unit 0,1972,3.757735416673187,4.599405539982564,0
SIM000,Simulated unit 0,1973,6.436364870908011,3.757735416673187,0
SIM000,Simulated unit 0,1974,6.064346949300943,6.436364870908011,0
SIM000,Simulated unit 0,1975,1.8607307809308513,6.064346949300943,0
SIM000,Simulated unit 0,1976,3.022690820806007,1.8607307809308513,0
SIM000,Simulated unit 0,1977,-0.26303331000339236,3.022690820806007,0
SIM000,Simulated unit 0,1978,3.2775309179197825,-0.26303331000339236,0
SIM000,Simulated unit 0,1979,2.6167408177931106,3.2775309179197825,0
SIM000,Simulated unit 0,1980,1.8154574000400845,2.6167408177931106,0
SIM000,Simulated unit 0,1981,-0.15351419318777348,1.8154574000400845,0
SIM000,Simulated unit 0,1982,4.375515500109427,-0.15351419318777348,0
SIM000,Simulated unit 0,1983,2.9617208538592497,4.375515500109427,0
SIM000,Simulated unit 0,1984,1.2920490458262284,2.9617208538592497,0
SIM000,Simulated unit 0,1985,0.5188287760310482,1.2920490458262284,0
SIM000,Simulated unit 0,1986,2.708224822278675,0.5188287760310482,0
SIM000,Simulated unit 0,1987,3.52126708645944,2.708224822278675,0
SIM000,Simulated unit 0,1988,4.150958086663629,3.52126708645944,0
SIM000,Simulated unit 0,1989,4.583037861021825,4.150958086663629,0
SIM000,Simulated unit 0,1990,9.974765519224478,4.583037861021825,0
SIM000,Simulated unit 0,1991,5.565614262380841,9.974765519224478,0
SIM000,Simulated unit 0,1992,2.6026403702138925,5.565614262380841,0
SIM000,Simulated unit 0,1993,-0.07973396261529775,2.6026403702138925,0
SIM000,Simulated unit 0,1994,2.600097890157308,-0.07973396261529775,0
SIM000,Simulated unit 0,1995,5.74697561225706,2.600097890157308,0
SIM000,Simulated unit 0,1996,3.906342994389611,5.74697561225706,0
SIM000,Simulated unit 0,1997,0.6233363657461823,3.906342994389611,0
SIM000,Simulated unit 0,1998,-1.2994418276260093,0.6233363657461823,0
SIM000,Simulated unit 0,1999,1.9721132668984978,-1.2994418276260093,0
SIM000,Simulated unit 0,2000,4.213030473749425,1.9721132668984978,0
SIM000,Simulated unit 0,2001,4.957281089165241,4.213030473749425,0
SIM000,Simulated unit 0,2002,1.7778395316330617,4.957281089165241,0
SIM000,Simulated unit 0,2003,2.563187688179996,1.7778395316330617,0
SIM000,Simulated unit 0,2004,2.6879700403301823,2.563187688179996,0
SIM000,Simulated unit 0,2005,3.068847814385148,2.6879700403301823,0
SIM000,Simulated unit 0,2006,5.255595022475658,3.068847814385148,0
SIM000,Simulated unit 0,2007,4.624143659809441,5.255595022475658,0
SIM000,Simulated unit 0,2008,5.611226885101349,4.624143659809441,0
SIM000,Simulated unit 0,2009,4.369473339527484,5.611226885101349,0
SIM000,Simulated unit 0,2010,4.289042199786443,4.369473339527484,0
SIM000,Simulated unit 0,2011,5.267289997387487,4.289042199786443,0
SIM000,Simulated unit 0,2012,-0.4110934611345076,5.267289997387487,0
SIM000,Simulated unit 0,2013,-0.4056697257526085,-0.4110934611345076,0
SIM000,Simulated unit 0,2014,-0.8545197983299516,-0.4056697257526085,0
SIM000,Simulated unit 0,2015,-1.6293454237279967,-0.8545197983299516,0
SIM000,Simulated unit 0,2016,-1.0030340079168492,-1.6293454237279967,0
SIM000,Simulated unit 0,2017,4.683003528953079,-1.0030340079168492,0
SIM000,Simulated unit 0,2018,1.012308770292118,4.683003528953079,0
SIM000,Simulated unit 0,2019,4.312220325949713,1.012308770292118,0
SIM001,Simulated unit 1,1961,-2.0338206788657733,-3.0486093148474147,1
SIM001,Simulated unit 1,1962,0.06796678799555295,-2.0338206788657733,1
SIM001,Simulated unit 1,1963,2.5994470668751664,0.06796678799555295,1
SIM001,Simulated unit 1,1964,4.493347979503665,2.5994470668751664,1
SIM001,Simulated unit 1,1965,5.876050493301975,4.493347979503665,1
SIM001,Simulated unit 1,1966,3.279455079235872,5.876050493301975,1
SIM001,Simulated unit 1,1967,1.3806176695478216,3.279455079235872,1
SIM001,Simulated unit 1,1968,4.202298245500154,1.3806176695478216,1
SIM001,Simulated unit 1,1969,2.747465972655248,4.202298245500154,1
SIM001,Simulated unit 1,1970,-1.3785793864206166,2.747465972655248,1
SIM001,Simulated unit 1,1971,-3.4270092738628115,-1.3785793864206166,1
SIM001,Simulated unit 1,1972,-4.014562422322521,-3.4270092738628115,1
SIM001,Simulated unit 1,1973,-0.11725522123222021,-4.014562422322521,1
SIM001,Simulated unit 1,1974,1.1569240754723638,-0.11725522123222021,1
SIM001,Simulated unit 1,1975,3.565610507486723,1.1569240754723638,1
SIM001,Simulated unit 1,1976,1.6576083654824312,3.565610507486723,1
SIM001,Simulated unit 1,1977,2.2701840925196013,1.6576083654824312,1
SIM001,Simulated unit 1,1978,4.0388816374137715,2.2701840925196013,1
SIM001,Simulated unit 1,1979,2.2952893632875475,4.0388816374137715,1
SIM001,Simulated unit 1,1980,3.547499330644763,2.2952893632875475,1
SIM001,Simulated unit 1,1981,0.9427217751869041,3.547499330644763,1
SIM001,Simulated unit 1,1982,0.2764715254169272,0.9427217751869041,1
SIM001,Simulated unit 1,1983,-0.17933076674483084,0.2764715254169272,1
SIM001,Simulated unit 1,1984,-2.8951173968140176,-0.17933076674483084,1
SIM001,Simulated unit 1,1985,0.523847004268335,-2.8951173968140176,1
SIM001,Simulated unit 1,1986,-0.29389881804717066,0.523847004268335,1
SIM001,Simulated unit 1,1987,0.66114306535476,-0.29389881804717066,1
SIM001,Simulated unit 1,1988,2.638925815930583,0.66114306535476,1
SIM001,Simulated unit 1,1989,3.722949017648182,2.638925815930583,1
SIM001,Simulated unit 1,1990,5.029924737507268,3.722949017648182,1
SIM001,Simulated unit 1,1991,3.52249838897609,5.029924737507268,1
SIM001,Simulated unit 1,1992,1.643604097253193,3.52249838897609,1
SIM001,Simulated unit 1,1993,1.5470078256327187,1.643604097253193,1
SIM001,Simulated unit 1,1994,-3.333798606494458,1.5470078256327187,1
SIM001,Simulated unit 1,1995,-5.541616581165937,-3.333798606494458,1
SIM001,Simulated unit 1,1996,-6.49306878576277,-5.541616581165937,1
SIM001,Simulated unit 1,1997,-6.087581754262107,-6.49306878576277,1
SIM001,Simulated unit 1,1998,-1.6532263723869542,-6.087581754262107,1
SIM001,Simulated unit 1,1999,-2.9083729895123547,-1.6532263723869542,1
SIM001,Simulated unit 1,2000,-2.079511455825582,-2.9083729895123547,1
SIM001,Simulated unit 1,2001,3.449978019862847,-2.079511455825582,1
SIM001,Simulated unit 1,2002,1.8011948987334303,3.449978019862847,1
SIM001,Simulated unit 1,2003,4.093263644641318,1.8011948987334303,1
SIM001,Simulated unit 1,2004,0.4551051467551597,4.093263644641318,1
SIM001,Simulated unit 1,2005,0.4567504144502057,0.4551051467551597,1
SIM001,Simulated unit 1,2006,-1.7760159160616205,0.4567504144502057,1
SIM001,Simulated unit 1,2007,-1.2827087773386596,-1.7760159160616205,1
SIM001,Simulated unit 1,2008,2.551299145968991,-1.2827087773386596,1
SIM001,Simulated unit 1,2009,-2.8511817819956518,2.551299145968991,1
SIM001,Simulated unit 1,2010,0.3925618614401811,-2.8511817819956518,1
SIM001,Simulated unit 1,2011,1.7487439238609426,0.3925618614401811,1
SIM001,Simulated unit 1,2012,0.06679648722618237,1.7487439238609426,1
SIM001,Simulated unit 1,2013,-3.4980956708296542,0.06679648722618237,1
SIM001,Simulated unit 1,2014,-1.082468879356184,-3.4980956708296542,1
SIM001,Simulated unit 1,2015,-1.4379594548051178,-1.082468879356184,1
SIM001,Simulated unit 1,2016,0.6352529611810412,-1.4379594548051178,1
SIM001,Simulated unit 1,2017,1.2467082132789535,0.6352529611810412,1
SIM001,Simulated unit 1,2018,6.353361601930119,1.2467082132789535,1
SIM001,Simulated unit 1,2019,3.8939500787389982,6.353361601930119,1
SIM002,Simulated unit 2,1961,0.6955314181495916,-1.0704924778655949,2
SIM002,Simulated unit 2,1962,1.8773089028050505,0.6955314181495916,2
SIM002,Simulated unit 2,1963,6.003948067404339,1.8773089028050505,2
SIM002,Simulated unit 2,1964,6.907702578186339,6.003948067404339,2
SIM002,Simulated unit 2,1965,6.015234724360331,6.907702578186339,2
SIM002,Simulated unit 2,1966,8.799049508274884,6.015234724360331,2
SIM002,Simulated unit 2,1967,2.5131405419963775,8.799049508274884,2
SIM002,Simulated unit 2,1968,0.38862972694858344,2.5131405419963775,2
SIM002,Simulated unit 2,1969,-1.7465499880474247,0.38862972694858344,2
SIM002,Simulated unit 2,1970,-1.4173594022957585,-1.7465499880474247,2
SIM002,Simulated unit 2,1971,-4.180474084046382,-1.4173594022957585,2
SIM002,Simulated unit 2,1972,0.197168390015384,-4.180474084046382,2
SIM002,Simulated unit 2,1973,0.25163294271291037,0.197168390015384,2
SIM002,Simulated unit 2,1974,-3.461439117880227,0.25163294271291037,2
SIM002,Simulated unit 2,1975,-4.323600714350761,-3.461439117880227,2
SIM002,Simulated unit 2,1976,-0.8536188862598706,-4.323600714350761,2
SIM002,Simulated unit 2,1977,2.802208371927221,-0.8536188862598706,2
SIM002,Simulated unit 2,1978,8.471517698231692,2.802208371927221,2
SIM002,Simulated unit 2,1979,14.624498016961002,8.471517698231692,2
SIM002,Simulated unit 2,1980,10.81792711000459,14.624498016961002,2
SIM002,Simulated unit 2,1981,4.322141905907161,10.81792711000459,2
SIM002,Simulated unit 2,1982,-3.0028536986496306,4.322141905907161,2
SIM002,Simulated unit 2,1983,-0.19857783215827085,-3.0028536986496306,2
SIM002,Simulated unit 2,1984,-1.75796998522594,-0.19857783215827085,2
SIM002,Simulated unit 2,1985,-1.50085377167462,-1.75796998522594,2
SIM002,Simulated unit 2,1986,-1.9368026601841961,-1.50085377167462,2
SIM002,Simulated unit 2,1987,-0.7844542553596733,-1.9368026601841961,2
SIM002,Simulated unit 2,1988,3.5272681391471266,-0.7844542553596733,2
SIM002,Simulated unit 2,1989,3.387506585824309,3.5272681391471266,2
SIM002,Simulated unit 2,1990,2.3565994403785204,3.387506585824309,2
SIM002,Simulated unit 2,1991,-0.8930015942503227,2.3565994403785204,2
SIM002,Simulated unit 2,1992,-4.759849790663264,-0.8930015942503227,2
SIM002,Simulated unit 2,1993,-3.514833601617951,-4.759849790663264,2
SIM002,Simulated unit 2,1994,-1.4702478134257317,-3.514833601617951,2
SIM002,Simulated unit 2,1995,5.221641052684211,-1.4702478134257317,2
SIM002,Simulated unit 2,1996,4.3238081960291845,5.221641052684211,2
SIM002,Simulated unit 2,1997,6.342503450686683,4.3238081960291845,2
SIM002,Simulated unit 2,1998,3.107615274794554,6.342503450686683,2
SIM002,Simulated unit 2,1999,-0.8902621343743418,3.107615274794554,2
SIM002,Simulated unit 2,2000,-2.6295075673217205,-0.8902621343743418,2
SIM002,Simulated unit 2,2001,-2.953382734000292,-2.6295075673217205,2
SIM002,Simulated unit 2,2002,5.413379556905319,-2.953382734000292,2
SIM002,Simulated unit 2,2003,1.5838676964700333,5.413379556905319,2
SIM002,Simulated unit 2,2004,4.265788229091054,1.5838676964700333,2
SIM002,Simulated unit 2,2005,0.6506914031935533,4.265788229091054,2
SIM002,Simulated unit 2,2006,3.9851338805388643,0.6506914031935533,2
SIM002,Simulated unit 2,2007,4.345933226640907,3.9851338805388643,2
SIM002,Simulated unit 2,2008,2.9376462430102728,4.345933226640907,2
SIM002,Simulated unit 2,2009,2.4403001673998617,2.9376462430102728,2
SIM002,Simulated unit 2,2010,0.29981701415174555,2.4403001673998617,2
SIM002,Simulated unit 2,2011,2.318106812937289,0.29981701415174555,2
SIM002,Simulated unit 2,2012,0.8259136467400332,2.318106812937289,2
SIM002,Simulated unit 2,2013,-2.3812691032577242,0.8259136467400332,2
SIM002,Simulated unit 2,2014,-4.462574184913493,-2.3812691032577242,2
SIM002,Simulated unit 2,2015,-1.3597807577817371,-4.462574184913493,2
SIM002,Simulated unit 2,2016,4.721405314562262,-1.3597807577817371,2
SIM002,Simulated unit 2,2017,4.112818029457673,4.721405314562262,2
SIM002,Simulated unit 2,2018,2.9117758393449558,4.112818029457673,2
SIM002,Simulated unit 2,2019,3.404543922414602,2.9117758393449558,2
SIM003,Simulated unit 3,1961,5.008950639163854,5.918005225120474,3
SIM003,Simulated unit 3,1962,2.5725886909971005,5.008950639163854,3
SIM003,Simulated unit 3,1963,5.662419344777927,2.5725886909971005,3
SIM003,Simulated unit 3,1964,5.483720922251596,5.662419344777927,3
SIM003,Simulated unit 3,1965,8.697500529338933,5.483720922251596,3
SIM003,Simulated unit 3,1966,6.568203629269078,8.697500529338933,3
SIM003,Simulated unit 3,1967,1.0675150823999457,6.568203629269078,3
SIM003,Simulated unit 3,1968,-2.663968548297028,1.0675150823999457,3
SIM003,Simulated unit 3,1969,4.154402667715532,-2.663968548297028,3
SIM003,Simulated unit 3,1970,8.463638762979212,4.154402667715532,3
SIM003,Simulated unit 3,1971,5.339625617939724,8.463638762979212,3
SIM003,Simulated unit 3,1972,2.8542134073558714,5.339625617939724,3
SIM003,Simulated unit 3,1973,6.89686092114013,2.8542134073558714,3
SIM003,Simulated unit 3,1974,1.616979506553613,6.89686092114013,3
SIM003,Simulated unit 3,1975,-0.9139933529353115,1.616979506553613,3
SIM003,Simulated unit 3,1976,2.1815843723059465,-0.9139933529353115,3
SIM003,Simulated unit 3,1977,0.9251352548047991,2.1815843723059465,3
SIM003,Simulated unit 3,1978,1.3397155527226656,0.9251352548047991,3
SIM003,Simulated unit 3,1979,1.1135006360600617,1.3397155527226656,3
SIM003,Simulated unit 3,1980,2.480824028032838,1.1135006360600617,3
SIM003,Simulated unit 3,1981,6.510940000760852,2.480824028032838,3
SIM003,Simulated unit 3,1982,4.978318721161748,6.510940000760852,3
SIM003,Simulated unit 3,1983,5.718807612527622,4.978318721161748,3
SIM003,Simulated unit 3,1984,-1.9192317355764938,5.718807612527622,3
SIM003,Simulated unit 3,1985,-0.49769424713625016,-1.9192317355764938,3
SIM003,Simulated unit 3,1986,-2.0283073591603635,-0.49769424713625016,3
SIM003,Simulated unit 3,1987,-4.073423596767102,-2.0283073591603635,3
SIM003,Simulated unit 3,1988,-4.278511258846514,-4.073423596767102,3
SIM003,Simulated unit 3,1989,-2.769477077410344,-4.278511258846514,3
SIM003,Simulated unit 3,1990,1.886021380621833,-2.769477077410344,3
SIM003,Simulated unit 3,1991,-2.0475653248455923,1.886021380621833,3
SIM003,Simulated unit 3,1992,-0.33664471712410304,-2.0475653248455923,3
SIM003,Simulated unit 3,1993,-0.8544951302751973,-0.33664471712410304,3
SIM003,Simulated unit 3,1994,-0.6957163612510009,-0.8544951302751973,3
SIM003,Simulated unit 3,1995,3.390843659163212,-0.6957163612510009,3
SIM003,Simulated unit 3,1996,4.448852506509706,3.390843659163212,3
SIM003,Simulated unit 3,1997,7.481505826234054,4.448852506509706,3
SIM003,Simulated unit 3,1998,4.825386457990731,7.481505826234054,3
SIM003,Simulated unit 3,1999,1.6074040397823293,4.825386457990731,3
SIM003,Simulated unit 3,2000,1.0928659732278991,1.6074040397823293,3
SIM003,Simulated unit 3,2001,2.1832099577504045,1.0928659732278991,3
SIM003,Simulated unit 3,2002,2.639646050011376,2.1832099577504045,3
SIM003,Simulated unit 3,2003,-0.8693765866932743,2.639646050011376,3
SIM003,Simulated unit 3,2004,0.549843392867658,-0.8693765866932743,3
SIM003,Simulated unit 3,2005,1.8145910261373102,0.549843392867658,3
SIM003,Simulated unit 3,2006,9.441176728284146,1.8145910261373102,3
SIM003,Simulated unit 3,2007,12.095239870815497,9.441176728284146,3
SIM003,Simulated unit 3,2008,5.497413870812839,12.095239870815497,3
SIM003,Simulated unit 3,2009,3.2362982378401752,5.497413870812839,3
SIM003,Simulated unit 3,2010,-1.6485470628069043,3.2362982378401752,3
SIM003,Simulated unit 3,2011,-1.961249279574602,-1.6485470628069043,3
SIM003,Simulated unit 3,2012,0.5700654430262605,-1.961249279574602,3
SIM003,Simulated unit 3,2013,4.759600128480457,0.5700654430262605,3
SIM003,Simulated unit 3,2014,1.4685085638574487,4.759600128480457,3
SIM003,Simulated unit 3,2015,-0.28133418188892034,1.4685085638574487,3
SIM003,Simulated unit 3,2016,-5.810667598349317,-0.28133418188892034,3
SIM003,Simulated unit 3,2017,-3.1743983206443134,-5.810667598349317,3
SIM003,Simulated unit 3,2018,-4.291882227965277,-3.1743983206443134,3
SIM003,Simulated unit 3,2019,-3.3634476188773874,-4.291882227965277,3
SIM004,Simulated unit 4,1961,0.13886293654067033,-0.6305823345027646,4
SIM004,Simulated unit 4,1962,-4.389867412145492,0.13886293654067033,4
SIM004,Simulated unit 4,1963,-6.235056183460267,-4.389867412145492,4
SIM004,Simulated unit 4,1964,3.4467076260087346,-6.235056183460267,4
SIM004,Simulated unit 4,1965,-0.994243168216852,3.4467076260087346,4
SIM004,Simulated unit 4,1966,-3.08690263629403,-0.994243168216852,4
SIM004,Simulated unit 4,1967,4.4585990031875244,-3.08690263629403,4
SIM004,Simulated unit 4,1968,12.190360909633736,4.4585990031875244,4
SIM004,Simulated unit 4,1969,4.599516659304216,12.190360909633736,4
SIM004,Simulated unit 4,1970,2.4549631252184385,4.599516659304216,4
SIM004,Simulated unit 4,1971,3.297644527952592,2.4549631252184385,4
SIM004,Simulated unit 4,1972,7.964679649988332,3.297644527952592,4
SIM004,Simulated unit 4,1973,2.618236554708286,7.964679649988332,4
SIM004,Simulated unit 4,1974,1.6351083949986425,2.618236554708286,4
SIM004,Simulated unit 4,1975,4.113077765184418,1.6351083949986425,4
SIM004,Simulated unit 4,1976,4.572144882510507,4.113077765184418,4
SIM004,Simulated unit 4,1977,2.4148187158160064,4.572144882510507,4
SIM004,Simulated unit 4,1978,1.8474223359414803,2.4148187158160064,4
SIM004,Simulated unit 4,1979,-2.216234023545057,1.8474223359414803,4
SIM004,Simulated unit 4,1980,-1.2442616460510298,-2.216234023545057,4
SIM004,Simulated unit 4,1981,-0.7457194576574832,-1.2442616460510298,4
SIM004,Simulated unit 4,1982,1.049077994284278,-0.7457194576574832,4
SIM004,Simulated unit 4,1983,-0.23653485988648137,1.049077994284278,4
SIM004,Simulated unit 4,1984,2.0726946517035283,-0.23653485988648137,4
SIM004,Simulated unit 4,1985,5.081764244481603,2.0726946517035283,4
SIM004,Simulated unit 4,1986,4.31534652969436,5.081764244481603,4
SIM004,Simulated unit 4,1987,4.444477143014227,4.31534652969436,4
SIM004,Simulated unit 4,1988,3.626152328542138,4.444477143014227,4
SIM004,Simulated unit 4,1989,2.9759445763995256,3.626152328542138,4
SIM004,Simulated unit 4,1990,0.4208926452111732,2.9759445763995256,4
SIM004,Simulated unit 4,1991,2.002018372146628,0.4208926452111732,4
SIM004,Simulated unit 4,1992,1.709351228047508,2.002018372146628,4
SIM004,Simulated unit 4,1993,8.105115663620289,1.709351228047508,4
SIM004,Simulated unit 4,1994,10.3831341055979,8.105115663620289,4
SIM004,Simulated unit 4,1995,8.187420121028243,10.3831341055979,4
SIM004,Simulated unit 4,1996,3.4232804435326427,8.187420121028243,4
SIM004,Simulated unit 4,1997,-0.48326614983066785,3.4232804435326427,4
SIM004,Simulated unit 4,1998,4.083469169368195,-0.48326614983066785,4
SIM004,Simulated unit 4,1999,4.038329177062333,4.083469169368195,4
SIM004,Simulated unit 4,2000,4.663427716412232,4.038329177062333,4
SIM004,Simulated unit 4,2001,-1.6357013310752384,4.663427716412232,4
SIM004,Simulated unit 4,2002,2.600894646029399,-1.6357013310752384,4
SIM004,Simulated unit 4,2003,3.7237978022607283,2.600894646029399,4
SIM004,Simulated unit 4,2004,-0.2970133718869974,3.7237978022607283,4
SIM004,Simulated unit 4,2005,-0.7927824454820452,-0.2970133718869974,4
SIM004,Simulated unit 4,2006,1.1154821457803317,-0.7927824454820452,4
SIM004,Simulated unit 4,2007,1.6266896825369297,1.1154821457803317,4
SIM004,Simulated unit 4,2008,0.8995002521114928,1.6266896825369297,4
SIM004,Simulated unit 4,2009,1.029235347069013,0.8995002521114928,4
SIM004,Simulated unit 4,2010,0.6616090736207517,1.029235347069013,4
SIM004,Simulated unit 4,2011,1.6546529804798569,0.6616090736207517,4
SIM004,Simulated unit 4,2012,6.207267707267386,1.6546529804798569,4
SIM004,Simulated unit 4,2013,-3.1756146984334617,6.207267707267386,4
SIM004,Simulated unit 4,2014,-1.8159196125891295,-3.1756146984334617,4
SIM004,Simulated unit 4,2015,0.23998549656386337,-1.8159196125891295,4
SIM004,Simulated unit 4,2016,1.8319732669996165,0.23998549656386337,4
SIM004,Simulated unit 4,2017,0.7834402162359004,1.8319732669996165,4
SIM004,Simulated unit 4,2018,-4.000101217694208,0.7834402162359004,4
SIM004,Simulated unit 4,2019,-0.616074279474196,-4.000101217694208,4
SIM005,Simulated unit 5,1961,0.5076461707471198,7.182050642492555,5
SIM005,Simulated unit 5,1962,3.696071743542837,0.5076461707471198,5
SIM005,Simulated unit 5,1963,2.0320673767570203,3.696071743542837,5
SIM005,Simulated unit 5,1964,1.8352673885676705,2.0320673767570203,5
SIM005,Simulated unit 5,1965,-1.2575350989712446,1.8352673885676705,5
SIM005,Simulated unit 5,1966,-0.9578895764503768,-1.2575350989712446,5
SIM005,Simulated unit 5,1967,4.125400038226649,-0.9578895764503768,5
SIM005,Simulated unit 5,1968,5.023205748899111,4.125400038226649,5
SIM005,Simulated unit 5,1969,9.010858265569299,5.023205748899111,5
SIM005,Simulated unit 5,1970,9.73875062627466,9.010858265569299,5
SIM005,Simulated unit 5,1971,7.960510412553524,9.73875062627466,5
SIM005,Simulated unit 5,1972,10.80810982603549,7.960510412553524,5
SIM005,Simulated unit 5,1973,8.601845371836191,10.80810982603549,5
SIM005,Simulated unit 5,1974,8.44507175349289,8.601845371836191,5
SIM005,Simulated unit 5,1975,4.977330191491609,8.44507175349289,5
SIM005,Simulated unit 5,1976,3.9860355624725794,4.977330191491609,5
SIM005,Simulated unit 5,1977,1.099349867582717,3.9860355624725794,5
SIM005,Simulated unit 5,1978,4.42836172433419,1.099349867582717,5
SIM005,Simulated unit 5,1979,-0.07789383474408273,4.42836172433419,5
SIM005,Simulated unit 5,1980,3.100314726406534,-0.07789383474408273,5
SIM005,Simulated unit 5,1981,2.0882356633284416,3.100314726406534,5
SIM005,Simulated unit 5,1982,5.566682678399023,2.0882356633284416,5
SIM005,Simulated unit 5,1983,6.392616573233194,5.566682678399023,5
SIM005,Simulated unit 5,1984,10.09750841688032,6.392616573233194,5
SIM005,Simulated unit 5,1985,9.050829123544126,10.09750841688032,5
SIM005,Simulated unit 5,1986,1.514376707166753,9.050829123544126,5
SIM005,Simulated unit 5,1987,1.5077665056054494,1.514376707166753,5
SIM005,Simulated unit 5,1988,-1.811361674421178,1.5077665056054494,5
SIM005,Simulated unit 5,1989,-1.8416565317515308,-1.811361674421178,5
SIM005,Simulated unit 5,1990,4.228691380779246,-1.8416565317515308,5
SIM005,Simulated unit 5,1991,5.249816261160635,4.228691380779246,5
SIM005,Simulated unit 5,1992,1.8530984709601421,5.249816261160635,5
SIM005,Simulated unit 5,1993,-1.1292930167451116,1.8530984709601421,5
SIM005,Simulated unit 5,1994,0.2207704685817155,-1.1292930167451116,5
SIM005,Simulated unit 5,1995,-2.7172181669943543,0.2207704685817155,5
SIM005,Simulated unit 5,1996,-2.8437517323863557,-2.7172181669943543,5
SIM005,Simulated unit 5,1997,0.029777375221918367,-2.8437517323863557,5
SIM005,Simulated unit 5,1998,4.2838025334532395,0.029777375221918367,5
SIM005,Simulated unit 5,1999,5.196565936745263,4.2838025334532395,5
SIM005,Simulated unit 5,2000,-2.9559289637471426,5.196565936745263,5
SIM005,Simulated unit 5,2001,-0.06045719115750625,-2.9559289637471426,5
SIM005,Simulated unit 5,2002,0.9798264050032301,-0.06045719115750625,5
SIM005,Simulated unit 5,2003,2.6295666991200175,0.9798264050032301,5
SIM005,Simulated unit 5,2004,7.226369064425633,2.6295666991200175,5
SIM005,Simulated unit 5,2005,-1.0538933917588489,7.226369064425633,5
SIM005,Simulated unit 5,2006,-1.605646310628626,-1.0538933917588489,5
SIM005,Simulated unit 5,2007,1.6093311820028884,-1.605646310628626,5
SIM005,Simulated unit 5,2008,-2.9791844891600934,1.6093311820028884,5
SIM005,Simulated unit 5,2009,3.440336450664471,-2.9791844891600934,5
SIM005,Simulated unit 5,2010,3.9692717085006577,3.440336450664471,5
SIM005,Simulated unit 5,2011,5.721314982630606,3.9692717085006577,5
SIM005,Simulated unit 5,2012,2.5199580050129797,5.721314982630606,5
SIM005,Simulated unit 5,2013,4.753265872906419,2.5199580050129797,5
SIM005,Simulated unit 5,2014,6.857374191710966,4.753265872906419,5
SIM005,Simulated unit 5,2015,5.613058575438084,6.857374191710966,5
SIM005,Simulated unit 5,2016,4.871037823358939,5.613058575438084,5
SIM005,Simulated unit 5,2017,4.53365241186054,4.871037823358939,5
SIM005,Simulated unit 5,2018,0.9301556528981791,4.53365241186054,5
SIM005,Simulated unit 5,2019,0.9155073510178487,0.9301556528981791,5
SIM006,Simulated unit 6,1961,2.8756410346462395,1.5424324026429237,6
SIM006,Simulated unit 6,1962,5.524857361518627,2.8756410346462395,6
SIM006,Simulated unit 6,1963,0.9393061709759483,5.524857361518627,6
SIM006,Simulated unit 6,1964,0.9885566116268362,0.9393061709759483,6
SIM006,Simulated unit 6,1965,5.837500609953022,0.9885566116268362,6
SIM006,Simulated unit 6,1966,2.071735679534121,5.837500609953022,6
SIM006,Simulated unit 6,1967,-0.4237086441504885,2.071735679534121,6
SIM006,Simulated unit 6,1968,1.1526933890032875,-0.4237086441504885,6
SIM006,Simulated unit 6,1969,4.024771604857933,1.1526933890032875,6
SIM006,Simulated unit 6,1970,3.2491411295967376,4.024771604857933,6
SIM006,Simulated unit 6,1971,6.73636644906901,3.2491411295967376,6
SIM006,Simulated unit 6,1972,7.412201817140986,6.73636644906901,6
SIM006,Simulated unit 6,1973,7.772781290954777,7.412201817140986,6
SIM006,Simulated unit 6,1974,7.126018278545145,7.772781290954777,6
SIM006,Simulated unit 6,1975,12.058570268165342,7.126018278545145,6
SIM006,Simulated unit 6,1976,7.419657094301073,12.058570268165342,6
SIM006,Simulated unit 6,1977,-0.7587726196188989,7.419657094301073,6
SIM006,Simulated unit 6,1978,5.157499512780084,-0.7587726196188989,6
SIM006,Simulated unit 6,1979,2.521401414797573,5.157499512780084,6
SIM006,Simulated unit 6,1980,2.636482181907643,2.521401414797573,6
SIM006,Simulated unit 6,1981,6.310541363726166,2.636482181907643,6
SIM006,Simulated unit 6,1982,-0.22045380494107558,6.310541363726166,6
SIM006,Simulated unit 6,1983,-3.0872139252830637,-0.22045380494107558,6
SIM006,Simulated unit 6,1984,-5.856162166526399,-3.0872139252830637,6
SIM006,Simulated unit 6,1985,-5.096106169992111,-5.856162166526399,6
SIM006,Simulated unit 6,1986,-0.9387538839442857,-5.096106169992111,6
SIM006,Simulated unit 6,1987,1.8093111980717413,-0.9387538839442857,6
SIM006,Simulated unit 6,1988,2.714409256828706,1.8093111980717413,6
SIM006,Simulated unit 6,1989,-1.8096520975798756,2.714409256828706,6
SIM006,Simulated unit 6,1990,-7.216101568445857,-1.8096520975798756,6
SIM006,Simulated unit 6,1991,-3.3666001848963676,-7.216101568445857,6
SIM006,Simulated unit 6,1992,-2.635288211852828,-3.3666001848963676,6
SIM006,Simulated unit 6,1993,0.5969843880381389,-2.635288211852828,6
SIM006,Simulated unit 6,1994,3.2640515114866937,0.5969843880381389,6
SIM006,Simulated unit 6,1995,3.1731552030680623,3.2640515114866937,6
SIM006,Simulated unit 6,1996,4.984292377968399,3.1731552030680623,6
SIM006,Simulated unit 6,1997,4.478209549126245,4.984292377968399,6
SIM006,Simulated unit 6,1998,5.077119846280147,4.478209549126245,6
SIM006,Simulated unit 6,1999,1.7322521191584408,5.077119846280147,6
SIM006,Simulated unit 6,2000,1.3005170300006887,1.7322521191584408,6
SIM006,Simulated unit 6,2001,2.170638507971285,1.3005170300006887,6
SIM006,Simulated unit 6,2002,4.5639685310350275,2.170638507971285,6
SIM006,Simulated unit 6,2003,2.3571576019473,4.5639685310350275,6
SIM006,Simulated unit 6,2004,3.777796328364718,2.3571576019473,6
SIM006,Simulated unit 6,2005,2.2691614212726936,3.777796328364718,6
SIM006,Simulated unit 6,2006,1.8088703507792252,2.2691614212726936,6
SIM006,Simulated unit 6,2007,4.373879336539754,1.8088703507792252,6
SIM006,Simulated unit 6,2008,-2.5548535112386155,4.373879336539754,6
SIM006,Simulated unit 6,2009,-4.622329090967453,-2.5548535112386155,6
SIM006,Simulated unit 6,2010,-6.419953646908933,-4.622329090967453,6
SIM006,Simulated unit 6,2011,-10.052820547690274,-6.419953646908933,6
SIM006,Simulated unit 6,2012,-7.266485649079694,-10.052820547690274,6
SIM006,Simulated unit 6,2013,-1.3115896902645954,-7.266485649079694,6
SIM006,Simulated unit 6,2014,-0.8416060133064814,-1.3115896902645954,6
SIM006,Simulated unit 6,2015,0.8884066378416676,-0.8416060133064814,6
SIM006,Simulated unit 6,2016,4.600696472837378,0.8884066378416676,6
SIM006,Simulated unit 6,2017,7.543476280505502,4.600696472837378,6
SIM006,Simulated unit 6,2018,5.118671964124882,7.543476280505502,6
SIM006,Simulated unit 6,2019,7.931960847183121,5.118671964124882,6
SIM007,Simulated unit 7,1961,-0.34636668630098955,2.2763799753023277,7
SIM007,Simulated unit 7,1962,-1.1910210683767992,-0.34636668630098955,7
SIM007,Simulated unit 7,1963,-4.356222178721128,-1.1910210683767992,7
SIM007,Simulated unit 7,1964,-4.478134868433634,-4.356222178721128,7
SIM007,Simulated unit 7,1965,-2.960930985283468,-4.478134868433634,7
SIM007,Simulated unit 7,1966,1.434196466965724,-2.960930985283468,7
SIM007,Simulated unit 7,1967,6.822827373677386,1.434196466965724,7
SIM007,Simulated unit 7,1968,0.7471518780753108,6.822827373677386,7
SIM007,Simulated unit 7,1969,2.426773531624943,0.7471518780753108,7
SIM007,Simulated unit 7,1970,-0.8655676984976375,2.426773531624943,7
SIM007,Simulated unit 7,1971,1.7047506462910236,-0.8655676984976375,7
SIM007,Simulated unit 7,1972,1.4295904357114342,1.7047506462910236,7
SIM007,Simulated unit 7,1973,-3.8349632161157308,1.4295904357114342,7
SIM007,Simulated unit 7,1974,1.2839130450360148,-3.8349632161157308,7
SIM007,Simulated unit 7,1975,-0.24465431140458405,1.2839130450360148,7
SIM007,Simulated unit 7,1976,-0.9484933019634141,-0.24465431140458405,7
SIM007,Simulated unit 7,1977,-2.978353215047118,-0.9484933019634141,7
SIM007,Simulated unit 7,1978,-2.949861759090937,-2.978353215047118,7
SIM007,Simulated unit 7,1979,0.31375426663018957,-2.949861759090937,7
SIM007,Simulated unit 7,1980,0.42051953716889723,0.31375426663018957,7
SIM007,Simulated unit 7,1981,2.0382977291487814,0.42051953716889723,7
SIM007,Simulated unit 7,1982,3.1087441992757996,2.0382977291487814,7
SIM007,Simulated unit 7,1983,6.627231486149981,3.1087441992757996,7
SIM007,Simulated unit 7,1984,3.7479804390968505,6.627231486149981,7
SIM007,Simulated unit 7,1985,-1.3817851870790854,3.7479804390968505,7
SIM007,Simulated unit 7,1986,3.1725961374684974,-1.3817851870790854,7
SIM007,Simulated unit 7,1987,1.7090931661893343,3.1725961374684974,7
SIM007,Simulated unit 7,1988,5.169233233445731,1.7090931661893343,7
SIM007,Simulated unit 7,1989,5.05167127961485,5.169233233445731,7
SIM007,Simulated unit 7,1990,3.4375901771588757,5.05167127961485,7
SIM007,Simulated unit 7,1991,3.9088817884342113,3.4375901771588757,7
SIM007,Simulated unit 7,1992,8.998366753439425,3.9088817884342113,7
SIM007,Simulated unit 7,1993,12.429961639224913,8.998366753439425,7
SIM007,Simulated unit 7,1994,8.466120388933286,12.429961639224913,7
SIM007,Simulated unit 7,1995,6.360244013311196,8.466120388933286,7
SIM007,Simulated unit 7,1996,7.844866880385874,6.360244013311196,7
SIM007,Simulated unit 7,1997,2.9699370299294827,7.844866880385874,7
SIM007,Simulated unit 7,1998,3.581173335812455,2.9699370299294827,7
SIM007,Simulated unit 7,1999,2.8711154576259035,3.581173335812455,7
SIM007,Simulated unit 7,2000,3.464393908948203,2.8711154576259035,7
SIM007,Simulated unit 7,2001,0.378529927520705,3.464393908948203,7
SIM007,Simulated unit 7,2002,-3.7415845234144833,0.378529927520705,7
SIM007,Simulated unit 7,2003,-7.663901022022565,-3.7415845234144833,7
SIM007,Simulated unit 7,2004,-7.150492952182363,-7.663901022022565,7
SIM007,Simulated unit 7,2005,-4.866321626127417,-7.150492952182363,7
SIM007,Simulated unit 7,2006,-2.9993677356227355,-4.866321626127417,7
SIM007,Simulated unit 7,2007,4.812072845914909,-2.9993677356227355,7
SIM007,Simulated unit 7,2008,7.005223817270839,4.812072845914909,7
SIM007,Simulated unit 7,2009,2.116860941337621,7.005223817270839,7
SIM007,Simulated unit 7,2010,3.1132419221554435,2.116860941337621,7
SIM007,Simulated unit 7,2011,1.446710444242291,3.1132419221554435,7
SIM007,Simulated unit 7,2012,0.8149347524250891,1.446710444242291,7
SIM007,Simulated unit 7,2013,1.8449377997011995,0.8149347524250891,7
SIM007,Simulated unit 7,2014,3.7644760307468994,1.8449377997011995,7
SIM007,Simulated unit 7,2015,2.0409101667960936,3.7644760307468994,7
SIM007,Simulated unit 7,2016,5.216100698280732,2.0409101667960936,7
SIM007,Simulated unit 7,2017,0.5038457405412267,5.216100698280732,7
SIM007,Simulated unit 7,2018,1.1213246314115413,0.5038457405412267,7
SIM007,Simulated unit 7,2019,9.265815958634422,1.1213246314115413,7
SIM008,Simulated unit 8,1961,6.701187056544014,2.6692392278758255,8
SIM008,Simulated unit 8,1962,5.095272768446033,6.701187056544014,8
SIM008,Simulated unit 8,1963,5.599494947057009,5.095272768446033,8
SIM008,Simulated unit 8,1964,3.9893473850561305,5.599494947057009,8
SIM008,Simulated unit 8,1965,2.682385687541065,3.9893473850561305,8
SIM008,Simulated unit 8,1966,0.07098422234837987,2.682385687541065,8
SIM008,Simulated unit 8,1967,2.1334946102816876,0.07098422234837987,8
SIM008,Simulated unit 8,1968,-0.47451480138829094,2.1334946102816876,8
SIM008,Simulated unit 8,1969,2.512046828107313,-0.47451480138829094,8
SIM008,Simulated unit 8,1970,5.563089110202117,2.512046828107313,8
SIM008,Simulated unit 8,1971,5.23744768783296,5.563089110202117,8
SIM008,Simulated unit 8,1972,3.0837224120327003,5.23744768783296,8
SIM008,Simulated unit 8,1973,4.0121301851457085,3.0837224120327003,8
SIM008,Simulated unit 8,1974,2.2812589444481874,4.0121301851457085,8
SIM008,Simulated unit 8,1975,4.97539674306436,2.2812589444481874,8
SIM008,Simulated unit 8,1976,-1.7089802068067552,4.97539674306436,8
SIM008,Simulated unit 8,1977,-1.2322102284399916,-1.7089802068067552,8
SIM008,Simulated unit 8,1978,-5.911762122435988,-1.2322102284399916,8
SIM008,Simulated unit 8,1979,-7.232239764143208,-5.911762122435988,8
SIM008,Simulated unit 8,1980,0.5522428309558034,-7.232239764143208,8
SIM008,Simulated unit 8,1981,3.8169006444885403,0.5522428309558034,8
SIM008,Simulated unit 8,1982,0.9316996868387535,3.8169006444885403,8
SIM008,Simulated unit 8,1983,-3.148490556019439,0.9316996868387535,8
SIM008,Simulated unit 8,1984,-9.982680847136617,-3.148490556019439,8
SIM008,Simulated unit 8,1985,-6.820095032079873,-9.982680847136617,8
SIM008,Simulated unit 8,1986,3.9691880174942833,-6.820095032079873,8
SIM008,Simulated unit 8,1987,4.486165624887512,3.9691880174942833,8
SIM008,Simulated unit 8,1988,1.8129825167840385,4.486165624887512,8
SIM008,Simulated unit 8,1989,3.283030138571342,1.8129825167840385,8
SIM008,Simulated unit 8,1990,-1.9130569758405231,3.283030138571342,8
SIM008,Simulated unit 8,1991,-1.2398042735972201,-1.9130569758405231,8
SIM008,Simulated unit 8,1992,0.3545498548888834,-1.2398042735972201,8
SIM008,Simulated unit 8,1993,0.7544279574701845,0.3545498548888834,8
SIM008,Simulated unit 8,1994,3.6250751395523526,0.7544279574701845,8
SIM008,Simulated unit 8,1995,4.008980762439569,3.6250751395523526,8
SIM008,Simulated unit 8,1996,5.210366511787732,4.008980762439569,8
SIM008,Simulated unit 8,1997,1.8611030603803607,5.210366511787732,8
SIM008,Simulated unit 8,1998,4.610108061459861,1.8611030603803607,8
SIM008,Simulated unit 8,1999,8.45287567974789,4.610108061459861,8
SIM008,Simulated unit 8,2000,2.9612768488944963,8.45287567974789,8
SIM008,Simulated unit 8,2001,-0.08632085780698118,2.9612768488944963,8
SIM008,Simulated unit 8,2002,4.75556049427651,-0.08632085780698118,8
SIM008,Simulated unit 8,2003,3.0793043364807255,4.75556049427651,8
SIM008,Simulated unit 8,2004,6.859046778088106,3.0793043364807255,8
SIM008,Simulated unit 8,2005,3.5878209311763114,6.859046778088106,8
SIM008,Simulated unit 8,2006,7.31782928751792,3.5878209311763114,8
SIM008,Simulated unit 8,2007,5.5851550229271085,7.31782928751792,8
SIM008,Simulated unit 8,2008,4.925779483724351,5.5851550229271085,8
SIM008,Simulated unit 8,2009,8.449621755244323,4.925779483724351,8
SIM008,Simulated unit 8,2010,4.7844616208140796,8.449621755244323,8
SIM008,Simulated unit 8,2011,0.8473106847135723,4.7844616208140796,8
SIM008,Simulated unit 8,2012,-0.03730621325691952,0.8473106847135723,8
SIM008,Simulated unit 8,2013,2.1346181239752644,-0.03730621325691952,8
SIM008,Simulated unit 8,2014,-2.616506342156385,2.1346181239752644,8
SIM008,Simulated unit 8,2015,1.1425089026595339,-2.616506342156385,8
SIM008,Simulated unit 8,2016,-0.1308086112575091,1.1425089026595339,8
SIM008,Simulated unit 8,2017,4.164952815446185,-0.1308086112575091,8
SIM008,Simulated unit 8,2018,-3.883809225433703,4.164952815446185,8
SIM008,Simulated unit 8,2019,-3.8899828605727276,-3.883809225433703,8
SIM009,Simulated unit 9,1961,-3.514331071313241,-3.0594044537023057,9
SIM009,Simulated unit 9,1962,-0.565600939461115,-3.514331071313241,9
SIM009,Simulated unit 9,1963,-0.07704044002593369,-0.565600939461115,9
SIM009,Simulated unit 9,1964,-0.006356970859605071,-0.07704044002593369,9
SIM009,Simulated unit 9,1965,0.3186312033440546,-0.006356970859605071,9
SIM009,Simulated unit 9,1966,1.601343443866263,0.3186312033440546,9
SIM009,Simulated unit 9,1967,-1.2648020595095653,1.601343443866263,9
SIM009,Simulated unit 9,1968,2.161667686991413,-1.2648020595095653,9
SIM009,Simulated unit 9,1969,4.0849985233513,2.161667686991413,9
SIM009,Simulated unit 9,1970,4.406112926979082,4.0849985233513,9
SIM009,Simulated unit 9,1971,5.113268084441239,4.406112926979082,9
SIM009,Simulated unit 9,1972,4.757214853090722,5.113268084441239,9
SIM009,Simulated unit 9,1973,9.759548820047636,4.757214853090722,9
SIM009,Simulated unit 9,1974,6.3944467788710515,9.759548820047636,9
SIM009,Simulated unit 9,1975,3.7154184123189,6.3944467788710515,9
SIM009,Simulated unit 9,1976,0.7686683063192064,3.7154184123189,9
SIM009,Simulated unit 9,1977,-1.8355870279419864,0.7686683063192064,9
SIM009,Simulated unit 9,1978,-4.034767579568418,-1.8355870279419864,9
SIM009,Simulated unit 9,1979,-4.287252487433806,-4.034767579568418,9
SIM009,Simulated unit 9,1980,-1.9843926374164975,-4.287252487433806,9
SIM009,Simulated unit 9,1981,0.6122498030432451,-1.9843926374164975,9
SIM009,Simulated unit 9,1982,1.3207760574824325,0.6122498030432451,9
SIM009,Simulated unit 9,1983,-0.7041401977996795,1.3207760574824325,9
SIM009,Simulated unit 9,1984,3.078069573380082,-0.7041401977996795,9
SIM009,Simulated unit 9,1985,4.865079760930891,3.078069573380082,9
SIM009,Simulated unit 9,1986,3.240102934292484,4.865079760930891,9
SIM009,Simulated unit 9,1987,0.7853133265813543,3.240102934292484,9
SIM009,Simulated unit 9,1988,2.9164717584382114,0.7853133265813543,9
SIM009,Simulated unit 9,1989,3.1138038175212404,2.9164717584382114,9
SIM009,Simulated unit 9,1990,-1.6760994877323991,3.1138038175212404,9
SIM009,Simulated unit 9,1991,-0.4096004605926541,-1.6760994877323991,9
SIM009,Simulated unit 9,1992,1.3403471598675507,-0.4096004605926541,9
SIM009,Simulated unit 9,1993,-1.0948760635427308,1.3403471598675507,9
SIM009,Simulated unit 9,1994,0.7126045403866906,-1.0948760635427308,9
SIM009,Simulated unit 9,1995,-3.1369047315413523,0.7126045403866906,9
SIM009,Simulated unit 9,1996,2.9264154611117013,-3.1369047315413523,9
SIM009,Simulated unit 9,1997,6.299699231845317,2.9264154611117013,9
SIM009,Simulated unit 9,1998,3.8222675361982956,6.299699231845317,9
SIM009,Simulated unit 9,1999,4.183723535236196,3.8222675361982956,9
SIM009,Simulated unit 9,2000,-3.919531776257908,4.183723535236196,9
SIM009,Simulated unit 9,2001,-5.020762046550743,-3.919531776257908,9
SIM009,Simulated unit 9,2002,-3.0937939883868353,-5.020762046550743,9
SIM009,Simulated unit 9,2003,-4.272675457312678,-3.0937939883868353,9
SIM009,Simulated unit 9,2004,0.3795841735043697,-4.272675457312678,9
SIM009,Simulated unit 9,2005,7.019640096346604,0.3795841735043697,9
SIM009,Simulated unit 9,2006,1.4819398995200563,7.019640096346604,9
SIM009,Simulated unit 9,2007,-0.8232262725435446,1.4819398995200563,9
SIM009,Simulated unit 9,2008,1.0124093414036643,-0.8232262725435446,9
SIM009,Simulated unit 9,2009,6.240794050341061,1.0124093414036643,9
SIM009,Simulated unit 9,2010,0.8773534925849273,6.240794050341061,9
SIM009,Simulated unit 9,2011,2.0735204624717825,0.8773534925849273,9
SIM009,Simulated unit 9,2012,7.508008829922396,2.0735204624717825,9
SIM009,Simulated unit 9,2013,0.3495278534156352,7.508008829922396,9
SIM009,Simulated unit 9,2014,-2.8334909084881152,0.3495278534156352,9
SIM009,Simulated unit 9,2015,-2.170914364475384,-2.8334909084881152,9
SIM009,Simulated unit 9,2016,-2.064313857251463,-2.170914364475384,9
SIM009,Simulated unit 9,2017,1.9992155489100558,-2.064313857251463,9
SIM009,Simulated unit 9,2018,2.7245084888085476,1.9992155489100558,9
SIM009,Simulated unit 9,2019,-2.8901810856412564,2.7245084888085476,9
SIM010,Simulated unit 10,1961,1.1951220631545079,3.546231208702433,10
SIM010,Simulated unit 10,1962,5.340414888716422,1.1951220631545079,10
SIM010,Simulated unit 10,1963,2.121486323919094,5.340414888716422,10
SIM010,Simulated unit 10,1964,0.16304594504474945,2.121486323919094,10
SIM010,Simulated unit 10,1965,2.521222399440444,0.16304594504474945,10
SIM010,Simulated unit 10,1966,4.601512886675076,2.521222399440444,10
SIM010,Simulated unit 10,1967,4.905205823813656,4.601512886675076,10
SIM010,Simulated unit 10,1968,-1.3136684578662319,4.905205823813656,10
SIM010,Simulated unit 10,1969,1.625902245065014,-1.3136684578662319,10
SIM010,Simulated unit 10,1970,-1.3273828079841883,1.625902245065014,10
SIM010,Simulated unit 10,1971,0.7093986499742776,-1.3273828079841883,10
SIM010,Simulated unit 10,1972,-3.0455641162126135,0.7093986499742776,10
SIM010,Simulated unit 10,1973,0.3116279729016229,-3.0455641162126135,10
SIM010,Simulated unit 10,1974,-1.4328199291811439,0.3116279729016229,10
SIM010,Simulated unit 10,1975,-3.9075959082902516,-1.4328199291811439,10
SIM010,Simulated unit 10,1976,0.5969028644730476,-3.9075959082902516,10
SIM010,Simulated unit 10,1977,1.8830752837140823,0.5969028644730476,10
SIM010,Simulated unit 10,1978,0.0879147660497579,1.8830752837140823,10
SIM010,Simulated unit 10,1979,5.2062854066930475,0.0879147660497579,10
SIM010,Simulated unit 10,1980,2.601813979306601,5.2062854066930475,10
SIM010,Simulated unit 10,1981,2.4574114094967645,2.601813979306601,10
SIM010,Simulated unit 10,1982,3.0811871887338613,2.4574114094967645,10
SIM010,Simulated unit 10,1983,0.7897145108544761,3.0811871887338613,10
SIM010,Simulated unit 10,1984,2.687237586712474,0.7897145108544761,10
SIM010,Simulated unit 10,1985,0.8119855105333111,2.687237586712474,10
SIM010,Simulated unit 10,1986,0.05227633967135903,0.8119855105333111,10
SIM010,Simulated unit 10,1987,4.919293723212839,0.05227633967135903,10
SIM010,Simulated unit 10,1988,0.6298180763904035,4.919293723212839,10
SIM010,Simulated unit 10,1989,-6.060450146954229,0.6298180763904035,10
SIM010,Simulated unit 10,1990,1.9965408968631468,-6.060450146954229,10
SIM010,Simulated unit 10,1991,9.645908395938896,1.9965408968631468,10
SIM010,Simulated unit 10,1992,5.371737241215342,9.645908395938896,10
SIM010,Simulated unit 10,1993,-1.7874717771313504,5.371737241215342,10
SIM010,Simulated unit 10,1994,-1.2039349948666416,-1.7874717771313504,10
SIM010,Simulated unit 10,1995,-0.7810298464419925,-1.2039349948666416,10
SIM010,Simulated unit 10,1996,-0.23838943093196657,-0.7810298464419925,10
SIM010,Simulated unit 10,1997,-2.6831977843247246,-0.23838943093196657,10
SIM010,Simulated unit 10,1998,0.9287647568345976,-2.6831977843247246,10
SIM010,Simulated unit 10,1999,2.930780979959017,0.9287647568345976,10
SIM010,Simulated unit 10,2000,-1.9247482714825095,2.930780979959017,10
SIM010,Simulated unit 10,2001,1.7427412321951579,-1.9247482714825095,10
SIM010,Simulated unit 10,2002,8.003699685154768,1.7427412321951579,10
SIM010,Simulated unit 10,2003,6.11810080840404,8.003699685154768,10
SIM010,Simulated unit 10,2004,3.458884998836906,6.11810080840404,10
SIM010,Simulated unit 10,2005,2.4493213560795795,3.458884998836906,10
SIM010,Simulated unit 10,2006,4.115363114553432,2.4493213560795795,10
SIM010,Simulated unit 10,2007,-1.9227969477895952,4.115363114553432,10
SIM010,Simulated unit 10,2008,0.1394939402581496,-1.9227969477895952,10
SIM010,Simulated unit 10,2009,-0.2876954842335404,0.1394939402581496,10
SIM010,Simulated unit 10,2010,6.170857748328012,-0.2876954842335404,10
SIM010,Simulated unit 10,2011,3.9799964475819336,6.170857748328012,10
SIM010,Simulated unit 10,2012,8.191660701907718,3.9799964475819336,10
SIM010,Simulated unit 10,2013,2.403774327798609,8.191660701907718,10
SIM010,Simulated unit 10,2014,4.004042097087542,2.403774327798609,10
SIM010,Simulated unit 10,2015,4.160626049626211,4.004042097087542,10
SIM010,Simulated unit 10,2016,0.6892338861813796,4.160626049626211,10
SIM010,Simulated unit 10,2017,1.745728675619649,0.6892338861813796,10
SIM010,Simulated unit 10,2018,5.48499371586659,1.745728675619649,10
SIM010,Simulated unit 10,2019,3.1196211166601517,5.48499371586659,10
SIM011,Simulated unit 11,1961,-1.0982212479379112,-3.0758879475092895,11
SIM011,Simulated unit 11,1962,-2.5662020331402844,-1.0982212479379112,11
SIM011,Simulated unit 11,1963,-1.7667440358758177,-2.5662020331402844,11
SIM011,Simulated unit 11,1964,-0.5048097305808534,-1.7667440358758177,11
SIM011,Simulated unit 11,1965,-4.619842486395064,-0.5048097305808534,11
SIM011,Simulated unit 11,1966,-6.818880509799072,-4.619842486395064,11
SIM011,Simulated unit 11,1967,-1.8451277993028679,-6.818880509799072,11
SIM011,Simulated unit 11,1968,-1.8752327680907617,-1.8451277993028679,11
SIM011,Simulated unit 11,1969,-8.019372686316158,-1.8752327680907617,11
SIM011,Simulated unit 11,1970,-1.6570915019652892,-8.019372686316158,11
SIM011,Simulated unit 11,1971,0.622854364643546,-1.6570915019652892,11
SIM011,Simulated unit 11,1972,-0.967911853323324,0.622854364643546,11
SIM011,Simulated unit 11,1973,-3.731237745168719,-0.967911853323324,11
SIM011,Simulated unit 11,1974,1.0686810418417803,-3.731237745168719,11
SIM011,Simulated unit 11,1975,2.489260492786357,1.0686810418417803,11
SIM011,Simulated unit 11,1976,9.441363143724033,2.489260492786357,11
SIM011,Simulated unit 11,1977,7.725383682409231,9.441363143724033,11
SIM011,Simulated unit 11,1978,6.598339633231582,7.725383682409231,11
SIM011,Simulated unit 11,1979,4.258219989613253,6.598339633231582,11
SIM011,Simulated unit 11,1980,5.805259595370325,4.258219989613253,11
SIM011,Simulated unit 11,1981,6.158411360966657,5.805259595370325,11
SIM011,Simulated unit 11,1982,8.250221842275579,6.158411360966657,11
SIM011,Simulated unit 11,1983,4.186164349453493,8.250221842275579,11
SIM011,Simulated unit 11,1984,2.005476190840209,4.186164349453493,11
SIM011,Simulated unit 11,1985,0.5659762017681849,2.005476190840209,11
SIM011,Simulated unit 11,1986,3.5119908845978784,0.5659762017681849,11
SIM011,Simulated unit 11,1987,7.402317851648923,3.5119908845978784,11
SIM011,Simulated unit 11,1988,3.8648692315414515,7.402317851648923,11
SIM011,Simulated unit 11,1989,1.8446003555455974,3.8648692315414515,11
SIM011,Simulated unit 11,1990,2.848991884936756,1.8446003555455974,11
SIM011,Simulated unit 11,1991,1.7721106309233494,2.848991884936756,11
SIM011,Simulated unit 11,1992,4.71942733797368,1.7721106309233494,11
SIM011,Simulated unit 11,1993,-3.123675469072932,4.71942733797368,11
SIM011,Simulated unit 11,1994,-3.5543204221944427,-3.123675469072932,11
SIM011,Simulated unit 11,1995,-3.679841255201003,-3.5543204221944427,11
SIM011,Simulated unit 11,1996,-8.368972790279036,-3.679841255201003,11
SIM011,Simulated unit 11,1997,-7.112299007273834,-8.368972790279036,11
SIM011,Simulated unit 11,1998,-6.212847751902078,-7.112299007273834,11
SIM011,Simulated unit 11,1999,-3.5310226146977377,-6.212847751902078,11
SIM011,Simulated unit 11,2000,2.0202841061621477,-3.5310226146977377,11
SIM011,Simulated unit 11,2001,1.2769885101251817,2.0202841061621477,11
SIM011,Simulated unit 11,2002,-1.5262480547383523,1.2769885101251817,11
SIM011,Simulated unit 11,2003,-0.28661245648359823,-1.5262480547383523,11
SIM011,Simulated unit 11,2004,3.775553390433889,-0.28661245648359823,11
SIM011,Simulated unit 11,2005,0.13745558591561924,3.775553390433889,11
SIM011,Simulated unit 11,2006,-1.8492513002149744,0.13745558591561924,11
SIM011,Simulated unit 11,2007,1.3660960976936858,-1.8492513002149744,11
SIM011,Simulated unit 11,2008,0.9550493114238099,1.3660960976936858,11
SIM011,Simulated unit 11,2009,3.315483658982709,0.9550493114238099,11
SIM011,Simulated unit 11,2010,2.748349820003735,3.315483658982709,11
SIM011,Simulated unit 11,2011,4.5540008362709425,2.748349820003735,11
SIM011,Simulated unit 11,2012,0.4271661596406431,4.5540008362709425,11
SIM011,Simulated unit 11,2013,1.0200457434195835,0.4271661596406431,11
SIM011,Simulated unit 11,2014,0.7799574029622797,1.0200457434195835,11
SIM011,Simulated unit 11,2015,-2.379698330535024,0.7799574029622797,11
SIM011,Simulated unit 11,2016,-5.31825284192708,-2.379698330535024,11
SIM011,Simulated unit 11,2017,-0.33370459933226293,-5.31825284192708,11
SIM011,Simulated unit 11,2018,-0.453079906253292,-0.33370459933226293,11
SIM011,Simulated unit 11,2019,-2.5386887886939635,-0.453079906253292,11
SIM012,Simulated unit 12,1961,5.21093448558591,1.7114631892300032,12
SIM012,Simulated unit 12,1962,-2.9156528447642227,5.21093448558591,12
SIM012,Simulated unit 12,1963,-5.439307776568513,-2.9156528447642227,12
SIM012,Simulated unit 12,1964,-5.232243991626911,-5.439307776568513,12
SIM012,Simulated unit 12,1965,2.044190205184841,-5.232243991626911,12
SIM012,Simulated unit 12,1966,2.8742750718687944,2.044190205184841,12
SIM012,Simulated unit 12,1967,4.826516764504957,2.8742750718687944,12
SIM012,Simulated unit 12,1968,0.27542730132428295,4.826516764504957,12
SIM012,Simulated unit 12,1969,-2.393351245017009,0.27542730132428295,12
SIM012,Simulated unit 12,1970,0.7074304031579259,-2.393351245017009,12
SIM012,Simulated unit 12,1971,1.3992812347010952,0.7074304031579259,12
SIM012,Simulated unit 12,1972,3.2857851974130368,1.3992812347010952,12
SIM012,Simulated unit 12,1973,2.208458145662466,3.2857851974130368,12
SIM012,Simulated unit 12,1974,2.9595060667613606,2.208458145662466,12
SIM012,Simulated unit 12,1975,3.0500608947721437,2.9595060667613606,12
SIM012,Simulated unit 12,1976,4.963338704118062,3.0500608947721437,12
SIM012,Simulated unit 12,1977,6.19902806830425,4.963338704118062,12
SIM012,Simulated unit 12,1978,-0.34019914219275993,6.19902806830425,12
SIM012,Simulated unit 12,1979,-6.145925151338222,-0.34019914219275993,12
SIM012,Simulated unit 12,1980,0.11768110215158867,-6.145925151338222,12
SIM012,Simulated unit 12,1981,4.433783941076763,0.11768110215158867,12
SIM012,Simulated unit 12,1982,0.3984013061060452,4.433783941076763,12
SIM012,Simulated unit 12,1983,-4.540465435973259,0.3984013061060452,12
SIM012,Simulated unit 12,1984,-1.6271747985623524,-4.540465435973259,12
SIM012,Simulated unit 12,1985,2.6162097999141767,-1.6271747985623524,12
SIM012,Simulated unit 12,1986,7.76250944725145,2.6162097999141767,12
SIM012,Simulated unit 12,1987,7.006398384655222,7.76250944725145,12
SIM012,Simulated unit 12,1988,3.888688941036048,7.006398384655222,12
SIM012,Simulated unit 12,1989,0.4538214998670407,3.888688941036048,12
SIM012,Simulated unit 12,1990,1.1066467749321875,0.4538214998670407,12
SIM012,Simulated unit 12,1991,0.5661939533035435,1.1066467749321875,12
SIM012,Simulated unit 12,1992,-1.9054873452043222,0.5661939533035435,12
SIM012,Simulated unit 12,1993,5.802974545467267,-1.9054873452043222,12
SIM012,Simulated unit 12,1994,9.637289933496753,5.802974545467267,12
SIM012,Simulated unit 12,1995,9.990520010764337,9.637289933496753,12
SIM012,Simulated unit 12,1996,4.0317608130312195,9.990520010764337,12
SIM012,Simulated unit 12,1997,5.784114460710567,4.0317608130312195,12
SIM012,Simulated unit 12,1998,6.189347904920045,5.784114460710567,12
SIM012,Simulated unit 12,1999,5.841245615564185,6.189347904920045,12
SIM012,Simulated unit 12,2000,8.053743170469842,5.841245615564185,12
SIM012,Simulated unit 12,2001,7.538359330865736,8.053743170469842,12
SIM012,Simulated unit 12,2002,7.543058307432448,7.538359330865736,12
SIM012,Simulated unit 12,2003,7.236553834576099,7.543058307432448,12
SIM012,Simulated unit 12,2004,6.164306524751977,7.236553834576099,12
SIM012,Simulated unit 12,2005,-0.8522494742913649,6.164306524751977,12
SIM012,Simulated unit 12,2006,0.5395135476568529,-0.8522494742913649,12
SIM012,Simulated unit 12,2007,-0.544867747953264,0.5395135476568529,12
SIM012,Simulated unit 12,2008,-3.3664435216920197,-0.544867747953264,12
SIM012,Simulated unit 12,2009,3.8255837448872603,-3.3664435216920197,12
SIM012,Simulated unit 12,2010,8.282336269589468,3.8255837448872603,12
SIM012,Simulated unit 12,2011,9.847063562640518,8.282336269589468,12
SIM012,Simulated unit 12,2012,7.473878388151934,9.847063562640518,12
SIM012,Simulated unit 12,2013,9.33620239574913,7.473878388151934,12
SIM012,Simulated unit 12,2014,6.437880979254954,9.33620239574913,12
SIM012,Simulated unit 12,2015,5.27112041824631,6.437880979254954,12
SIM012,Simulated unit 12,2016,0.6822581395618377,5.27112041824631,12
SIM012,Simulated unit 12,2017,2.4003287972336227,0.6822581395618377,12
SIM012,Simulated unit 12,2018,2.4213550636134245,2.4003287972336227,12
SIM012,Simulated unit 12,2019,-1.6551433123353387,2.4213550636134245,12
SIM013,Simulated unit 13,1961,1.6686565071597004,1.8464086645502094,13
SIM013,Simulated unit 13,1962,7.19387740422974,1.6686565071597004,13
SIM013,Simulated unit 13,1963,7.798966428078073,7.19387740422974,13
SIM013,Simulated unit 13,1964,5.5137161741212415,7.798966428078073,13
SIM013,Simulated unit 13,1965,4.854591633875994,5.5137161741212415,13
SIM013,Simulated unit 13,1966,3.8453921146381904,4.854591633875994,13
SIM013,Simulated unit 13,1967,2.498493314396271,3.8453921146381904,13
SIM013,Simulated unit 13,1968,-0.9481856035270977,2.498493314396271,13
SIM013,Simulated unit 13,1969,-0.2220669949370463,-0.9481856035270977,13
SIM013,Simulated unit 13,1970,-1.571534966919768,-0.2220669949370463,13
SIM013,Simulated unit 13,1971,-3.8938675969212997,-1.571534966919768,13
SIM013,Simulated unit 13,1972,-0.002655114510175638,-3.8938675969212997,13
SIM013,Simulated unit 13,1973,1.9722009110935994,-0.002655114510175638,13
SIM013,Simulated unit 13,1974,-3.376801987448074,1.9722009110935994,13
SIM013,Simulated unit 13,1975,-1.594135104954226,-3.376801987448074,13
SIM013,Simulated unit 13,1976,2.830623094727235,-1.594135104954226,13
SIM013,Simulated unit 13,1977,5.676045073525303,2.830623094727235,13
SIM013,Simulated unit 13,1978,7.283137572770898,5.676045073525303,13
SIM013,Simulated unit 13,1979,5.286622164366918,7.283137572770898,13
SIM013,Simulated unit 13,1980,1.4368373147126978,5.286622164366918,13
SIM013,Simulated unit 13,1981,-1.5889940932465632,1.4368373147126978,13
SIM013,Simulated unit 13,1982,0.8804182583031347,-1.5889940932465632,13
SIM013,Simulated unit 13,1983,2.46609105807737,0.8804182583031347,13
SIM013,Simulated unit 13,1984,6.1416479696616175,2.46609105807737,13
SIM013,Simulated unit 13,1985,7.784927732823221,6.1416479696616175,13
SIM013,Simulated unit 13,1986,5.074270670100416,7.784927732823221,13
SIM013,Simulated unit 13,1987,0.11194476547764154,5.074270670100416,13
SIM013,Simulated unit 13,1988,-0.0901529317461085,0.11194476547764154,13
SIM013,Simulated unit 13,1989,1.397601825383909,-0.0901529317461085,13
SIM013,Simulated unit 13,1990,1.0323113590621333,1.397601825383909,13
SIM013,Simulated unit 13,1991,-0.31429550879568735,1.0323113590621333,13
SIM013,Simulated unit 13,1992,1.3700771396322842,-0.31429550879568735,13
SIM013,Simulated unit 13,1993,0.1101730595475392,1.3700771396322842,13
SIM013,Simulated unit 13,1994,-1.0180944154475984,0.1101730595475392,13
SIM013,Simulated unit 13,1995,1.1235018536417598,-1.0180944154475984,13
SIM013,Simulated unit 13,1996,0.2681233717974416,1.1235018536417598,13
SIM013,Simulated unit 13,1997,1.6931871900135214,0.2681233717974416,13
SIM013,Simulated unit 13,1998,2.6355243825644807,1.6931871900135214,13
SIM013,Simulated unit 13,1999,-1.0369723737360355,2.6355243825644807,13
SIM013,Simulated unit 13,2000,-1.2659067958378576,-1.0369723737360355,13
SIM013,Simulated unit 13,2001,4.3537867422466725,-1.2659067958378576,13
SIM013,Simulated unit 13,2002,-0.07396649285485779,4.3537867422466725,13
SIM013,Simulated unit 13,2003,-5.594343242624508,-0.07396649285485779,13
SIM013,Simulated unit 13,2004,-8.14214140530224,-5.594343242624508,13
SIM013,Simulated unit 13,2005,-3.9979550034513363,-8.14214140530224,13
SIM013,Simulated unit 13,2006,-1.5060211679727047,-3.9979550034513363,13
SIM013,Simulated unit 13,2007,-0.4564452670589855,-1.5060211679727047,13
SIM013,Simulated unit 13,2008,4.168702326550114,-0.4564452670589855,13
SIM013,Simulated unit 13,2009,-4.717281903378745,4.168702326550114,13
SIM013,Simulated unit 13,2010,-0.8425675187347763,-4.717281903378745,13
SIM013,Simulated unit 13,2011,4.978774094169854,-0.8425675187347763,13
SIM013,Simulated unit 13,2012,0.4039221618267703,4.978774094169854,13
SIM013,Simulated unit 13,2013,-0.09706623827362293,0.4039221618267703,13
SIM013,Simulated unit 13,2014,-1.5169154946500365,-0.09706623827362293,13
SIM013,Simulated unit 13,2015,-2.793187435022608,-1.5169154946500365,13
SIM013,Simulated unit 13,2016,-1.8546984760826846,-2.793187435022608,13
SIM013,Simulated unit 13,2017,3.9696367654039038,-1.8546984760826846,13
SIM013,Simulated unit 13,2018,8.693942085704903,3.9696367654039038,13
SIM013,Simulated unit 13,2019,5.008547576302498,8.693942085704903,13
SIM014,Simulated unit 14,1961,5.535837816269921,7.715180642193411,14
SIM014,Simulated unit 14,1962,9.382575769865195,5.535837816269921,14
SIM014,Simulated unit 14,1963,6.149649512958641,9.382575769865195,14
SIM014,Simulated unit 14,1964,4.882963185913617,6.149649512958641,14
SIM014,Simulated unit 14,1965,4.826201329476675,4.882963185913617,14
SIM014,Simulated unit 14,1966,13.232281835788612,4.826201329476675,14
SIM014,Simulated unit 14,1967,11.293225826007536,13.232281835788612,14
SIM014,Simulated unit 14,1968,5.454141905750131,11.293225826007536,14
SIM014,Simulated unit 14,1969,6.979478754277652,5.454141905750131,14
SIM014,Simulated unit 14,1970,3.9021896413135666,6.979478754277652,14
SIM014,Simulated unit 14,1971,1.6720632360845122,3.9021896413135666,14
SIM014,Simulated unit 14,1972,4.529042021327041,1.6720632360845122,14
SIM014,Simulated unit 14,1973,3.610681976109683,4.529042021327041,14
SIM014,Simulated unit 14,1974,3.802136929201228,3.610681976109683,14
SIM014,Simulated unit 14,1975,3.123237823116614,3.802136929201228,14
SIM014,Simulated unit 14,1976,3.683692073686273,3.123237823116614,14
SIM014,Simulated unit 14,1977,4.2851129365202105,3.683692073686273,14
SIM014,Simulated unit 14,1978,-2.43983303620412,4.2851129365202105,14
SIM014,Simulated unit 14,1979,1.335818184106129,-2.43983303620412,14
SIM014,Simulated unit 14,1980,-1.3445673490272245,1.335818184106129,14
SIM014,Simulated unit 14,1981,-4.333637816094568,-1.3445673490272245,14
SIM014,Simulated unit 14,1982,-1.975416421232788,-4.333637816094568,14
SIM014,Simulated unit 14,1983,-0.13330684279631,-1.975416421232788,14
SIM014,Simulated unit 14,1984,-1.360502599394628,-0.13330684279631,14
SIM014,Simulated unit 14,1985,2.4767940133671464,-1.360502599394628,14
SIM014,Simulated unit 14,1986,-1.7404490910924326,2.4767940133671464,14
SIM014,Simulated unit 14,1987,-1.4651007009731365,-1.7404490910924326,14
SIM014,Simulated unit 14,1988,-1.8336828253828839,-1.4651007009731365,14
SIM014,Simulated unit 14,1989,-0.4399715062477483,-1.8336828253828839,14
SIM014,Simulated unit 14,1990,1.3726099501930675,-0.4399715062477483,14
SIM014,Simulated unit 14,1991,-1.4001128787547934,1.3726099501930675,14
SIM014,Simulated unit 14,1992,2.1327803051158085,-1.4001128787547934,14
SIM014,Simulated unit 14,1993,2.2686752880735845,2.1327803051158085,14
SIM014,Simulated unit 14,1994,-3.51463358709158,2.2686752880735845,14
SIM014,Simulated unit 14,1995,-7.184554473446041,-3.51463358709158,14
SIM014,Simulated unit 14,1996,-3.5476905628555584,-7.184554473446041,14
SIM014,Simulated unit 14,1997,-1.9915162910723971,-3.5476905628555584,14
SIM014,Simulated unit 14,1998,-0.7051701153673388,-1.9915162910723971,14
SIM014,Simulated unit 14,1999,0.2929505611889429,-0.7051701153673388,14
SIM014,Simulated unit 14,2000,1.652449855243908,0.2929505611889429,14
SIM014,Simulated unit 14,2001,4.634418742691244,1.652449855243908,14
SIM014,Simulated unit 14,2002,0.24733654286207152,4.634418742691244,14
SIM014,Simulated unit 14,2003,-2.5675128529851414,0.24733654286207152,14
SIM014,Simulated unit 14,2004,-4.0204792854532325,-2.5675128529851414,14
SIM014,Simulated unit 14,2005,-0.7455375697658189,-4.0204792854532325,14
SIM014,Simulated unit 14,2006,4.087519594079845,-0.7455375697658189,14
SIM014,Simulated unit 14,2007,1.9584934417293756,4.087519594079845,14
SIM014,Simulated unit 14,2008,-5.530003467441338,1.9584934417293756,14
SIM014,Simulated unit 14,2009,-7.6299806682959295,-5.530003467441338,14
SIM014,Simulated unit 14,2010,-6.2770985693655925,-7.6299806682959295,14
SIM014,Simulated unit 14,2011,-4.639445804105,-6.2770985693655925,14
SIM014,Simulated unit 14,2012,-3.208833364227179,-4.639445804105,14
SIM014,Simulated unit 14,2013,-1.009556649593556,-3.208833364227179,14
SIM014,Simulated unit 14,2014,-0.740972982223475,-1.009556649593556,14
SIM014,Simulated unit 14,2015,3.5034350422961364,-0.740972982223475,14
SIM014,Simulated unit 14,2016,0.8740091083335759,3.5034350422961364,14
SIM014,Simulated unit 14,2017,-1.2625484134264835,0.8740091083335759,14
SIM014,Simulated unit 14,2018,1.479097567505495,-1.2625484134264835,14
SIM014,Simulated unit 14,2019,-2.9194676692750607,1.479097567505495,14
SIM015,Simulated unit 15,1961,3.0091046207548042,3.1690751159600064,15
SIM015,Simulated unit 15,1962,2.16313530269838,3.0091046207548042,15
SIM015,Simulated unit 15,1963,6.8627095030668155,2.16313530269838,15
SIM015,Simulated unit 15,1964,3.0510033659559355,6.8627095030668155,15
SIM015,Simulated unit 15,1965,8.811496531145796,3.0510033659559355,15
SIM015,Simulated unit 15,1966,5.410603571003179,8.811496531145796,15
SIM015,Simulated unit 15,1967,0.21531280769122318,5.410603571003179,15
SIM015,Simulated unit 15,1968,1.1389464275992098,0.21531280769122318,15
SIM015,Simulated unit 15,1969,-1.7453677443967788,1.1389464275992098,15
SIM015,Simulated unit 15,1970,-2.5024881900785676,-1.7453677443967788,15
SIM015,Simulated unit 15,1971,0.48960698599933306,-2.5024881900785676,15
SIM015,Simulated unit 15,1972,2.7605104575499744,0.48960698599933306,15
SIM015,Simulated unit 15,1973,0.5898031737672103,2.7605104575499744,15
SIM015,Simulated unit 15,1974,4.116097339399528,0.5898031737672103,15
SIM015,Simulated unit 15,1975,6.742181677703119,4.116097339399528,15
SIM015,Simulated unit 15,1976,9.154214276311745,6.742181677703119,15
SIM015,Simulated unit 15,1977,7.880768787164213,9.154214276311745,15
SIM015,Simulated unit 15,1978,9.618747408555624,7.880768787164213,15
SIM015,Simulated unit 15,1979,0.928853161211201,9.618747408555624,15
SIM015,Simulated unit 15,1980,0.4035922508413329,0.928853161211201,15
SIM015,Simulated unit 15,1981,-1.558860418465479,0.4035922508413329,15
SIM015,Simulated unit 15,1982,0.2223613323028889,-1.558860418465479,15
SIM015,Simulated unit 15,1983,-0.7809308582084785,0.2223613323028889,15
SIM015,Simulated unit 15,1984,-0.16703204077428419,-0.7809308582084785,15
SIM015,Simulated unit 15,1985,6.346305416147578,-0.16703204077428419,15
SIM015,Simulated unit 15,1986,4.098623860427412,6.346305416147578,15
SIM015,Simulated unit 15,1987,4.500551267827089,4.098623860427412,15
SIM015,Simulated unit 15,1988,2.8035227709235477,4.500551267827089,15
SIM015,Simulated unit 15,1989,2.70925352642463,2.8035227709235477,15
SIM015,Simulated unit 15,1990,2.4436021571629922,2.70925352642463,15
SIM015,Simulated unit 15,1991,3.6111334922172738,2.4436021571629922,15
SIM015,Simulated unit 15,1992,6.462602701971895,3.6111334922172738,15
SIM015,Simulated unit 15,1993,9.619743613993126,6.462602701971895,15
SIM015,Simulated unit 15,1994,7.500706414123377,9.619743613993126,15
SIM015,Simulated unit 15,1995,7.0690645065808315,7.500706414123377,15
SIM015,Simulated unit 15,1996,1.5888451763917981,7.0690645065808315,15
SIM015,Simulated unit 15,1997,1.489676878588217,1.5888451763917981,15
SIM015,Simulated unit 15,1998,4.514674521803697,1.489676878588217,15
SIM015,Simulated unit 15,1999,6.106710628333678,4.514674521803697,15
SIM015,Simulated unit 15,2000,5.0988555753853575,6.106710628333678,15
SIM015,Simulated unit 15,2001,6.518495223935072,5.0988555753853575,15
SIM015,Simulated unit 15,2002,6.183397261342499,6.518495223935072,15
SIM015,Simulated unit 15,2003,8.110957131583465,6.183397261342499,15
SIM015,Simulated unit 15,2004,6.534651749821412,8.110957131583465,15
SIM015,Simulated unit 15,2005,3.6536961031797435,6.534651749821412,15
SIM015,Simulated unit 15,2006,3.9997414327069167,3.6536961031797435,15
SIM015,Simulated unit 15,2007,-5.591938267934177,3.9997414327069167,15
SIM015,Simulated unit 15,2008,-1.4065057516053576,-5.591938267934177,15
SIM015,Simulated unit 15,2009,-10.989141926607564,-1.4065057516053576,15
SIM015,Simulated unit 15,2010,-10.963875378180791,-10.989141926607564,15
SIM015,Simulated unit 15,2011,-4.423019424085522,-10.963875378180791,15
SIM015,Simulated unit 15,2012,-0.4212236426509275,-4.423019424085522,15
SIM015,Simulated unit 15,2013,-2.940020526010348,-0.4212236426509275,15
SIM015,Simulated unit 15,2014,-3.100318441243025,-2.940020526010348,15
SIM015,Simulated unit 15,2015,3.0514319010965814,-3.100318441243025,15
SIM015,Simulated unit 15,2016,1.1787687459399199,3.0514319010965814,15
SIM015,Simulated unit 15,2017,8.236022184772906,1.1787687459399199,15
SIM015,Simulated unit 15,2018,5.735853751334705,8.236022184772906,15
SIM015,Simulated unit 15,2019,5.465620781444623,5.735853751334705,15
SIM016,Simulated unit 16,1961,5.303455265877751,6.850623195495823,16
SIM016,Simulated unit 16,1962,0.9750412174542475,5.303455265877751,16
SIM016,Simulated unit 16,1963,1.0558423753896784,0.9750412174542475,16
SIM016,Simulated unit 16,1964,1.3266732166635342,1.0558423753896784,16
SIM016,Simulated unit 16,1965,-2.4982210266065756,1.3266732166635342,16
SIM016,Simulated unit 16,1966,-1.4664288299864154,-2.4982210266065756,16
SIM016,Simulated unit 16,1967,-2.306433579984159,-1.4664288299864154,16
SIM016,Simulated unit 16,1968,2.1892131235718066,-2.306433579984159,16
SIM016,Simulated unit 16,1969,2.217363496698851,2.1892131235718066,16
SIM016,Simulated unit 16,1970,1.2820308505766005,2.217363496698851,16
SIM016,Simulated unit 16,1971,1.2506727184782316,1.2820308505766005,16
SIM016,Simulated unit 16,1972,2.2197696863054373,1.2506727184782316,16
SIM016,Simulated unit 16,1973,3.982304410852602,2.2197696863054373,16
SIM016,Simulated unit 16,1974,0.1902459605034168,3.982304410852602,16
SIM016,Simulated unit 16,1975,-2.2106153215617654,0.1902459605034168,16
SIM016,Simulated unit 16,1976,2.787668453270531,-2.2106153215617654,16
SIM016,Simulated unit 16,1977,1.235590455348127,2.787668453270531,16
SIM016,Simulated unit 16,1978,-2.7091720045817462,1.235590455348127,16
SIM016,Simulated unit 16,1979,0.5059349254002663,-2.7091720045817462,16
SIM016,Simulated unit 16,1980,2.4936703733382206,0.5059349254002663,16
SIM016,Simulated unit 16,1981,-2.295943547767187,2.4936703733382206,16
SIM016,Simulated unit 16,1982,0.11087901773050668,-2.295943547767187,16
SIM016,Simulated unit 16,1983,3.073276687923425,0.11087901773050668,16
SIM016,Simulated unit 16,1984,3.767125367872844,3.073276687923425,16
SIM016,Simulated unit 16,1985,4.956219672007892,3.767125367872844,16
SIM016,Simulated unit 16,1986,-0.43907549106751187,4.956219672007892,16
SIM016,Simulated unit 16,1987,1.5296751703480798,-0.43907549106751187,16
SIM016,Simulated unit 16,1988,0.8099458237975081,1.5296751703480798,16
SIM016,Simulated unit 16,1989,-0.16240298189542957,0.8099458237975081,16
SIM016,Simulated unit 16,1990,3.3142250391219217,-0.16240298189542957,16
SIM016,Simulated unit 16,1991,7.2263585554958425,3.3142250391219217,16
SIM016,Simulated unit 16,1992,10.518925297098583,7.2263585554958425,16
SIM016,Simulated unit 16,1993,11.055778792776865,10.518925297098583,16
SIM016,Simulated unit 16,1994,7.104264730775568,11.055778792776865,16
SIM016,Simulated unit 16,1995,6.12071932754437,7.104264730775568,16
SIM016,Simulated unit 16,1996,6.772900211879352,6.12071932754437,16
SIM016,Simulated unit 16,1997,5.227273975025996,6.772900211879352,16
SIM016,Simulated unit 16,1998,4.328656948750231,5.227273975025996,16
SIM016,Simulated unit 16,1999,5.868453564878685,4.328656948750231,16
SIM016,Simulated unit 16,2000,4.1432242008494145,5.868453564878685,16
SIM016,Simulated unit 16,2001,1.0980737113886643,4.1432242008494145,16
SIM016,Simulated unit 16,2002,0.21542502932562302,1.0980737113886643,16
SIM016,Simulated unit 16,2003,2.830986150796601,0.21542502932562302,16
SIM016,Simulated unit 16,2004,2.507571564077828,2.830986150796601,16
SIM016,Simulated unit 16,2005,3.3251728690517104,2.507571564077828,16
SIM016,Simulated unit 16,2006,4.805341448037596,3.3251728690517104,16
SIM016,Simulated unit 16,2007,2.5586804801297287,4.805341448037596,16
SIM016,Simulated unit 16,2008,4.603952778967256,2.5586804801297287,16
SIM016,Simulated unit 16,2009,4.698899477755536,4.603952778967256,16
SIM016,Simulated unit 16,2010,-0.0850995740811138,4.698899477755536,16
SIM016,Simulated unit 16,2011,5.075854629110065,-0.0850995740811138,16
SIM016,Simulated unit 16,2012,2.343278546195291,5.075854629110065,16
SIM016,Simulated unit 16,2013,-2.759318901838377,2.343278546195291,16
SIM016,Simulated unit 16,2014,-3.9907224698619332,-2.759318901838377,16
SIM016,Simulated unit 16,2015,-4.657568963952126,-3.9907224698619332,16
SIM016,Simulated unit 16,2016,-1.8380214223986748,-4.657568963952126,16
SIM016,Simulated unit 16,2017,-1.1243643700779162,-1.8380214223986748,16
SIM016,Simulated unit 16,2018,-0.8851145249685283,-1.1243643700779162,16
SIM016,Simulated unit 16,2019,2.1280371814663197,-0.8851145249685283,16
SIM017,Simulated unit 17,1961,3.5599192620797258,3.0196260835781112,17
SIM017,Simulated unit 17,1962,4.1654369292339135,3.5599192620797258,17
SIM017,Simulated unit 17,1963,5.147666161547063,4.1654369292339135,17
SIM017,Simulated unit 17,1964,-2.435260328404091,5.147666161547063,17
SIM017,Simulated unit 17,1965,-1.754470953835838,-2.435260328404091,17
SIM017,Simulated unit 17,1966,-6.793312765769924,-1.754470953835838,17
SIM017,Simulated unit 17,1967,-3.167807879068568,-6.793312765769924,17
SIM017,Simulated unit 17,1968,-1.1145836441141765,-3.167807879068568,17
SIM017,Simulated unit 17,1969,3.2678466379005346,-1.1145836441141765,17
SIM017,Simulated unit 17,1970,6.323611160903683,3.2678466379005346,17
SIM017,Simulated unit 17,1971,5.202491841299311,6.323611160903683,17
SIM017,Simulated unit 17,1972,2.4204118725888875,5.202491841299311,17
SIM017,Simulated unit 17,1973,3.707730461190546,2.4204118725888875,17
SIM017,Simulated unit 17,1974,1.4408853647413868,3.707730461190546,17
SIM017,Simulated unit 17,1975,1.6603532645147856,1.4408853647413868,17
SIM017,Simulated unit 17,1976,4.754620909591175,1.6603532645147856,17
SIM017,Simulated unit 17,1977,1.9794585077864344,4.754620909591175,17
SIM017,Simulated unit 17,1978,4.404711022399363,1.9794585077864344,17
SIM017,Simulated unit 17,1979,5.475030719516525,4.404711022399363,17
SIM017,Simulated unit 17,1980,1.22064298031745,5.475030719516525,17
SIM017,Simulated unit 17,1981,4.454068172842673,1.22064298031745,17
SIM017,Simulated unit 17,1982,5.568139939820119,4.454068172842673,17
SIM017,Simulated unit 17,1983,4.4466616260100436,5.568139939820119,17
SIM017,Simulated unit 17,1984,1.1810266015230697,4.4466616260100436,17
SIM017,Simulated unit 17,1985,-1.0690020948128682,1.1810266015230697,17
SIM017,Simulated unit 17,1986,-1.4543889875967881,-1.0690020948128682,17
SIM017,Simulated unit 17,1987,1.5551499973178071,-1.4543889875967881,17
SIM017,Simulated unit 17,1988,-1.1337855038135094,1.5551499973178071,17
SIM017,Simulated unit 17,1989,1.432265443571504,-1.1337855038135094,17
SIM017,Simulated unit 17,1990,-2.065907320492275,1.432265443571504,17
SIM017,Simulated unit 17,1991,-1.0517501456119118,-2.065907320492275,17
SIM017,Simulated unit 17,1992,0.49789317635487884,-1.0517501456119118,17
SIM017,Simulated unit 17,1993,8.434126340989678,0.49789317635487884,17
SIM017,Simulated unit 17,1994,1.7285288380327044,8.434126340989678,17
SIM017,Simulated unit 17,1995,6.253161002290023,1.7285288380327044,17
SIM017,Simulated unit 17,1996,5.0014238433358535,6.253161002290023,17
SIM017,Simulated unit 17,1997,5.034370060049402,5.0014238433358535,17
SIM017,Simulated unit 17,1998,4.175665776194254,5.034370060049402,17
SIM017,Simulated unit 17,1999,4.639579920302252,4.175665776194254,17
SIM017,Simulated unit 17,2000,3.1226926390952983,4.639579920302252,17
SIM017,Simulated unit 17,2001,7.035766127829554,3.1226926390952983,17
SIM017,Simulated unit 17,2002,3.6520462440235644,7.035766127829554,17
SIM017,Simulated unit 17,2003,6.387931462951882,3.6520462440235644,17
SIM017,Simulated unit 17,2004,2.699657517132061,6.387931462951882,17
SIM017,Simulated unit 17,2005,2.239038971075376,2.699657517132061,17
SIM017,Simulated unit 17,2006,-1.0724642742254322,2.239038971075376,17
SIM017,Simulated unit 17,2007,1.5215925965073005,-1.0724642742254322,17
SIM017,Simulated unit 17,2008,6.048333428683982,1.5215925965073005,17
SIM017,Simulated unit 17,2009,4.196931517747826,6.048333428683982,17
SIM017,Simulated unit 17,2010,2.727501814536967,4.196931517747826,17
SIM017,Simulated unit 17,2011,-0.9073498004816005,2.727501814536967,17
SIM017,Simulated unit 17,2012,-0.43228784094588457,-0.9073498004816005,17
SIM017,Simulated unit 17,2013,-4.237755483732114,-0.43228784094588457,17
SIM017,Simulated unit 17,2014,-4.4812872503957495,-4.237755483732114,17
SIM017,Simulated unit 17,2015,-1.2084142119100432,-4.4812872503957495,17
SIM017,Simulated unit 17,2016,4.031991066078163,-1.2084142119100432,17
SIM017,Simulated unit 17,2017,11.646827223335407,4.031991066078163,17
SIM017,Simulated unit 17,2018,6.028341078788542,11.646827223335407,17
SIM017,Simulated unit 17,2019,8.722905117209447,6.028341078788542,17
SIM018,Simulated unit 18,1961,1.9850115244838387,2.731257441204944,18
SIM018,Simulated unit 18,1962,3.28879026986876,1.9850115244838387,18
SIM018,Simulated unit 18,1963,2.959023612961133,3.28879026986876,18
SIM018,Simulated unit 18,1964,2.9066013446133354,2.959023612961133,18
SIM018,Simulated unit 18,1965,1.3189613182879936,2.9066013446133354,18
SIM018,Simulated unit 18,1966,-2.602952188423756,1.3189613182879936,18
SIM018,Simulated unit 18,1967,-5.392646920620498,-2.602952188423756,18
SIM018,Simulated unit 18,1968,-0.4758535025286179,-5.392646920620498,18
SIM018,Simulated unit 18,1969,-0.3156123717743108,-0.4758535025286179,18
SIM018,Simulated unit 18,1970,-1.1776341220330862,-0.3156123717743108,18
SIM018,Simulated unit 18,1971,0.11893640694960912,-1.1776341220330862,18
SIM018,Simulated unit 18,1972,3.2561586029166483,0.11893640694960912,18
SIM018,Simulated unit 18,1973,3.2947869908291834,3.2561586029166483,18
SIM018,Simulated unit 18,1974,0.8087073845746076,3.2947869908291834,18
SIM018,Simulated unit 18,1975,4.964103297691613,0.8087073845746076,18
SIM018,Simulated unit 18,1976,8.516018487559863,4.964103297691613,18
SIM018,Simulated unit 18,1977,7.393281058504478,8.516018487559863,18
SIM018,Simulated unit 18,1978,8.156959169134957,7.393281058504478,18
SIM018,Simulated unit 18,1979,9.420055491922406,8.156959169134957,18
SIM018,Simulated unit 18,1980,9.842331244366985,9.420055491922406,18
SIM018,Simulated unit 18,1981,8.54769627795806,9.842331244366985,18
SIM018,Simulated unit 18,1982,7.723658907999484,8.54769627795806,18
SIM018,Simulated unit 18,1983,6.993177064839198,7.723658907999484,18
SIM018,Simulated unit 18,1984,1.7038932152623882,6.993177064839198,18
SIM018,Simulated unit 18,1985,3.9245053997361903,1.7038932152623882,18
SIM018,Simulated unit 18,1986,-0.9127386735379481,3.9245053997361903,18
SIM018,Simulated unit 18,1987,-2.131441569497934,-0.9127386735379481,18
SIM018,Simulated unit 18,1988,3.4318302617255023,-2.131441569497934,18
SIM018,Simulated unit 18,1989,5.379758645117894,3.4318302617255023,18
SIM018,Simulated unit 18,1990,8.490050056128325,5.379758645117894,18
SIM018,Simulated unit 18,1991,5.079006882615118,8.490050056128325,18
SIM018,Simulated unit 18,1992,0.3906576057387676,5.079006882615118,18
SIM018,Simulated unit 18,1993,0.313082972232232,0.3906576057387676,18
SIM018,Simulated unit 18,1994,1.2939436750610618,0.313082972232232,18
SIM018,Simulated unit 18,1995,1.8133323540566662,1.2939436750610618,18
SIM018,Simulated unit 18,1996,5.289040848704104,1.8133323540566662,18
SIM018,Simulated unit 18,1997,2.8896132342121263,5.289040848704104,18
SIM018,Simulated unit 18,1998,3.5898713559360482,2.8896132342121263,18
SIM018,Simulated unit 18,1999,-0.011958634742188945,3.5898713559360482,18
SIM018,Simulated unit 18,2000,2.1437766532861255,-0.011958634742188945,18
SIM018,Simulated unit 18,2001,2.0955916425285857,2.1437766532861255,18
SIM018,Simulated unit 18,2002,-0.19208502933640093,2.0955916425285857,18
SIM018,Simulated unit 18,2003,-0.0227391041263989,-0.19208502933640093,18
SIM018,Simulated unit 18,2004,0.23382929797849572,-0.0227391041263989,18
SIM018,Simulated unit 18,2005,0.129832190775809,0.23382929797849572,18
SIM018,Simulated unit 18,2006,6.191923041268536,0.129832190775809,18
SIM018,Simulated unit 18,2007,4.219815817837483,6.191923041268536,18
SIM018,Simulated unit 18,2008,2.600201160170476,4.219815817837483,18
SIM018,Simulated unit 18,2009,-3.932232176728139,2.600201160170476,18
SIM018,Simulated unit 18,2010,-4.241961361975315,-3.932232176728139,18
SIM018,Simulated unit 18,2011,-2.5343970905542474,-4.241961361975315,18
SIM018,Simulated unit 18,2012,-2.778196282862477,-2.5343970905542474,18
SIM018,Simulated unit 18,2013,3.2782050104159044,-2.778196282862477,18
SIM018,Simulated unit 18,2014,2.2721096800608866,3.2782050104159044,18
SIM018,Simulated unit 18,2015,6.028598555991289,2.2721096800608866,18
SIM018,Simulated unit 18,2016,4.602273035745878,6.028598555991289,18
SIM018,Simulated unit 18,2017,3.6730473307122566,4.602273035745878,18
SIM018,Simulated unit 18,2018,2.737439055289851,3.6730473307122566,18
SIM018,Simulated unit 18,2019,2.453852188038288,2.737439055289851,18
SIM019,Simulated unit 19,1961,-1.8650011747639086,7.156385009149578,19
SIM019,Simulated unit 19,1962,-6.3236379381743815,-1.8650011747639086,19
SIM019,Simulated unit 19,1963,-4.6236952560729705,-6.3236379381743815,19
SIM019,Simulated unit 19,1964,-1.9306335078310757,-4.6236952560729705,19
SIM019,Simulated unit 19,1965,1.711933169593392,-1.9306335078310757,19
SIM019,Simulated unit 19,1966,3.2464214958384607,1.711933169593392,19
SIM019,Simulated unit 19,1967,1.5951151588613657,3.2464214958384607,19
SIM019,Simulated unit 19,1968,4.814200175042107,1.5951151588613657,19
SIM019,Simulated unit 19,1969,6.779106314483457,4.814200175042107,19
SIM019,Simulated unit 19,1970,5.4196372825047705,6.779106314483457,19
SIM019,Simulated unit 19,1971,6.939755086963386,5.4196372825047705,19
SIM019,Simulated unit 19,1972,5.781788842474418,6.939755086963386,19
SIM019,Simulated unit 19,1973,2.5846242251359994,5.781788842474418,19
SIM019,Simulated unit 19,1974,4.444225052081614,2.5846242251359994,19
SIM019,Simulated unit 19,1975,3.7983743989850014,4.444225052081614,19
SIM019,Simulated unit 19,1976,3.0830441796544616,3.7983743989850014,19
SIM019,Simulated unit 19,1977,7.0686872243614,3.0830441796544616,19
SIM019,Simulated unit 19,1978,-2.3114040510034197,7.0686872243614,19
SIM019,Simulated unit 19,1979,-4.839894941080761,-2.3114040510034197,19
SIM019,Simulated unit 19,1980,-5.665148243771567,-4.839894941080761,19
SIM019,Simulated unit 19,1981,-3.688870888969357,-5.665148243771567,19
SIM019,Simulated unit 19,1982,-2.177147042679705,-3.688870888969357,19
SIM019,Simulated unit 19,1983,-5.028265168926965,-2.177147042679705,19
SIM019,Simulated unit 19,1984,-5.172433198288658,-5.028265168926965,19
SIM019,Simulated unit 19,1985,-4.885984954543905,-5.172433198288658,19
SIM019,Simulated unit 19,1986,5.240681303501333,-4.885984954543905,19
SIM019,Simulated unit 19,1987,9.34963462534224,5.240681303501333,19
SIM019,Simulated unit 19,1988,5.174532522151396,9.34963462534224,19
SIM019,Simulated unit 19,1989,2.8139696423704406,5.174532522151396,19
SIM019,Simulated unit 19,1990,-0.9592302061426179,2.8139696423704406,19
SIM019,Simulated unit 19,1991,-5.49992936336137,-0.9592302061426179,19
SIM019,Simulated unit 19,1992,-2.850598177242394,-5.49992936336137,19
SIM019,Simulated unit 19,1993,-3.903914856077513,-2.850598177242394,19
SIM019,Simulated unit 19,1994,-1.796900508632537,-3.903914856077513,19
SIM019,Simulated unit 19,1995,-5.078757852309955,-1.796900508632537,19
SIM019,Simulated unit 19,1996,-4.533178086316745,-5.078757852309955,19
SIM019,Simulated unit 19,1997,-1.4740255658815542,-4.533178086316745,19
SIM019,Simulated unit 19,1998,1.0142134538228798,-1.4740255658815542,19
SIM019,Simulated unit 19,1999,2.6609439485197717,1.0142134538228798,19
SIM019,Simulated unit 19,2000,-1.564900583359249,2.6609439485197717,19
SIM019,Simulated unit 19,2001,2.425116840391136,-1.564900583359249,19
SIM019,Simulated unit 19,2002,-0.1455649855708696,2.425116840391136,19
SIM019,Simulated unit 19,2003,2.6112347524793975,-0.1455649855708696,19
SIM019,Simulated unit 19,2004,2.334824821633059,2.6112347524793975,19
SIM019,Simulated unit 19,2005,-1.9282676042540077,2.334824821633059,19
SIM019,Simulated unit 19,2006,-1.3055536762959685,-1.9282676042540077,19
SIM019,Simulated unit 19,2007,1.1127590204137217,-1.3055536762959685,19
SIM019,Simulated unit 19,2008,3.3065515536720302,1.1127590204137217,19
SIM019,Simulated unit 19,2009,2.3609672398699626,3.3065515536720302,19
SIM019,Simulated unit 19,2010,6.811917015725136,2.3609672398699626,19
SIM019,Simulated unit 19,2011,7.909682522394758,6.811917015725136,19
SIM019,Simulated unit 19,2012,4.775847164237596,7.909682522394758,19
SIM019,Simulated unit 19,2013,5.915873734953392,4.775847164237596,19
SIM019,Simulated unit 19,2014,10.150904696536596,5.915873734953392,19
SIM019,Simulated unit 19,2015,12.77199662027104,10.150904696536596,19
SIM019,Simulated unit 19,2016,4.779198329695131,12.77199662027104,19
SIM019,Simulated unit 19,2017,0.8879196643456262,4.779198329695131,19
SIM019,Simulated unit 19,2018,5.7875081588089285,0.8879196643456262,19
SIM019,Simulated unit 19,2019,1.0976617427724458,5.7875081588089285,19
SIM020,Simulated unit 20,1961,-1.8391564320221625,-1.9676233998750368,20
SIM020,Simulated unit 20,1962,0.9571862692104598,-1.8391564320221625,20
SIM020,Simulated unit 20,1963,1.0671216416929867,0.9571862692104598,20
SIM020,Simulated unit 20,1964,-0.5114178762009842,1.0671216416929867,20
SIM020,Simulated unit 20,1965,-1.5294881108941174,-0.5114178762009842,20
SIM020,Simulated unit 20,1966,-2.2547040597745966,-1.5294881108941174,20
SIM020,Simulated unit 20,1967,-3.191351321841586,-2.2547040597745966,20
SIM020,Simulated unit 20,1968,5.730087838723234,-3.191351321841586,20
SIM020,Simulated unit 20,1969,5.130585916790605,5.730087838723234,20
SIM020,Simulated unit 20,1970,6.538628713288579,5.130585916790605,20
SIM020,Simulated unit 20,1971,3.2559448236163764,6.538628713288579,20
SIM020,Simulated unit 20,1972,2.195696862611679,3.2559448236163764,20
SIM020,Simulated unit 20,1973,-0.023243826544057544,2.195696862611679,20
SIM020,Simulated unit 20,1974,-7.16907130068404,-0.023243826544057544,20
SIM020,Simulated unit 20,1975,-7.635470610954023,-7.16907130068404,20
SIM020,Simulated unit 20,1976,-9.213138406513599,-7.635470610954023,20
SIM020,Simulated unit 20,1977,-11.477234377762981,-9.213138406513599,20
SIM020,Simulated unit 20,1978,-9.672417549552097,-11.477234377762981,20
SIM020,Simulated unit 20,1979,-1.0285834915863665,-9.672417549552097,20
SIM020,Simulated unit 20,1980,0.04954140193511686,-1.0285834915863665,20
SIM020,Simulated unit 20,1981,4.701416128124593,0.04954140193511686,20
SIM020,Simulated unit 20,1982,4.853797407577382,4.701416128124593,20
SIM020,Simulated unit 20,1983,6.059954921691907,4.853797407577382,20
SIM020,Simulated unit 20,1984,1.7332819671014184,6.059954921691907,20
SIM020,Simulated unit 20,1985,3.4118220428388635,1.7332819671014184,20
SIM020,Simulated unit 20,1986,5.033235927926356,3.4118220428388635,20
SIM020,Simulated unit 20,1987,2.089999680054734,5.033235927926356,20
SIM020,Simulated unit 20,1988,3.7326209198813394,2.089999680054734,20
SIM020,Simulated unit 20,1989,4.738135827653302,3.7326209198813394,20
SIM020,Simulated unit 20,1990,1.9942236332017322,4.738135827653302,20
SIM020,Simulated unit 20,1991,-1.3717711168919458,1.9942236332017322,20
SIM020,Simulated unit 20,1992,-3.575447665829984,-1.3717711168919458,20
SIM020,Simulated unit 20,1993,-1.085751973733605,-3.575447665829984,20
SIM020,Simulated unit 20,1994,1.1295784221277816,-1.085751973733605,20
SIM020,Simulated unit 20,1995,-0.8998304380970745,1.1295784221277816,20
SIM020,Simulated unit 20,1996,0.3398577611200513,-0.8998304380970745,20
SIM020,Simulated unit 20,1997,2.715525765087487,0.3398577611200513,20
SIM020,Simulated unit 20,1998,4.283887603048395,2.715525765087487,20
SIM020,Simulated unit 20,1999,8.025972922196502,4.283887603048395,20
SIM020,Simulated unit 20,2000,9.446526249912031,8.025972922196502,20
SIM020,Simulated unit 20,2001,3.4640414516775864,9.446526249912031,20
SIM020,Simulated unit 20,2002,7.92918349962062,3.4640414516775864,20
SIM020,Simulated unit 20,2003,3.9645805861052272,7.92918349962062,20
SIM020,Simulated unit 20,2004,6.31336678902642,3.9645805861052272,20
SIM020,Simulated unit 20,2005,4.791979951569118,6.31336678902642,20
SIM020,Simulated unit 20,2006,2.438739835570568,4.791979951569118,20
SIM020,Simulated unit 20,2007,-3.1598466779824577,2.438739835570568,20
SIM020,Simulated unit 20,2008,-1.610601537438519,-3.1598466779824577,20
SIM020,Simulated unit 20,2009,-4.844510628379938,-1.610601537438519,20
SIM020,Simulated unit 20,2010,0.7951913305003542,-4.844510628379938,20
SIM020,Simulated unit 20,2011,5.827492769717956,0.7951913305003542,20
SIM020,Simulated unit 20,2012,1.9057626939407029,5.827492769717956,20
SIM020,Simulated unit 20,2013,2.849369843922235,1.9057626939407029,20
SIM020,Simulated unit 20,2014,0.3334473403294149,2.849369843922235,20
SIM020,Simulated unit 20,2015,-0.8853857862127199,0.3334473403294149,20
SIM020,Simulated unit 20,2016,2.5922526398684824,-0.8853857862127199,20
SIM020,Simulated unit 20,2017,2.239736798390852,2.5922526398684824,20
SIM020,Simulated unit 20,2018,7.362786204827547,2.239736798390852,20
SIM020,Simulated unit 20,2019,3.770974286787765,7.362786204827547,20
SIM021,Simulated unit 21,1961,4.091045637327426,4.998008997423467,21
SIM021,Simulated unit 21,1962,5.641961411629154,4.091045637327426,21
SIM021,Simulated unit 21,1963,2.8437038749876526,5.641961411629154,21
SIM021,Simulated unit 21,1964,2.3575458123378437,2.8437038749876526,21
SIM021,Simulated unit 21,1965,1.868030849505902,2.3575458123378437,21
SIM021,Simulated unit 21,1966,-0.5873528348338202,1.868030849505902,21
SIM021,Simulated unit 21,1967,2.4338329028449657,-0.5873528348338202,21
SIM021,Simulated unit 21,1968,4.211046758442071,2.4338329028449657,21
SIM021,Simulated unit 21,1969,5.107292139781943,4.211046758442071,21
SIM021,Simulated unit 21,1970,8.475272245622099,5.107292139781943,21
SIM021,Simulated unit 21,1971,10.23319775108217,8.475272245622099,21
SIM021,Simulated unit 21,1972,5.815084581101895,10.23319775108217,21
SIM021,Simulated unit 21,1973,5.408207703963672,5.815084581101895,21
SIM021,Simulated unit 21,1974,2.1741225546035654,5.408207703963672,21
SIM021,Simulated unit 21,1975,2.1745394811058056,2.1741225546035654,21
SIM021,Simulated unit 21,1976,0.30547534130688936,2.1745394811058056,21
SIM021,Simulated unit 21,1977,5.843496132192287,0.30547534130688936,21
SIM021,Simulated unit 21,1978,5.39719213034426,5.843496132192287,21
SIM021,Simulated unit 21,1979,3.38422789389329,5.39719213034426,21
SIM021,Simulated unit 21,1980,6.411392451905105,3.38422789389329,21
SIM021,Simulated unit 21,1981,-1.865010758243172,6.411392451905105,21
SIM021,Simulated unit 21,1982,-6.361314239541772,-1.865010758243172,21
SIM021,Simulated unit 21,1983,-0.6292725780657413,-6.361314239541772,21
SIM021,Simulated unit 21,1984,0.6038417975126594,-0.6292725780657413,21
SIM021,Simulated unit 21,1985,1.9136439792898776,0.6038417975126594,21
SIM021,Simulated unit 21,1986,-2.0310019223817197,1.9136439792898776,21
SIM021,Simulated unit 21,1987,-0.4883022859801303,-2.0310019223817197,21
SIM021,Simulated unit 21,1988,6.517546859615948,-0.4883022859801303,21
SIM021,Simulated unit 21,1989,7.1831269751571565,6.517546859615948,21
SIM021,Simulated unit 21,1990,5.61899582052273,7.1831269751571565,21
SIM021,Simulated unit 21,1991,2.8542357619988246,5.61899582052273,21
SIM021,Simulated unit 21,1992,1.3288229015911135,2.8542357619988246,21
SIM021,Simulated unit 21,1993,-4.7902999266453845,1.3288229015911135,21
SIM021,Simulated unit 21,1994,-1.3012586932237489,-4.7902999266453845,21
SIM021,Simulated unit 21,1995,2.5556941095113124,-1.3012586932237489,21
SIM021,Simulated unit 21,1996,-2.3934415158050575,2.5556941095113124,21
SIM021,Simulated unit 21,1997,-2.6203155864034824,-2.3934415158050575,21
SIM021,Simulated unit 21,1998,-4.244583248542355,-2.6203155864034824,21
SIM021,Simulated unit 21,1999,-4.642803533551704,-4.244583248542355,21
SIM021,Simulated unit 21,2000,-1.8252372396653218,-4.642803533551704,21
SIM021,Simulated unit 21,2001,-6.548348808764616,-1.8252372396653218,21
SIM021,Simulated unit 21,2002,-1.2861979701875774,-6.548348808764616,21
SIM021,Simulated unit 21,2003,2.2898464276885004,-1.2861979701875774,21
SIM021,Simulated unit 21,2004,1.4206000925023627,2.2898464276885004,21
SIM021,Simulated unit 21,2005,-5.789765474452207,1.4206000925023627,21
SIM021,Simulated unit 21,2006,-5.663115162678492,-5.789765474452207,21
SIM021,Simulated unit 21,2007,1.1008367047009946,-5.663115162678492,21
SIM021,Simulated unit 21,2008,-6.8734808193651205,1.1008367047009946,21
SIM021,Simulated unit 21,2009,-4.36665872819963,-6.8734808193651205,21
SIM021,Simulated unit 21,2010,-5.3599975723215545,-4.36665872819963,21
SIM021,Simulated unit 21,2011,-0.002287638638422962,-5.3599975723215545,21
SIM021,Simulated unit 21,2012,-1.2267144396134377,-0.002287638638422962,21
SIM021,Simulated unit 21,2013,1.275833398438772,-1.2267144396134377,21
SIM021,Simulated unit 21,2014,3.261881296570542,1.275833398438772,21
SIM021,Simulated unit 21,2015,8.265806297132386,3.261881296570542,21
SIM021,Simulated unit 21,2016,5.150657947253321,8.265806297132386,21
SIM021,Simulated unit 21,2017,5.018527877219826,5.150657947253321,21
SIM021,Simulated unit 21,2018,-0.6440497110504122,5.018527877219826,21
SIM021,Simulated unit 21,2019,3.984810863250985,-0.6440497110504122,21
SIM022,Simulated unit 22,1961,-1.051178418791693,-0.28152654421409373,22
SIM022,Simulated unit 22,1962,0.10254956417735203,-1.051178418791693,22
SIM022,Simulated unit 22,1963,-3.8271232975131375,0.10254956417735203,22
SIM022,Simulated unit 22,1964,-0.8099638917210685,-3.8271232975131375,22
SIM022,Simulated unit 22,1965,3.2164204837423913,-0.8099638917210685,22
SIM022,Simulated unit 22,1966,3.60865376073731,3.2164204837423913,22
SIM022,Simulated unit 22,1967,-1.8015004360937894,3.60865376073731,22
SIM022,Simulated unit 22,1968,-0.6523281446452522,-1.8015004360937894,22
SIM022,Simulated unit 22,1969,2.6346898221513206,-0.6523281446452522,22
SIM022,Simulated unit 22,1970,-3.253152404606931,2.6346898221513206,22
SIM022,Simulated unit 22,1971,-4.3761894842173,-3.253152404606931,22
SIM022,Simulated unit 22,1972,0.8039171217141801,-4.3761894842173,22
SIM022,Simulated unit 22,1973,2.092636575620368,0.8039171217141801,22
SIM022,Simulated unit 22,1974,3.2914966917524824,2.092636575620368,22
SIM022,Simulated unit 22,1975,8.353382437921423,3.2914966917524824,22
SIM022,Simulated unit 22,1976,7.217687798271461,8.353382437921423,22
SIM022,Simulated unit 22,1977,7.104276710262415,7.217687798271461,22
SIM022,Simulated unit 22,1978,13.194802607812427,7.104276710262415,22
SIM022,Simulated unit 22,1979,8.075467890415984,13.194802607812427,22
SIM022,Simulated unit 22,1980,3.2516324433941053,8.075467890415984,22
SIM022,Simulated unit 22,1981,4.0343686607778615,3.2516324433941053,22
SIM022,Simulated unit 22,1982,4.537594284633402,4.0343686607778615,22
SIM022,Simulated unit 22,1983,1.9424103949414162,4.537594284633402,22
SIM022,Simulated unit 22,1984,-1.1317448216996928,1.9424103949414162,22
SIM022,Simulated unit 22,1985,7.050486373250418,-1.1317448216996928,22
SIM022,Simulated unit 22,1986,6.010822235114319,7.050486373250418,22
SIM022,Simulated unit 22,1987,2.2096371968623645,6.010822235114319,22
SIM022,Simulated unit 22,1988,4.873573224956214,2.2096371968623645,22
SIM022,Simulated unit 22,1989,3.3967084802897247,4.873573224956214,22
SIM022,Simulated unit 22,1990,2.0793807492203404,3.3967084802897247,22
SIM022,Simulated unit 22,1991,3.7344470652756843,2.0793807492203404,22
SIM022,Simulated unit 22,1992,-0.8349785655296595,3.7344470652756843,22
SIM022,Simulated unit 22,1993,1.3568944724337215,-0.8349785655296595,22
SIM022,Simulated unit 22,1994,7.353001106655489,1.3568944724337215,22
SIM022,Simulated unit 22,1995,6.610333650585225,7.353001106655489,22
SIM022,Simulated unit 22,1996,3.6375638790007407,6.610333650585225,22
SIM022,Simulated unit 22,1997,1.4612224861157186,3.6375638790007407,22
SIM022,Simulated unit 22,1998,0.4457135716341032,1.4612224861157186,22
SIM022,Simulated unit 22,1999,0.3055401088371188,0.4457135716341032,22
SIM022,Simulated unit 22,2000,-0.15009553297254452,0.3055401088371188,22
SIM022,Simulated unit 22,2001,3.4588770034401737,-0.15009553297254452,22
SIM022,Simulated unit 22,2002,-2.324301107562845,3.4588770034401737,22
SIM022,Simulated unit 22,2003,1.991419486698695,-2.324301107562845,22
SIM022,Simulated unit 22,2004,0.8557921165915336,1.991419486698695,22
SIM022,Simulated unit 22,2005,2.444318627041037,0.8557921165915336,22
SIM022,Simulated unit 22,2006,-1.1143725543779692,2.444318627041037,22
SIM022,Simulated unit 22,2007,4.117269667921527,-1.1143725543779692,22
SIM022,Simulated unit 22,2008,7.007266681268536,4.117269667921527,22
SIM022,Simulated unit 22,2009,7.883131586011343,7.007266681268536,22
SIM022,Simulated unit 22,2010,0.9856146242261881,7.883131586011343,22
SIM022,Simulated unit 22,2011,3.8787319877338713,0.9856146242261881,22
SIM022,Simulated unit 22,2012,4.341804455547449,3.8787319877338713,22
SIM022,Simulated unit 22,2013,-1.410731068069233,4.341804455547449,22
SIM022,Simulated unit 22,2014,-0.11933079215398629,-1.410731068069233,22
SIM022,Simulated unit 22,2015,1.822004991807396,-0.11933079215398629,22
SIM022,Simulated unit 22,2016,3.56142881655389,1.822004991807396,22
SIM022,Simulated unit 22,2017,3.468641390778901,3.56142881655389,22
SIM022,Simulated unit 22,2018,3.7548790850094798,3.468641390778901,22
SIM022,Simulated unit 22,2019,7.473761627764974,3.7548790850094798,22
SIM023,Simulated unit 23,1961,-4.394303823509007,5.67810172973204,23
SIM023,Simulated unit 23,1962,-2.78889795861845,-4.394303823509007,23
SIM023,Simulated unit 23,1963,-1.3672918578029238,-2.78889795861845,23
SIM023,Simulated unit 23,1964,-5.276670832862668,-1.3672918578029238,23
SIM023,Simulated unit 23,1965,-2.083453325020664,-5.276670832862668,23
SIM023,Simulated unit 23,1966,3.2962013222191215,-2.083453325020664,23
SIM023,Simulated unit 23,1967,-0.48198278544029804,3.2962013222191215,23
SIM023,Simulated unit 23,1968,1.5200131448054381,-0.48198278544029804,23
SIM023,Simulated unit 23,1969,-1.0354625450060506,1.5200131448054381,23
SIM023,Simulated unit 23,1970,-1.837013598042661,-1.0354625450060506,23
SIM023,Simulated unit 23,1971,4.129972743684509,-1.837013598042661,23
SIM023,Simulated unit 23,1972,1.6503101858752305,4.129972743684509,23
SIM023,Simulated unit 23,1973,3.1768235785570123,1.6503101858752305,23
SIM023,Simulated unit 23,1974,-2.907560201048754,3.1768235785570123,23
SIM023,Simulated unit 23,1975,4.642416563555388,-2.907560201048754,23
SIM023,Simulated unit 23,1976,5.39340727705273,4.642416563555388,23
SIM023,Simulated unit 23,1977,3.4885448382808533,5.39340727705273,23
SIM023,Simulated unit 23,1978,4.619766432968197,3.4885448382808533,23
SIM023,Simulated unit 23,1979,-0.6575984270625126,4.619766432968197,23
SIM023,Simulated unit 23,1980,3.953033169020464,-0.6575984270625126,23
SIM023,Simulated unit 23,1981,2.199865574922988,3.953033169020464,23
SIM023,Simulated unit 23,1982,1.5077107998084889,2.199865574922988,23
SIM023,Simulated unit 23,1983,0.22965963498863995,1.5077107998084889,23
SIM023,Simulated unit 23,1984,-0.80415842724357,0.22965963498863995,23
SIM023,Simulated unit 23,1985,2.401516778539084,-0.80415842724357,23
SIM023,Simulated unit 23,1986,3.008630617436119,2.401516778539084,23
SIM023,Simulated unit 23,1987,4.560422794670791,3.008630617436119,23
SIM023,Simulated unit 23,1988,3.5098696083457606,4.560422794670791,23
SIM023,Simulated unit 23,1989,4.445521198239,3.5098696083457606,23
SIM023,Simulated unit 23,1990,2.210766487168285,4.445521198239,23
SIM023,Simulated unit 23,1991,8.815655416529616,2.210766487168285,23
SIM023,Simulated unit 23,1992,1.3856020006262737,8.815655416529616,23
SIM023,Simulated unit 23,1993,5.414173171064717,1.3856020006262737,23
SIM023,Simulated unit 23,1994,8.152226254801743,5.414173171064717,23
SIM023,Simulated unit 23,1995,3.134859334984264,8.152226254801743,23
SIM023,Simulated unit 23,1996,9.36873643265848,3.134859334984264,23
SIM023,Simulated unit 23,1997,9.407712708431042,9.36873643265848,23
SIM023,Simulated unit 23,1998,9.35804464552736,9.407712708431042,23
SIM023,Simulated unit 23,1999,6.498893348394045,9.35804464552736,23
SIM023,Simulated unit 23,2000,4.047657534380397,6.498893348394045,23
SIM023,Simulated unit 23,2001,2.600368039509414,4.047657534380397,23
SIM023,Simulated unit 23,2002,3.5318126126642,2.600368039509414,23
SIM023,Simulated unit 23,2003,7.122646392700209,3.5318126126642,23
SIM023,Simulated unit 23,2004,5.617530489204384,7.122646392700209,23
SIM023,Simulated unit 23,2005,1.4361874241107597,5.617530489204384,23
SIM023,Simulated unit 23,2006,4.134993641621395,1.4361874241107597,23
SIM023,Simulated unit 23,2007,6.044448424157213,4.134993641621395,23
SIM023,Simulated unit 23,2008,6.390647639837686,6.044448424157213,23
SIM023,Simulated unit 23,2009,6.87088530347756,6.390647639837686,23
SIM023,Simulated unit 23,2010,4.109746791613111,6.87088530347756,23
SIM023,Simulated unit 23,2011,0.4788805735761281,4.109746791613111,23
SIM023,Simulated unit 23,2012,-1.5172519477766626,0.4788805735761281,23
SIM023,Simulated unit 23,2013,-5.016740914039571,-1.5172519477766626,23
SIM023,Simulated unit 23,2014,-1.4991987137858926,-5.016740914039571,23
SIM023,Simulated unit 23,2015,-0.34986557795131634,-1.4991987137858926,23
SIM023,Simulated unit 23,2016,-0.7298824603599161,-0.34986557795131634,23
SIM023,Simulated unit 23,2017,-8.50478594925116,-0.7298824603599161,23
SIM023,Simulated unit 23,2018,-8.044823978633204,-8.50478594925116,23
SIM023,Simulated unit 23,2019,-0.6643724329704219,-8.044823978633204,23
SIM024,Simulated unit 24,1961,1.8854482328568885,0.006121999810607015,24
SIM024,Simulated unit 24,1962,-2.240787350211635,1.8854482328568885,24
SIM024,Simulated unit 24,1963,3.771644036950712,-2.240787350211635,24
SIM024,Simulated unit 24,1964,2.6309034420063977,3.771644036950712,24
SIM024,Simulated unit 24,1965,3.2486632546544443,2.6309034420063977,24
SIM024,Simulated unit 24,1966,9.726537328437722,3.2486632546544443,24
SIM024,Simulated unit 24,1967,11.185242698830844,9.726537328437722,24
SIM024,Simulated unit 24,1968,6.591448755437334,11.185242698830844,24
SIM024,Simulated unit 24,1969,2.975208698651322,6.591448755437334,24
SIM024,Simulated unit 24,1970,1.6084901846321977,2.975208698651322,24
SIM024,Simulated unit 24,1971,3.2947888562089256,1.6084901846321977,24
SIM024,Simulated unit 24,1972,2.461200910972742,3.2947888562089256,24
SIM024,Simulated unit 24,1973,1.09098811157323,2.461200910972742,24
SIM024,Simulated unit 24,1974,5.856136619071065,1.09098811157323,24
SIM024,Simulated unit 24,1975,3.9710522961091286,5.856136619071065,24
SIM024,Simulated unit 24,1976,10.081398656777434,3.9710522961091286,24
SIM024,Simulated unit 24,1977,7.121066885322979,10.081398656777434,24
SIM024,Simulated unit 24,1978,10.42859531386797,7.121066885322979,24
SIM024,Simulated unit 24,1979,8.129115456452661,10.42859531386797,24
SIM024,Simulated unit 24,1980,8.56635099361994,8.129115456452661,24
SIM024,Simulated unit 24,1981,3.7659774416187908,8.56635099361994,24
SIM024,Simulated unit 24,1982,0.498308797209039,3.7659774416187908,24
SIM024,Simulated unit 24,1983,2.4781031433703857,0.498308797209039,24
SIM024,Simulated unit 24,1984,5.252521613418177,2.4781031433703857,24
SIM024,Simulated unit 24,1985,4.072282474052295,5.252521613418177,24
SIM024,Simulated unit 24,1986,-0.6158105208197142,4.072282474052295,24
SIM024,Simulated unit 24,1987,-3.6502614113598097,-0.6158105208197142,24
SIM024,Simulated unit 24,1988,-5.67156605337461,-3.6502614113598097,24
SIM024,Simulated unit 24,1989,-7.905805970842909,-5.67156605337461,24
SIM024,Simulated unit 24,1990,-3.615027504164483,-7.905805970842909,24
SIM024,Simulated unit 24,1991,2.0061152626253858,-3.615027504164483,24
SIM024,Simulated unit 24,1992,1.9634217968008052,2.0061152626253858,24
SIM024,Simulated unit 24,1993,-4.803191193933074,1.9634217968008052,24
SIM024,Simulated unit 24,1994,-2.654196097363491,-4.803191193933074,24
SIM024,Simulated unit 24,1995,-1.2809146483159157,-2.654196097363491,24
SIM024,Simulated unit 24,1996,6.319447461686769,-1.2809146483159157,24
SIM024,Simulated unit 24,1997,0.22025473825339237,6.319447461686769,24
SIM024,Simulated unit 24,1998,-0.23987996484555174,0.22025473825339237,24
SIM024,Simulated unit 24,1999,5.773630062726362,-0.23987996484555174,24
SIM024,Simulated unit 24,2000,5.614113061675462,5.773630062726362,24
SIM024,Simulated unit 24,2001,5.858407057554551,5.614113061675462,24
SIM024,Simulated unit 24,2002,4.658797545604365,5.858407057554551,24
SIM024,Simulated unit 24,2003,4.585109143334413,4.658797545604365,24
SIM024,Simulated unit 24,2004,5.883894076836256,4.585109143334413,24
SIM024,Simulated unit 24,2005,1.9018774894234545,5.883894076836256,24
SIM024,Simulated unit 24,2006,4.575302230378672,1.9018774894234545,24
SIM024,Simulated unit 24,2007,-0.5738277124294147,4.575302230378672,24
SIM024,Simulated unit 24,2008,1.4408072910369656,-0.5738277124294147,24
SIM024,Simulated unit 24,2009,2.200707264481161,1.4408072910369656,24
SIM024,Simulated unit 24,2010,0.2715450941123727,2.200707264481161,24
SIM024,Simulated unit 24,2011,0.8948712304904836,0.2715450941123727,24
SIM024,Simulated unit 24,2012,-0.5306977197023692,0.8948712304904836,24
SIM024,Simulated unit 24,2013,-2.7335226124066545,-0.5306977197023692,24
SIM024,Simulated unit 24,2014,-1.9009577922849257,-2.7335226124066545,24
SIM024,Simulated unit 24,2015,-3.65254058148594,-1.9009577922849257,24
SIM024,Simulated unit 24,2016,-0.42313195661181946,-3.65254058148594,24
SIM024,Simulated unit 24,2017,-2.9041356564241823,-0.42313195661181946,24
SIM024,Simulated unit 24,2018,1.1934496751186447,-2.9041356564241823,24
SIM024,Simulated unit 24,2019,-2.028367398715273,1.1934496751186447,24
SIM025,Simulated unit 25,1961,-0.8931410726913485,0.30111525325698096,25
SIM025,Simulated unit 25,1962,4.239555543009708,-0.8931410726913485,25
SIM025,Simulated unit 25,1963,4.3346031626556,4.239555543009708,25
SIM025,Simulated unit 25,1964,2.765560489960177,4.3346031626556,25
SIM025,Simulated unit 25,1965,3.955494617185276,2.765560489960177,25
SIM025,Simulated unit 25,1966,-3.1482802716778986,3.955494617185276,25
SIM025,Simulated unit 25,1967,-1.2183689319294613,-3.1482802716778986,25
SIM025,Simulated unit 25,1968,6.061521174256612,-1.2183689319294613,25
SIM025,Simulated unit 25,1969,4.833952223761984,6.061521174256612,25
SIM025,Simulated unit 25,1970,3.904110841765197,4.833952223761984,25
SIM025,Simulated unit 25,1971,4.786851643985706,3.904110841765197,25
SIM025,Simulated unit 25,1972,6.3589267163344605,4.786851643985706,25
SIM025,Simulated unit 25,1973,-1.3770440488689033,6.3589267163344605,25
SIM025,Simulated unit 25,1974,-5.073205874694423,-1.3770440488689033,25
SIM025,Simulated unit 25,1975,-1.6130496515582142,-5.073205874694423,25
SIM025,Simulated unit 25,1976,-2.3124594766274575,-1.6130496515582142,25
SIM025,Simulated unit 25,1977,3.348600100683268,-2.3124594766274575,25
SIM025,Simulated unit 25,1978,1.8636368907542893,3.348600100683268,25
SIM025,Simulated unit 25,1979,-3.8854100726867804,1.8636368907542893,25
SIM025,Simulated unit 25,1980,-5.335287794144059,-3.8854100726867804,25
SIM025,Simulated unit 25,1981,-10.650200735378162,-5.335287794144059,25
SIM025,Simulated unit 25,1982,-6.2924970530756354,-10.650200735378162,25
SIM025,Simulated unit 25,1983,-3.5406506136385314,-6.2924970530756354,25
SIM025,Simulated unit 25,1984,-2.597778497528812,-3.5406506136385314,25
SIM025,Simulated unit 25,1985,2.477970018571929,-2.597778497528812,25
SIM025,Simulated unit 25,1986,5.882341520693238,2.477970018571929,25
SIM025,Simulated unit 25,1987,3.8182396423476095,5.882341520693238,25
SIM025,Simulated unit 25,1988,-3.3131372170220015,3.8182396423476095,25
SIM025,Simulated unit 25,1989,0.6639624112635747,-3.3131372170220015,25
SIM025,Simulated unit 25,1990,2.8644581322838714,0.6639624112635747,25
SIM025,Simulated unit 25,1991,3.4468495898411584,2.8644581322838714,25
SIM025,Simulated unit 25,1992,5.812549001829042,3.4468495898411584,25
SIM025,Simulated unit 25,1993,0.7930451117143056,5.812549001829042,25
SIM025,Simulated unit 25,1994,7.302093225584,0.7930451117143056,25
SIM025,Simulated unit 25,1995,2.302972675924795,7.302093225584,25
SIM025,Simulated unit 25,1996,4.429452387157441,2.302972675924795,25
SIM025,Simulated unit 25,1997,-1.6043716509455903,4.429452387157441,25
SIM025,Simulated unit 25,1998,-2.9534170523775067,-1.6043716509455903,25
SIM025,Simulated unit 25,1999,3.577055708749504,-2.9534170523775067,25
SIM025,Simulated unit 25,2000,2.1635339562471527,3.577055708749504,25
SIM025,Simulated unit 25,2001,4.617888189146686,2.1635339562471527,25
SIM025,Simulated unit 25,2002,4.2815990796457495,4.617888189146686,25
SIM025,Simulated unit 25,2003,3.054084979786932,4.2815990796457495,25
SIM025,Simulated unit 25,2004,6.724001962670227,3.054084979786932,25
SIM025,Simulated unit 25,2005,4.124424703646436,6.724001962670227,25
SIM025,Simulated unit 25,2006,-2.0675595005025498,4.124424703646436,25
SIM025,Simulated unit 25,2007,-2.850255976156645,-2.0675595005025498,25
SIM025,Simulated unit 25,2008,0.7434216004110956,-2.850255976156645,25
SIM025,Simulated unit 25,2009,2.4325802793341817,0.7434216004110956,25
SIM025,Simulated unit 25,2010,-2.4416265831058057,2.4325802793341817,25
SIM025,Simulated unit 25,2011,-2.8380035080880868,-2.4416265831058057,25
SIM025,Simulated unit 25,2012,-2.647966152459592,-2.8380035080880868,25
SIM025,Simulated unit 25,2013,-1.8851884738184301,-2.647966152459592,25
SIM025,Simulated unit 25,2014,-4.4588538500957124,-1.8851884738184301,25
SIM025,Simulated unit 25,2015,-3.7604256344158626,-4.4588538500957124,25
SIM025,Simulated unit 25,2016,-3.6420868364281,-3.7604256344158626,25
SIM025,Simulated unit 25,2017,0.929347677428898,-3.6420868364281,25
SIM025,Simulated unit 25,2018,3.7849725394280704,0.929347677428898,25
SIM025,Simulated unit 25,2019,2.633552149390394,3.7849725394280704,25
SIM026,Simulated unit 26,1961,1.7141013035500237,0.8238806123878055,26
SIM026,Simulated unit 26,1962,-0.6212645402367105,1.7141013035500237,26
SIM026,Simulated unit 26,1963,-3.013254970644349,-0.6212645402367105,26
SIM026,Simulated unit 26,1964,-3.82861660916376,-3.013254970644349,26
SIM026,Simulated unit 26,1965,-3.4016094574126257,-3.82861660916376,26
SIM026,Simulated unit 26,1966,-4.731387073824388,-3.4016094574126257,26
SIM026,Simulated unit 26,1967,-1.5526535671060084,-4.731387073824388,26
SIM026,Simulated unit 26,1968,2.05755488108752,-1.5526535671060084,26
SIM026,Simulated unit 26,1969,-2.7267619737422137,2.05755488108752,26
SIM026,Simulated unit 26,1970,-0.7606710505972281,-2.7267619737422137,26
SIM026,Simulated unit 26,1971,-0.31621001615734357,-0.7606710505972281,26
SIM026,Simulated unit 26,1972,1.6348000469160024,-0.31621001615734357,26
SIM026,Simulated unit 26,1973,1.7420637238388375,1.6348000469160024,26
SIM026,Simulated unit 26,1974,-2.5155596054915907,1.7420637238388375,26
SIM026,Simulated unit 26,1975,-4.496503659866451,-2.5155596054915907,26
SIM026,Simulated unit 26,1976,-1.8096314691649524,-4.496503659866451,26
SIM026,Simulated unit 26,1977,2.8005638777375568,-1.8096314691649524,26
SIM026,Simulated unit 26,1978,-4.162223786486474,2.8005638777375568,26
SIM026,Simulated unit 26,1979,-0.6601545324871447,-4.162223786486474,26
SIM026,Simulated unit 26,1980,3.972773296370643,-0.6601545324871447,26
SIM026,Simulated unit 26,1981,2.7245863492037463,3.972773296370643,26
SIM026,Simulated unit 26,1982,4.0853592976015705,2.7245863492037463,26
SIM026,Simulated unit 26,1983,1.1420083358675361,4.0853592976015705,26
SIM026,Simulated unit 26,1984,1.1271064036898912,1.1420083358675361,26
SIM026,Simulated unit 26,1985,-3.3864767127105195,1.1271064036898912,26
SIM026,Simulated unit 26,1986,-8.264915952882934,-3.3864767127105195,26
SIM026,Simulated unit 26,1987,-1.3306521680539345,-8.264915952882934,26
SIM026,Simulated unit 26,1988,-2.9533760840056864,-1.3306521680539345,26
SIM026,Simulated unit 26,1989,-2.338609185413703,-2.9533760840056864,26
SIM026,Simulated unit 26,1990,-4.762492271058802,-2.338609185413703,26
SIM026,Simulated unit 26,1991,-6.287404471886909,-4.762492271058802,26
SIM026,Simulated unit 26,1992,-3.493955783415994,-6.287404471886909,26
SIM026,Simulated unit 26,1993,-3.485105052456536,-3.493955783415994,26
SIM026,Simulated unit 26,1994,-0.1571500374898258,-3.485105052456536,26
SIM026,Simulated unit 26,1995,2.0633252344448803,-0.1571500374898258,26
SIM026,Simulated unit 26,1996,3.0005440796407497,2.0633252344448803,26
SIM026,Simulated unit 26,1997,3.3161288205697805,3.0005440796407497,26
SIM026,Simulated unit 26,1998,7.522981907137527,3.3161288205697805,26
SIM026,Simulated unit 26,1999,2.1110078371478576,7.522981907137527,26
SIM026,Simulated unit 26,2000,1.9018001036799614,2.1110078371478576,26
SIM026,Simulated unit 26,2001,5.339149523766743,1.9018001036799614,26
SIM026,Simulated unit 26,2002,7.797109142274155,5.339149523766743,26
SIM026,Simulated unit 26,2003,1.2129745373307745,7.797109142274155,26
SIM026,Simulated unit 26,2004,0.5907183974308549,1.2129745373307745,26
SIM026,Simulated unit 26,2005,5.228794326060294,0.5907183974308549,26
SIM026,Simulated unit 26,2006,5.461513911233372,5.228794326060294,26
SIM026,Simulated unit 26,2007,4.662697441179342,5.461513911233372,26
SIM026,Simulated unit 26,2008,2.9445643844036344,4.662697441179342,26
SIM026,Simulated unit 26,2009,1.4153358535189444,2.9445643844036344,26
SIM026,Simulated unit 26,2010,2.5138587013823392,1.4153358535189444,26
SIM026,Simulated unit 26,2011,1.5511928458759534,2.5138587013823392,26
SIM026,Simulated unit 26,2012,1.6029798443922394,1.5511928458759534,26
SIM026,Simulated unit 26,2013,1.9975840249804557,1.6029798443922394,26
SIM026,Simulated unit 26,2014,-0.035664170492224034,1.9975840249804557,26
SIM026,Simulated unit 26,2015,2.3749896193489803,-0.035664170492224034,26
SIM026,Simulated unit 26,2016,10.967727716855649,2.3749896193489803,26
SIM026,Simulated unit 26,2017,2.049676712135164,10.967727716855649,26
SIM026,Simulated unit 26,2018,3.001843599851038,2.049676712135164,26
SIM026,Simulated unit 26,2019,0.3205358940539065,3.001843599851038,26
SIM027,Simulated unit 27,1961,3.1789970595182324,3.73220773255775,27
SIM027,Simulated unit 27,1962,4.99296255783833,3.1789970595182324,27
SIM027,Simulated unit 27,1963,7.322297264229336,4.99296255783833,27
SIM027,Simulated unit 27,1964,5.770641711842146,7.322297264229336,27
SIM027,Simulated unit 27,1965,7.658541892347822,5.770641711842146,27
SIM027,Simulated unit 27,1966,-1.6377685459573392,7.658541892347822,27
SIM027,Simulated unit 27,1967,4.588695766173666,-1.6377685459573392,27
SIM027,Simulated unit 27,1968,4.678403915381221,4.588695766173666,27
SIM027,Simulated unit 27,1969,6.840572416464278,4.678403915381221,27
SIM027,Simulated unit 27,1970,1.2447162153540017,6.840572416464278,27
SIM027,Simulated unit 27,1971,-0.9454799156036064,1.2447162153540017,27
SIM027,Simulated unit 27,1972,0.6705269330721586,-0.9454799156036064,27
SIM027,Simulated unit 27,1973,1.151202491830906,0.6705269330721586,27
SIM027,Simulated unit 27,1974,2.3399272591285123,1.151202491830906,27
SIM027,Simulated unit 27,1975,5.457501838267006,2.3399272591285123,27
SIM027,Simulated unit 27,1976,-1.2211598429483441,5.457501838267006,27
SIM027,Simulated unit 27,1977,2.988761309382921,-1.2211598429483441,27
SIM027,Simulated unit 27,1978,2.6181025155035336,2.988761309382921,27
SIM027,Simulated unit 27,1979,1.759515925928477,2.6181025155035336,27
SIM027,Simulated unit 27,1980,-2.557636147597585,1.759515925928477,27
SIM027,Simulated unit 27,1981,0.7745643165720442,-2.557636147597585,27
SIM027,Simulated unit 27,1982,-5.977584963149885,0.7745643165720442,27
SIM027,Simulated unit 27,1983,-0.841368944173793,-5.977584963149885,27
SIM027,Simulated unit 27,1984,-4.181138872923252,-0.841368944173793,27
SIM027,Simulated unit 27,1985,-1.5483095859015286,-4.181138872923252,27
SIM027,Simulated unit 27,1986,-0.48649226352467834,-1.5483095859015286,27
SIM027,Simulated unit 27,1987,4.016719083766844,-0.48649226352467834,27
SIM027,Simulated unit 27,1988,2.674065943218436,4.016719083766844,27
SIM027,Simulated unit 27,1989,0.32202388249406466,2.674065943218436,27
SIM027,Simulated unit 27,1990,-0.5265937584171703,0.32202388249406466,27
SIM027,Simulated unit 27,1991,4.302692051213689,-0.5265937584171703,27
SIM027,Simulated unit 27,1992,4.990506138270894,4.302692051213689,27
SIM027,Simulated unit 27,1993,2.6374137383930525,4.990506138270894,27
SIM027,Simulated unit 27,1994,1.6731089831422912,2.6374137383930525,27
SIM027,Simulated unit 27,1995,-2.8976658818709664,1.6731089831422912,27
SIM027,Simulated unit 27,1996,0.22682307343204333,-2.8976658818709664,27
SIM027,Simulated unit 27,1997,-4.343353279027172,0.22682307343204333,27
SIM027,Simulated unit 27,1998,0.4493774300900657,-4.343353279027172,27
SIM027,Simulated unit 27,1999,1.455491235527837,0.4493774300900657,27
SIM027,Simulated unit 27,2000,8.834150140038469,1.455491235527837,27
SIM027,Simulated unit 27,2001,2.800083422850163,8.834150140038469,27
SIM027,Simulated unit 27,2002,2.172063780588199,2.800083422850163,27
SIM027,Simulated unit 27,2003,7.498101371122107,2.172063780588199,27
SIM027,Simulated unit 27,2004,8.873029743547507,7.498101371122107,27
SIM027,Simulated unit 27,2005,4.035181691388805,8.873029743547507,27
SIM027,Simulated unit 27,2006,3.8930112999536255,4.035181691388805,27
SIM027,Simulated unit 27,2007,3.1418048492174373,3.8930112999536255,27
SIM027,Simulated unit 27,2008,3.5309505117129336,3.1418048492174373,27
SIM027,Simulated unit 27,2009,0.8225289990732714,3.5309505117129336,27
SIM027,Simulated unit 27,2010,1.0255561913417592,0.8225289990732714,27
SIM027,Simulated unit 27,2011,-3.3788234110250857,1.0255561913417592,27
SIM027,Simulated unit 27,2012,-0.8219236910108051,-3.3788234110250857,27
SIM027,Simulated unit 27,2013,1.6569078056590132,-0.8219236910108051,27
SIM027,Simulated unit 27,2014,1.111886445463756,1.6569078056590132,27
SIM027,Simulated unit 27,2015,-3.378020804476109,1.111886445463756,27
SIM027,Simulated unit 27,2016,1.7387831058687222,-3.378020804476109,27
SIM027,Simulated unit 27,2017,2.93684497749964,1.7387831058687222,27
SIM027,Simulated unit 27,2018,0.3840616933968537,2.93684497749964,27
SIM027,Simulated unit 27,2019,0.18863567552392035,0.3840616933968537,27
SIM028,Simulated unit 28,1961,-3.777435308341023,-2.502008208345517,28
SIM028,Simulated unit 28,1962,-3.079895224076032,-3.777435308341023,28
SIM028,Simulated unit 28,1963,2.637325302394834,-3.079895224076032,28
SIM028,Simulated unit 28,1964,0.4638850087744735,2.637325302394834,28
SIM028,Simulated unit 28,1965,2.9989719832509603,0.4638850087744735,28
SIM028,Simulated unit 28,1966,0.9844345813658368,2.9989719832509603,28
SIM028,Simulated unit 28,1967,2.1345034313751263,0.9844345813658368,28
SIM028,Simulated unit 28,1968,1.6565155523936694,2.1345034313751263,28
SIM028,Simulated unit 28,1969,4.413079131714432,1.6565155523936694,28
SIM028,Simulated unit 28,1970,1.8434134643729854,4.413079131714432,28
SIM028,Simulated unit 28,1971,-2.8115366713835312,1.8434134643729854,28
SIM028,Simulated unit 28,1972,-5.032769096921017,-2.8115366713835312,28
SIM028,Simulated unit 28,1973,-3.8152939399808825,-5.032769096921017,28
SIM028,Simulated unit 28,1974,-5.236356276022688,-3.8152939399808825,28
SIM028,Simulated unit 28,1975,-1.1111777185749587,-5.236356276022688,28
SIM028,Simulated unit 28,1976,-1.2640111257192086,-1.1111777185749587,28
SIM028,Simulated unit 28,1977,7.1654129746477695,-1.2640111257192086,28
SIM028,Simulated unit 28,1978,-0.1138960006227343,7.1654129746477695,28
SIM028,Simulated unit 28,1979,1.342561935755763,-0.1138960006227343,28
SIM028,Simulated unit 28,1980,-1.778321909063549,1.342561935755763,28
SIM028,Simulated unit 28,1981,-1.7471971665861652,-1.778321909063549,28
SIM028,Simulated unit 28,1982,0.17594012006993343,-1.7471971665861652,28
SIM028,Simulated unit 28,1983,-6.0705500525809,0.17594012006993343,28
SIM028,Simulated unit 28,1984,-2.131851681184458,-6.0705500525809,28
SIM028,Simulated unit 28,1985,5.229611378111828,-2.131851681184458,28
SIM028,Simulated unit 28,1986,2.5774519317613187,5.229611378111828,28
SIM028,Simulated unit 28,1987,3.1258947294733197,2.5774519317613187,28
SIM028,Simulated unit 28,1988,5.75030191706019,3.1258947294733197,28
SIM028,Simulated unit 28,1989,3.7583206501551243,5.75030191706019,28
SIM028,Simulated unit 28,1990,1.312111824498625,3.7583206501551243,28
SIM028,Simulated unit 28,1991,-5.239942116466082,1.312111824498625,28
SIM028,Simulated unit 28,1992,-0.4209931116947292,-5.239942116466082,28
SIM028,Simulated unit 28,1993,0.2078989037964708,-0.4209931116947292,28
SIM028,Simulated unit 28,1994,-2.113312211886603,0.2078989037964708,28
SIM028,Simulated unit 28,1995,-0.08819719629888101,-2.113312211886603,28
SIM028,Simulated unit 28,1996,-1.0039593881978728,-0.08819719629888101,28
SIM028,Simulated unit 28,1997,-1.3876540262653005,-1.0039593881978728,28
SIM028,Simulated unit 28,1998,1.7862810525669444,-1.3876540262653005,28
SIM028,Simulated unit 28,1999,-2.143378602431367,1.7862810525669444,28
SIM028,Simulated unit 28,2000,2.655918696762455,-2.143378602431367,28
SIM028,Simulated unit 28,2001,-1.7995072712977382,2.655918696762455,28
SIM028,Simulated unit 28,2002,-2.267808587844434,-1.7995072712977382,28
SIM028,Simulated unit 28,2003,5.208153429493072,-2.267808587844434,28
SIM028,Simulated unit 28,2004,7.306956342623109,5.208153429493072,28
SIM028,Simulated unit 28,2005,5.476985783060186,7.306956342623109,28
SIM028,Simulated unit 28,2006,1.2646008233324624,5.476985783060186,28
SIM028,Simulated unit 28,2007,-0.029056426100202204,1.2646008233324624,28
SIM028,Simulated unit 28,2008,1.002392088096968,-0.029056426100202204,28
SIM028,Simulated unit 28,2009,1.514004949876976,1.002392088096968,28
SIM028,Simulated unit 28,2010,1.4357901810482971,1.514004949876976,28
SIM028,Simulated unit 28,2011,1.5689765663764255,1.4357901810482971,28
SIM028,Simulated unit 28,2012,1.098260610710513,1.5689765663764255,28
SIM028,Simulated unit 28,2013,-2.8669798404937312,1.098260610710513,28
SIM028,Simulated unit 28,2014,-2.469720130778737,-2.8669798404937312,28
SIM028,Simulated unit 28,2015,2.0620400834932977,-2.469720130778737,28
SIM028,Simulated unit 28,2016,-2.067778842557374,2.0620400834932977,28
SIM028,Simulated unit 28,2017,-1.00933384015226,-2.067778842557374,28
SIM028,Simulated unit 28,2018,-2.264862090403888,-1.00933384015226,28
SIM028,Simulated unit 28,2019,-0.2248659660479987,-2.264862090403888,28
SIM029,Simulated unit 29,1961,5.732641269003734,0.8341004567995456,29
SIM029,Simulated unit 29,1962,5.759334223973002,5.732641269003734,29
SIM029,Simulated unit 29,1963,0.32019103705216745,5.759334223973002,29
SIM029,Simulated unit 29,1964,3.0057986570723965,0.32019103705216745,29
SIM029,Simulated unit 29,1965,0.27952362545724885,3.0057986570723965,29
SIM029,Simulated unit 29,1966,-0.7632749388582515,0.27952362545724885,29
SIM029,Simulated unit 29,1967,1.2834920970064148,-0.7632749388582515,29
SIM029,Simulated unit 29,1968,0.09485299901344457,1.2834920970064148,29
SIM029,Simulated unit 29,1969,3.535479248376933,0.09485299901344457,29
SIM029,Simulated unit 29,1970,0.5977573644859739,3.535479248376933,29
SIM029,Simulated unit 29,1971,-0.6981852390825054,0.5977573644859739,29
SIM029,Simulated unit 29,1972,-1.5880238240938298,-0.6981852390825054,29
SIM029,Simulated unit 29,1973,-1.8497305395214145,-1.5880238240938298,29
SIM029,Simulated unit 29,1974,2.98773634293059,-1.8497305395214145,29
SIM029,Simulated unit 29,1975,4.4790306865892635,2.98773634293059,29
SIM029,Simulated unit 29,1976,8.617250273989772,4.4790306865892635,29
SIM029,Simulated unit 29,1977,12.773282776091627,8.617250273989772,29
SIM029,Simulated unit 29,1978,5.371818569857956,12.773282776091627,29
SIM029,Simulated unit 29,1979,4.23434852389664,5.371818569857956,29
SIM029,Simulated unit 29,1980,-0.1879918355923147,4.23434852389664,29
SIM029,Simulated unit 29,1981,-1.6456128846001903,-0.1879918355923147,29
SIM029,Simulated unit 29,1982,-2.0776152615271224,-1.6456128846001903,29
SIM029,Simulated unit 29,1983,-3.618033779331096,-2.0776152615271224,29
SIM029,Simulated unit 29,1984,-4.526482086293898,-3.618033779331096,29
SIM029,Simulated unit 29,1985,-2.3487423873371034,-4.526482086293898,29
SIM029,Simulated unit 29,1986,-4.259400687561483,-2.3487423873371034,29
SIM029,Simulated unit 29,1987,0.770740464876009,-4.259400687561483,29
SIM029,Simulated unit 29,1988,-1.490816333326937,0.770740464876009,29
SIM029,Simulated unit 29,1989,8.334217110293013,-1.490816333326937,29
SIM029,Simulated unit 29,1990,4.446376913282622,8.334217110293013,29
SIM029,Simulated unit 29,1991,3.6838790737207296,4.446376913282622,29
SIM029,Simulated unit 29,1992,-0.8756961091656681,3.6838790737207296,29
SIM029,Simulated unit 29,1993,5.392857608883517,-0.8756961091656681,29
SIM029,Simulated unit 29,1994,7.3942166077388585,5.392857608883517,29
SIM029,Simulated unit 29,1995,6.127277576851652,7.3942166077388585,29
SIM029,Simulated unit 29,1996,0.4359588997722943,6.127277576851652,29
SIM029,Simulated unit 29,1997,1.6935759730372373,0.4359588997722943,29
SIM029,Simulated unit 29,1998,-1.5481475542294223,1.6935759730372373,29
SIM029,Simulated unit 29,1999,4.258177257882429,-1.5481475542294223,29
SIM029,Simulated unit 29,2000,5.782490550288975,4.258177257882429,29
SIM029,Simulated unit 29,2001,4.555811445636594,5.782490550288975,29
SIM029,Simulated unit 29,2002,-3.775640122360011,4.555811445636594,29
SIM029,Simulated unit 29,2003,-4.415632009393098,-3.775640122360011,29
SIM029,Simulated unit 29,2004,0.21390418916375853,-4.415632009393098,29
SIM029,Simulated unit 29,2005,4.566993588667723,0.21390418916375853,29
SIM029,Simulated unit 29,2006,6.867705587677028,4.566993588667723,29
SIM029,Simulated unit 29,2007,0.14458434588185032,6.867705587677028,29
SIM029,Simulated unit 29,2008,1.7914075279678225,0.14458434588185032,29
SIM029,Simulated unit 29,2009,4.921390166229482,1.7914075279678225,29
SIM029,Simulated unit 29,2010,-1.2221725970090462,4.921390166229482,29
SIM029,Simulated unit 29,2011,0.042982895674863304,-1.2221725970090462,29
SIM029,Simulated unit 29,2012,1.6473169323302868,0.042982895674863304,29
SIM029,Simulated unit 29,2013,0.8860964048579674,1.6473169323302868,29
SIM029,Simulated unit 29,2014,-4.224827723288825,0.8860964048579674,29
SIM029,Simulated unit 29,2015,-2.711990964194481,-4.224827723288825,29
SIM029,Simulated unit 29,2016,-1.8091108692817603,-2.711990964194481,29
SIM029,Simulated unit 29,2017,-0.7296837352123188,-1.8091108692817603,29
SIM029,Simulated unit 29,2018,-1.3282245174025997,-0.7296837352123188,29
SIM029,Simulated unit 29,2019,-1.3259711701659618,-1.3282245174025997,29
SIM030,Simulated unit 30,1961,3.255892506684573,1.8808811529590663,30
SIM030,Simulated unit 30,1962,1.840255215440742,3.255892506684573,30
SIM030,Simulated unit 30,1963,0.6752063441604397,1.840255215440742,30
SIM030,Simulated unit 30,1964,1.4821859212596382,0.6752063441604397,30
SIM030,Simulated unit 30,1965,-4.073436224929761,1.4821859212596382,30
SIM030,Simulated unit 30,1966,-0.21295635327848217,-4.073436224929761,30
SIM030,Simulated unit 30,1967,0.6705368966640344,-0.21295635327848217,30
SIM030,Simulated unit 30,1968,1.321402717791106,0.6705368966640344,30
SIM030,Simulated unit 30,1969,4.475044553458055,1.321402717791106,30
SIM030,Simulated unit 30,1970,-2.3734198580699113,4.475044553458055,30
SIM030,Simulated unit 30,1971,-6.545553524418838,-2.3734198580699113,30
SIM030,Simulated unit 30,1972,-2.305920578680744,-6.545553524418838,30
SIM030,Simulated unit 30,1973,-0.6049029125939939,-2.305920578680744,30
SIM030,Simulated unit 30,1974,0.9475890820194004,-0.6049029125939939,30
SIM030,Simulated unit 30,1975,-0.01782777630569643,0.9475890820194004,30
SIM030,Simulated unit 30,1976,2.782364356936376,-0.01782777630569643,30
SIM030,Simulated unit 30,1977,5.267335143135186,2.782364356936376,30
SIM030,Simulated unit 30,1978,5.412347967735692,5.267335143135186,30
SIM030,Simulated unit 30,1979,3.264923405427666,5.412347967735692,30
SIM030,Simulated unit 30,1980,-3.564114119586609,3.264923405427666,30
SIM030,Simulated unit 30,1981,0.9692401523594187,-3.564114119586609,30
SIM030,Simulated unit 30,1982,5.046730090068429,0.9692401523594187,30
SIM030,Simulated unit 30,1983,5.761713289992997,5.046730090068429,30
SIM030,Simulated unit 30,1984,1.6181006918932788,5.761713289992997,30
SIM030,Simulated unit 30,1985,3.7922435961392407,1.6181006918932788,30
SIM030,Simulated unit 30,1986,5.656935281567881,3.7922435961392407,30
SIM030,Simulated unit 30,1987,8.870609912337986,5.656935281567881,30
SIM030,Simulated unit 30,1988,3.4940361747189184,8.870609912337986,30
SIM030,Simulated unit 30,1989,2.2170579511989352,3.4940361747189184,30
SIM030,Simulated unit 30,1990,4.372050924149726,2.2170579511989352,30
SIM030,Simulated unit 30,1991,3.5954607688043088,4.372050924149726,30
SIM030,Simulated unit 30,1992,-0.39470634487123935,3.5954607688043088,30
SIM030,Simulated unit 30,1993,1.8070250481573655,-0.39470634487123935,30
SIM030,Simulated unit 30,1994,3.6201999303399193,1.8070250481573655,30
SIM030,Simulated unit 30,1995,3.236008647196958,3.6201999303399193,30
SIM030,Simulated unit 30,1996,3.400359969858007,3.236008647196958,30
SIM030,Simulated unit 30,1997,2.0640982768576137,3.400359969858007,30
SIM030,Simulated unit 30,1998,6.4732957732627465,2.0640982768576137,30
SIM030,Simulated unit 30,1999,1.981900912819618,6.4732957732627465,30
SIM030,Simulated unit 30,2000,0.22717825940043435,1.981900912819618,30
SIM030,Simulated unit 30,2001,0.9692634962228376,0.22717825940043435,30
SIM030,Simulated unit 30,2002,4.01842018083638,0.9692634962228376,30
SIM030,Simulated unit 30,2003,-1.2810674017817814,4.01842018083638,30
SIM030,Simulated unit 30,2004,-3.8995306903653866,-1.2810674017817814,30
SIM030,Simulated unit 30,2005,-7.652903937423385,-3.8995306903653866,30
SIM030,Simulated unit 30,2006,-3.693656686694219,-7.652903937423385,30
SIM030,Simulated unit 30,2007,-4.771111463636164,-3.693656686694219,30
SIM030,Simulated unit 30,2008,-3.2163172082354485,-4.771111463636164,30
SIM030,Simulated unit 30,2009,0.854344244733855,-3.2163172082354485,30
SIM030,Simulated unit 30,2010,-0.6120216155082268,0.854344244733855,30
SIM030,Simulated unit 30,2011,1.1266330989251578,-0.6120216155082268,30
SIM030,Simulated unit 30,2012,0.5779661360999286,1.1266330989251578,30
SIM030,Simulated unit 30,2013,3.163122626949268,0.5779661360999286,30
SIM030,Simulated unit 30,2014,4.123257778213587,3.163122626949268,30
SIM030,Simulated unit 30,2015,1.1981535784043218,4.123257778213587,30
SIM030,Simulated unit 30,2016,1.0129368868412352,1.1981535784043218,30
SIM030,Simulated unit 30,2017,4.538992325266224,1.0129368868412352,30
SIM030,Simulated unit 30,2018,4.703526005922026,4.538992325266224,30
SIM030,Simulated unit 30,2019,-0.5687705697001793,4.703526005922026,30
SIM031,Simulated unit 31,1961,-0.07371935720022549,3.966854183514148,31
SIM031,Simulated unit 31,1962,4.993307595562882,-0.07371935720022549,31
SIM031,Simulated unit 31,1963,6.8682810768608045,4.993307595562882,31
SIM031,Simulated unit 31,1964,5.790625073871684,6.8682810768608045,31
SIM031,Simulated unit 31,1965,4.74607357463159,5.790625073871684,31
SIM031,Simulated unit 31,1966,3.020547376696694,4.74607357463159,31
SIM031,Simulated unit 31,1967,4.6479002802181,3.020547376696694,31
SIM031,Simulated unit 31,1968,2.476405659744675,4.6479002802181,31
SIM031,Simulated unit 31,1969,2.9925530077664866,2.476405659744675,31
SIM031,Simulated unit 31,1970,5.211334904218245,2.9925530077664866,31
SIM031,Simulated unit 31,1971,2.2413813119541777,5.211334904218245,31
SIM031,Simulated unit 31,1972,0.296250567200423,2.2413813119541777,31
SIM031,Simulated unit 31,1973,-2.605346101853123,0.296250567200423,31
SIM031,Simulated unit 31,1974,-3.9566258994903905,-2.605346101853123,31
SIM031,Simulated unit 31,1975,-7.059161474018741,-3.9566258994903905,31
SIM031,Simulated unit 31,1976,-1.2460105173646556,-7.059161474018741,31
SIM031,Simulated unit 31,1977,5.479137315829519,-1.2460105173646556,31
SIM031,Simulated unit 31,1978,8.363469219908627,5.479137315829519,31
SIM031,Simulated unit 31,1979,0.9398280660656262,8.363469219908627,31
SIM031,Simulated unit 31,1980,3.5384608543079756,0.9398280660656262,31
SIM031,Simulated unit 31,1981,7.189395562355455,3.5384608543079756,31
SIM031,Simulated unit 31,1982,3.74320739519728,7.189395562355455,31
SIM031,Simulated unit 31,1983,3.350266729068517,3.74320739519728,31
SIM031,Simulated unit 31,1984,-3.213519114972901,3.350266729068517,31
SIM031,Simulated unit 31,1985,-0.3279029650538161,-3.213519114972901,31
SIM031,Simulated unit 31,1986,-2.587420967336442,-0.3279029650538161,31
SIM031,Simulated unit 31,1987,-0.15354752666732152,-2.587420967336442,31
SIM031,Simulated unit 31,1988,-3.975737282567034,-0.15354752666732152,31
SIM031,Simulated unit 31,1989,0.043132303892567725,-3.975737282567034,31
SIM031,Simulated unit 31,1990,3.89941740861561,0.043132303892567725,31
SIM031,Simulated unit 31,1991,0.7901108600238631,3.89941740861561,31
SIM031,Simulated unit 31,1992,-2.1367012282169853,0.7901108600238631,31
SIM031,Simulated unit 31,1993,-6.950089864580135,-2.1367012282169853,31
SIM031,Simulated unit 31,1994,-4.169294520973612,-6.950089864580135,31
SIM031,Simulated unit 31,1995,-3.446358515428982,-4.169294520973612,31
SIM031,Simulated unit 31,1996,-5.920873346301554,-3.446358515428982,31
SIM031,Simulated unit 31,1997,-1.3934677388444177,-5.920873346301554,31
SIM031,Simulated unit 31,1998,-1.385991788900598,-1.3934677388444177,31
SIM031,Simulated unit 31,1999,-3.258802949276056,-1.385991788900598,31
SIM031,Simulated unit 31,2000,-2.818998986486975,-3.258802949276056,31
SIM031,Simulated unit 31,2001,2.322514224896662,-2.818998986486975,31
SIM031,Simulated unit 31,2002,4.002319366203665,2.322514224896662,31
SIM031,Simulated unit 31,2003,2.8113134352267295,4.002319366203665,31
SIM031,Simulated unit 31,2004,4.344103116530595,2.8113134352267295,31
SIM031,Simulated unit 31,2005,-0.07627399924185951,4.344103116530595,31
SIM031,Simulated unit 31,2006,0.851345902635976,-0.07627399924185951,31
SIM031,Simulated unit 31,2007,1.7527745330409972,0.851345902635976,31
SIM031,Simulated unit 31,2008,0.44215519432841766,1.7527745330409972,31
SIM031,Simulated unit 31,2009,2.3716681244693043,0.44215519432841766,31
SIM031,Simulated unit 31,2010,-0.11829948925177103,2.3716681244693043,31
SIM031,Simulated unit 31,2011,2.258482429777291,-0.11829948925177103,31
SIM031,Simulated unit 31,2012,3.81066577246025,2.258482429777291,31
SIM031,Simulated unit 31,2013,-5.665080178615048,3.81066577246025,31
SIM031,Simulated unit 31,2014,0.9718690033613249,-5.665080178615048,31
SIM031,Simulated unit 31,2015,-7.759776294041468,0.9718690033613249,31
SIM031,Simulated unit 31,2016,-5.704012853093256,-7.759776294041468,31
SIM031,Simulated unit 31,2017,0.45363639091731134,-5.704012853093256,31
SIM031,Simulated unit 31,2018,0.12032165879306489,0.45363639091731134,31
SIM031,Simulated unit 31,2019,-3.5263649521327878,0.12032165879306489,31
SIM032,Simulated unit 32,1961,3.111990527871852,-1.2812111851500116,32
SIM032,Simulated unit 32,1962,-3.0973192749228033,3.111990527871852,32
SIM032,Simulated unit 32,1963,2.3285817379323697,-3.0973192749228033,32
SIM032,Simulated unit 32,1964,2.0318427456325536,2.3285817379323697,32
SIM032,Simulated unit 32,1965,-1.5580803439477684,2.0318427456325536,32
SIM032,Simulated unit 32,1966,-1.8841934232767341,-1.5580803439477684,32
SIM032,Simulated unit 32,1967,-3.382189077270964,-1.8841934232767341,32
SIM032,Simulated unit 32,1968,1.3693621562130074,-3.382189077270964,32
SIM032,Simulated unit 32,1969,3.818900723016319,1.3693621562130074,32
SIM032,Simulated unit 32,1970,-2.0661429678183483,3.818900723016319,32
SIM032,Simulated unit 32,1971,-1.650462136249011,-2.0661429678183483,32
SIM032,Simulated unit 32,1972,-2.779834268782238,-1.650462136249011,32
SIM032,Simulated unit 32,1973,3.012629344108768,-2.779834268782238,32
SIM032,Simulated unit 32,1974,-1.4427197479140021,3.012629344108768,32
SIM032,Simulated unit 32,1975,4.747055465306641,-1.4427197479140021,32
SIM032,Simulated unit 32,1976,3.548349060633172,4.747055465306641,32
SIM032,Simulated unit 32,1977,-0.5567937827603604,3.548349060633172,32
SIM032,Simulated unit 32,1978,-1.56589882168405,-0.5567937827603604,32
SIM032,Simulated unit 32,1979,-2.5443958153157813,-1.56589882168405,32
SIM032,Simulated unit 32,1980,-4.550492695235986,-2.5443958153157813,32
SIM032,Simulated unit 32,1981,-1.6458150379504644,-4.550492695235986,32
SIM032,Simulated unit 32,1982,-3.871235674845808,-1.6458150379504644,32
SIM032,Simulated unit 32,1983,-8.063840031122051,-3.871235674845808,32
SIM032,Simulated unit 32,1984,-5.17733343121775,-8.063840031122051,32
SIM032,Simulated unit 32,1985,-7.714968647984297,-5.17733343121775,32
SIM032,Simulated unit 32,1986,-6.085463792993139,-7.714968647984297,32
SIM032,Simulated unit 32,1987,-5.578586941605951,-6.085463792993139,32
SIM032,Simulated unit 32,1988,-5.160800381041013,-5.578586941605951,32
SIM032,Simulated unit 32,1989,3.706409076145853,-5.160800381041013,32
SIM032,Simulated unit 32,1990,3.193080147196224,3.706409076145853,32
SIM032,Simulated unit 32,1991,3.451961115303731,3.193080147196224,32
SIM032,Simulated unit 32,1992,-2.4580182198446447,3.451961115303731,32
SIM032,Simulated unit 32,1993,-2.6367003328175525,-2.4580182198446447,32
SIM032,Simulated unit 32,1994,-0.13611230986599543,-2.6367003328175525,32
SIM032,Simulated unit 32,1995,-2.3552541246586163,-0.13611230986599543,32
SIM032,Simulated unit 32,1996,2.1110360557587864,-2.3552541246586163,32
SIM032,Simulated unit 32,1997,-1.5414681242478183,2.1110360557587864,32
SIM032,Simulated unit 32,1998,-0.9839792821442177,-1.5414681242478183,32
SIM032,Simulated unit 32,1999,-1.5485424892132065,-0.9839792821442177,32
SIM032,Simulated unit 32,2000,0.36383648461782414,-1.5485424892132065,32
SIM032,Simulated unit 32,2001,-0.9031683247955835,0.36383648461782414,32
SIM032,Simulated unit 32,2002,-0.5545818760901621,-0.9031683247955835,32
SIM032,Simulated unit 32,2003,-0.2411394009880538,-0.5545818760901621,32
SIM032,Simulated unit 32,2004,-1.5478469127667351,-0.2411394009880538,32
SIM032,Simulated unit 32,2005,1.326573457831297,-1.5478469127667351,32
SIM032,Simulated unit 32,2006,2.311109199211054,1.326573457831297,32
SIM032,Simulated unit 32,2007,1.9208236837671304,2.311109199211054,32
SIM032,Simulated unit 32,2008,0.6611192098744039,1.9208236837671304,32
SIM032,Simulated unit 32,2009,3.586303617484633,0.6611192098744039,32
SIM032,Simulated unit 32,2010,2.244279439048236,3.586303617484633,32
SIM032,Simulated unit 32,2011,1.22647579995113,2.244279439048236,32
SIM032,Simulated unit 32,2012,1.849955569635056,1.22647579995113,32
SIM032,Simulated unit 32,2013,6.999733390693586,1.849955569635056,32
SIM032,Simulated unit 32,2014,0.9787714103525396,6.999733390693586,32
SIM032,Simulated unit 32,2015,3.6968335253775875,0.9787714103525396,32
SIM032,Simulated unit 32,2016,-2.6614133684877626,3.6968335253775875,32
SIM032,Simulated unit 32,2017,-0.14502854640678553,-2.6614133684877626,32
SIM032,Simulated unit 32,2018,5.438231354982121,-0.14502854640678553,32
SIM032,Simulated unit 32,2019,5.528944386391194,5.438231354982121,32
SIM033,Simulated unit 33,1961,0.6257767349624008,2.5118752356193785,33
SIM033,Simulated unit 33,1962,1.2686076424431032,0.6257767349624008,33
SIM033,Simulated unit 33,1963,0.8049761392557929,1.2686076424431032,33
SIM033,Simulated unit 33,1964,-1.0749441402405906,0.8049761392557929,33
SIM033,Simulated unit 33,1965,-0.7145933305689638,-1.0749441402405906,33
SIM033,Simulated unit 33,1966,0.9663874835379405,-0.7145933305689638,33
SIM033,Simulated unit 33,1967,-0.9218187154691566,0.9663874835379405,33
SIM033,Simulated unit 33,1968,-2.1719366913355462,-0.9218187154691566,33
SIM033,Simulated unit 33,1969,-4.583892327577851,-2.1719366913355462,33
SIM033,Simulated unit 33,1970,-0.7781603182800221,-4.583892327577851,33
SIM033,Simulated unit 33,1971,1.9690735949331681,-0.7781603182800221,33
SIM033,Simulated unit 33,1972,2.6764254896694535,1.9690735949331681,33
SIM033,Simulated unit 33,1973,5.30136677198767,2.6764254896694535,33
SIM033,Simulated unit 33,1974,4.244422974434785,5.30136677198767,33
SIM033,Simulated unit 33,1975,4.52268659675814,4.244422974434785,33
SIM033,Simulated unit 33,1976,4.425124234967573,4.52268659675814,33
SIM033,Simulated unit 33,1977,3.1804544827259202,4.425124234967573,33
SIM033,Simulated unit 33,1978,1.1158072052466104,3.1804544827259202,33
SIM033,Simulated unit 33,1979,8.1119421705237,1.1158072052466104,33
SIM033,Simulated unit 33,1980,4.311312362753693,8.1119421705237,33
SIM033,Simulated unit 33,1981,1.3891542842909068,4.311312362753693,33
SIM033,Simulated unit 33,1982,2.935522040924865,1.3891542842909068,33
SIM033,Simulated unit 33,1983,3.3168764704399343,2.935522040924865,33
SIM033,Simulated unit 33,1984,-1.4242487605670222,3.3168764704399343,33
SIM033,Simulated unit 33,1985,3.3134855073510026,-1.4242487605670222,33
SIM033,Simulated unit 33,1986,2.5055075783581016,3.3134855073510026,33
SIM033,Simulated unit 33,1987,-1.0294887386323008,2.5055075783581016,33
SIM033,Simulated unit 33,1988,3.7486590998822416,-1.0294887386323008,33
SIM033,Simulated unit 33,1989,4.9262221747178065,3.7486590998822416,33
SIM033,Simulated unit 33,1990,-0.03789267101305871,4.9262221747178065,33
SIM033,Simulated unit 33,1991,6.108812918165338,-0.03789267101305871,33
SIM033,Simulated unit 33,1992,6.441679855997781,6.108812918165338,33
SIM033,Simulated unit 33,1993,4.63441956672353,6.441679855997781,33
SIM033,Simulated unit 33,1994,8.351308156899456,4.63441956672353,33
SIM033,Simulated unit 33,1995,6.288678245628595,8.351308156899456,33
SIM033,Simulated unit 33,1996,4.488957722065061,6.288678245628595,33
SIM033,Simulated unit 33,1997,1.5124742851730695,4.488957722065061,33
SIM033,Simulated unit 33,1998,3.4530358890250774,1.5124742851730695,33
SIM033,Simulated unit 33,1999,4.301630435386986,3.4530358890250774,33
SIM033,Simulated unit 33,2000,3.425018680901326,4.301630435386986,33
SIM033,Simulated unit 33,2001,0.4850521469379867,3.425018680901326,33
SIM033,Simulated unit 33,2002,1.4808208506610137,0.4850521469379867,33
SIM033,Simulated unit 33,2003,1.4790961531101945,1.4808208506610137,33
SIM033,Simulated unit 33,2004,-2.312965264336487,1.4790961531101945,33
SIM033,Simulated unit 33,2005,-5.003216212574449,-2.312965264336487,33
SIM033,Simulated unit 33,2006,-0.5064695911153603,-5.003216212574449,33
SIM033,Simulated unit 33,2007,-7.309546699824283,-0.5064695911153603,33
SIM033,Simulated unit 33,2008,-2.96949643901079,-7.309546699824283,33
SIM033,Simulated unit 33,2009,-2.4159470366679474,-2.96949643901079,33
SIM033,Simulated unit 33,2010,3.275171598638962,-2.4159470366679474,33
SIM033,Simulated unit 33,2011,1.2846983317217497,3.275171598638962,33
SIM033,Simulated unit 33,2012,3.5492716417887378,1.2846983317217497,33
SIM033,Simulated unit 33,2013,1.7388214613598674,3.5492716417887378,33
SIM033,Simulated unit 33,2014,2.184537337274351,1.7388214613598674,33
SIM033,Simulated unit 33,2015,4.321231995124764,2.184537337274351,33
SIM033,Simulated unit 33,2016,2.005072048101118,4.321231995124764,33
SIM033,Simulated unit 33,2017,4.992707882355883,2.005072048101118,33
SIM033,Simulated unit 33,2018,0.8145310980940801,4.992707882355883,33
SIM033,Simulated unit 33,2019,2.1724971865315856,0.8145310980940801,33
SIM034,Simulated unit 34,1961,5.64086397638914,4.767919168363559,34
SIM034,Simulated unit 34,1962,9.933853016039716,5.64086397638914,34
SIM034,Simulated unit 34,1963,4.469993857691847,9.933853016039716,34
SIM034,Simulated unit 34,1964,-0.6554514394306556,4.469993857691847,34
SIM034,Simulated unit 34,1965,-2.5762761891437513,-0.6554514394306556,34
SIM034,Simulated unit 34,1966,1.2355619861590603,-2.5762761891437513,34
SIM034,Simulated unit 34,1967,3.035105994503572,1.2355619861590603,34
SIM034,Simulated unit 34,1968,2.9278335756443905,3.035105994503572,34
SIM034,Simulated unit 34,1969,-0.8121710019347552,2.9278335756443905,34
SIM034,Simulated unit 34,1970,2.613299278826329,-0.8121710019347552,34
SIM034,Simulated unit 34,1971,-1.3061347656558238,2.613299278826329,34
SIM034,Simulated unit 34,1972,3.493167887737205,-1.3061347656558238,34
SIM034,Simulated unit 34,1973,11.468216002061919,3.493167887737205,34
SIM034,Simulated unit 34,1974,8.780283040951803,11.468216002061919,34
SIM034,Simulated unit 34,1975,7.817494231544311,8.780283040951803,34
SIM034,Simulated unit 34,1976,4.011917232239908,7.817494231544311,34
SIM034,Simulated unit 34,1977,-2.223489623916504,4.011917232239908,34
SIM034,Simulated unit 34,1978,-2.3422518634405693,-2.223489623916504,34
SIM034,Simulated unit 34,1979,-3.8840368413605897,-2.3422518634405693,34
SIM034,Simulated unit 34,1980,-5.8714358340614,-3.8840368413605897,34
SIM034,Simulated unit 34,1981,2.444218325550107,-5.8714358340614,34
SIM034,Simulated unit 34,1982,3.085118549407383,2.444218325550107,34
SIM034,Simulated unit 34,1983,3.790133871486381,3.085118549407383,34
SIM034,Simulated unit 34,1984,2.1470132273030798,3.790133871486381,34
SIM034,Simulated unit 34,1985,1.5695946890515386,2.1470132273030798,34
SIM034,Simulated unit 34,1986,4.635408860148923,1.5695946890515386,34
SIM034,Simulated unit 34,1987,3.4842339600037073,4.635408860148923,34
SIM034,Simulated unit 34,1988,4.482622190076423,3.4842339600037073,34
SIM034,Simulated unit 34,1989,2.9015604205108065,4.482622190076423,34
SIM034,Simulated unit 34,1990,1.5144775801103425,2.9015604205108065,34
SIM034,Simulated unit 34,1991,-2.512055948739381,1.5144775801103425,34
SIM034,Simulated unit 34,1992,-6.6404807563450134,-2.512055948739381,34
SIM034,Simulated unit 34,1993,-3.9689741570062127,-6.6404807563450134,34
SIM034,Simulated unit 34,1994,-1.4118944182240294,-3.9689741570062127,34
SIM034,Simulated unit 34,1995,-3.9055267610607904,-1.4118944182240294,34
SIM034,Simulated unit 34,1996,-1.6467406517403729,-3.9055267610607904,34
SIM034,Simulated unit 34,1997,-0.026786702072717578,-1.6467406517403729,34
SIM034,Simulated unit 34,1998,-5.684096039421768,-0.026786702072717578,34
SIM034,Simulated unit 34,1999,-5.355831602091564,-5.684096039421768,34
SIM034,Simulated unit 34,2000,-1.1917072800485329,-5.355831602091564,34
SIM034,Simulated unit 34,2001,1.2461518201581119,-1.1917072800485329,34
SIM034,Simulated unit 34,2002,-1.9133336571044146,1.2461518201581119,34
SIM034,Simulated unit 34,2003,0.12734395723655612,-1.9133336571044146,34
SIM034,Simulated unit 34,2004,3.9436280504233503,0.12734395723655612,34
SIM034,Simulated unit 34,2005,5.497395707226705,3.9436280504233503,34
SIM034,Simulated unit 34,2006,3.8125800632942193,5.497395707226705,34
SIM034,Simulated unit 34,2007,1.683619098003654,3.8125800632942193,34
SIM034,Simulated unit 34,2008,-0.07786199420132078,1.683619098003654,34
SIM034,Simulated unit 34,2009,2.156742152208179,-0.07786199420132078,34
SIM034,Simulated unit 34,2010,2.6793572107535715,2.156742152208179,34
SIM034,Simulated unit 34,2011,4.295826344758744,2.6793572107535715,34
SIM034,Simulated unit 34,2012,3.7731172462187024,4.295826344758744,34
SIM034,Simulated unit 34,2013,5.520162198773547,3.7731172462187024,34
SIM034,Simulated unit 34,2014,4.3958749181372285,5.520162198773547,34
SIM034,Simulated unit 34,2015,5.7915910992773965,4.3958749181372285,34
SIM034,Simulated unit 34,2016,6.887422970666355,5.7915910992773965,34
SIM034,Simulated unit 34,2017,2.518873891725373,6.887422970666355,34
SIM034,Simulated unit 34,2018,-3.1131078055770143,2.518873891725373,34
SIM034,Simulated unit 34,2019,3.562613884697452,-3.1131078055770143,34
SIM035,Simulated unit 35,1961,-2.6814719712062933,2.7699761921367854,35
SIM035,Simulated unit 35,1962,-2.950341674379909,-2.6814719712062933,35
SIM035,Simulated unit 35,1963,1.34541787248154,-2.950341674379909,35
SIM035,Simulated unit 35,1964,0.768220230090245,1.34541787248154,35
SIM035,Simulated unit 35,1965,-0.2752521199032343,0.768220230090245,35
SIM035,Simulated unit 35,1966,4.837494308996959,-0.2752521199032343,35
SIM035,Simulated unit 35,1967,0.560635146246744,4.837494308996959,35
SIM035,Simulated unit 35,1968,-1.2580789855164551,0.560635146246744,35
SIM035,Simulated unit 35,1969,0.6793120338349296,-1.2580789855164551,35
SIM035,Simulated unit 35,1970,2.3789520164626046,0.6793120338349296,35
SIM035,Simulated unit 35,1971,3.716400312899757,2.3789520164626046,35
SIM035,Simulated unit 35,1972,5.763554321446694,3.716400312899757,35
SIM035,Simulated unit 35,1973,4.8538684549125675,5.763554321446694,35
SIM035,Simulated unit 35,1974,5.180472889762768,4.8538684549125675,35
SIM035,Simulated unit 35,1975,3.1306559559124114,5.180472889762768,35
SIM035,Simulated unit 35,1976,2.8664884832575894,3.1306559559124114,35
SIM035,Simulated unit 35,1977,2.842495630115457,2.8664884832575894,35
SIM035,Simulated unit 35,1978,3.1507917855263825,2.842495630115457,35
SIM035,Simulated unit 35,1979,5.008094494064112,3.1507917855263825,35
SIM035,Simulated unit 35,1980,5.47029374227296,5.008094494064112,35
SIM035,Simulated unit 35,1981,4.214827254064326,5.47029374227296,35
SIM035,Simulated unit 35,1982,0.9015183976154755,4.214827254064326,35
SIM035,Simulated unit 35,1983,1.543924812757414,0.9015183976154755,35
SIM035,Simulated unit 35,1984,1.6423015329672166,1.543924812757414,35
SIM035,Simulated unit 35,1985,2.3649256592199253,1.6423015329672166,35
SIM035,Simulated unit 35,1986,8.838531316953162,2.3649256592199253,35
SIM035,Simulated unit 35,1987,4.531800454548191,8.838531316953162,35
SIM035,Simulated unit 35,1988,4.785947330104993,4.531800454548191,35
SIM035,Simulated unit 35,1989,6.87695459979589,4.785947330104993,35
SIM035,Simulated unit 35,1990,5.220178502175682,6.87695459979589,35
SIM035,Simulated unit 35,1991,10.945642458821904,5.220178502175682,35
SIM035,Simulated unit 35,1992,6.233267600098712,10.945642458821904,35
SIM035,Simulated unit 35,1993,5.512228227019368,6.233267600098712,35
SIM035,Simulated unit 35,1994,1.7109197015326751,5.512228227019368,35
SIM035,Simulated unit 35,1995,0.7719776154897255,1.7109197015326751,35
SIM035,Simulated unit 35,1996,2.0099883004838093,0.7719776154897255,35
SIM035,Simulated unit 35,1997,4.544905167213475,2.0099883004838093,35
SIM035,Simulated unit 35,1998,4.484227602398807,4.544905167213475,35
SIM035,Simulated unit 35,1999,7.267881109443492,4.484227602398807,35
SIM035,Simulated unit 35,2000,4.875832733888079,7.267881109443492,35
SIM035,Simulated unit 35,2001,2.7289940508158312,4.875832733888079,35
SIM035,Simulated unit 35,2002,10.54935175232766,2.7289940508158312,35
SIM035,Simulated unit 35,2003,8.312323999722688,10.54935175232766,35
SIM035,Simulated unit 35,2004,3.6289497618979696,8.312323999722688,35
SIM035,Simulated unit 35,2005,0.8945785703945752,3.6289497618979696,35
SIM035,Simulated unit 35,2006,-1.4912926013572763,0.8945785703945752,35
SIM035,Simulated unit 35,2007,2.714932506755998,-1.4912926013572763,35
SIM035,Simulated unit 35,2008,1.3358276253738732,2.714932506755998,35
SIM035,Simulated unit 35,2009,1.9835840021937807,1.3358276253738732,35
SIM035,Simulated unit 35,2010,1.7996243780014625,1.9835840021937807,35
SIM035,Simulated unit 35,2011,4.074251850623681,1.7996243780014625,35
SIM035,Simulated unit 35,2012,0.7043188317221487,4.074251850623681,35
SIM035,Simulated unit 35,2013,-2.0041255593957574,0.7043188317221487,35
SIM035,Simulated unit 35,2014,0.2704165859073284,-2.0041255593957574,35
SIM035,Simulated unit 35,2015,2.765127805644088,0.2704165859073284,35
SIM035,Simulated unit 35,2016,3.456673622679375,2.765127805644088,35
SIM035,Simulated unit 35,2017,0.4456429863156428,3.456673622679375,35
SIM035,Simulated unit 35,2018,3.099840318063567,0.4456429863156428,35
SIM035,Simulated unit 35,2019,0.4283214095512373,3.099840318063567,35
SIM036,Simulated unit 36,1961,-1.7706301347814966,0.4353840656408501,36
SIM036,Simulated unit 36,1962,3.6410969650871947,-1.7706301347814966,36
SIM036,Simulated unit 36,1963,4.884922802134364,3.6410969650871947,36
SIM036,Simulated unit 36,1964,5.545933808317239,4.884922802134364,36
SIM036,Simulated unit 36,1965,7.869194548417694,5.545933808317239,36
SIM036,Simulated unit 36,1966,13.959464473766785,7.869194548417694,36
SIM036,Simulated unit 36,1967,4.048000372529604,13.959464473766785,36
SIM036,Simulated unit 36,1968,1.0136704808864376,4.048000372529604,36
SIM036,Simulated unit 36,1969,-0.4403229639917088,1.0136704808864376,36
SIM036,Simulated unit 36,1970,-2.0166526455431035,-0.4403229639917088,36
SIM036,Simulated unit 36,1971,-3.642741330137,-2.0166526455431035,36
SIM036,Simulated unit 36,1972,-2.2846039902482964,-3.642741330137,36
SIM036,Simulated unit 36,1973,-4.220573540017193,-2.2846039902482964,36
SIM036,Simulated unit 36,1974,-0.727217021398076,-4.220573540017193,36
SIM036,Simulated unit 36,1975,0.5187647514469984,-0.727217021398076,36
SIM036,Simulated unit 36,1976,2.5543448451591653,0.5187647514469984,36
SIM036,Simulated unit 36,1977,3.855792262010257,2.5543448451591653,36
SIM036,Simulated unit 36,1978,4.922495917486184,3.855792262010257,36
SIM036,Simulated unit 36,1979,2.6332707400200634,4.922495917486184,36
SIM036,Simulated unit 36,1980,8.743392651913041,2.6332707400200634,36
SIM036,Simulated unit 36,1981,6.749328940594117,8.743392651913041,36
SIM036,Simulated unit 36,1982,-0.7378568935179155,6.749328940594117,36
SIM036,Simulated unit 36,1983,-2.6498413734094015,-0.7378568935179155,36
SIM036,Simulated unit 36,1984,-6.011413791129088,-2.6498413734094015,36
SIM036,Simulated unit 36,1985,-2.754844387223531,-6.011413791129088,36
SIM036,Simulated unit 36,1986,-1.2183223044941194,-2.754844387223531,36
SIM036,Simulated unit 36,1987,-1.336270476394845,-1.2183223044941194,36
SIM036,Simulated unit 36,1988,6.031016051364635,-1.336270476394845,36
SIM036,Simulated unit 36,1989,6.065558253049513,6.031016051364635,36
SIM036,Simulated unit 36,1990,6.617630036168711,6.065558253049513,36
SIM036,Simulated unit 36,1991,1.9773575578749165,6.617630036168711,36
SIM036,Simulated unit 36,1992,-1.0110201392680866,1.9773575578749165,36
SIM036,Simulated unit 36,1993,0.3038044137300123,-1.0110201392680866,36
SIM036,Simulated unit 36,1994,1.501304067194685,0.3038044137300123,36
SIM036,Simulated unit 36,1995,-3.8681522610265606,1.501304067194685,36
SIM036,Simulated unit 36,1996,-2.0618124251645384,-3.8681522610265606,36
SIM036,Simulated unit 36,1997,-0.3948712064782085,-2.0618124251645384,36
SIM036,Simulated unit 36,1998,-0.0823702212003119,-0.3948712064782085,36
SIM036,Simulated unit 36,1999,-1.6895933697602163,-0.0823702212003119,36
SIM036,Simulated unit 36,2000,-1.8323615676195497,-1.6895933697602163,36
SIM036,Simulated unit 36,2001,-0.8299945212901179,-1.8323615676195497,36
SIM036,Simulated unit 36,2002,0.5744033580560726,-0.8299945212901179,36
SIM036,Simulated unit 36,2003,2.959016762485348,0.5744033580560726,36
SIM036,Simulated unit 36,2004,5.8179786723438225,2.959016762485348,36
SIM036,Simulated unit 36,2005,3.407744032824544,5.8179786723438225,36
SIM036,Simulated unit 36,2006,1.4761778313486524,3.407744032824544,36
SIM036,Simulated unit 36,2007,2.9986737194121105,1.4761778313486524,36
SIM036,Simulated unit 36,2008,4.431738980879829,2.9986737194121105,36
SIM036,Simulated unit 36,2009,2.1564420887512403,4.431738980879829,36
SIM036,Simulated unit 36,2010,4.465045684149261,2.1564420887512403,36
SIM036,Simulated unit 36,2011,6.417783433957476,4.465045684149261,36
SIM036,Simulated unit 36,2012,8.525729457350504,6.417783433957476,36
SIM036,Simulated unit 36,2013,11.25040039456977,8.525729457350504,36
SIM036,Simulated unit 36,2014,4.950991820763544,11.25040039456977,36
SIM036,Simulated unit 36,2015,3.8122897204556603,4.950991820763544,36
SIM036,Simulated unit 36,2016,3.121206922129377,3.8122897204556603,36
SIM036,Simulated unit 36,2017,2.378503447680103,3.121206922129377,36
SIM036,Simulated unit 36,2018,0.27931330977765345,2.378503447680103,36
SIM036,Simulated unit 36,2019,-3.4890980238266227,0.27931330977765345,36
SIM037,Simulated unit 37,1961,-0.1382439757915308,2.2780383380870113,37
SIM037,Simulated unit 37,1962,0.9750340567679565,-0.1382439757915308,37
SIM037,Simulated unit 37,1963,-0.9971101910357865,0.9750340567679565,37
SIM037,Simulated unit 37,1964,-3.097241152154496,-0.9971101910357865,37
SIM037,Simulated unit 37,1965,-0.3554496101620044,-3.097241152154496,37
SIM037,Simulated unit 37,1966,1.0394948143222853,-0.3554496101620044,37
SIM037,Simulated unit 37,1967,3.16154280255617,1.0394948143222853,37
SIM037,Simulated unit 37,1968,9.254516980786576,3.16154280255617,37
SIM037,Simulated unit 37,1969,7.184578782104486,9.254516980786576,37
SIM037,Simulated unit 37,1970,6.56599257045508,7.184578782104486,37
SIM037,Simulated unit 37,1971,1.5069115556710724,6.56599257045508,37
SIM037,Simulated unit 37,1972,-2.15657538820648,1.5069115556710724,37
SIM037,Simulated unit 37,1973,4.254543107396113,-2.15657538820648,37
SIM037,Simulated unit 37,1974,0.5822865246377567,4.254543107396113,37
SIM037,Simulated unit 37,1975,-1.982460299623272,0.5822865246377567,37
SIM037,Simulated unit 37,1976,-0.5067729434236221,-1.982460299623272,37
SIM037,Simulated unit 37,1977,0.22535899381366176,-0.5067729434236221,37
SIM037,Simulated unit 37,1978,-1.772304123041678,0.22535899381366176,37
SIM037,Simulated unit 37,1979,-1.1783021299643068,-1.772304123041678,37
SIM037,Simulated unit 37,1980,3.781145874971729,-1.1783021299643068,37
SIM037,Simulated unit 37,1981,0.6507066984876442,3.781145874971729,37
SIM037,Simulated unit 37,1982,-2.9905934340059286,0.6507066984876442,37
SIM037,Simulated unit 37,1983,1.8334248022958195,-2.9905934340059286,37
SIM037,Simulated unit 37,1984,3.376945617191602,1.8334248022958195,37
SIM037,Simulated unit 37,1985,0.9646115083689759,3.376945617191602,37
SIM037,Simulated unit 37,1986,-3.3677341433593684,0.9646115083689759,37
SIM037,Simulated unit 37,1987,-3.4545105553313107,-3.3677341433593684,37
SIM037,Simulated unit 37,1988,-1.4368196437466003,-3.4545105553313107,37
SIM037,Simulated unit 37,1989,3.434924483403497,-1.4368196437466003,37
SIM037,Simulated unit 37,1990,-0.24879123456687324,3.434924483403497,37
SIM037,Simulated unit 37,1991,0.3971656147254558,-0.24879123456687324,37
SIM037,Simulated unit 37,1992,3.0637333485199676,0.3971656147254558,37
SIM037,Simulated unit 37,1993,-4.505562011253781,3.0637333485199676,37
SIM037,Simulated unit 37,1994,1.1980212970644308,-4.505562011253781,37
SIM037,Simulated unit 37,1995,-2.028538938380654,1.1980212970644308,37
SIM037,Simulated unit 37,1996,0.5788631173424116,-2.028538938380654,37
SIM037,Simulated unit 37,1997,1.8873673192376792,0.5788631173424116,37
SIM037,Simulated unit 37,1998,5.186179565934142,1.8873673192376792,37
SIM037,Simulated unit 37,1999,5.5644808822411065,5.186179565934142,37
SIM037,Simulated unit 37,2000,-2.9931829458452786,5.5644808822411065,37
SIM037,Simulated unit 37,2001,-3.3502475089751416,-2.9931829458452786,37
SIM037,Simulated unit 37,2002,-0.7955331173252447,-3.3502475089751416,37
SIM037,Simulated unit 37,2003,-0.26225952875450764,-0.7955331173252447,37
SIM037,Simulated unit 37,2004,2.075476472017607,-0.26225952875450764,37
SIM037,Simulated unit 37,2005,4.41338555021968,2.075476472017607,37
SIM037,Simulated unit 37,2006,5.273386539420846,4.41338555021968,37
SIM037,Simulated unit 37,2007,3.321207095989112,5.273386539420846,37
SIM037,Simulated unit 37,2008,-2.746286775767974,3.321207095989112,37
SIM037,Simulated unit 37,2009,-2.214215812025236,-2.746286775767974,37
SIM037,Simulated unit 37,2010,0.7205749572017239,-2.214215812025236,37
SIM037,Simulated unit 37,2011,-2.0389967833303984,0.7205749572017239,37
SIM037,Simulated unit 37,2012,1.47042612036649,-2.0389967833303984,37
SIM037,Simulated unit 37,2013,4.4074355640218075,1.47042612036649,37
SIM037,Simulated unit 37,2014,3.8250622673006123,4.4074355640218075,37
SIM037,Simulated unit 37,2015,-6.09630223855682,3.8250622673006123,37
SIM037,Simulated unit 37,2016,-6.692046431269502,-6.09630223855682,37
SIM037,Simulated unit 37,2017,2.4433396169065436,-6.692046431269502,37
SIM037,Simulated unit 37,2018,0.6263903910587918,2.4433396169065436,37
SIM037,Simulated unit 37,2019,-4.776595434751713,0.6263903910587918,37
SIM038,Simulated unit 38,1961,4.263512073589509,5.705742164930817,38
SIM038,Simulated unit 38,1962,6.6729287110268825,4.263512073589509,38
SIM038,Simulated unit 38,1963,5.6346332522742255,6.6729287110268825,38
SIM038,Simulated unit 38,1964,5.556457360001041,5.6346332522742255,38
SIM038,Simulated unit 38,1965,5.222902159144175,5.556457360001041,38
SIM038,Simulated unit 38,1966,6.026206231249505,5.222902159144175,38
SIM038,Simulated unit 38,1967,11.248015084417998,6.026206231249505,38
SIM038,Simulated unit 38,1968,10.461828058528363,11.248015084417998,38
SIM038,Simulated unit 38,1969,2.3360788815804128,10.461828058528363,38
SIM038,Simulated unit 38,1970,3.541631874784958,2.3360788815804128,38
SIM038,Simulated unit 38,1971,6.3494214291806275,3.541631874784958,38
SIM038,Simulated unit 38,1972,8.217755277116813,6.3494214291806275,38
SIM038,Simulated unit 38,1973,4.450838217092789,8.217755277116813,38
SIM038,Simulated unit 38,1974,6.965336265820056,4.450838217092789,38
SIM038,Simulated unit 38,1975,7.762428958145649,6.965336265820056,38
SIM038,Simulated unit 38,1976,13.17500968579658,7.762428958145649,38
SIM038,Simulated unit 38,1977,6.455000602732413,13.17500968579658,38
SIM038,Simulated unit 38,1978,3.1507986324381725,6.455000602732413,38
SIM038,Simulated unit 38,1979,1.7721220340830417,3.1507986324381725,38
SIM038,Simulated unit 38,1980,0.3926067703334992,1.7721220340830417,38
SIM038,Simulated unit 38,1981,-1.6344981870907094,0.3926067703334992,38
SIM038,Simulated unit 38,1982,-8.468725429275656,-1.6344981870907094,38
SIM038,Simulated unit 38,1983,-5.585333678734796,-8.468725429275656,38
SIM038,Simulated unit 38,1984,-1.4431260281411642,-5.585333678734796,38
SIM038,Simulated unit 38,1985,-1.5455411534024304,-1.4431260281411642,38
SIM038,Simulated unit 38,1986,5.6788188585458705,-1.5455411534024304,38
SIM038,Simulated unit 38,1987,4.2474187532751095,5.6788188585458705,38
SIM038,Simulated unit 38,1988,7.221538417517472,4.2474187532751095,38
SIM038,Simulated unit 38,1989,5.917184288700388,7.221538417517472,38
SIM038,Simulated unit 38,1990,6.8295325029000065,5.917184288700388,38
SIM038,Simulated unit 38,1991,5.7354441635406905,6.8295325029000065,38
SIM038,Simulated unit 38,1992,8.347620393835102,5.7354441635406905,38
SIM038,Simulated unit 38,1993,5.976390286698264,8.347620393835102,38
SIM038,Simulated unit 38,1994,5.874196296285316,5.976390286698264,38
SIM038,Simulated unit 38,1995,5.423516578721321,5.874196296285316,38
SIM038,Simulated unit 38,1996,3.189253572850836,5.423516578721321,38
SIM038,Simulated unit 38,1997,3.9284991004845313,3.189253572850836,38
SIM038,Simulated unit 38,1998,9.860258198883766,3.9284991004845313,38
SIM038,Simulated unit 38,1999,5.904964093043933,9.860258198883766,38
SIM038,Simulated unit 38,2000,5.601373134386105,5.904964093043933,38
SIM038,Simulated unit 38,2001,7.934160733239991,5.601373134386105,38
SIM038,Simulated unit 38,2002,8.981256282776835,7.934160733239991,38
SIM038,Simulated unit 38,2003,6.223903022824197,8.981256282776835,38
SIM038,Simulated unit 38,2004,-2.6158242951775676,6.223903022824197,38
SIM038,Simulated unit 38,2005,0.7806138788388581,-2.6158242951775676,38
SIM038,Simulated unit 38,2006,-5.390054448565843,0.7806138788388581,38
SIM038,Simulated unit 38,2007,1.9757790236841872,-5.390054448565843,38
SIM038,Simulated unit 38,2008,2.493889027790294,1.9757790236841872,38
SIM038,Simulated unit 38,2009,5.295355476290143,2.493889027790294,38
SIM038,Simulated unit 38,2010,1.2708798712309326,5.295355476290143,38
SIM038,Simulated unit 38,2011,-3.0949944971616032,1.2708798712309326,38
SIM038,Simulated unit 38,2012,-0.2747335458734603,-3.0949944971616032,38
SIM038,Simulated unit 38,2013,0.534349552607498,-0.2747335458734603,38
SIM038,Simulated unit 38,2014,-0.35401274690699847,0.534349552607498,38
SIM038,Simulated unit 38,2015,0.8415761940540922,-0.35401274690699847,38
SIM038,Simulated unit 38,2016,9.607253392529234,0.8415761940540922,38
SIM038,Simulated unit 38,2017,9.067928677624714,9.607253392529234,38
SIM038,Simulated unit 38,2018,9.389253024164784,9.067928677624714,38
SIM038,Simulated unit 38,2019,8.965362489158936,9.389253024164784,38
SIM039,Simulated unit 39,1961,4.092816840231713,6.438386431556578,39
SIM039,Simulated unit 39,1962,-2.908593818886853,4.092816840231713,39
SIM039,Simulated unit 39,1963,-1.5109146903501411,-2.908593818886853,39
SIM039,Simulated unit 39,1964,2.328658315779421,-1.5109146903501411,39
SIM039,Simulated unit 39,1965,-0.7122061958775681,2.328658315779421,39
SIM039,Simulated unit 39,1966,-0.1564215689945318,-0.7122061958775681,39
SIM039,Simulated unit 39,1967,-1.3691621704036585,-0.1564215689945318,39
SIM039,Simulated unit 39,1968,4.484590453287196,-1.3691621704036585,39
SIM039,Simulated unit 39,1969,5.739125318192009,4.484590453287196,39
SIM039,Simulated unit 39,1970,6.198097052847082,5.739125318192009,39
SIM039,Simulated unit 39,1971,6.383662171071163,6.198097052847082,39
SIM039,Simulated unit 39,1972,4.518449544986317,6.383662171071163,39
SIM039,Simulated unit 39,1973,4.103738574574301,4.518449544986317,39
SIM039,Simulated unit 39,1974,-0.29331059685237193,4.103738574574301,39
SIM039,Simulated unit 39,1975,-5.9353122943631265,-0.29331059685237193,39
SIM039,Simulated unit 39,1976,-2.310943985582804,-5.9353122943631265,39
SIM039,Simulated unit 39,1977,0.38540437746675105,-2.310943985582804,39
SIM039,Simulated unit 39,1978,4.659036331756184,0.38540437746675105,39
SIM039,Simulated unit 39,1979,8.309429247300812,4.659036331756184,39
SIM039,Simulated unit 39,1980,10.495653003377328,8.309429247300812,39
SIM039,Simulated unit 39,1981,4.103321022144764,10.495653003377328,39
SIM039,Simulated unit 39,1982,2.20519750843755,4.103321022144764,39
SIM039,Simulated unit 39,1983,3.5641213927066686,2.20519750843755,39
SIM039,Simulated unit 39,1984,10.534186868850533,3.5641213927066686,39
SIM039,Simulated unit 39,1985,11.560809732452068,10.534186868850533,39
SIM039,Simulated unit 39,1986,11.094677325466382,11.560809732452068,39
SIM039,Simulated unit 39,1987,6.293442528631957,11.094677325466382,39
SIM039,Simulated unit 39,1988,1.9264666237138002,6.293442528631957,39
SIM039,Simulated unit 39,1989,4.322603624377999,1.9264666237138002,39
SIM039,Simulated unit 39,1990,0.09157838192371948,4.322603624377999,39
SIM039,Simulated unit 39,1991,0.13963797621332386,0.09157838192371948,39
SIM039,Simulated unit 39,1992,0.5394489387222265,0.13963797621332386,39
SIM039,Simulated unit 39,1993,5.902405630601759,0.5394489387222265,39
SIM039,Simulated unit 39,1994,3.2773514694820225,5.902405630601759,39
SIM039,Simulated unit 39,1995,-4.551338034028633,3.2773514694820225,39
SIM039,Simulated unit 39,1996,-0.4174688774297748,-4.551338034028633,39
SIM039,Simulated unit 39,1997,-1.5475468857696442,-0.4174688774297748,39
SIM039,Simulated unit 39,1998,-0.000635058148545975,-1.5475468857696442,39
SIM039,Simulated unit 39,1999,0.5395048625845016,-0.000635058148545975,39
SIM039,Simulated unit 39,2000,0.3025909300973961,0.5395048625845016,39
SIM039,Simulated unit 39,2001,3.3525763034125493,0.3025909300973961,39
SIM039,Simulated unit 39,2002,-1.7870488530105924,3.3525763034125493,39
SIM039,Simulated unit 39,2003,-1.823271986669436,-1.7870488530105924,39
SIM039,Simulated unit 39,2004,1.7581505473504824,-1.823271986669436,39
SIM039,Simulated unit 39,2005,0.012636002377184763,1.7581505473504824,39
SIM039,Simulated unit 39,2006,-4.018838526383604,0.012636002377184763,39
SIM039,Simulated unit 39,2007,0.3943629139400453,-4.018838526383604,39
SIM039,Simulated unit 39,2008,4.405901639688644,0.3943629139400453,39
SIM039,Simulated unit 39,2009,3.308555360884168,4.405901639688644,39
SIM039,Simulated unit 39,2010,-3.097403578878097,3.308555360884168,39
SIM039,Simulated unit 39,2011,1.0594670927695906,-3.097403578878097,39
SIM039,Simulated unit 39,2012,-3.5439833885973098,1.0594670927695906,39
SIM039,Simulated unit 39,2013,-0.39999220261388846,-3.5439833885973098,39
SIM039,Simulated unit 39,2014,-2.1023867957948124,-0.39999220261388846,39
SIM039,Simulated unit 39,2015,-3.940949934777783,-2.1023867957948124,39
SIM039,Simulated unit 39,2016,-2.8903000121057403,-3.940949934777783,39
SIM039,Simulated unit 39,2017,-1.4840726765452237,-2.8903000121057403,39
SIM039,Simulated unit 39,2018,-2.023068357086479,-1.4840726765452237,39
SIM039,Simulated unit 39,2019,1.3522688203935647,-2.023068357086479,39
SIM040,Simulated unit 40,1961,4.1376477337895645,0.6617918646234986,40
SIM040,Simulated unit 40,1962,4.126108137204177,4.1376477337895645,40
SIM040,Simulated unit 40,1963,1.1829932625335822,4.126108137204177,40
SIM040,Simulated unit 40,1964,-1.0880236939767083,1.1829932625335822,40
SIM040,Simulated unit 40,1965,-4.795303113528341,-1.0880236939767083,40
SIM040,Simulated unit 40,1966,-1.2049823345165374,-4.795303113528341,40
SIM040,Simulated unit 40,1967,-0.9867520424639967,-1.2049823345165374,40
SIM040,Simulated unit 40,1968,-6.9086378096689405,-0.9867520424639967,40
SIM040,Simulated unit 40,1969,-4.952327304109565,-6.9086378096689405,40
SIM040,Simulated unit 40,1970,-4.874498470230595,-4.952327304109565,40
SIM040,Simulated unit 40,1971,2.602333694373624,-4.874498470230595,40
SIM040,Simulated unit 40,1972,-2.746935619055755,2.602333694373624,40
SIM040,Simulated unit 40,1973,-5.172213770635614,-2.746935619055755,40
SIM040,Simulated unit 40,1974,1.0265806669357307,-5.172213770635614,40
SIM040,Simulated unit 40,1975,5.486237872553328,1.0265806669357307,40
SIM040,Simulated unit 40,1976,1.8567939073550725,5.486237872553328,40
SIM040,Simulated unit 40,1977,0.01781887598631071,1.8567939073550725,40
SIM040,Simulated unit 40,1978,2.659397515251725,0.01781887598631071,40
SIM040,Simulated unit 40,1979,-4.585660881684896,2.659397515251725,40
SIM040,Simulated unit 40,1980,-7.534977582527605,-4.585660881684896,40
SIM040,Simulated unit 40,1981,-4.563186752068699,-7.534977582527605,40
SIM040,Simulated unit 40,1982,2.7117596471461587,-4.563186752068699,40
SIM040,Simulated unit 40,1983,1.1198655237874766,2.7117596471461587,40
SIM040,Simulated unit 40,1984,1.7747296894779498,1.1198655237874766,40
SIM040,Simulated unit 40,1985,5.2662056313788055,1.7747296894779498,40
SIM040,Simulated unit 40,1986,10.28037757866172,5.2662056313788055,40
SIM040,Simulated unit 40,1987,5.2376811277520945,10.28037757866172,40
SIM040,Simulated unit 40,1988,3.8920985054509787,5.2376811277520945,40
SIM040,Simulated unit 40,1989,8.601424767299115,3.8920985054509787,40
SIM040,Simulated unit 40,1990,1.3942570348051833,8.601424767299115,40
SIM040,Simulated unit 40,1991,4.719297432544575,1.3942570348051833,40
SIM040,Simulated unit 40,1992,0.5766318624429703,4.719297432544575,40
SIM040,Simulated unit 40,1993,1.4533962187752523,0.5766318624429703,40
SIM040,Simulated unit 40,1994,0.9441805890643288,1.4533962187752523,40
SIM040,Simulated unit 40,1995,-1.5075264486650906,0.9441805890643288,40
SIM040,Simulated unit 40,1996,-3.0538216521738795,-1.5075264486650906,40
SIM040,Simulated unit 40,1997,-0.203049898543064,-3.0538216521738795,40
SIM040,Simulated unit 40,1998,3.664788045362208,-0.203049898543064,40
SIM040,Simulated unit 40,1999,2.6096642176518148,3.664788045362208,40
SIM040,Simulated unit 40,2000,2.576138006790738,2.6096642176518148,40
SIM040,Simulated unit 40,2001,4.059205002947584,2.576138006790738,40
SIM040,Simulated unit 40,2002,0.3206666827296707,4.059205002947584,40
SIM040,Simulated unit 40,2003,3.2114775348765714,0.3206666827296707,40
SIM040,Simulated unit 40,2004,5.184915812105183,3.2114775348765714,40
SIM040,Simulated unit 40,2005,11.72182838351434,5.184915812105183,40
SIM040,Simulated unit 40,2006,6.704784458429858,11.72182838351434,40
SIM040,Simulated unit 40,2007,3.4486252700535314,6.704784458429858,40
SIM040,Simulated unit 40,2008,5.176072776753355,3.4486252700535314,40
SIM040,Simulated unit 40,2009,6.362956172788428,5.176072776753355,40
SIM040,Simulated unit 40,2010,3.0125122435429206,6.362956172788428,40
SIM040,Simulated unit 40,2011,1.3980193153356055,3.0125122435429206,40
SIM040,Simulated unit 40,2012,3.2622041038554848,1.3980193153356055,40
SIM040,Simulated unit 40,2013,0.2745697401093068,3.2622041038554848,40
SIM040,Simulated unit 40,2014,-0.26686011997946046,0.2745697401093068,40
SIM040,Simulated unit 40,2015,0.9086622301176277,-0.26686011997946046,40
SIM040,Simulated unit 40,2016,4.333013392537351,0.9086622301176277,40
SIM040,Simulated unit 40,2017,1.5860121869837887,4.333013392537351,40
SIM040,Simulated unit 40,2018,-3.7755460739017423,1.5860121869837887,40
SIM040,Simulated unit 40,2019,-7.215120046895678,-3.7755460739017423,40
SIM041,Simulated unit 41,1961,-4.206446674670852,-1.7782392001184002,41
SIM041,Simulated unit 41,1962,-2.187700280662238,-4.206446674670852,41
SIM041,Simulated unit 41,1963,-4.079260629190157,-2.187700280662238,41
SIM041,Simulated unit 41,1964,-3.7558212569777067,-4.079260629190157,41
SIM041,Simulated unit 41,1965,-3.7757504091327734,-3.7558212569777067,41
SIM041,Simulated unit 41,1966,-2.786973828023644,-3.7757504091327734,41
SIM041,Simulated unit 41,1967,3.095328697755181,-2.786973828023644,41
SIM041,Simulated unit 41,1968,4.643039986944658,3.095328697755181,41
SIM041,Simulated unit 41,1969,3.634212237994807,4.643039986944658,41
SIM041,Simulated unit 41,1970,1.5974485010543702,3.634212237994807,41
SIM041,Simulated unit 41,1971,0.45877113076355847,1.5974485010543702,41
SIM041,Simulated unit 41,1972,2.0585020883139835,0.45877113076355847,41
SIM041,Simulated unit 41,1973,3.787608473045261,2.0585020883139835,41
SIM041,Simulated unit 41,1974,0.3497125655253557,3.787608473045261,41
SIM041,Simulated unit 41,1975,1.1192698061579078,0.3497125655253557,41
SIM041,Simulated unit 41,1976,-4.623296822294336,1.1192698061579078,41
SIM041,Simulated unit 41,1977,-1.33883674086481,-4.623296822294336,41
SIM041,Simulated unit 41,1978,2.283145681357172,-1.33883674086481,41
SIM041,Simulated unit 41,1979,1.3296815281716772,2.283145681357172,41
SIM041,Simulated unit 41,1980,7.047389905323323,1.3296815281716772,41
SIM041,Simulated unit 41,1981,2.3847186008858428,7.047389905323323,41
SIM041,Simulated unit 41,1982,2.8831524064412895,2.3847186008858428,41
SIM041,Simulated unit 41,1983,2.422417203866907,2.8831524064412895,41
SIM041,Simulated unit 41,1984,1.9525573199899193,2.422417203866907,41
SIM041,Simulated unit 41,1985,1.6285678879797088,1.9525573199899193,41
SIM041,Simulated unit 41,1986,2.0984558228162404,1.6285678879797088,41
SIM041,Simulated unit 41,1987,4.602949724080844,2.0984558228162404,41
SIM041,Simulated unit 41,1988,7.69497854327274,4.602949724080844,41
SIM041,Simulated unit 41,1989,5.410236392451171,7.69497854327274,41
SIM041,Simulated unit 41,1990,6.492090051985603,5.410236392451171,41
SIM041,Simulated unit 41,1991,2.589953192391014,6.492090051985603,41
SIM041,Simulated unit 41,1992,4.651838273613308,2.589953192391014,41
SIM041,Simulated unit 41,1993,1.3051283926870139,4.651838273613308,41
SIM041,Simulated unit 41,1994,4.855056843876605,1.3051283926870139,41
SIM041,Simulated unit 41,1995,10.344956738505683,4.855056843876605,41
SIM041,Simulated unit 41,1996,6.640722379189234,10.344956738505683,41
SIM041,Simulated unit 41,1997,-1.7931970449086858,6.640722379189234,41
SIM041,Simulated unit 41,1998,-1.9201370266796802,-1.7931970449086858,41
SIM041,Simulated unit 41,1999,3.343543186860102,-1.9201370266796802,41
SIM041,Simulated unit 41,2000,4.465356273191796,3.343543186860102,41
SIM041,Simulated unit 41,2001,4.225954559940166,4.465356273191796,41
SIM041,Simulated unit 41,2002,6.361577803828617,4.225954559940166,41
SIM041,Simulated unit 41,2003,6.070307000042435,6.361577803828617,41
SIM041,Simulated unit 41,2004,8.09535976237887,6.070307000042435,41
SIM041,Simulated unit 41,2005,8.415486887368278,8.09535976237887,41
SIM041,Simulated unit 41,2006,10.414393490631843,8.415486887368278,41
SIM041,Simulated unit 41,2007,8.125024346097868,10.414393490631843,41
SIM041,Simulated unit 41,2008,8.390792812140585,8.125024346097868,41
SIM041,Simulated unit 41,2009,4.913094468026994,8.390792812140585,41
SIM041,Simulated unit 41,2010,1.9434742461391792,4.913094468026994,41
SIM041,Simulated unit 41,2011,7.086387468940428,1.9434742461391792,41
SIM041,Simulated unit 41,2012,5.70044651033232,7.086387468940428,41
SIM041,Simulated unit 41,2013,6.634909603786529,5.70044651033232,41
SIM041,Simulated unit 41,2014,5.152165805506087,6.634909603786529,41
SIM041,Simulated unit 41,2015,2.1317525305437597,5.152165805506087,41
SIM041,Simulated unit 41,2016,2.11200019607346,2.1317525305437597,41
SIM041,Simulated unit 41,2017,6.375182170947218,2.11200019607346,41
SIM041,Simulated unit 41,2018,6.290829525406602,6.375182170947218,41
SIM041,Simulated unit 41,2019,-0.5599217639474166,6.290829525406602,41
SIM042,Simulated unit 42,1961,6.959441356277058,1.3542666302715358,42
SIM042,Simulated unit 42,1962,4.3342742282163655,6.959441356277058,42
SIM042,Simulated unit 42,1963,-2.0008715382727225,4.3342742282163655,42
SIM042,Simulated unit 42,1964,5.278623733303998,-2.0008715382727225,42
SIM042,Simulated unit 42,1965,6.014351769420776,5.278623733303998,42
SIM042,Simulated unit 42,1966,4.198572485214065,6.014351769420776,42
SIM042,Simulated unit 42,1967,2.204890282882233,4.198572485214065,42
SIM042,Simulated unit 42,1968,5.369989959104546,2.204890282882233,42
SIM042,Simulated unit 42,1969,2.3960437747841503,5.369989959104546,42
SIM042,Simulated unit 42,1970,5.682395538418454,2.3960437747841503,42
SIM042,Simulated unit 42,1971,5.83602318022384,5.682395538418454,42
SIM042,Simulated unit 42,1972,5.035659684596354,5.83602318022384,42
SIM042,Simulated unit 42,1973,4.257940226764598,5.035659684596354,42
SIM042,Simulated unit 42,1974,2.829860025916224,4.257940226764598,42
SIM042,Simulated unit 42,1975,5.634836376177532,2.829860025916224,42
SIM042,Simulated unit 42,1976,1.5848733294010162,5.634836376177532,42
SIM042,Simulated unit 42,1977,-3.114851382850018,1.5848733294010162,42
SIM042,Simulated unit 42,1978,0.7744095389674133,-3.114851382850018,42
SIM042,Simulated unit 42,1979,3.158360707581891,0.7744095389674133,42
SIM042,Simulated unit 42,1980,4.135739882084435,3.158360707581891,42
SIM042,Simulated unit 42,1981,4.5046290381047775,4.135739882084435,42
SIM042,Simulated unit 42,1982,2.5411562878502227,4.5046290381047775,42
SIM042,Simulated unit 42,1983,4.687141885866709,2.5411562878502227,42
SIM042,Simulated unit 42,1984,3.4756107512564034,4.687141885866709,42
SIM042,Simulated unit 42,1985,1.4240257683083075,3.4756107512564034,42
SIM042,Simulated unit 42,1986,0.7187415242187849,1.4240257683083075,42
SIM042,Simulated unit 42,1987,7.293164010858767,0.7187415242187849,42
SIM042,Simulated unit 42,1988,-0.029029839621038,7.293164010858767,42
SIM042,Simulated unit 42,1989,2.2819464091147736,-0.029029839621038,42
SIM042,Simulated unit 42,1990,-2.8681634374022873,2.2819464091147736,42
SIM042,Simulated unit 42,1991,-1.245598077410292,-2.8681634374022873,42
SIM042,Simulated unit 42,1992,-1.2482413019087382,-1.245598077410292,42
SIM042,Simulated unit 42,1993,-6.204029671184876,-1.2482413019087382,42
SIM042,Simulated unit 42,1994,-1.7553050314096366,-6.204029671184876,42
SIM042,Simulated unit 42,1995,-1.3932972054223693,-1.7553050314096366,42
SIM042,Simulated unit 42,1996,-6.333597350937153,-1.3932972054223693,42
SIM042,Simulated unit 42,1997,-0.4814541382395352,-6.333597350937153,42
SIM042,Simulated unit 42,1998,4.816146051023083,-0.4814541382395352,42
SIM042,Simulated unit 42,1999,8.160060657503566,4.816146051023083,42
SIM042,Simulated unit 42,2000,6.7729057164565525,8.160060657503566,42
SIM042,Simulated unit 42,2001,5.001917845605278,6.7729057164565525,42
SIM042,Simulated unit 42,2002,7.785620570050558,5.001917845605278,42
SIM042,Simulated unit 42,2003,10.518523098050629,7.785620570050558,42
SIM042,Simulated unit 42,2004,10.511819967457253,10.518523098050629,42
SIM042,Simulated unit 42,2005,4.282479173784948,10.511819967457253,42
SIM042,Simulated unit 42,2006,3.973522063915734,4.282479173784948,42
SIM042,Simulated unit 42,2007,4.502661671223726,3.973522063915734,42
SIM042,Simulated unit 42,2008,-1.9272539040174523,4.502661671223726,42
SIM042,Simulated unit 42,2009,1.0517296364518511,-1.9272539040174523,42
SIM042,Simulated unit 42,2010,8.250013259809279,1.0517296364518511,42
SIM042,Simulated unit 42,2011,7.669816453287941,8.250013259809279,42
SIM042,Simulated unit 42,2012,9.822129116298033,7.669816453287941,42
SIM042,Simulated unit 42,2013,7.2420216601649345,9.822129116298033,42
SIM042,Simulated unit 42,2014,4.925558024147496,7.2420216601649345,42
SIM042,Simulated unit 42,2015,4.899148984731424,4.925558024147496,42
SIM042,Simulated unit 42,2016,1.2920094468855567,4.899148984731424,42
SIM042,Simulated unit 42,2017,-1.3161198935718317,1.2920094468855567,42
SIM042,Simulated unit 42,2018,3.809241735364998,-1.3161198935718317,42
SIM042,Simulated unit 42,2019,7.202572069818554,3.809241735364998,42
SIM043,Simulated unit 43,1961,3.1200050456043624,-0.9733189467620513,43
SIM043,Simulated unit 43,1962,2.4111231005445544,3.1200050456043624,43
SIM043,Simulated unit 43,1963,3.2660995837980247,2.4111231005445544,43
SIM043,Simulated unit 43,1964,4.140315668584005,3.2660995837980247,43
SIM043,Simulated unit 43,1965,6.267240805523358,4.140315668584005,43
SIM043,Simulated unit 43,1966,4.808499088903582,6.267240805523358,43
SIM043,Simulated unit 43,1967,7.915585439247957,4.808499088903582,43
SIM043,Simulated unit 43,1968,6.477589782828548,7.915585439247957,43
SIM043,Simulated unit 43,1969,6.559106687105726,6.477589782828548,43
SIM043,Simulated unit 43,1970,2.2356762376516954,6.559106687105726,43
SIM043,Simulated unit 43,1971,8.617382774705519,2.2356762376516954,43
SIM043,Simulated unit 43,1972,7.37990443443821,8.617382774705519,43
SIM043,Simulated unit 43,1973,7.3669349366982235,7.37990443443821,43
SIM043,Simulated unit 43,1974,0.3956035283843091,7.3669349366982235,43
SIM043,Simulated unit 43,1975,-1.4307439522067176,0.3956035283843091,43
SIM043,Simulated unit 43,1976,3.655204692432161,-1.4307439522067176,43
SIM043,Simulated unit 43,1977,3.85379617033711,3.655204692432161,43
SIM043,Simulated unit 43,1978,-2.629061502284512,3.85379617033711,43
SIM043,Simulated unit 43,1979,2.33743288558075,-2.629061502284512,43
SIM043,Simulated unit 43,1980,0.5711113182902796,2.33743288558075,43
SIM043,Simulated unit 43,1981,5.376617748604303,0.5711113182902796,43
SIM043,Simulated unit 43,1982,3.7624636133514833,5.376617748604303,43
SIM043,Simulated unit 43,1983,3.67159822607248,3.7624636133514833,43
SIM043,Simulated unit 43,1984,6.539822671418434,3.67159822607248,43
SIM043,Simulated unit 43,1985,2.031414690287073,6.539822671418434,43
SIM043,Simulated unit 43,1986,-0.9596916093295755,2.031414690287073,43
SIM043,Simulated unit 43,1987,-0.36531022679206726,-0.9596916093295755,43
SIM043,Simulated unit 43,1988,3.062332262788426,-0.36531022679206726,43
SIM043,Simulated unit 43,1989,-1.355232400167416,3.062332262788426,43
SIM043,Simulated unit 43,1990,-5.017243239767739,-1.355232400167416,43
SIM043,Simulated unit 43,1991,0.2608168372707338,-5.017243239767739,43
SIM043,Simulated unit 43,1992,-0.852444835338571,0.2608168372707338,43
SIM043,Simulated unit 43,1993,-0.8881449399639918,-0.852444835338571,43
SIM043,Simulated unit 43,1994,-5.303318169798892,-0.8881449399639918,43
SIM043,Simulated unit 43,1995,-4.418928844935281,-5.303318169798892,43
SIM043,Simulated unit 43,1996,-1.8740591968546203,-4.418928844935281,43
SIM043,Simulated unit 43,1997,2.4666980547559043,-1.8740591968546203,43
SIM043,Simulated unit 43,1998,-0.033671665850373955,2.4666980547559043,43
SIM043,Simulated unit 43,1999,5.751925361187265,-0.033671665850373955,43
SIM043,Simulated unit 43,2000,2.197487144172957,5.751925361187265,43
SIM043,Simulated unit 43,2001,0.06921688174825036,2.197487144172957,43
SIM043,Simulated unit 43,2002,5.4536027847423565,0.06921688174825036,43
SIM043,Simulated unit 43,2003,4.7065421279371655,5.4536027847423565,43
SIM043,Simulated unit 43,2004,1.9678510897275694,4.7065421279371655,43
SIM043,Simulated unit 43,2005,1.5153112602947614,1.9678510897275694,43
SIM043,Simulated unit 43,2006,5.768407488803035,1.5153112602947614,43
SIM043,Simulated unit 43,2007,8.659652952158865,5.768407488803035,43
SIM043,Simulated unit 43,2008,3.545412233484551,8.659652952158865,43
SIM043,Simulated unit 43,2009,2.7999459098534056,3.545412233484551,43
SIM043,Simulated unit 43,2010,2.7504380289147625,2.7999459098534056,43
SIM043,Simulated unit 43,2011,-0.5084575142009351,2.7504380289147625,43
SIM043,Simulated unit 43,2012,0.32787033352945605,-0.5084575142009351,43
SIM043,Simulated unit 43,2013,1.012690781472775,0.32787033352945605,43
SIM043,Simulated unit 43,2014,4.828242905693871,1.012690781472775,43
SIM043,Simulated unit 43,2015,7.319220828349925,4.828242905693871,43
SIM043,Simulated unit 43,2016,4.203904301932931,7.319220828349925,43
SIM043,Simulated unit 43,2017,2.6804831495773236,4.203904301932931,43
SIM043,Simulated unit 43,2018,4.401166795913301,2.6804831495773236,43
SIM043,Simulated unit 43,2019,1.6851347307669466,4.401166795913301,43
SIM044,Simulated unit 44,1961,2.79583281101968,3.765920455212208,44
SIM044,Simulated unit 44,1962,-0.43069604660405414,2.79583281101968,44
SIM044,Simulated unit 44,1963,-2.328927766601372,-0.43069604660405414,44
SIM044,Simulated unit 44,1964,3.7438194281324826,-2.328927766601372,44
SIM044,Simulated unit 44,1965,2.577027219449594,3.7438194281324826,44
SIM044,Simulated unit 44,1966,7.26727861336469,2.577027219449594,44
SIM044,Simulated unit 44,1967,3.6194583858740836,7.26727861336469,44
SIM044,Simulated unit 44,1968,3.84529063491893,3.6194583858740836,44
SIM044,Simulated unit 44,1969,10.285204550006082,3.84529063491893,44
SIM044,Simulated unit 44,1970,3.7989624960138113,10.285204550006082,44
SIM044,Simulated unit 44,1971,-2.6140660020910422,3.7989624960138113,44
SIM044,Simulated unit 44,1972,3.0913307926070743,-2.6140660020910422,44
SIM044,Simulated unit 44,1973,0.17437115938502368,3.0913307926070743,44
SIM044,Simulated unit 44,1974,0.842503603312313,0.17437115938502368,44
SIM044,Simulated unit 44,1975,-0.45225246936736685,0.842503603312313,44
SIM044,Simulated unit 44,1976,1.3331368612455283,-0.45225246936736685,44
SIM044,Simulated unit 44,1977,-1.2517265048099095,1.3331368612455283,44
SIM044,Simulated unit 44,1978,-0.49085616653586395,-1.2517265048099095,44
SIM044,Simulated unit 44,1979,1.8549322797480843,-0.49085616653586395,44
SIM044,Simulated unit 44,1980,-1.1119672909739353,1.8549322797480843,44
SIM044,Simulated unit 44,1981,-1.967432463522028,-1.1119672909739353,44
SIM044,Simulated unit 44,1982,-1.422607978908812,-1.967432463522028,44
SIM044,Simulated unit 44,1983,-4.340011090024122,-1.422607978908812,44
SIM044,Simulated unit 44,1984,-3.0716896024107125,-4.340011090024122,44
SIM044,Simulated unit 44,1985,-0.6866241417377219,-3.0716896024107125,44
SIM044,Simulated unit 44,1986,-0.8106213098079186,-0.6866241417377219,44
SIM044,Simulated unit 44,1987,-0.5005022646799246,-0.8106213098079186,44
SIM044,Simulated unit 44,1988,0.4399936284722892,-0.5005022646799246,44
SIM044,Simulated unit 44,1989,-0.9032342102135684,0.4399936284722892,44
SIM044,Simulated unit 44,1990,2.3312471714724903,-0.9032342102135684,44
SIM044,Simulated unit 44,1991,6.506682677288822,2.3312471714724903,44
SIM044,Simulated unit 44,1992,3.3108684297869475,6.506682677288822,44
SIM044,Simulated unit 44,1993,4.24211575230529,3.3108684297869475,44
SIM044,Simulated unit 44,1994,2.6264179850792337,4.24211575230529,44
SIM044,Simulated unit 44,1995,3.472312826163054,2.6264179850792337,44
SIM044,Simulated unit 44,1996,7.580726289307595,3.472312826163054,44
SIM044,Simulated unit 44,1997,6.874414402638854,7.580726289307595,44
SIM044,Simulated unit 44,1998,-0.39559497484573036,6.874414402638854,44
SIM044,Simulated unit 44,1999,1.9246299094334387,-0.39559497484573036,44
SIM044,Simulated unit 44,2000,5.653369175587091,1.9246299094334387,44
SIM044,Simulated unit 44,2001,3.527232995357947,5.653369175587091,44
SIM044,Simulated unit 44,2002,5.9032442155682645,3.527232995357947,44
SIM044,Simulated unit 44,2003,2.271599905885121,5.9032442155682645,44
SIM044,Simulated unit 44,2004,-2.2936575350357487,2.271599905885121,44
SIM044,Simulated unit 44,2005,-0.15268746452352872,-2.2936575350357487,44
SIM044,Simulated unit 44,2006,-4.561042640953059,-0.15268746452352872,44
SIM044,Simulated unit 44,2007,-2.6559386232526108,-4.561042640953059,44
SIM044,Simulated unit 44,2008,3.0669636139849428,-2.6559386232526108,44
SIM044,Simulated unit 44,2009,-3.089110548847877,3.0669636139849428,44
SIM044,Simulated unit 44,2010,-4.8919567170504195,-3.089110548847877,44
SIM044,Simulated unit 44,2011,-5.231270765714984,-4.8919567170504195,44
SIM044,Simulated unit 44,2012,-2.52872203856187,-5.231270765714984,44
SIM044,Simulated unit 44,2013,-1.8143835800757495,-2.52872203856187,44
SIM044,Simulated unit 44,2014,3.908778997042812,-1.8143835800757495,44
SIM044,Simulated unit 44,2015,6.00831238550078,3.908778997042812,44
SIM044,Simulated unit 44,2016,5.890806269506261,6.00831238550078,44
SIM044,Simulated unit 44,2017,4.771374704735411,5.890806269506261,44
SIM044,Simulated unit 44,2018,4.842514153795728,4.771374704735411,44
SIM044,Simulated unit 44,2019,1.1195614263373117,4.842514153795728,44
SIM045,Simulated unit 45,1961,0.2068458733242995,4.571631060669837,45
SIM045,Simulated unit 45,1962,3.430238505701272,0.2068458733242995,45
SIM045,Simulated unit 45,1963,6.416570609777256,3.430238505701272,45
SIM045,Simulated unit 45,1964,5.282536172130615,6.416570609777256,45
SIM045,Simulated unit 45,1965,3.440882526392442,5.282536172130615,45
SIM045,Simulated unit 45,1966,4.0654592407644845,3.440882526392442,45
SIM045,Simulated unit 45,1967,-5.345279565843329,4.0654592407644845,45
SIM045,Simulated unit 45,1968,-1.5003930840496134,-5.345279565843329,45
SIM045,Simulated unit 45,1969,-0.44029784394918897,-1.5003930840496134,45
SIM045,Simulated unit 45,1970,0.38393695445951365,-0.44029784394918897,45
SIM045,Simulated unit 45,1971,3.1499597113691906,0.38393695445951365,45
SIM045,Simulated unit 45,1972,2.465669062127331,3.1499597113691906,45
SIM045,Simulated unit 45,1973,-1.1412191326770755,2.465669062127331,45
SIM045,Simulated unit 45,1974,-0.30893949208237936,-1.1412191326770755,45
SIM045,Simulated unit 45,1975,0.8173027569930458,-0.30893949208237936,45
SIM045,Simulated unit 45,1976,1.6351833889388656,0.8173027569930458,45
SIM045,Simulated unit 45,1977,2.2668681352185236,1.6351833889388656,45
SIM045,Simulated unit 45,1978,5.278228015886774,2.2668681352185236,45
SIM045,Simulated unit 45,1979,0.7088331504296215,5.278228015886774,45
SIM045,Simulated unit 45,1980,1.7524012587523228,0.7088331504296215,45
SIM045,Simulated unit 45,1981,5.721229851106116,1.7524012587523228,45
SIM045,Simulated unit 45,1982,-0.9710965801479157,5.721229851106116,45
SIM045,Simulated unit 45,1983,0.7562820942514114,-0.9710965801479157,45
SIM045,Simulated unit 45,1984,-0.5023662493682832,0.7562820942514114,45
SIM045,Simulated unit 45,1985,-0.6135509030402846,-0.5023662493682832,45
SIM045,Simulated unit 45,1986,-2.282553051467437,-0.6135509030402846,45
SIM045,Simulated unit 45,1987,-1.0781839779817943,-2.282553051467437,45
SIM045,Simulated unit 45,1988,5.676856456491636,-1.0781839779817943,45
SIM045,Simulated unit 45,1989,0.41282279036334035,5.676856456491636,45
SIM045,Simulated unit 45,1990,-2.461136333218478,0.41282279036334035,45
SIM045,Simulated unit 45,1991,-4.5824855104216,-2.461136333218478,45
SIM045,Simulated unit 45,1992,3.232763553631343,-4.5824855104216,45
SIM045,Simulated unit 45,1993,1.3526390156149448,3.232763553631343,45
SIM045,Simulated unit 45,1994,1.5346662283259442,1.3526390156149448,45
SIM045,Simulated unit 45,1995,0.5124509136768476,1.5346662283259442,45
SIM045,Simulated unit 45,1996,-1.7257980870031657,0.5124509136768476,45
SIM045,Simulated unit 45,1997,-0.9409307920452056,-1.7257980870031657,45
SIM045,Simulated unit 45,1998,7.610172341982556,-0.9409307920452056,45
SIM045,Simulated unit 45,1999,9.542316168112297,7.610172341982556,45
SIM045,Simulated unit 45,2000,3.9665762474905613,9.542316168112297,45
SIM045,Simulated unit 45,2001,5.122668057679394,3.9665762474905613,45
SIM045,Simulated unit 45,2002,1.3790325166085067,5.122668057679394,45
SIM045,Simulated unit 45,2003,-3.7016834065735584,1.3790325166085067,45
SIM045,Simulated unit 45,2004,1.6375227090497535,-3.7016834065735584,45
SIM045,Simulated unit 45,2005,5.262792165360505,1.6375227090497535,45
SIM045,Simulated unit 45,2006,7.095832052360001,5.262792165360505,45
SIM045,Simulated unit 45,2007,3.6479034837572817,7.095832052360001,45
SIM045,Simulated unit 45,2008,2.48841488824841,3.6479034837572817,45
SIM045,Simulated unit 45,2009,4.542345593923415,2.48841488824841,45
SIM045,Simulated unit 45,2010,4.6998954683983705,4.542345593923415,45
SIM045,Simulated unit 45,2011,2.4390248671478894,4.6998954683983705,45
SIM045,Simulated unit 45,2012,-2.5938005400657604,2.4390248671478894,45
SIM045,Simulated unit 45,2013,-0.4146547416134194,-2.5938005400657604,45
SIM045,Simulated unit 45,2014,3.7882360727402884,-0.4146547416134194,45
SIM045,Simulated unit 45,2015,-0.5198232234582987,3.7882360727402884,45
SIM045,Simulated unit 45,2016,2.404384210952952,-0.5198232234582987,45
SIM045,Simulated unit 45,2017,3.237255611972849,2.404384210952952,45
SIM045,Simulated unit 45,2018,4.992798156880711,3.237255611972849,45
SIM045,Simulated unit 45,2019,6.4116053932854475,4.992798156880711,45
SIM046,Simulated unit 46,1961,-4.100915635960474,-0.08339572577605914,46
SIM046,Simulated unit 46,1962,-3.261107958624922,-4.100915635960474,46
SIM046,Simulated unit 46,1963,1.5107171774060688,-3.261107958624922,46
SIM046,Simulated unit 46,1964,0.08041859586572819,1.5107171774060688,46
SIM046,Simulated unit 46,1965,-1.2338788140534889,0.08041859586572819,46
SIM046,Simulated unit 46,1966,-5.404378314206008,-1.2338788140534889,46
SIM046,Simulated unit 46,1967,2.815315675129212,-5.404378314206008,46
SIM046,Simulated unit 46,1968,4.9663303293534575,2.815315675129212,46
SIM046,Simulated unit 46,1969,6.0894861414363675,4.9663303293534575,46
SIM046,Simulated unit 46,1970,7.356867845200242,6.0894861414363675,46
SIM046,Simulated unit 46,1971,6.94424579175035,7.356867845200242,46
SIM046,Simulated unit 46,1972,4.233560909511623,6.94424579175035,46
SIM046,Simulated unit 46,1973,2.848844233340369,4.233560909511623,46
SIM046,Simulated unit 46,1974,1.2266134462278468,2.848844233340369,46
SIM046,Simulated unit 46,1975,9.440190330981707,1.2266134462278468,46
SIM046,Simulated unit 46,1976,8.131850292487352,9.440190330981707,46
SIM046,Simulated unit 46,1977,4.287708851438107,8.131850292487352,46
SIM046,Simulated unit 46,1978,4.769115633361704,4.287708851438107,46
SIM046,Simulated unit 46,1979,0.6288626264480701,4.769115633361704,46
SIM046,Simulated unit 46,1980,5.690837731636523,0.6288626264480701,46
SIM046,Simulated unit 46,1981,2.231295351560494,5.690837731636523,46
SIM046,Simulated unit 46,1982,3.6420335088036935,2.231295351560494,46
SIM046,Simulated unit 46,1983,6.1831529945116195,3.6420335088036935,46
SIM046,Simulated unit 46,1984,5.664197429321949,6.1831529945116195,46
SIM046,Simulated unit 46,1985,4.481928433052084,5.664197429321949,46
SIM046,Simulated unit 46,1986,3.5215633143992964,4.481928433052084,46
SIM046,Simulated unit 46,1987,2.743614697978256,3.5215633143992964,46
SIM046,Simulated unit 46,1988,0.7160733520044473,2.743614697978256,46
SIM046,Simulated unit 46,1989,-0.11880627810644429,0.7160733520044473,46
SIM046,Simulated unit 46,1990,5.167487354088939,-0.11880627810644429,46
SIM046,Simulated unit 46,1991,3.5748825143978937,5.167487354088939,46
SIM046,Simulated unit 46,1992,0.5875407004904174,3.5748825143978937,46
SIM046,Simulated unit 46,1993,-0.3963683702902754,0.5875407004904174,46
SIM046,Simulated unit 46,1994,3.8632910199175043,-0.3963683702902754,46
SIM046,Simulated unit 46,1995,5.144794511443939,3.8632910199175043,46
SIM046,Simulated unit 46,1996,5.567864241563134,5.144794511443939,46
SIM046,Simulated unit 46,1997,3.368154948208506,5.567864241563134,46
SIM046,Simulated unit 46,1998,4.540980379443939,3.368154948208506,46
SIM046,Simulated unit 46,1999,1.5939048528144197,4.540980379443939,46
SIM046,Simulated unit 46,2000,0.9775008176513281,1.5939048528144197,46
SIM046,Simulated unit 46,2001,4.295913952766033,0.9775008176513281,46
SIM046,Simulated unit 46,2002,6.000381408416812,4.295913952766033,46
SIM046,Simulated unit 46,2003,1.4544993071976773,6.000381408416812,46
SIM046,Simulated unit 46,2004,-0.8938797744071207,1.4544993071976773,46
SIM046,Simulated unit 46,2005,0.5897785937959567,-0.8938797744071207,46
SIM046,Simulated unit 46,2006,6.332264280286104,0.5897785937959567,46
SIM046,Simulated unit 46,2007,-1.1473369252353205,6.332264280286104,46
SIM046,Simulated unit 46,2008,0.9465966635703205,-1.1473369252353205,46
SIM046,Simulated unit 46,2009,-2.7601719965772515,0.9465966635703205,46
SIM046,Simulated unit 46,2010,-2.7590961785229875,-2.7601719965772515,46
SIM046,Simulated unit 46,2011,-1.9487429613065166,-2.7590961785229875,46
SIM046,Simulated unit 46,2012,-1.6307708070945828,-1.9487429613065166,46
SIM046,Simulated unit 46,2013,-1.779850303234375,-1.6307708070945828,46
SIM046,Simulated unit 46,2014,-0.24628900081151442,-1.779850303234375,46
SIM046,Simulated unit 46,2015,-0.9535401003786439,-0.24628900081151442,46
SIM046,Simulated unit 46,2016,-4.159496214789645,-0.9535401003786439,46
SIM046,Simulated unit 46,2017,0.643911108694543,-4.159496214789645,46
SIM046,Simulated unit 46,2018,3.444963166663367,0.643911108694543,46
SIM046,Simulated unit 46,2019,5.396500830066027,3.444963166663367,46
SIM047,Simulated unit 47,1961,0.12343236447710515,-2.6222034887922456,47
SIM047,Simulated unit 47,1962,2.9019959861070337,0.12343236447710515,47
SIM047,Simulated unit 47,1963,-0.552408613654535,2.9019959861070337,47
SIM047,Simulated unit 47,1964,0.49607457635366653,-0.552408613654535,47
SIM047,Simulated unit 47,1965,0.7488448098811026,0.49607457635366653,47
SIM047,Simulated unit 47,1966,6.775758861633453,0.7488448098811026,47
SIM047,Simulated unit 47,1967,10.63894342801779,6.775758861633453,47
SIM047,Simulated unit 47,1968,2.190296876820071,10.63894342801779,47
SIM047,Simulated unit 47,1969,9.59595914327601,2.190296876820071,47
SIM047,Simulated unit 47,1970,3.811898322505634,9.59595914327601,47
SIM047,Simulated unit 47,1971,6.029158876485658,3.811898322505634,47
SIM047,Simulated unit 47,1972,7.328989268482587,6.029158876485658,47
SIM047,Simulated unit 47,1973,2.2103228805641315,7.328989268482587,47
SIM047,Simulated unit 47,1974,3.6059971098557764,2.2103228805641315,47
SIM047,Simulated unit 47,1975,2.6409970331152737,3.6059971098557764,47
SIM047,Simulated unit 47,1976,4.047588233766336,2.6409970331152737,47
SIM047,Simulated unit 47,1977,3.920569847401679,4.047588233766336,47
SIM047,Simulated unit 47,1978,6.741360364551748,3.920569847401679,47
SIM047,Simulated unit 47,1979,5.071014848169235,6.741360364551748,47
SIM047,Simulated unit 47,1980,3.3389867006226073,5.071014848169235,47
SIM047,Simulated unit 47,1981,6.091584719545105,3.3389867006226073,47
SIM047,Simulated unit 47,1982,6.196138726302873,6.091584719545105,47
SIM047,Simulated unit 47,1983,6.713123418744388,6.196138726302873,47
SIM047,Simulated unit 47,1984,2.8341140344708418,6.713123418744388,47
SIM047,Simulated unit 47,1985,-0.6353199235129172,2.8341140344708418,47
SIM047,Simulated unit 47,1986,-1.2843583838658548,-0.6353199235129172,47
SIM047,Simulated unit 47,1987,-1.8330791873612786,-1.2843583838658548,47
SIM047,Simulated unit 47,1988,2.058750293541976,-1.8330791873612786,47
SIM047,Simulated unit 47,1989,4.963202327007341,2.058750293541976,47
SIM047,Simulated unit 47,1990,3.3125305276072035,4.963202327007341,47
SIM047,Simulated unit 47,1991,7.080275373037379,3.3125305276072035,47
SIM047,Simulated unit 47,1992,9.153573405117816,7.080275373037379,47
SIM047,Simulated unit 47,1993,7.022340792272307,9.153573405117816,47
SIM047,Simulated unit 47,1994,2.5477291607342636,7.022340792272307,47
SIM047,Simulated unit 47,1995,7.054767444747178,2.5477291607342636,47
SIM047,Simulated unit 47,1996,4.849808413763081,7.054767444747178,47
SIM047,Simulated unit 47,1997,4.088380637550772,4.849808413763081,47
SIM047,Simulated unit 47,1998,2.2342133057107567,4.088380637550772,47
SIM047,Simulated unit 47,1999,-0.5288429954651384,2.2342133057107567,47
SIM047,Simulated unit 47,2000,-3.9232240882249583,-0.5288429954651384,47
SIM047,Simulated unit 47,2001,0.34467051773688917,-3.9232240882249583,47
SIM047,Simulated unit 47,2002,-1.3434008510477276,0.34467051773688917,47
SIM047,Simulated unit 47,2003,9.172553176361834,-1.3434008510477276,47
SIM047,Simulated unit 47,2004,3.045311157979663,9.172553176361834,47
SIM047,Simulated unit 47,2005,-1.144960730156312,3.045311157979663,47
SIM047,Simulated unit 47,2006,1.6434397087465364,-1.144960730156312,47
SIM047,Simulated unit 47,2007,6.374004262149808,1.6434397087465364,47
SIM047,Simulated unit 47,2008,4.818171528119549,6.374004262149808,47
SIM047,Simulated unit 47,2009,5.407630177433553,4.818171528119549,47
SIM047,Simulated unit 47,2010,-1.4860641459159973,5.407630177433553,47
SIM047,Simulated unit 47,2011,-2.1241731246248987,-1.4860641459159973,47
SIM047,Simulated unit 47,2012,-3.69535106218764,-2.1241731246248987,47
SIM047,Simulated unit 47,2013,-7.1023481871562275,-3.69535106218764,47
SIM047,Simulated unit 47,2014,-3.1104682102220753,-7.1023481871562275,47
SIM047,Simulated unit 47,2015,-7.794763790964545,-3.1104682102220753,47
SIM047,Simulated unit 47,2016,-7.843446172841073,-7.794763790964545,47
SIM047,Simulated unit 47,2017,-5.517649085744898,-7.843446172841073,47
SIM047,Simulated unit 47,2018,-5.004446959300168,-5.517649085744898,47
SIM047,Simulated unit 47,2019,-1.0134426689588976,-5.004446959300168,47
SIM048,Simulated unit 48,1961,5.231440583230834,2.91674057570744,48
SIM048,Simulated unit 48,1962,6.196015548076535,5.231440583230834,48
SIM048,Simulated unit 48,1963,7.940047696930064,6.196015548076535,48
SIM048,Simulated unit 48,1964,5.5582734181308755,7.940047696930064,48
SIM048,Simulated unit 48,1965,5.045364753328535,5.5582734181308755,48
SIM048,Simulated unit 48,1966,5.361759957754695,5.045364753328535,48
SIM048,Simulated unit 48,1967,4.442026066825894,5.361759957754695,48
SIM048,Simulated unit 48,1968,2.2736327103443146,4.442026066825894,48
SIM048,Simulated unit 48,1969,1.1668520231872779,2.2736327103443146,48
SIM048,Simulated unit 48,1970,-0.9525639810775295,1.1668520231872779,48
SIM048,Simulated unit 48,1971,1.4933121010829713,-0.9525639810775295,48
SIM048,Simulated unit 48,1972,1.4139417383943162,1.4933121010829713,48
SIM048,Simulated unit 48,1973,-0.3411562088737048,1.4139417383943162,48
SIM048,Simulated unit 48,1974,-1.3914281832980009,-0.3411562088737048,48
SIM048,Simulated unit 48,1975,-3.6660530933271662,-1.3914281832980009,48
SIM048,Simulated unit 48,1976,1.5368921677152996,-3.6660530933271662,48
SIM048,Simulated unit 48,1977,1.9579883092245425,1.5368921677152996,48
SIM048,Simulated unit 48,1978,-0.6136070731850849,1.9579883092245425,48
SIM048,Simulated unit 48,1979,2.857479004895004,-0.6136070731850849,48
SIM048,Simulated unit 48,1980,0.8331409735538835,2.857479004895004,48
SIM048,Simulated unit 48,1981,-2.919617296904368,0.8331409735538835,48
SIM048,Simulated unit 48,1982,2.1118964895147783,-2.919617296904368,48
SIM048,Simulated unit 48,1983,0.4558469250105275,2.1118964895147783,48
SIM048,Simulated unit 48,1984,-0.153189115620052,0.4558469250105275,48
SIM048,Simulated unit 48,1985,0.8316265916755013,-0.153189115620052,48
SIM048,Simulated unit 48,1986,4.726743623375645,0.8316265916755013,48
SIM048,Simulated unit 48,1987,3.6961580466243222,4.726743623375645,48
SIM048,Simulated unit 48,1988,-0.5796565504610971,3.6961580466243222,48
SIM048,Simulated unit 48,1989,2.0838370820598824,-0.5796565504610971,48
SIM048,Simulated unit 48,1990,0.5953330764507574,2.0838370820598824,48
SIM048,Simulated unit 48,1991,6.820971760458853,0.5953330764507574,48
SIM048,Simulated unit 48,1992,4.889223890281641,6.820971760458853,48
SIM048,Simulated unit 48,1993,-2.971572159527014,4.889223890281641,48
SIM048,Simulated unit 48,1994,0.08915162075081362,-2.971572159527014,48
SIM048,Simulated unit 48,1995,6.687284349231173,0.08915162075081362,48
SIM048,Simulated unit 48,1996,9.540131475174872,6.687284349231173,48
SIM048,Simulated unit 48,1997,12.016941751374619,9.540131475174872,48
SIM048,Simulated unit 48,1998,4.9508844946803805,12.016941751374619,48
SIM048,Simulated unit 48,1999,6.506987884738564,4.9508844946803805,48
SIM048,Simulated unit 48,2000,2.538209111633003,6.506987884738564,48
SIM048,Simulated unit 48,2001,2.9957936652305754,2.538209111633003,48
SIM048,Simulated unit 48,2002,-1.221381087080852,2.9957936652305754,48
SIM048,Simulated unit 48,2003,-1.86619594689666,-1.221381087080852,48
SIM048,Simulated unit 48,2004,-2.348457660228842,-1.86619594689666,48
SIM048,Simulated unit 48,2005,2.0865912442905437,-2.348457660228842,48
SIM048,Simulated unit 48,2006,4.454112111583292,2.0865912442905437,48
SIM048,Simulated unit 48,2007,4.302926454942437,4.454112111583292,48
SIM048,Simulated unit 48,2008,-0.6695083812006946,4.302926454942437,48
SIM048,Simulated unit 48,2009,-0.5366233305695767,-0.6695083812006946,48
SIM048,Simulated unit 48,2010,-1.760323447169924,-0.5366233305695767,48
SIM048,Simulated unit 48,2011,2.352833201781519,-1.760323447169924,48
SIM048,Simulated unit 48,2012,5.746254479520465,2.352833201781519,48
SIM048,Simulated unit 48,2013,7.416909445804928,5.746254479520465,48
SIM048,Simulated unit 48,2014,2.9844874092318943,7.416909445804928,48
SIM048,Simulated unit 48,2015,-5.6279069213293,2.9844874092318943,48
SIM048,Simulated unit 48,2016,-7.877629847187743,-5.6279069213293,48
SIM048,Simulated unit 48,2017,0.3383030259339792,-7.877629847187743,48
SIM048,Simulated unit 48,2018,-0.2007830023990842,0.3383030259339792,48
SIM048,Simulated unit 48,2019,-1.572643656234788,-0.2007830023990842,48
SIM049,Simulated unit 49,1961,8.752268364650202,6.927980880308702,49
SIM049,Simulated unit 49,1962,6.124707184549481,8.752268364650202,49
SIM049,Simulated unit 49,1963,3.5946150375377672,6.124707184549481,49
SIM049,Simulated unit 49,1964,2.560465384083285,3.5946150375377672,49
SIM049,Simulated unit 49,1965,3.017767625612369,2.560465384083285,49
SIM049,Simulated unit 49,1966,7.410802419326246,3.017767625612369,49
SIM049,Simulated unit 49,1967,6.513883724307428,7.410802419326246,49
SIM049,Simulated unit 49,1968,6.886417333701881,6.513883724307428,49
SIM049,Simulated unit 49,1969,8.439660727431642,6.886417333701881,49
SIM049,Simulated unit 49,1970,2.354768433385728,8.439660727431642,49
SIM049,Simulated unit 49,1971,4.477446737453565,2.354768433385728,49
SIM049,Simulated unit 49,1972,2.602761778487305,4.477446737453565,49
SIM049,Simulated unit 49,1973,-5.186628520225915,2.602761778487305,49
SIM049,Simulated unit 49,1974,-8.696485738092985,-5.186628520225915,49
SIM049,Simulated unit 49,1975,-7.472244277411848,-8.696485738092985,49
SIM049,Simulated unit 49,1976,-2.089676880669365,-7.472244277411848,49
SIM049,Simulated unit 49,1977,-0.11240743238072953,-2.089676880669365,49
SIM049,Simulated unit 49,1978,1.2856556620985544,-0.11240743238072953,49
SIM049,Simulated unit 49,1979,7.424223845319209,1.2856556620985544,49
SIM049,Simulated unit 49,1980,1.447265462612088,7.424223845319209,49
SIM049,Simulated unit 49,1981,1.5860592150160822,1.447265462612088,49
SIM049,Simulated unit 49,1982,2.664942097451096,1.5860592150160822,49
SIM049,Simulated unit 49,1983,0.1901459088556514,2.664942097451096,49
SIM049,Simulated unit 49,1984,0.9990677805622138,0.1901459088556514,49
SIM049,Simulated unit 49,1985,-3.4004073339157066,0.9990677805622138,49
SIM049,Simulated unit 49,1986,2.9894742514756603,-3.4004073339157066,49
SIM049,Simulated unit 49,1987,0.5488408932940945,2.9894742514756603,49
SIM049,Simulated unit 49,1988,7.223505030311965,0.5488408932940945,49
SIM049,Simulated unit 49,1989,5.036680046434814,7.223505030311965,49
SIM049,Simulated unit 49,1990,6.906168724058437,5.036680046434814,49
SIM049,Simulated unit 49,1991,4.783792627461599,6.906168724058437,49
SIM049,Simulated unit 49,1992,3.57804407969537,4.783792627461599,49
SIM049,Simulated unit 49,1993,1.194738448151199,3.57804407969537,49
SIM049,Simulated unit 49,1994,1.8742148569895525,1.194738448151199,49
SIM049,Simulated unit 49,1995,2.878524997435874,1.8742148569895525,49
SIM049,Simulated unit 49,1996,0.1743394717159843,2.878524997435874,49
SIM049,Simulated unit 49,1997,0.529470435449938,0.1743394717159843,49
SIM049,Simulated unit 49,1998,-0.7126143369013782,0.529470435449938,49
SIM049,Simulated unit 49,1999,7.2714236067036895,-0.7126143369013782,49
SIM049,Simulated unit 49,2000,4.893661854287357,7.2714236067036895,49
SIM049,Simulated unit 49,2001,8.371893567662092,4.893661854287357,49
SIM049,Simulated unit 49,2002,5.236269148174189,8.371893567662092,49
SIM049,Simulated unit 49,2003,4.719624413509238,5.236269148174189,49
SIM049,Simulated unit 49,2004,-0.33231756683026514,4.719624413509238,49
SIM049,Simulated unit 49,2005,-0.7406083157017529,-0.33231756683026514,49
SIM049,Simulated unit 49,2006,0.9872390229466885,-0.7406083157017529,49
SIM049,Simulated unit 49,2007,6.150354906647613,0.9872390229466885,49
SIM049,Simulated unit 49,2008,5.1561612770173815,6.150354906647613,49
SIM049,Simulated unit 49,2009,8.044857849789427,5.1561612770173815,49
SIM049,Simulated unit 49,2010,7.549102040482417,8.044857849789427,49
SIM049,Simulated unit 49,2011,10.211665242683507,7.549102040482417,49
SIM049,Simulated unit 49,2012,6.749872493694937,10.211665242683507,49
SIM049,Simulated unit 49,2013,12.020591628172376,6.749872493694937,49
SIM049,Simulated unit 49,2014,6.5561663681610565,12.020591628172376,49
SIM049,Simulated unit 49,2015,2.4343143183036267,6.5561663681610565,49
SIM049,Simulated unit 49,2016,-1.3695699580849268,2.4343143183036267,49
SIM049,Simulated unit 49,2017,6.971332039823254,-1.3695699580849268,49
SIM049,Simulated unit 49,2018,7.441141941747645,6.971332039823254,49
SIM049,Simulated unit 49,2019,4.262322964907661,7.441141941747645,49
SIM050,Simulated unit 50,1961,6.311317409725637,5.747068090620485,50
SIM050,Simulated unit 50,1962,10.485172859962153,6.311317409725637,50
SIM050,Simulated unit 50,1963,2.447605217757558,10.485172859962153,50
SIM050,Simulated unit 50,1964,1.472482805711771,2.447605217757558,50
SIM050,Simulated unit 50,1965,0.2959255315985865,1.472482805711771,50
SIM050,Simulated unit 50,1966,-4.943492710266653,0.2959255315985865,50
SIM050,Simulated unit 50,1967,1.0148859881790906,-4.943492710266653,50
SIM050,Simulated unit 50,1968,0.5977419254973791,1.0148859881790906,50
SIM050,Simulated unit 50,1969,3.3775387702581146,0.5977419254973791,50
SIM050,Simulated unit 50,1970,9.905839065143704,3.3775387702581146,50
SIM050,Simulated unit 50,1971,5.683772363603397,9.905839065143704,50
SIM050,Simulated unit 50,1972,2.946804470190573,5.683772363603397,50
SIM050,Simulated unit 50,1973,2.924075191286332,2.946804470190573,50
SIM050,Simulated unit 50,1974,5.516187173722027,2.924075191286332,50
SIM050,Simulated unit 50,1975,2.409573228302767,5.516187173722027,50
SIM050,Simulated unit 50,1976,0.3528591455852683,2.409573228302767,50
SIM050,Simulated unit 50,1977,4.183283298075259,0.3528591455852683,50
SIM050,Simulated unit 50,1978,4.445887950359262,4.183283298075259,50
SIM050,Simulated unit 50,1979,-2.6666520187989047,4.445887950359262,50
SIM050,Simulated unit 50,1980,-4.4761666096866675,-2.6666520187989047,50
SIM050,Simulated unit 50,1981,2.618007625669631,-4.4761666096866675,50
SIM050,Simulated unit 50,1982,3.5765894246382164,2.618007625669631,50
SIM050,Simulated unit 50,1983,0.6593658616711826,3.5765894246382164,50
SIM050,Simulated unit 50,1984,0.6843905452977631,0.6593658616711826,50
SIM050,Simulated unit 50,1985,1.2503443455836685,0.6843905452977631,50
SIM050,Simulated unit 50,1986,3.7574066881906925,1.2503443455836685,50
SIM050,Simulated unit 50,1987,-1.020346171661953,3.7574066881906925,50
SIM050,Simulated unit 50,1988,-2.3350551190085462,-1.020346171661953,50
SIM050,Simulated unit 50,1989,0.21783419318503883,-2.3350551190085462,50
SIM050,Simulated unit 50,1990,0.6311967744246724,0.21783419318503883,50
SIM050,Simulated unit 50,1991,2.894295612564933,0.6311967744246724,50
SIM050,Simulated unit 50,1992,-1.151944824539834,2.894295612564933,50
SIM050,Simulated unit 50,1993,1.1802191340900632,-1.151944824539834,50
SIM050,Simulated unit 50,1994,4.782882338586455,1.1802191340900632,50
SIM050,Simulated unit 50,1995,5.130185044599723,4.782882338586455,50
SIM050,Simulated unit 50,1996,4.29544624604461,5.130185044599723,50
SIM050,Simulated unit 50,1997,3.089616939928853,4.29544624604461,50
SIM050,Simulated unit 50,1998,0.14921670564280598,3.089616939928853,50
SIM050,Simulated unit 50,1999,0.6735342460663183,0.14921670564280598,50
SIM050,Simulated unit 50,2000,4.983238106281009,0.6735342460663183,50
SIM050,Simulated unit 50,2001,3.4328573439682293,4.983238106281009,50
SIM050,Simulated unit 50,2002,0.19030243833570681,3.4328573439682293,50
SIM050,Simulated unit 50,2003,-0.5625598032947349,0.19030243833570681,50
SIM050,Simulated unit 50,2004,1.0650150098509497,-0.5625598032947349,50
SIM050,Simulated unit 50,2005,0.31846701436802904,1.0650150098509497,50
SIM050,Simulated unit 50,2006,2.4469900578102397,0.31846701436802904,50
SIM050,Simulated unit 50,2007,3.836725316933235,2.4469900578102397,50
SIM050,Simulated unit 50,2008,5.768984731373886,3.836725316933235,50
SIM050,Simulated unit 50,2009,8.53206925561943,5.768984731373886,50
SIM050,Simulated unit 50,2010,8.90681772648874,8.53206925561943,50
SIM050,Simulated unit 50,2011,3.3413734434493634,8.90681772648874,50
SIM050,Simulated unit 50,2012,0.0942207263408017,3.3413734434493634,50
SIM050,Simulated unit 50,2013,0.6292180064250077,0.0942207263408017,50
SIM050,Simulated unit 50,2014,-0.1759952678632386,0.6292180064250077,50
SIM050,Simulated unit 50,2015,-2.7205773416007712,-0.1759952678632386,50
SIM050,Simulated unit 50,2016,-2.1574217874794455,-2.7205773416007712,50
SIM050,Simulated unit 50,2017,-1.9179918733447843,-2.1574217874794455,50
SIM050,Simulated unit 50,2018,-2.3663383432904883,-1.9179918733447843,50
SIM050,Simulated unit 50,2019,-1.5671714644393098,-2.3663383432904883,50
SIM051,Simulated unit 51,1961,4.718925654320714,5.535352550954993,51
SIM051,Simulated unit 51,1962,11.046782620758837,4.718925654320714,51
SIM051,Simulated unit 51,1963,7.93959413051425,11.046782620758837,51
SIM051,Simulated unit 51,1964,4.693559156496795,7.93959413051425,51
SIM051,Simulated unit 51,1965,3.628534141862675,4.693559156496795,51
SIM051,Simulated unit 51,1966,3.746596420448225,3.628534141862675,51
SIM051,Simulated unit 51,1967,4.353719723782126,3.746596420448225,51
SIM051,Simulated unit 51,1968,9.642365811846346,4.353719723782126,51
SIM051,Simulated unit 51,1969,4.049458092175101,9.642365811846346,51
SIM051,Simulated unit 51,1970,5.806813029838267,4.049458092175101,51
SIM051,Simulated unit 51,1971,4.907339610745332,5.806813029838267,51
SIM051,Simulated unit 51,1972,-0.9688894612646539,4.907339610745332,51
SIM051,Simulated unit 51,1973,2.5307626695254974,-0.9688894612646539,51
SIM051,Simulated unit 51,1974,6.121328284127013,2.5307626695254974,51
SIM051,Simulated unit 51,1975,1.9012677591439182,6.121328284127013,51
SIM051,Simulated unit 51,1976,1.913959051810439,1.9012677591439182,51
SIM051,Simulated unit 51,1977,-3.2276873549368474,1.913959051810439,51
SIM051,Simulated unit 51,1978,-4.913031792015118,-3.2276873549368474,51
SIM051,Simulated unit 51,1979,0.9962696576426877,-4.913031792015118,51
SIM051,Simulated unit 51,1980,-0.001487723436690791,0.9962696576426877,51
SIM051,Simulated unit 51,1981,-2.527301558876132,-0.001487723436690791,51
SIM051,Simulated unit 51,1982,-0.02799984195039007,-2.527301558876132,51
SIM051,Simulated unit 51,1983,-0.7840371994633036,-0.02799984195039007,51
SIM051,Simulated unit 51,1984,-1.0828872930045903,-0.7840371994633036,51
SIM051,Simulated unit 51,1985,2.3682457012219555,-1.0828872930045903,51
SIM051,Simulated unit 51,1986,-1.2642526560698664,2.3682457012219555,51
SIM051,Simulated unit 51,1987,-2.674647231687416,-1.2642526560698664,51
SIM051,Simulated unit 51,1988,-0.3425483625658436,-2.674647231687416,51
SIM051,Simulated unit 51,1989,3.5027003547051097,-0.3425483625658436,51
SIM051,Simulated unit 51,1990,6.616101117292615,3.5027003547051097,51
SIM051,Simulated unit 51,1991,2.7744755092907,6.616101117292615,51
SIM051,Simulated unit 51,1992,5.276816206333364,2.7744755092907,51
SIM051,Simulated unit 51,1993,1.6136628433887918,5.276816206333364,51
SIM051,Simulated unit 51,1994,7.246825746753675,1.6136628433887918,51
SIM051,Simulated unit 51,1995,1.7467823717930195,7.246825746753675,51
SIM051,Simulated unit 51,1996,5.833505855451004,1.7467823717930195,51
SIM051,Simulated unit 51,1997,2.3306451928144303,5.833505855451004,51
SIM051,Simulated unit 51,1998,8.23812648007246,2.3306451928144303,51
SIM051,Simulated unit 51,1999,7.516838074600928,8.23812648007246,51
SIM051,Simulated unit 51,2000,2.26205325653589,7.516838074600928,51
SIM051,Simulated unit 51,2001,0.5905165152940137,2.26205325653589,51
SIM051,Simulated unit 51,2002,3.497853524847633,0.5905165152940137,51
SIM051,Simulated unit 51,2003,6.056645367755264,3.497853524847633,51
SIM051,Simulated unit 51,2004,4.221840445479771,6.056645367755264,51
SIM051,Simulated unit 51,2005,3.4670791101782616,4.221840445479771,51
SIM051,Simulated unit 51,2006,5.1553065640391535,3.4670791101782616,51
SIM051,Simulated unit 51,2007,4.288579219455952,5.1553065640391535,51
SIM051,Simulated unit 51,2008,-0.5073670463415558,4.288579219455952,51
SIM051,Simulated unit 51,2009,-1.9433423017254754,-0.5073670463415558,51
SIM051,Simulated unit 51,2010,0.33935444841970996,-1.9433423017254754,51
SIM051,Simulated unit 51,2011,4.6500599185449065,0.33935444841970996,51
SIM051,Simulated unit 51,2012,8.437983223613088,4.6500599185449065,51
SIM051,Simulated unit 51,2013,8.201378196482203,8.437983223613088,51
SIM051,Simulated unit 51,2014,6.582699200998412,8.201378196482203,51
SIM051,Simulated unit 51,2015,6.996061178546478,6.582699200998412,51
SIM051,Simulated unit 51,2016,2.99738415650732,6.996061178546478,51
SIM051,Simulated unit 51,2017,2.138737613129749,2.99738415650732,51
SIM051,Simulated unit 51,2018,-0.38914959614058064,2.138737613129749,51
SIM051,Simulated unit 51,2019,-3.179717589807483,-0.38914959614058064,51
SIM052,Simulated unit 52,1961,3.1569281406993994,3.0006470349086145,52
SIM052,Simulated unit 52,1962,4.757114337946678,3.1569281406993994,52
SIM052,Simulated unit 52,1963,5.292604095445348,4.757114337946678,52
SIM052,Simulated unit 52,1964,4.703495271238795,5.292604095445348,52
SIM052,Simulated unit 52,1965,5.2919471597759395,4.703495271238795,52
SIM052,Simulated unit 52,1966,3.8471190071831343,5.2919471597759395,52
SIM052,Simulated unit 52,1967,4.346945589977082,3.8471190071831343,52
SIM052,Simulated unit 52,1968,1.22973414592717,4.346945589977082,52
SIM052,Simulated unit 52,1969,2.6469582644736924,1.22973414592717,52
SIM052,Simulated unit 52,1970,4.393428014542243,2.6469582644736924,52
SIM052,Simulated unit 52,1971,1.4270125245087368,4.393428014542243,52
SIM052,Simulated unit 52,1972,1.8117038116837825,1.4270125245087368,52
SIM052,Simulated unit 52,1973,0.016214758122190753,1.8117038116837825,52
SIM052,Simulated unit 52,1974,-0.7697912346750303,0.016214758122190753,52
SIM052,Simulated unit 52,1975,-3.036662806111482,-0.7697912346750303,52
SIM052,Simulated unit 52,1976,2.7753270918327777,-3.036662806111482,52
SIM052,Simulated unit 52,1977,5.66225177925981,2.7753270918327777,52
SIM052,Simulated unit 52,1978,5.809652630237897,5.66225177925981,52
SIM052,Simulated unit 52,1979,10.20237943397418,5.809652630237897,52
SIM052,Simulated unit 52,1980,6.3536905706793325,10.20237943397418,52
SIM052,Simulated unit 52,1981,13.707501587739502,6.3536905706793325,52
SIM052,Simulated unit 52,1982,8.34191270655404,13.707501587739502,52
SIM052,Simulated unit 52,1983,6.570727679200473,8.34191270655404,52
SIM052,Simulated unit 52,1984,3.549102865699659,6.570727679200473,52
SIM052,Simulated unit 52,1985,4.04643839960071,3.549102865699659,52
SIM052,Simulated unit 52,1986,5.73470782341916,4.04643839960071,52
SIM052,Simulated unit 52,1987,3.8990755148922442,5.73470782341916,52
SIM052,Simulated unit 52,1988,8.46960485028821,3.8990755148922442,52
SIM052,Simulated unit 52,1989,6.599210764073308,8.46960485028821,52
SIM052,Simulated unit 52,1990,5.5709826167745815,6.599210764073308,52
SIM052,Simulated unit 52,1991,1.4155964865235968,5.5709826167745815,52
SIM052,Simulated unit 52,1992,2.9048551155653115,1.4155964865235968,52
SIM052,Simulated unit 52,1993,2.14083140691109,2.9048551155653115,52
SIM052,Simulated unit 52,1994,0.25977965613479315,2.14083140691109,52
SIM052,Simulated unit 52,1995,-1.3735554307642157,0.25977965613479315,52
SIM052,Simulated unit 52,1996,7.991156880811526,-1.3735554307642157,52
SIM052,Simulated unit 52,1997,4.804262377949809,7.991156880811526,52
SIM052,Simulated unit 52,1998,-0.6883988355739179,4.804262377949809,52
SIM052,Simulated unit 52,1999,-1.7077036805420682,-0.6883988355739179,52
SIM052,Simulated unit 52,2000,-0.3793257267538817,-1.7077036805420682,52
SIM052,Simulated unit 52,2001,2.212405661797126,-0.3793257267538817,52
SIM052,Simulated unit 52,2002,3.791832962254216,2.212405661797126,52
SIM052,Simulated unit 52,2003,5.104943432682106,3.791832962254216,52
SIM052,Simulated unit 52,2004,1.9283851396972747,5.104943432682106,52
SIM052,Simulated unit 52,2005,2.9783524143230014,1.9283851396972747,52
SIM052,Simulated unit 52,2006,-0.0411669437379345,2.9783524143230014,52
SIM052,Simulated unit 52,2007,-1.0836291152847957,-0.0411669437379345,52
SIM052,Simulated unit 52,2008,-2.6033043926716557,-1.0836291152847957,52
SIM052,Simulated unit 52,2009,-4.327149199397802,-2.6033043926716557,52
SIM052,Simulated unit 52,2010,1.396338946935345,-4.327149199397802,52
SIM052,Simulated unit 52,2011,3.7036384710978703,1.396338946935345,52
SIM052,Simulated unit 52,2012,5.952179192593111,3.7036384710978703,52
SIM052,Simulated unit 52,2013,4.489246713628756,5.952179192593111,52
SIM052,Simulated unit 52,2014,5.823971124772693,4.489246713628756,52
SIM052,Simulated unit 52,2015,-0.9894855390640194,5.823971124772693,52
SIM052,Simulated unit 52,2016,2.7955712306976537,-0.9894855390640194,52
SIM052,Simulated unit 52,2017,3.008702228433683,2.7955712306976537,52
SIM052,Simulated unit 52,2018,4.486550137507707,3.008702228433683,52
SIM052,Simulated unit 52,2019,4.631999979650464,4.486550137507707,52
SIM053,Simulated unit 53,1961,-4.270818604339535,-0.9611654636106599,53
SIM053,Simulated unit 53,1962,-3.8986536611526104,-4.270818604339535,53
SIM053,Simulated unit 53,1963,0.1555596471271703,-3.8986536611526104,53
SIM053,Simulated unit 53,1964,2.963610033802489,0.1555596471271703,53
SIM053,Simulated unit 53,1965,-1.5256608118640953,2.963610033802489,53
SIM053,Simulated unit 53,1966,-3.058694589523101,-1.5256608118640953,53
SIM053,Simulated unit 53,1967,-3.2049238115363785,-3.058694589523101,53
SIM053,Simulated unit 53,1968,-2.194869467722274,-3.2049238115363785,53
SIM053,Simulated unit 53,1969,-4.60307417319132,-2.194869467722274,53
SIM053,Simulated unit 53,1970,-6.22799980233519,-4.60307417319132,53
SIM053,Simulated unit 53,1971,-5.402305770623776,-6.22799980233519,53
SIM053,Simulated unit 53,1972,-2.182621953699248,-5.402305770623776,53
SIM053,Simulated unit 53,1973,-4.051356191480021,-2.182621953699248,53
SIM053,Simulated unit 53,1974,-1.9782242448033112,-4.051356191480021,53
SIM053,Simulated unit 53,1975,2.7887239015434595,-1.9782242448033112,53
SIM053,Simulated unit 53,1976,-1.4321048713144546,2.7887239015434595,53
SIM053,Simulated unit 53,1977,-0.6786001980202911,-1.4321048713144546,53
SIM053,Simulated unit 53,1978,3.467110082440143,-0.6786001980202911,53
SIM053,Simulated unit 53,1979,1.625460878372658,3.467110082440143,53
SIM053,Simulated unit 53,1980,0.05426745444833814,1.625460878372658,53
SIM053,Simulated unit 53,1981,4.323047915588424,0.05426745444833814,53
SIM053,Simulated unit 53,1982,2.475222512438411,4.323047915588424,53
SIM053,Simulated unit 53,1983,5.59861858307975,2.475222512438411,53
SIM053,Simulated unit 53,1984,5.446067323229446,5.59861858307975,53
SIM053,Simulated unit 53,1985,3.039106435208157,5.446067323229446,53
SIM053,Simulated unit 53,1986,4.062535452917485,3.039106435208157,53
SIM053,Simulated unit 53,1987,4.198869813288605,4.062535452917485,53
SIM053,Simulated unit 53,1988,6.381970350980585,4.198869813288605,53
SIM053,Simulated unit 53,1989,2.984145596993295,6.381970350980585,53
SIM053,Simulated unit 53,1990,2.7141055585408362,2.984145596993295,53
SIM053,Simulated unit 53,1991,2.2439162963105894,2.7141055585408362,53
SIM053,Simulated unit 53,1992,4.258794202705708,2.2439162963105894,53
SIM053,Simulated unit 53,1993,0.27973893829089835,4.258794202705708,53
SIM053,Simulated unit 53,1994,4.018774507688107,0.27973893829089835,53
SIM053,Simulated unit 53,1995,4.610251021124114,4.018774507688107,53
SIM053,Simulated unit 53,1996,-0.38462460822437095,4.610251021124114,53
SIM053,Simulated unit 53,1997,4.194013711506878,-0.38462460822437095,53
SIM053,Simulated unit 53,1998,10.018687469297321,4.194013711506878,53
SIM053,Simulated unit 53,1999,9.816714390226617,10.018687469297321,53
SIM053,Simulated unit 53,2000,10.970982935815378,9.816714390226617,53
SIM053,Simulated unit 53,2001,7.638703906296991,10.970982935815378,53
SIM053,Simulated unit 53,2002,0.398707584562664,7.638703906296991,53
SIM053,Simulated unit 53,2003,-4.493136802764976,0.398707584562664,53
SIM053,Simulated unit 53,2004,-1.13063595005571,-4.493136802764976,53
SIM053,Simulated unit 53,2005,-1.654317993223366,-1.13063595005571,53
SIM053,Simulated unit 53,2006,-2.9363196309160737,-1.654317993223366,53
SIM053,Simulated unit 53,2007,-1.1500318304556703,-2.9363196309160737,53
SIM053,Simulated unit 53,2008,1.9567367653104624,-1.1500318304556703,53
SIM053,Simulated unit 53,2009,-2.3842305811001645,1.9567367653104624,53
SIM053,Simulated unit 53,2010,-1.977171209501253,-2.3842305811001645,53
SIM053,Simulated unit 53,2011,4.143309323660194,-1.977171209501253,53
SIM053,Simulated unit 53,2012,0.0601204535319928,4.143309323660194,53
SIM053,Simulated unit 53,2013,3.4453558336140646,0.0601204535319928,53
SIM053,Simulated unit 53,2014,1.413021215521457,3.4453558336140646,53
SIM053,Simulated unit 53,2015,3.2851940088627325,1.413021215521457,53
SIM053,Simulated unit 53,2016,6.063098926926241,3.2851940088627325,53
SIM053,Simulated unit 53,2017,6.661704657110809,6.063098926926241,53
SIM053,Simulated unit 53,2018,7.524501600908114,6.661704657110809,53
SIM053,Simulated unit 53,2019,1.8599203603209995,7.524501600908114,53
SIM054,Simulated unit 54,1961,1.446508128229878,5.3409791202238965,54
SIM054,Simulated unit 54,1962,2.446530173652542,1.446508128229878,54
SIM054,Simulated unit 54,1963,3.0426566651832063,2.446530173652542,54
SIM054,Simulated unit 54,1964,4.080961675718667,3.0426566651832063,54
SIM054,Simulated unit 54,1965,4.259447033611772,4.080961675718667,54
SIM054,Simulated unit 54,1966,0.8242382845928935,4.259447033611772,54
SIM054,Simulated unit 54,1967,-2.755059266131412,0.8242382845928935,54
SIM054,Simulated unit 54,1968,1.7640104802064587,-2.755059266131412,54
SIM054,Simulated unit 54,1969,2.415910020680622,1.7640104802064587,54
SIM054,Simulated unit 54,1970,5.697676535281826,2.415910020680622,54
SIM054,Simulated unit 54,1971,4.084407118605492,5.697676535281826,54
SIM054,Simulated unit 54,1972,-0.9648488108675854,4.084407118605492,54
SIM054,Simulated unit 54,1973,3.119479756491767,-0.9648488108675854,54
SIM054,Simulated unit 54,1974,1.5605760249117389,3.119479756491767,54
SIM054,Simulated unit 54,1975,2.762355987210107,1.5605760249117389,54
SIM054,Simulated unit 54,1976,0.5150353068875064,2.762355987210107,54
SIM054,Simulated unit 54,1977,6.041926314833575,0.5150353068875064,54
SIM054,Simulated unit 54,1978,1.7954613163505546,6.041926314833575,54
SIM054,Simulated unit 54,1979,0.8649875274918088,1.7954613163505546,54
SIM054,Simulated unit 54,1980,1.6413386245870345,0.8649875274918088,54
SIM054,Simulated unit 54,1981,-1.4917438065086537,1.6413386245870345,54
SIM054,Simulated unit 54,1982,0.8965123018575933,-1.4917438065086537,54
SIM054,Simulated unit 54,1983,6.173638813517027,0.8965123018575933,54
SIM054,Simulated unit 54,1984,3.0327968060290846,6.173638813517027,54
SIM054,Simulated unit 54,1985,3.805106540712627,3.0327968060290846,54
SIM054,Simulated unit 54,1986,-5.165242233688089,3.805106540712627,54
SIM054,Simulated unit 54,1987,-2.415932941667376,-5.165242233688089,54
SIM054,Simulated unit 54,1988,-1.5886866227790415,-2.415932941667376,54
SIM054,Simulated unit 54,1989,-2.6087047808985795,-1.5886866227790415,54
SIM054,Simulated unit 54,1990,2.4791285403464487,-2.6087047808985795,54
SIM054,Simulated unit 54,1991,1.3087460793363848,2.4791285403464487,54
SIM054,Simulated unit 54,1992,1.0528151863210686,1.3087460793363848,54
SIM054,Simulated unit 54,1993,0.3001104874254279,1.0528151863210686,54
SIM054,Simulated unit 54,1994,-4.770381322839972,0.3001104874254279,54
SIM054,Simulated unit 54,1995,-5.458188113934866,-4.770381322839972,54
SIM054,Simulated unit 54,1996,0.4083675899997301,-5.458188113934866,54
SIM054,Simulated unit 54,1997,-5.284831386640078,0.4083675899997301,54
SIM054,Simulated unit 54,1998,-4.669844880831163,-5.284831386640078,54
SIM054,Simulated unit 54,1999,-3.201067097367989,-4.669844880831163,54
SIM054,Simulated unit 54,2000,4.1102253434539024,-3.201067097367989,54
SIM054,Simulated unit 54,2001,5.571946502561449,4.1102253434539024,54
SIM054,Simulated unit 54,2002,2.4716563203775705,5.571946502561449,54
SIM054,Simulated unit 54,2003,6.196534883573196,2.4716563203775705,54
SIM054,Simulated unit 54,2004,2.296373468640559,6.196534883573196,54
SIM054,Simulated unit 54,2005,5.205123492386352,2.296373468640559,54
SIM054,Simulated unit 54,2006,-0.153557642337236,5.205123492386352,54
SIM054,Simulated unit 54,2007,3.92763890996513,-0.153557642337236,54
SIM054,Simulated unit 54,2008,1.9381824095661209,3.92763890996513,54
SIM054,Simulated unit 54,2009,-1.1226032770841368,1.9381824095661209,54
SIM054,Simulated unit 54,2010,-0.5249928054794242,-1.1226032770841368,54
SIM054,Simulated unit 54,2011,1.3170368558729901,-0.5249928054794242,54
SIM054,Simulated unit 54,2012,0.1059768219466577,1.3170368558729901,54
SIM054,Simulated unit 54,2013,2.525446611153966,0.1059768219466577,54
SIM054,Simulated unit 54,2014,0.5662863157001774,2.525446611153966,54
SIM054,Simulated unit 54,2015,3.00088897121418,0.5662863157001774,54
SIM054,Simulated unit 54,2016,3.9271995688383066,3.00088897121418,54
SIM054,Simulated unit 54,2017,2.973550577179179,3.9271995688383066,54
SIM054,Simulated unit 54,2018,1.2599834092096578,2.973550577179179,54
SIM054,Simulated unit 54,2019,2.0106124328215933,1.2599834092096578,54
SIM055,Simulated unit 55,1961,9.175854195655484,3.650761229101098,55
SIM055,Simulated unit 55,1962,9.123773782787833,9.175854195655484,55
SIM055,Simulated unit 55,1963,9.202234119120224,9.123773782787833,55
SIM055,Simulated unit 55,1964,15.586877056052984,9.202234119120224,55
SIM055,Simulated unit 55,1965,11.700001663935323,15.586877056052984,55
SIM055,Simulated unit 55,1966,9.2739315322963,11.700001663935323,55
SIM055,Simulated unit 55,1967,8.476404142342743,9.2739315322963,55
SIM055,Simulated unit 55,1968,2.858944552640885,8.476404142342743,55
SIM055,Simulated unit 55,1969,1.1836618223282624,2.858944552640885,55
SIM055,Simulated unit 55,1970,-0.008310706680044522,1.1836618223282624,55
SIM055,Simulated unit 55,1971,2.7378555076506585,-0.008310706680044522,55
SIM055,Simulated unit 55,1972,1.920189617926799,2.7378555076506585,55
SIM055,Simulated unit 55,1973,2.366784047178988,1.920189617926799,55
SIM055,Simulated unit 55,1974,5.482434288752787,2.366784047178988,55
SIM055,Simulated unit 55,1975,6.678912789364088,5.482434288752787,55
SIM055,Simulated unit 55,1976,4.322184664494712,6.678912789364088,55
SIM055,Simulated unit 55,1977,1.38332550806216,4.322184664494712,55
SIM055,Simulated unit 55,1978,5.035819499796862,1.38332550806216,55
SIM055,Simulated unit 55,1979,6.143165242607715,5.035819499796862,55
SIM055,Simulated unit 55,1980,-0.33287130932151854,6.143165242607715,55
SIM055,Simulated unit 55,1981,-0.3391846023177535,-0.33287130932151854,55
SIM055,Simulated unit 55,1982,1.093035624659635,-0.3391846023177535,55
SIM055,Simulated unit 55,1983,3.792310526158875,1.093035624659635,55
SIM055,Simulated unit 55,1984,5.805690800514639,3.792310526158875,55
SIM055,Simulated unit 55,1985,5.1351324838352035,5.805690800514639,55
SIM055,Simulated unit 55,1986,5.63682208437769,5.1351324838352035,55
SIM055,Simulated unit 55,1987,4.374503657761075,5.63682208437769,55
SIM055,Simulated unit 55,1988,1.4031471301149625,4.374503657761075,55
SIM055,Simulated unit 55,1989,0.8580951049452155,1.4031471301149625,55
SIM055,Simulated unit 55,1990,1.371830622887454,0.8580951049452155,55
SIM055,Simulated unit 55,1991,1.5190606236767026,1.371830622887454,55
SIM055,Simulated unit 55,1992,-3.9452823391243896,1.5190606236767026,55
SIM055,Simulated unit 55,1993,-2.7596194082629273,-3.9452823391243896,55
SIM055,Simulated unit 55,1994,-0.6871546856903008,-2.7596194082629273,55
SIM055,Simulated unit 55,1995,-0.4564027871312834,-0.6871546856903008,55
SIM055,Simulated unit 55,1996,-0.21431305881352714,-0.4564027871312834,55
SIM055,Simulated unit 55,1997,2.135386277125646,-0.21431305881352714,55
SIM055,Simulated unit 55,1998,-1.1556397948705137,2.135386277125646,55
SIM055,Simulated unit 55,1999,-4.777510518775942,-1.1556397948705137,55
SIM055,Simulated unit 55,2000,-3.111015683775589,-4.777510518775942,55
SIM055,Simulated unit 55,2001,1.2257338062400156,-3.111015683775589,55
SIM055,Simulated unit 55,2002,6.598099402203925,1.2257338062400156,55
SIM055,Simulated unit 55,2003,7.1052443586065746,6.598099402203925,55
SIM055,Simulated unit 55,2004,0.6583553355574026,7.1052443586065746,55
SIM055,Simulated unit 55,2005,0.4979114832041279,0.6583553355574026,55
SIM055,Simulated unit 55,2006,1.868650033167065,0.4979114832041279,55
SIM055,Simulated unit 55,2007,2.4539633706710156,1.868650033167065,55
SIM055,Simulated unit 55,2008,3.8902916812312314,2.4539633706710156,55
SIM055,Simulated unit 55,2009,0.38302816935645634,3.8902916812312314,55
SIM055,Simulated unit 55,2010,1.2246461642661017,0.38302816935645634,55
SIM055,Simulated unit 55,2011,2.795756187888048,1.2246461642661017,55
SIM055,Simulated unit 55,2012,4.954466572643807,2.795756187888048,55
SIM055,Simulated unit 55,2013,1.3555254437479078,4.954466572643807,55
SIM055,Simulated unit 55,2014,0.5778446645200508,1.3555254437479078,55
SIM055,Simulated unit 55,2015,-6.9647462415079895,0.5778446645200508,55
SIM055,Simulated unit 55,2016,-5.243233647638116,-6.9647462415079895,55
SIM055,Simulated unit 55,2017,-3.919184867495998,-5.243233647638116,55
SIM055,Simulated unit 55,2018,-4.6102644449999275,-3.919184867495998,55
SIM055,Simulated unit 55,2019,-1.4693222163020014,-4.6102644449999275,55
SIM056,Simulated unit 56,1961,-4.878343410414317,1.8321637038641954,56
SIM056,Simulated unit 56,1962,-1.4804821383433202,-4.878343410414317,56
SIM056,Simulated unit 56,1963,-2.873261675373074,-1.4804821383433202,56
SIM056,Simulated unit 56,1964,0.533109872347701,-2.873261675373074,56
SIM056,Simulated unit 56,1965,-2.7256878197773755,0.533109872347701,56
SIM056,Simulated unit 56,1966,-0.745393076273605,-2.7256878197773755,56
SIM056,Simulated unit 56,1967,-0.49672583242368074,-0.745393076273605,56
SIM056,Simulated unit 56,1968,1.4112701553967826,-0.49672583242368074,56
SIM056,Simulated unit 56,1969,2.02085392619211,1.4112701553967826,56
SIM056,Simulated unit 56,1970,1.2470198306509028,2.02085392619211,56
SIM056,Simulated unit 56,1971,-3.060605043742192,1.2470198306509028,56
SIM056,Simulated unit 56,1972,-5.467986916628409,-3.060605043742192,56
SIM056,Simulated unit 56,1973,-4.232452967253702,-5.467986916628409,56
SIM056,Simulated unit 56,1974,-1.7643114321409823,-4.232452967253702,56
SIM056,Simulated unit 56,1975,-2.08333070088194,-1.7643114321409823,56
SIM056,Simulated unit 56,1976,1.4256373712092325,-2.08333070088194,56
SIM056,Simulated unit 56,1977,0.8177196650904883,1.4256373712092325,56
SIM056,Simulated unit 56,1978,-1.6044063752842377,0.8177196650904883,56
SIM056,Simulated unit 56,1979,-0.9969327041342705,-1.6044063752842377,56
SIM056,Simulated unit 56,1980,0.8794198864690949,-0.9969327041342705,56
SIM056,Simulated unit 56,1981,2.30230608835521,0.8794198864690949,56
SIM056,Simulated unit 56,1982,7.816521048992515,2.30230608835521,56
SIM056,Simulated unit 56,1983,3.4831846093852503,7.816521048992515,56
SIM056,Simulated unit 56,1984,2.669474780859949,3.4831846093852503,56
SIM056,Simulated unit 56,1985,3.6800567089742486,2.669474780859949,56
SIM056,Simulated unit 56,1986,2.937765147782103,3.6800567089742486,56
SIM056,Simulated unit 56,1987,1.0608046507033027,2.937765147782103,56
SIM056,Simulated unit 56,1988,-3.2112887386107496,1.0608046507033027,56
SIM056,Simulated unit 56,1989,-2.6592769203254965,-3.2112887386107496,56
SIM056,Simulated unit 56,1990,-4.0166733903487,-2.6592769203254965,56
SIM056,Simulated unit 56,1991,-6.789824077580555,-4.0166733903487,56
SIM056,Simulated unit 56,1992,-5.660930971560092,-6.789824077580555,56
SIM056,Simulated unit 56,1993,-5.7378337452354184,-5.660930971560092,56
SIM056,Simulated unit 56,1994,-0.8913406112624065,-5.7378337452354184,56
SIM056,Simulated unit 56,1995,2.068471145485437,-0.8913406112624065,56
SIM056,Simulated unit 56,1996,-0.6705551814513622,2.068471145485437,56
SIM056,Simulated unit 56,1997,-0.38301900056018057,-0.6705551814513622,56
SIM056,Simulated unit 56,1998,-5.004539386673715,-0.38301900056018057,56
SIM056,Simulated unit 56,1999,-3.6857434825523105,-5.004539386673715,56
SIM056,Simulated unit 56,2000,-0.2145003874243494,-3.6857434825523105,56
SIM056,Simulated unit 56,2001,3.146113436387699,-0.2145003874243494,56
SIM056,Simulated unit 56,2002,0.5485268167586779,3.146113436387699,56
SIM056,Simulated unit 56,2003,4.284680671637766,0.5485268167586779,56
SIM056,Simulated unit 56,2004,-1.1762673615577555,4.284680671637766,56
SIM056,Simulated unit 56,2005,-3.648643814366031,-1.1762673615577555,56
SIM056,Simulated unit 56,2006,0.7397993082940106,-3.648643814366031,56
SIM056,Simulated unit 56,2007,6.257243270666148,0.7397993082940106,56
SIM056,Simulated unit 56,2008,6.0346419269507745,6.257243270666148,56
SIM056,Simulated unit 56,2009,4.299757996568427,6.0346419269507745,56
SIM056,Simulated unit 56,2010,-3.2056964416255695,4.299757996568427,56
SIM056,Simulated unit 56,2011,-7.19075903310578,-3.2056964416255695,56
SIM056,Simulated unit 56,2012,-3.1262268091758614,-7.19075903310578,56
SIM056,Simulated unit 56,2013,-2.14992409421904,-3.1262268091758614,56
SIM056,Simulated unit 56,2014,-3.807460002987778,-2.14992409421904,56
SIM056,Simulated unit 56,2015,-1.2878782593025144,-3.807460002987778,56
SIM056,Simulated unit 56,2016,0.37266714694192016,-1.2878782593025144,56
SIM056,Simulated unit 56,2017,3.85684789378597,0.37266714694192016,56
SIM056,Simulated unit 56,2018,3.5239155853096844,3.85684789378597,56
SIM056,Simulated unit 56,2019,6.599532456188964,3.5239155853096844,56
SIM057,Simulated unit 57,1961,1.6683842687658557,2.02398208864644,57
SIM057,Simulated unit 57,1962,4.99396712000106,1.6683842687658557,57
SIM057,Simulated unit 57,1963,0.8610576318763328,4.99396712000106,57
SIM057,Simulated unit 57,1964,9.759976938924284,0.8610576318763328,57
SIM057,Simulated unit 57,1965,7.781758597854777,9.759976938924284,57
SIM057,Simulated unit 57,1966,6.6115429172258855,7.781758597854777,57
SIM057,Simulated unit 57,1967,6.342213672253324,6.6115429172258855,57
SIM057,Simulated unit 57,1968,10.236737629346921,6.342213672253324,57
SIM057,Simulated unit 57,1969,9.319564812625972,10.236737629346921,57
SIM057,Simulated unit 57,1970,1.576570950563812,9.319564812625972,57
SIM057,Simulated unit 57,1971,5.9563537246408,1.576570950563812,57
SIM057,Simulated unit 57,1972,3.351122496449428,5.9563537246408,57
SIM057,Simulated unit 57,1973,3.1321387163876273,3.351122496449428,57
SIM057,Simulated unit 57,1974,-1.1584786866932233,3.1321387163876273,57
SIM057,Simulated unit 57,1975,1.683518842355753,-1.1584786866932233,57
SIM057,Simulated unit 57,1976,-0.14401156478920463,1.683518842355753,57
SIM057,Simulated unit 57,1977,1.0141019751068985,-0.14401156478920463,57
SIM057,Simulated unit 57,1978,0.5561641689817902,1.0141019751068985,57
SIM057,Simulated unit 57,1979,6.90873690659663,0.5561641689817902,57
SIM057,Simulated unit 57,1980,10.892023044394747,6.90873690659663,57
SIM057,Simulated unit 57,1981,7.474753337281072,10.892023044394747,57
SIM057,Simulated unit 57,1982,5.476785136475208,7.474753337281072,57
SIM057,Simulated unit 57,1983,2.9657421828365798,5.476785136475208,57
SIM057,Simulated unit 57,1984,5.897464184210307,2.9657421828365798,57
SIM057,Simulated unit 57,1985,3.3517188995260527,5.897464184210307,57
SIM057,Simulated unit 57,1986,1.5470195157785336,3.3517188995260527,57
SIM057,Simulated unit 57,1987,4.663990300462014,1.5470195157785336,57
SIM057,Simulated unit 57,1988,1.98349689432726,4.663990300462014,57
SIM057,Simulated unit 57,1989,1.8768330332507641,1.98349689432726,57
SIM057,Simulated unit 57,1990,-2.8178325245825198,1.8768330332507641,57
SIM057,Simulated unit 57,1991,1.2218715206199888,-2.8178325245825198,57
SIM057,Simulated unit 57,1992,7.3557237299175995,1.2218715206199888,57
SIM057,Simulated unit 57,1993,7.3771103563499345,7.3557237299175995,57
SIM057,Simulated unit 57,1994,9.611663716451876,7.3771103563499345,57
SIM057,Simulated unit 57,1995,4.028691821339132,9.611663716451876,57
SIM057,Simulated unit 57,1996,3.926187938888081,4.028691821339132,57
SIM057,Simulated unit 57,1997,0.3262329902246801,3.926187938888081,57
SIM057,Simulated unit 57,1998,0.31244315739077955,0.3262329902246801,57
SIM057,Simulated unit 57,1999,3.3041003264919824,0.31244315739077955,57
SIM057,Simulated unit 57,2000,3.0879220352050853,3.3041003264919824,57
SIM057,Simulated unit 57,2001,-1.5851698466806141,3.0879220352050853,57
SIM057,Simulated unit 57,2002,-4.096189224621629,-1.5851698466806141,57
SIM057,Simulated unit 57,2003,-5.801205329245299,-4.096189224621629,57
SIM057,Simulated unit 57,2004,-1.2063654277284082,-5.801205329245299,57
SIM057,Simulated unit 57,2005,6.267864350332959,-1.2063654277284082,57
SIM057,Simulated unit 57,2006,8.648093342200415,6.267864350332959,57
SIM057,Simulated unit 57,2007,0.30090040788205563,8.648093342200415,57
SIM057,Simulated unit 57,2008,5.243768058938586,0.30090040788205563,57
SIM057,Simulated unit 57,2009,6.755462086407093,5.243768058938586,57
SIM057,Simulated unit 57,2010,0.2173774152579817,6.755462086407093,57
SIM057,Simulated unit 57,2011,0.02082159902329661,0.2173774152579817,57
SIM057,Simulated unit 57,2012,4.099060193901407,0.02082159902329661,57
SIM057,Simulated unit 57,2013,4.9107366491452,4.099060193901407,57
SIM057,Simulated unit 57,2014,-0.18084316767683717,4.9107366491452,57
SIM057,Simulated unit 57,2015,2.52372056678248,-0.18084316767683717,57
SIM057,Simulated unit 57,2016,-4.0982694481722755,2.52372056678248,57
SIM057,Simulated unit 57,2017,-2.327428196174999,-4.0982694481722755,57
SIM057,Simulated unit 57,2018,2.817413390495147,-2.327428196174999,57
SIM057,Simulated unit 57,2019,2.545630681011048,2.817413390495147,57
SIM058,Simulated unit 58,1961,3.769951171385545,0.5031873501141624,58
SIM058,Simulated unit 58,1962,5.986226148091071,3.769951171385545,58
SIM058,Simulated unit 58,1963,8.321854767455493,5.986226148091071,58
SIM058,Simulated unit 58,1964,8.416140145812458,8.321854767455493,58
SIM058,Simulated unit 58,1965,9.093808469298914,8.416140145812458,58
SIM058,Simulated unit 58,1966,8.455010753891951,9.093808469298914,58
SIM058,Simulated unit 58,1967,6.6695923996845865,8.455010753891951,58
SIM058,Simulated unit 58,1968,5.0702824391021935,6.6695923996845865,58
SIM058,Simulated unit 58,1969,3.13039030616911,5.0702824391021935,58
SIM058,Simulated unit 58,1970,-0.9588706954777115,3.13039030616911,58
SIM058,Simulated unit 58,1971,-2.641256943746053,-0.9588706954777115,58
SIM058,Simulated unit 58,1972,-1.6307976120532608,-2.641256943746053,58
SIM058,Simulated unit 58,1973,0.5458779115753315,-1.6307976120532608,58
SIM058,Simulated unit 58,1974,5.449964540957989,0.5458779115753315,58
SIM058,Simulated unit 58,1975,3.944587040948256,5.449964540957989,58
SIM058,Simulated unit 58,1976,6.177181097201945,3.944587040948256,58
SIM058,Simulated unit 58,1977,7.744255627617529,6.177181097201945,58
SIM058,Simulated unit 58,1978,4.752212983504145,7.744255627617529,58
SIM058,Simulated unit 58,1979,5.435398424213038,4.752212983504145,58
SIM058,Simulated unit 58,1980,3.3306549293532384,5.435398424213038,58
SIM058,Simulated unit 58,1981,6.764800639847374,3.3306549293532384,58
SIM058,Simulated unit 58,1982,6.7664103987062205,6.764800639847374,58
SIM058,Simulated unit 58,1983,1.2883949751586656,6.7664103987062205,58
SIM058,Simulated unit 58,1984,2.0576109415567396,1.2883949751586656,58
SIM058,Simulated unit 58,1985,6.978903050405682,2.0576109415567396,58
SIM058,Simulated unit 58,1986,4.443648726603305,6.978903050405682,58
SIM058,Simulated unit 58,1987,4.809334326247187,4.443648726603305,58
SIM058,Simulated unit 58,1988,5.323237108965747,4.809334326247187,58
SIM058,Simulated unit 58,1989,0.8840735678856473,5.323237108965747,58
SIM058,Simulated unit 58,1990,2.86256798837193,0.8840735678856473,58
SIM058,Simulated unit 58,1991,-1.6639646630807192,2.86256798837193,58
SIM058,Simulated unit 58,1992,-2.0752511170526198,-1.6639646630807192,58
SIM058,Simulated unit 58,1993,2.782018232251004,-2.0752511170526198,58
SIM058,Simulated unit 58,1994,3.5394798102756764,2.782018232251004,58
SIM058,Simulated unit 58,1995,2.010254462925825,3.5394798102756764,58
SIM058,Simulated unit 58,1996,3.3455357414910574,2.010254462925825,58
SIM058,Simulated unit 58,1997,2.6270447016292398,3.3455357414910574,58
SIM058,Simulated unit 58,1998,2.4139623280330436,2.6270447016292398,58
SIM058,Simulated unit 58,1999,4.21883297698024,2.4139623280330436,58
SIM058,Simulated unit 58,2000,1.1491965642107478,4.21883297698024,58
SIM058,Simulated unit 58,2001,1.610527155190521,1.1491965642107478,58
SIM058,Simulated unit 58,2002,0.8295117092943539,1.610527155190521,58
SIM058,Simulated unit 58,2003,-3.4591030982241544,0.8295117092943539,58
SIM058,Simulated unit 58,2004,-4.036829127682392,-3.4591030982241544,58
SIM058,Simulated unit 58,2005,3.082521864582062,-4.036829127682392,58
SIM058,Simulated unit 58,2006,3.8036830625049394,3.082521864582062,58
SIM058,Simulated unit 58,2007,-0.8885550667012039,3.8036830625049394,58
SIM058,Simulated unit 58,2008,-4.354196167565954,-0.8885550667012039,58
SIM058,Simulated unit 58,2009,-2.149009400871324,-4.354196167565954,58
SIM058,Simulated unit 58,2010,4.194153959006653,-2.149009400871324,58
SIM058,Simulated unit 58,2011,2.756217970990934,4.194153959006653,58
SIM058,Simulated unit 58,2012,6.374729442806608,2.756217970990934,58
SIM058,Simulated unit 58,2013,5.680629978139937,6.374729442806608,58
SIM058,Simulated unit 58,2014,5.622129360421643,5.680629978139937,58
SIM058,Simulated unit 58,2015,0.16611608833927782,5.622129360421643,58
SIM058,Simulated unit 58,2016,3.712238418252839,0.16611608833927782,58
SIM058,Simulated unit 58,2017,2.0225469391308817,3.712238418252839,58
SIM058,Simulated unit 58,2018,4.602805524311254,2.0225469391308817,58
SIM058,Simulated unit 58,2019,1.1191733686284135,4.602805524311254,58
SIM059,Simulated unit 59,1961,3.3746976873307366,2.5311480425297375,59
SIM059,Simulated unit 59,1962,2.3627186626708423,3.3746976873307366,59
SIM059,Simulated unit 59,1963,3.4312667768609755,2.3627186626708423,59
SIM059,Simulated unit 59,1964,2.059568840539059,3.4312667768609755,59
SIM059,Simulated unit 59,1965,0.08856204519959743,2.059568840539059,59
SIM059,Simulated unit 59,1966,5.669587375501652,0.08856204519959743,59
SIM059,Simulated unit 59,1967,7.348611024385318,5.669587375501652,59
SIM059,Simulated unit 59,1968,2.9265723794866596,7.348611024385318,59
SIM059,Simulated unit 59,1969,4.261276344475834,2.9265723794866596,59
SIM059,Simulated unit 59,1970,1.1287292425820419,4.261276344475834,59
SIM059,Simulated unit 59,1971,-2.0768163854377475,1.1287292425820419,59
SIM059,Simulated unit 59,1972,2.6553384929342805,-2.0768163854377475,59
SIM059,Simulated unit 59,1973,-2.7190957811816494,2.6553384929342805,59
SIM059,Simulated unit 59,1974,1.949110272020634,-2.7190957811816494,59
SIM059,Simulated unit 59,1975,1.211299225493205,1.949110272020634,59
SIM059,Simulated unit 59,1976,0.8921397260543371,1.211299225493205,59
SIM059,Simulated unit 59,1977,2.5645374945024715,0.8921397260543371,59
SIM059,Simulated unit 59,1978,4.08231893268424,2.5645374945024715,59
SIM059,Simulated unit 59,1979,0.7703618291238197,4.08231893268424,59
SIM059,Simulated unit 59,1980,3.415393923724482,0.7703618291238197,59
SIM059,Simulated unit 59,1981,3.189347968310359,3.415393923724482,59
SIM059,Simulated unit 59,1982,-1.0545555976178989,3.189347968310359,59
SIM059,Simulated unit 59,1983,-0.3423568093099568,-1.0545555976178989,59
SIM059,Simulated unit 59,1984,4.738422961090803,-0.3423568093099568,59
SIM059,Simulated unit 59,1985,8.672838171391572,4.738422961090803,59
SIM059,Simulated unit 59,1986,8.155748275660974,8.672838171391572,59
SIM059,Simulated unit 59,1987,2.1224185008914738,8.155748275660974,59
SIM059,Simulated unit 59,1988,3.545271807902549,2.1224185008914738,59
SIM059,Simulated unit 59,1989,5.479745796319108,3.545271807902549,59
SIM059,Simulated unit 59,1990,6.264971427747631,5.479745796319108,59
SIM059,Simulated unit 59,1991,6.913845722712333,6.264971427747631,59
SIM059,Simulated unit 59,1992,6.038096671369992,6.913845722712333,59
SIM059,Simulated unit 59,1993,4.205620986330364,6.038096671369992,59
SIM059,Simulated unit 59,1994,1.4982701040861632,4.205620986330364,59
SIM059,Simulated unit 59,1995,-3.994844493052791,1.4982701040861632,59
SIM059,Simulated unit 59,1996,-0.577981395691622,-3.994844493052791,59
SIM059,Simulated unit 59,1997,1.0113696935415926,-0.577981395691622,59
SIM059,Simulated unit 59,1998,3.079549344599404,1.0113696935415926,59
SIM059,Simulated unit 59,1999,-1.3649014731190396,3.079549344599404,59
SIM059,Simulated unit 59,2000,1.9161091840737572,-1.3649014731190396,59
SIM059,Simulated unit 59,2001,8.113300794306586,1.9161091840737572,59
SIM059,Simulated unit 59,2002,5.903330868917685,8.113300794306586,59
SIM059,Simulated unit 59,2003,4.157002563730988,5.903330868917685,59
SIM059,Simulated unit 59,2004,4.221208606495696,4.157002563730988,59
SIM059,Simulated unit 59,2005,9.42973623802843,4.221208606495696,59
SIM059,Simulated unit 59,2006,3.3868984577173853,9.42973623802843,59
SIM059,Simulated unit 59,2007,3.441759874812146,3.3868984577173853,59
SIM059,Simulated unit 59,2008,0.46608365799435525,3.441759874812146,59
SIM059,Simulated unit 59,2009,-0.5613639677383717,0.46608365799435525,59
SIM059,Simulated unit 59,2010,0.31441069571115904,-0.5613639677383717,59
SIM059,Simulated unit 59,2011,5.030616142267371,0.31441069571115904,59
SIM059,Simulated unit 59,2012,9.221341487426635,5.030616142267371,59
SIM059,Simulated unit 59,2013,7.677231326336099,9.221341487426635,59
SIM059,Simulated unit 59,2014,4.276554626731203,7.677231326336099,59
SIM059,Simulated unit 59,2015,10.844149375954277,4.276554626731203,59
SIM059,Simulated unit 59,2016,6.023826181584006,10.844149375954277,59
SIM059,Simulated unit 59,2017,2.7008879658711913,6.023826181584006,59
SIM059,Simulated unit 59,2018,-2.904296354213466,2.7008879658711913,59
SIM059,Simulated unit 59,2019,3.2456968952061507,-2.904296354213466,59
SIM060,Simulated unit 60,1961,10.996258674617668,4.904736777113882,60
SIM060,Simulated unit 60,1962,3.2291851481162226,10.996258674617668,60
SIM060,Simulated unit 60,1963,7.112023511307062,3.2291851481162226,60
SIM060,Simulated unit 60,1964,5.27762066188262,7.112023511307062,60
SIM060,Simulated unit 60,1965,6.384873047529981,5.27762066188262,60
SIM060,Simulated unit 60,1966,-0.3124075947954248,6.384873047529981,60
SIM060,Simulated unit 60,1967,5.0168009111186365,-0.3124075947954248,60
SIM060,Simulated unit 60,1968,6.169630800666674,5.0168009111186365,60
SIM060,Simulated unit 60,1969,4.385048376041351,6.169630800666674,60
SIM060,Simulated unit 60,1970,5.3663670886081745,4.385048376041351,60
SIM060,Simulated unit 60,1971,1.723334350038157,5.3663670886081745,60
SIM060,Simulated unit 60,1972,0.09568035327779634,1.723334350038157,60
SIM060,Simulated unit 60,1973,-0.5329256289095109,0.09568035327779634,60
SIM060,Simulated unit 60,1974,-5.077938962416541,-0.5329256289095109,60
SIM060,Simulated unit 60,1975,0.33851210516017716,-5.077938962416541,60
SIM060,Simulated unit 60,1976,4.577888105643805,0.33851210516017716,60
SIM060,Simulated unit 60,1977,1.442700414094758,4.577888105643805,60
SIM060,Simulated unit 60,1978,2.710229296291311,1.442700414094758,60
SIM060,Simulated unit 60,1979,1.629516153887078,2.710229296291311,60
SIM060,Simulated unit 60,1980,2.7625315785753384,1.629516153887078,60
SIM060,Simulated unit 60,1981,0.5747872235121154,2.7625315785753384,60
SIM060,Simulated unit 60,1982,-1.505403134155638,0.5747872235121154,60
SIM060,Simulated unit 60,1983,3.052982777577845,-1.505403134155638,60
SIM060,Simulated unit 60,1984,2.440177911173229,3.052982777577845,60
SIM060,Simulated unit 60,1985,8.330433599264365,2.440177911173229,60
SIM060,Simulated unit 60,1986,5.9371900539410385,8.330433599264365,60
SIM060,Simulated unit 60,1987,1.5840799113131467,5.9371900539410385,60
SIM060,Simulated unit 60,1988,5.431270576095704,1.5840799113131467,60
SIM060,Simulated unit 60,1989,5.951162838095482,5.431270576095704,60
SIM060,Simulated unit 60,1990,6.55131629394656,5.951162838095482,60
SIM060,Simulated unit 60,1991,8.302591812971691,6.55131629394656,60
SIM060,Simulated unit 60,1992,3.823166206245631,8.302591812971691,60
SIM060,Simulated unit 60,1993,2.712139796791516,3.823166206245631,60
SIM060,Simulated unit 60,1994,1.91293438361153,2.712139796791516,60
SIM060,Simulated unit 60,1995,-1.9244789805799374,1.91293438361153,60
SIM060,Simulated unit 60,1996,-1.145457838822693,-1.9244789805799374,60
SIM060,Simulated unit 60,1997,4.1218636703368565,-1.145457838822693,60
SIM060,Simulated unit 60,1998,3.985132513583655,4.1218636703368565,60
SIM060,Simulated unit 60,1999,-0.8471044753847705,3.985132513583655,60
SIM060,Simulated unit 60,2000,-4.375780920225667,-0.8471044753847705,60
SIM060,Simulated unit 60,2001,3.1688596241094134,-4.375780920225667,60
SIM060,Simulated unit 60,2002,2.4303587437002583,3.1688596241094134,60
SIM060,Simulated unit 60,2003,0.31598462911530323,2.4303587437002583,60
SIM060,Simulated unit 60,2004,0.16761548277817273,0.31598462911530323,60
SIM060,Simulated unit 60,2005,-3.5313539732850927,0.16761548277817273,60
SIM060,Simulated unit 60,2006,2.9504730645638038,-3.5313539732850927,60
SIM060,Simulated unit 60,2007,1.3911250259801935,2.9504730645638038,60
SIM060,Simulated unit 60,2008,5.736879598803382,1.3911250259801935,60
SIM060,Simulated unit 60,2009,4.397082902623975,5.736879598803382,60
SIM060,Simulated unit 60,2010,7.726845665279704,4.397082902623975,60
SIM060,Simulated unit 60,2011,6.206190896297079,7.726845665279704,60
SIM060,Simulated unit 60,2012,7.083412526385475,6.206190896297079,60
SIM060,Simulated unit 60,2013,7.2073266540962955,7.083412526385475,60
SIM060,Simulated unit 60,2014,6.994269191213689,7.2073266540962955,60
SIM060,Simulated unit 60,2015,6.040364946276346,6.994269191213689,60
SIM060,Simulated unit 60,2016,3.725666819419052,6.040364946276346,60
SIM060,Simulated unit 60,2017,8.781704166370012,3.725666819419052,60
SIM060,Simulated unit 60,2018,3.3482115445343053,8.781704166370012,60
SIM060,Simulated unit 60,2019,2.8218498537500625,3.3482115445343053,60
SIM061,Simulated unit 61,1961,3.2341168354042367,2.0446576256227864,61
SIM061,Simulated unit 61,1962,1.4520521635590382,3.2341168354042367,61
SIM061,Simulated unit 61,1963,2.615470214904186,1.4520521635590382,61
SIM061,Simulated unit 61,1964,1.8627543733336136,2.615470214904186,61
SIM061,Simulated unit 61,1965,-2.8282049283135295,1.8627543733336136,61
SIM061,Simulated unit 61,1966,-0.8682660982175783,-2.8282049283135295,61
SIM061,Simulated unit 61,1967,-3.0226556580210024,-0.8682660982175783,61
SIM061,Simulated unit 61,1968,-6.216750682159304,-3.0226556580210024,61
SIM061,Simulated unit 61,1969,-2.519430447227428,-6.216750682159304,61
SIM061,Simulated unit 61,1970,0.7519917577222428,-2.519430447227428,61
SIM061,Simulated unit 61,1971,2.831289180947075,0.7519917577222428,61
SIM061,Simulated unit 61,1972,4.200285629627327,2.831289180947075,61
SIM061,Simulated unit 61,1973,-2.4775956850454355,4.200285629627327,61
SIM061,Simulated unit 61,1974,-4.7696081947496705,-2.4775956850454355,61
SIM061,Simulated unit 61,1975,3.8587993935912097,-4.7696081947496705,61
SIM061,Simulated unit 61,1976,-0.026346644076382653,3.8587993935912097,61
SIM061,Simulated unit 61,1977,2.6167151069642376,-0.026346644076382653,61
SIM061,Simulated unit 61,1978,0.30921619918100474,2.6167151069642376,61
SIM061,Simulated unit 61,1979,1.2245479373112964,0.30921619918100474,61
SIM061,Simulated unit 61,1980,-0.3650338444340042,1.2245479373112964,61
SIM061,Simulated unit 61,1981,2.265603157198532,-0.3650338444340042,61
SIM061,Simulated unit 61,1982,2.569684246269216,2.265603157198532,61
SIM061,Simulated unit 61,1983,0.9969412268288287,2.569684246269216,61
SIM061,Simulated unit 61,1984,-1.7523516229448335,0.9969412268288287,61
SIM061,Simulated unit 61,1985,0.5519116187106333,-1.7523516229448335,61
SIM061,Simulated unit 61,1986,-2.50700942590139,0.5519116187106333,61
SIM061,Simulated unit 61,1987,0.5782374708216813,-2.50700942590139,61
SIM061,Simulated unit 61,1988,9.026397209603708,0.5782374708216813,61
SIM061,Simulated unit 61,1989,10.26634847954826,9.026397209603708,61
SIM061,Simulated unit 61,1990,9.114852748411444,10.26634847954826,61
SIM061,Simulated unit 61,1991,6.012089755823423,9.114852748411444,61
SIM061,Simulated unit 61,1992,-1.4090040275165219,6.012089755823423,61
SIM061,Simulated unit 61,1993,-4.012261604210466,-1.4090040275165219,61
SIM061,Simulated unit 61,1994,2.241021605781861,-4.012261604210466,61
SIM061,Simulated unit 61,1995,-0.22465527690522302,2.241021605781861,61
SIM061,Simulated unit 61,1996,-1.4325494606352738,-0.22465527690522302,61
SIM061,Simulated unit 61,1997,-0.5564811034332285,-1.4325494606352738,61
SIM061,Simulated unit 61,1998,-2.7200274385996015,-0.5564811034332285,61
SIM061,Simulated unit 61,1999,-4.512322666814669,-2.7200274385996015,61
SIM061,Simulated unit 61,2000,-2.0588158184330667,-4.512322666814669,61
SIM061,Simulated unit 61,2001,-3.1098778550759487,-2.0588158184330667,61
SIM061,Simulated unit 61,2002,-3.288982452382254,-3.1098778550759487,61
SIM061,Simulated unit 61,2003,-3.51696254987037,-3.288982452382254,61
SIM061,Simulated unit 61,2004,0.25690311158118395,-3.51696254987037,61
SIM061,Simulated unit 61,2005,0.25776479546263853,0.25690311158118395,61
SIM061,Simulated unit 61,2006,0.41894297359602206,0.25776479546263853,61
SIM061,Simulated unit 61,2007,2.842203476084263,0.41894297359602206,61
SIM061,Simulated unit 61,2008,2.0792032609517372,2.842203476084263,61
SIM061,Simulated unit 61,2009,1.212760651199524,2.0792032609517372,61
SIM061,Simulated unit 61,2010,2.9390074574302267,1.212760651199524,61
SIM061,Simulated unit 61,2011,4.567998005131029,2.9390074574302267,61
SIM061,Simulated unit 61,2012,3.099578304552805,4.567998005131029,61
SIM061,Simulated unit 61,2013,2.9015703095932475,3.099578304552805,61
SIM061,Simulated unit 61,2014,0.1955714965559645,2.9015703095932475,61
SIM061,Simulated unit 61,2015,-1.6647062315599976,0.1955714965559645,61
SIM061,Simulated unit 61,2016,2.1086187669644243,-1.6647062315599976,61
SIM061,Simulated unit 61,2017,3.3999974478125194,2.1086187669644243,61
SIM061,Simulated unit 61,2018,4.20589378393724,3.3999974478125194,61
SIM061,Simulated unit 61,2019,4.166099316538911,4.20589378393724,61
SIM062,Simulated unit 62,1961,4.172401568935224,2.138609827444861,62
SIM062,Simulated unit 62,1962,6.108767224429485,4.172401568935224,62
SIM062,Simulated unit 62,1963,7.198944350229634,6.108767224429485,62
SIM062,Simulated unit 62,1964,4.817032862299819,7.198944350229634,62
SIM062,Simulated unit 62,1965,7.851197907106405,4.817032862299819,62
SIM062,Simulated unit 62,1966,6.196100789460806,7.851197907106405,62
SIM062,Simulated unit 62,1967,6.414789051373878,6.196100789460806,62
SIM062,Simulated unit 62,1968,5.4951371033289655,6.414789051373878,62
SIM062,Simulated unit 62,1969,4.838102384449902,5.4951371033289655,62
SIM062,Simulated unit 62,1970,1.4956054599189819,4.838102384449902,62
SIM062,Simulated unit 62,1971,3.801415790985867,1.4956054599189819,62
SIM062,Simulated unit 62,1972,11.616732659314437,3.801415790985867,62
SIM062,Simulated unit 62,1973,6.645654371218412,11.616732659314437,62
SIM062,Simulated unit 62,1974,5.000376769005891,6.645654371218412,62
SIM062,Simulated unit 62,1975,2.461610268361748,5.000376769005891,62
SIM062,Simulated unit 62,1976,0.8129064563312447,2.461610268361748,62
SIM062,Simulated unit 62,1977,5.9210923081547655,0.8129064563312447,62
SIM062,Simulated unit 62,1978,2.3337423317104653,5.9210923081547655,62
SIM062,Simulated unit 62,1979,0.7780039789271955,2.3337423317104653,62
SIM062,Simulated unit 62,1980,-3.4956760838375867,0.7780039789271955,62
SIM062,Simulated unit 62,1981,-3.5702408239292938,-3.4956760838375867,62
SIM062,Simulated unit 62,1982,-6.46734417321762,-3.5702408239292938,62
SIM062,Simulated unit 62,1983,-1.1849924062947854,-6.46734417321762,62
SIM062,Simulated unit 62,1984,8.488096221735058,-1.1849924062947854,62
SIM062,Simulated unit 62,1985,4.792821352089468,8.488096221735058,62
SIM062,Simulated unit 62,1986,-1.324580987717031,4.792821352089468,62
SIM062,Simulated unit 62,1987,2.705250400658981,-1.324580987717031,62
SIM062,Simulated unit 62,1988,0.24237536360491818,2.705250400658981,62
SIM062,Simulated unit 62,1989,4.8434660098235724,0.24237536360491818,62
SIM062,Simulated unit 62,1990,2.8599924625243096,4.8434660098235724,62
SIM062,Simulated unit 62,1991,0.6205484102662435,2.8599924625243096,62
SIM062,Simulated unit 62,1992,0.6384563789226868,0.6205484102662435,62
SIM062,Simulated unit 62,1993,3.4564041101621736,0.6384563789226868,62
SIM062,Simulated unit 62,1994,2.1915805738303353,3.4564041101621736,62
SIM062,Simulated unit 62,1995,0.6247742359170847,2.1915805738303353,62
SIM062,Simulated unit 62,1996,0.5783697326136353,0.6247742359170847,62
SIM062,Simulated unit 62,1997,-2.6685437139344734,0.5783697326136353,62
SIM062,Simulated unit 62,1998,0.38996857852125655,-2.6685437139344734,62
SIM062,Simulated unit 62,1999,-4.326198634421977,0.38996857852125655,62
SIM062,Simulated unit 62,2000,-3.128083543749732,-4.326198634421977,62
SIM062,Simulated unit 62,2001,1.2013055002423905,-3.128083543749732,62
SIM062,Simulated unit 62,2002,2.429928148943585,1.2013055002423905,62
SIM062,Simulated unit 62,2003,4.028918608325322,2.429928148943585,62
SIM062,Simulated unit 62,2004,3.022214146838766,4.028918608325322,62
SIM062,Simulated unit 62,2005,6.122567031059809,3.022214146838766,62
SIM062,Simulated unit 62,2006,7.247637808945261,6.122567031059809,62
SIM062,Simulated unit 62,2007,6.487005698110179,7.247637808945261,62
SIM062,Simulated unit 62,2008,7.474840750806736,6.487005698110179,62
SIM062,Simulated unit 62,2009,7.536175113694771,7.474840750806736,62
SIM062,Simulated unit 62,2010,4.003314528176191,7.536175113694771,62
SIM062,Simulated unit 62,2011,-0.8297080181682865,4.003314528176191,62
SIM062,Simulated unit 62,2012,1.5632615666268996,-0.8297080181682865,62
SIM062,Simulated unit 62,2013,3.376224632470426,1.5632615666268996,62
SIM062,Simulated unit 62,2014,6.097150752897951,3.376224632470426,62
SIM062,Simulated unit 62,2015,1.6493266266028903,6.097150752897951,62
SIM062,Simulated unit 62,2016,-0.9296972018697558,1.6493266266028903,62
SIM062,Simulated unit 62,2017,1.6218824778014578,-0.9296972018697558,62
SIM062,Simulated unit 62,2018,1.5596285201216147,1.6218824778014578,62
SIM062,Simulated unit 62,2019,-3.9215077196404153,1.5596285201216147,62
SIM063,Simulated unit 63,1961,-2.8820740502093205,3.1253244912625724,63
SIM063,Simulated unit 63,1962,-3.765014085745721,-2.8820740502093205,63
SIM063,Simulated unit 63,1963,2.596035667132889,-3.765014085745721,63
SIM063,Simulated unit 63,1964,7.83225845370108,2.596035667132889,63
SIM063,Simulated unit 63,1965,1.8523859668047624,7.83225845370108,63
SIM063,Simulated unit 63,1966,0.9232569678447746,1.8523859668047624,63
SIM063,Simulated unit 63,1967,1.4818217499429829,0.9232569678447746,63
SIM063,Simulated unit 63,1968,7.032773832710493,1.4818217499429829,63
SIM063,Simulated unit 63,1969,3.541057456153091,7.032773832710493,63
SIM063,Simulated unit 63,1970,1.4939824045920205,3.541057456153091,63
SIM063,Simulated unit 63,1971,6.3425661181437984,1.4939824045920205,63
SIM063,Simulated unit 63,1972,3.4811722127315052,6.3425661181437984,63
SIM063,Simulated unit 63,1973,5.055308454538276,3.4811722127315052,63
SIM063,Simulated unit 63,1974,-0.5982438226143163,5.055308454538276,63
SIM063,Simulated unit 63,1975,-0.07264452584556835,-0.5982438226143163,63
SIM063,Simulated unit 63,1976,-4.222377230486555,-0.07264452584556835,63
SIM063,Simulated unit 63,1977,-4.899727681159046,-4.222377230486555,63
SIM063,Simulated unit 63,1978,0.3777674567613629,-4.899727681159046,63
SIM063,Simulated unit 63,1979,0.8769443007966798,0.3777674567613629,63
SIM063,Simulated unit 63,1980,0.3688493588190842,0.8769443007966798,63
SIM063,Simulated unit 63,1981,-1.2249392566513022,0.3688493588190842,63
SIM063,Simulated unit 63,1982,-0.5969317737146295,-1.2249392566513022,63
SIM063,Simulated unit 63,1983,1.3451804370733031,-0.5969317737146295,63
SIM063,Simulated unit 63,1984,4.555856881629268,1.3451804370733031,63
SIM063,Simulated unit 63,1985,-4.341925923312846,4.555856881629268,63
SIM063,Simulated unit 63,1986,-4.3004390767761365,-4.341925923312846,63
SIM063,Simulated unit 63,1987,-1.3029747194986645,-4.3004390767761365,63
SIM063,Simulated unit 63,1988,-0.2783741795860562,-1.3029747194986645,63
SIM063,Simulated unit 63,1989,1.8431042198285412,-0.2783741795860562,63
SIM063,Simulated unit 63,1990,2.708483390276786,1.8431042198285412,63
SIM063,Simulated unit 63,1991,1.51048644518585,2.708483390276786,63
SIM063,Simulated unit 63,1992,0.12573227914997887,1.51048644518585,63
SIM063,Simulated unit 63,1993,0.1389348982834847,0.12573227914997887,63
SIM063,Simulated unit 63,1994,4.329587988438319,0.1389348982834847,63
SIM063,Simulated unit 63,1995,1.2017289943458476,4.329587988438319,63
SIM063,Simulated unit 63,1996,1.3326172271756422,1.2017289943458476,63
SIM063,Simulated unit 63,1997,2.1495969783006483,1.3326172271756422,63
SIM063,Simulated unit 63,1998,6.770810976603763,2.1495969783006483,63
SIM063,Simulated unit 63,1999,3.9615618112533184,6.770810976603763,63
SIM063,Simulated unit 63,2000,6.053357054784874,3.9615618112533184,63
SIM063,Simulated unit 63,2001,8.12795244266599,6.053357054784874,63
SIM063,Simulated unit 63,2002,5.485508670627649,8.12795244266599,63
SIM063,Simulated unit 63,2003,3.459148265146302,5.485508670627649,63
SIM063,Simulated unit 63,2004,1.8883279429431332,3.459148265146302,63
SIM063,Simulated unit 63,2005,1.1655273630381329,1.8883279429431332,63
SIM063,Simulated unit 63,2006,4.062035999553379,1.1655273630381329,63
SIM063,Simulated unit 63,2007,3.9302515314985693,4.062035999553379,63
SIM063,Simulated unit 63,2008,3.8640200464087497,3.9302515314985693,63
SIM063,Simulated unit 63,2009,-0.2572585032942549,3.8640200464087497,63
SIM063,Simulated unit 63,2010,-2.2568253341022566,-0.2572585032942549,63
SIM063,Simulated unit 63,2011,5.876245273869586,-2.2568253341022566,63
SIM063,Simulated unit 63,2012,3.7922699884556827,5.876245273869586,63
SIM063,Simulated unit 63,2013,0.7510460063383286,3.7922699884556827,63
SIM063,Simulated unit 63,2014,5.543925100570888,0.7510460063383286,63
SIM063,Simulated unit 63,2015,4.971780706393189,5.543925100570888,63
SIM063,Simulated unit 63,2016,5.517533174429477,4.971780706393189,63
SIM063,Simulated unit 63,2017,3.696378678813086,5.517533174429477,63
SIM063,Simulated unit 63,2018,2.061807935557439,3.696378678813086,63
SIM063,Simulated unit 63,2019,1.528325643842592,2.061807935557439,63
SIM064,Simulated unit 64,1961,-0.7527109347972207,-2.1482145108958806,64
SIM064,Simulated unit 64,1962,1.2364726702495195,-0.7527109347972207,64
SIM064,Simulated unit 64,1963,7.093273303680974,1.2364726702495195,64
SIM064,Simulated unit 64,1964,5.313961177224231,7.093273303680974,64
SIM064,Simulated unit 64,1965,-3.014154420296377,5.313961177224231,64
SIM064,Simulated unit 64,1966,-1.2904489505316903,-3.014154420296377,64
SIM064,Simulated unit 64,1967,8.244243029005904,-1.2904489505316903,64
SIM064,Simulated unit 64,1968,8.345644522358661,8.244243029005904,64
SIM064,Simulated unit 64,1969,3.3747198819894306,8.345644522358661,64
SIM064,Simulated unit 64,1970,4.598151472485329,3.3747198819894306,64
SIM064,Simulated unit 64,1971,1.3328506088219765,4.598151472485329,64
SIM064,Simulated unit 64,1972,-2.4617121933473864,1.3328506088219765,64
SIM064,Simulated unit 64,1973,-1.7221354057106484,-2.4617121933473864,64
SIM064,Simulated unit 64,1974,0.04129807429019472,-1.7221354057106484,64
SIM064,Simulated unit 64,1975,-4.791687662726071,0.04129807429019472,64
SIM064,Simulated unit 64,1976,-5.52249046925155,-4.791687662726071,64
SIM064,Simulated unit 64,1977,-2.482487592003866,-5.52249046925155,64
SIM064,Simulated unit 64,1978,-1.9140120831691818,-2.482487592003866,64
SIM064,Simulated unit 64,1979,0.8360265635367634,-1.9140120831691818,64
SIM064,Simulated unit 64,1980,-2.3423890438036263,0.8360265635367634,64
SIM064,Simulated unit 64,1981,1.5369078193777266,-2.3423890438036263,64
SIM064,Simulated unit 64,1982,-1.8291325995539491,1.5369078193777266,64
SIM064,Simulated unit 64,1983,4.63072334608052,-1.8291325995539491,64
SIM064,Simulated unit 64,1984,-1.5688408454866378,4.63072334608052,64
SIM064,Simulated unit 64,1985,-3.4189673184422205,-1.5688408454866378,64
SIM064,Simulated unit 64,1986,0.0007320180301555457,-3.4189673184422205,64
SIM064,Simulated unit 64,1987,5.793138965311008,0.0007320180301555457,64
SIM064,Simulated unit 64,1988,5.221012487535117,5.793138965311008,64
SIM064,Simulated unit 64,1989,5.621181253068244,5.221012487535117,64
SIM064,Simulated unit 64,1990,4.225319456860121,5.621181253068244,64
SIM064,Simulated unit 64,1991,0.2559963117704922,4.225319456860121,64
SIM064,Simulated unit 64,1992,-0.5168172576558425,0.2559963117704922,64
SIM064,Simulated unit 64,1993,-3.1458195145373358,-0.5168172576558425,64
SIM064,Simulated unit 64,1994,-4.923621612053016,-3.1458195145373358,64
SIM064,Simulated unit 64,1995,-0.9489262092725701,-4.923621612053016,64
SIM064,Simulated unit 64,1996,-3.1388896718274273,-0.9489262092725701,64
SIM064,Simulated unit 64,1997,-0.12467178292637215,-3.1388896718274273,64
SIM064,Simulated unit 64,1998,-3.1802713264191165,-0.12467178292637215,64
SIM064,Simulated unit 64,1999,-0.21901373550120573,-3.1802713264191165,64
SIM064,Simulated unit 64,2000,-0.7974559481896109,-0.21901373550120573,64
SIM064,Simulated unit 64,2001,4.541373032038168,-0.7974559481896109,64
SIM064,Simulated unit 64,2002,4.4959805059600955,4.541373032038168,64
SIM064,Simulated unit 64,2003,7.204936982558482,4.4959805059600955,64
SIM064,Simulated unit 64,2004,2.8560220402595107,7.204936982558482,64
SIM064,Simulated unit 64,2005,2.682043244888208,2.8560220402595107,64
SIM064,Simulated unit 64,2006,-0.5340355274159099,2.682043244888208,64
SIM064,Simulated unit 64,2007,-0.7612370446828003,-0.5340355274159099,64
SIM064,Simulated unit 64,2008,-0.4430548950435673,-0.7612370446828003,64
SIM064,Simulated unit 64,2009,-1.6434075990875578,-0.4430548950435673,64
SIM064,Simulated unit 64,2010,-3.8325531359896203,-1.6434075990875578,64
SIM064,Simulated unit 64,2011,-5.740083852551731,-3.8325531359896203,64
SIM064,Simulated unit 64,2012,-9.663294658653228,-5.740083852551731,64
SIM064,Simulated unit 64,2013,-8.16701618570231,-9.663294658653228,64
SIM064,Simulated unit 64,2014,-2.217728021405853,-8.16701618570231,64
SIM064,Simulated unit 64,2015,-5.32613240888336,-2.217728021405853,64
SIM064,Simulated unit 64,2016,-6.500047984089931,-5.32613240888336,64
SIM064,Simulated unit 64,2017,2.2726669232447865,-6.500047984089931,64
SIM064,Simulated unit 64,2018,0.2541120044021099,2.2726669232447865,64
SIM064,Simulated unit 64,2019,1.9156052301357733,0.2541120044021099,64
SIM065,Simulated unit 65,1961,5.1437492530447315,3.926951439501484,65
SIM065,Simulated unit 65,1962,-0.6806931399973406,5.1437492530447315,65
SIM065,Simulated unit 65,1963,-0.301594923696875,-0.6806931399973406,65
SIM065,Simulated unit 65,1964,-4.235638762773301,-0.301594923696875,65
SIM065,Simulated unit 65,1965,5.59757031906699,-4.235638762773301,65
SIM065,Simulated unit 65,1966,-0.6260836006066057,5.59757031906699,65
SIM065,Simulated unit 65,1967,-2.719170816973424,-0.6260836006066057,65
SIM065,Simulated unit 65,1968,-3.9533050547085686,-2.719170816973424,65
SIM065,Simulated unit 65,1969,-6.0619644629937826,-3.9533050547085686,65
SIM065,Simulated unit 65,1970,1.2206030514733666,-6.0619644629937826,65
SIM065,Simulated unit 65,1971,8.799705534134507,1.2206030514733666,65
SIM065,Simulated unit 65,1972,4.652575962542851,8.799705534134507,65
SIM065,Simulated unit 65,1973,-0.36972386300751925,4.652575962542851,65
SIM065,Simulated unit 65,1974,-6.132610813982574,-0.36972386300751925,65
SIM065,Simulated unit 65,1975,-3.6118926439558487,-6.132610813982574,65
SIM065,Simulated unit 65,1976,-2.3162318558578407,-3.6118926439558487,65
SIM065,Simulated unit 65,1977,-2.543627492595138,-2.3162318558578407,65
SIM065,Simulated unit 65,1978,-0.062050733628397414,-2.543627492595138,65
SIM065,Simulated unit 65,1979,1.9482889882694205,-0.062050733628397414,65
SIM065,Simulated unit 65,1980,2.9382231667753542,1.9482889882694205,65
SIM065,Simulated unit 65,1981,1.6145592841597511,2.9382231667753542,65
SIM065,Simulated unit 65,1982,-1.536129918226935,1.6145592841597511,65
SIM065,Simulated unit 65,1983,1.8758213424839867,-1.536129918226935,65
SIM065,Simulated unit 65,1984,1.9630340837549833,1.8758213424839867,65
SIM065,Simulated unit 65,1985,4.64289302475694,1.9630340837549833,65
SIM065,Simulated unit 65,1986,5.9559624632708585,4.64289302475694,65
SIM065,Simulated unit 65,1987,0.10829127082116852,5.9559624632708585,65
SIM065,Simulated unit 65,1988,-3.4376918598801085,0.10829127082116852,65
SIM065,Simulated unit 65,1989,-3.5292372721496506,-3.4376918598801085,65
SIM065,Simulated unit 65,1990,-4.486338588161794,-3.5292372721496506,65
SIM065,Simulated unit 65,1991,0.37395217503122624,-4.486338588161794,65
SIM065,Simulated unit 65,1992,2.078300332982489,0.37395217503122624,65
SIM065,Simulated unit 65,1993,5.344532181145425,2.078300332982489,65
SIM065,Simulated unit 65,1994,5.1961797609200095,5.344532181145425,65
SIM065,Simulated unit 65,1995,4.5436566021721125,5.1961797609200095,65
SIM065,Simulated unit 65,1996,7.125383302335779,4.5436566021721125,65
SIM065,Simulated unit 65,1997,6.484412000606612,7.125383302335779,65
SIM065,Simulated unit 65,1998,4.894950090677124,6.484412000606612,65
SIM065,Simulated unit 65,1999,8.17832915619833,4.894950090677124,65
SIM065,Simulated unit 65,2000,6.052540143177367,8.17832915619833,65
SIM065,Simulated unit 65,2001,3.5185022711526552,6.052540143177367,65
SIM065,Simulated unit 65,2002,0.39763158635864393,3.5185022711526552,65
SIM065,Simulated unit 65,2003,3.14765532895142,0.39763158635864393,65
SIM065,Simulated unit 65,2004,6.399744822898259,3.14765532895142,65
SIM065,Simulated unit 65,2005,4.488084689438665,6.399744822898259,65
SIM065,Simulated unit 65,2006,7.416597685002714,4.488084689438665,65
SIM065,Simulated unit 65,2007,-0.6600864849130996,7.416597685002714,65
SIM065,Simulated unit 65,2008,0.2375879846283959,-0.6600864849130996,65
SIM065,Simulated unit 65,2009,0.822268054463729,0.2375879846283959,65
SIM065,Simulated unit 65,2010,-0.8876222845438035,0.822268054463729,65
SIM065,Simulated unit 65,2011,7.419009743219338,-0.8876222845438035,65
SIM065,Simulated unit 65,2012,5.052827947865318,7.419009743219338,65
SIM065,Simulated unit 65,2013,2.6085044539058915,5.052827947865318,65
SIM065,Simulated unit 65,2014,2.44298901264405,2.6085044539058915,65
SIM065,Simulated unit 65,2015,-3.742647807991059,2.44298901264405,65
SIM065,Simulated unit 65,2016,-3.7251924608293807,-3.742647807991059,65
SIM065,Simulated unit 65,2017,1.514604431838584,-3.7251924608293807,65
SIM065,Simulated unit 65,2018,-0.17807340569517383,1.514604431838584,65
SIM065,Simulated unit 65,2019,-1.7934695318179188,-0.17807340569517383,65
SIM066,Simulated unit 66,1961,8.377909348581408,5.928576909543201,66
SIM066,Simulated unit 66,1962,7.377717025632269,8.377909348581408,66
SIM066,Simulated unit 66,1963,3.86127821326336,7.377717025632269,66
SIM066,Simulated unit 66,1964,2.3983537326090447,3.86127821326336,66
SIM066,Simulated unit 66,1965,-0.17343764515945015,2.3983537326090447,66
SIM066,Simulated unit 66,1966,-2.2883819441816042,-0.17343764515945015,66
SIM066,Simulated unit 66,1967,-3.7062786314342597,-2.2883819441816042,66
SIM066,Simulated unit 66,1968,-3.277930399216178,-3.7062786314342597,66
SIM066,Simulated unit 66,1969,-4.270921211583942,-3.277930399216178,66
SIM066,Simulated unit 66,1970,-6.453668082579812,-4.270921211583942,66
SIM066,Simulated unit 66,1971,-2.4139928402861695,-6.453668082579812,66
SIM066,Simulated unit 66,1972,0.0553910385086096,-2.4139928402861695,66
SIM066,Simulated unit 66,1973,5.935612898390116,0.0553910385086096,66
SIM066,Simulated unit 66,1974,2.356352633969962,5.935612898390116,66
SIM066,Simulated unit 66,1975,3.102113349251789,2.356352633969962,66
SIM066,Simulated unit 66,1976,3.5994057473754784,3.102113349251789,66
SIM066,Simulated unit 66,1977,2.1981307650486874,3.5994057473754784,66
SIM066,Simulated unit 66,1978,4.351879225278241,2.1981307650486874,66
SIM066,Simulated unit 66,1979,5.736815095719088,4.351879225278241,66
SIM066,Simulated unit 66,1980,5.224322343024072,5.736815095719088,66
SIM066,Simulated unit 66,1981,3.1676742906710564,5.224322343024072,66
SIM066,Simulated unit 66,1982,1.628014248739029,3.1676742906710564,66
SIM066,Simulated unit 66,1983,-2.32645314714776,1.628014248739029,66
SIM066,Simulated unit 66,1984,-3.013625224141731,-2.32645314714776,66
SIM066,Simulated unit 66,1985,-2.8741977061901025,-3.013625224141731,66
SIM066,Simulated unit 66,1986,-4.296433911002364,-2.8741977061901025,66
SIM066,Simulated unit 66,1987,-0.4580884465384252,-4.296433911002364,66
SIM066,Simulated unit 66,1988,4.115030539037975,-0.4580884465384252,66
SIM066,Simulated unit 66,1989,0.5448310264353351,4.115030539037975,66
SIM066,Simulated unit 66,1990,1.9772229230951126,0.5448310264353351,66
SIM066,Simulated unit 66,1991,-1.1159996647320631,1.9772229230951126,66
SIM066,Simulated unit 66,1992,-0.7843663116567242,-1.1159996647320631,66
SIM066,Simulated unit 66,1993,-1.741608524527362,-0.7843663116567242,66
SIM066,Simulated unit 66,1994,1.5607218311029074,-1.741608524527362,66
SIM066,Simulated unit 66,1995,-0.29993142286479024,1.5607218311029074,66
SIM066,Simulated unit 66,1996,3.655022387401066,-0.29993142286479024,66
SIM066,Simulated unit 66,1997,2.2558511114540423,3.655022387401066,66
SIM066,Simulated unit 66,1998,0.20469953808793306,2.2558511114540423,66
SIM066,Simulated unit 66,1999,-2.837096064182729,0.20469953808793306,66
SIM066,Simulated unit 66,2000,-0.14264410762358803,-2.837096064182729,66
SIM066,Simulated unit 66,2001,3.400068742104388,-0.14264410762358803,66
SIM066,Simulated unit 66,2002,3.6600050148732555,3.400068742104388,66
SIM066,Simulated unit 66,2003,9.712498008167225,3.6600050148732555,66
SIM066,Simulated unit 66,2004,10.91686116231159,9.712498008167225,66
SIM066,Simulated unit 66,2005,6.427533403235907,10.91686116231159,66
SIM066,Simulated unit 66,2006,3.7024377405203364,6.427533403235907,66
SIM066,Simulated unit 66,2007,4.430552802768261,3.7024377405203364,66
SIM066,Simulated unit 66,2008,0.944274140383901,4.430552802768261,66
SIM066,Simulated unit 66,2009,4.8654294038278,0.944274140383901,66
SIM066,Simulated unit 66,2010,4.804059207827432,4.8654294038278,66
SIM066,Simulated unit 66,2011,4.451812257272058,4.804059207827432,66
SIM066,Simulated unit 66,2012,5.531948357675684,4.451812257272058,66
SIM066,Simulated unit 66,2013,9.287658664712588,5.531948357675684,66
SIM066,Simulated unit 66,2014,6.885461255390068,9.287658664712588,66
SIM066,Simulated unit 66,2015,4.592155640619887,6.885461255390068,66
SIM066,Simulated unit 66,2016,8.081452254339666,4.592155640619887,66
SIM066,Simulated unit 66,2017,8.551522600577204,8.081452254339666,66
SIM066,Simulated unit 66,2018,4.9679740391951555,8.551522600577204,66
SIM066,Simulated unit 66,2019,3.7963437694941535,4.9679740391951555,66
SIM067,Simulated unit 67,1961,3.437124482504786,2.5861427478163956,67
SIM067,Simulated unit 67,1962,-1.20752486331447,3.437124482504786,67
SIM067,Simulated unit 67,1963,-4.551968741393362,-1.20752486331447,67
SIM067,Simulated unit 67,1964,-4.593351310843378,-4.551968741393362,67
SIM067,Simulated unit 67,1965,-4.850226115540053,-4.593351310843378,67
SIM067,Simulated unit 67,1966,-4.041607711241539,-4.850226115540053,67
SIM067,Simulated unit 67,1967,0.2791672995250891,-4.041607711241539,67
SIM067,Simulated unit 67,1968,0.46071291074083853,0.2791672995250891,67
SIM067,Simulated unit 67,1969,1.665611561475068,0.46071291074083853,67
SIM067,Simulated unit 67,1970,-1.8735432932417444,1.665611561475068,67
SIM067,Simulated unit 67,1971,-1.709052584707882,-1.8735432932417444,67
SIM067,Simulated unit 67,1972,1.536341434409792,-1.709052584707882,67
SIM067,Simulated unit 67,1973,3.5066622351762806,1.536341434409792,67
SIM067,Simulated unit 67,1974,0.7302758565420442,3.5066622351762806,67
SIM067,Simulated unit 67,1975,1.7231526730638873,0.7302758565420442,67
SIM067,Simulated unit 67,1976,8.430435164285328,1.7231526730638873,67
SIM067,Simulated unit 67,1977,5.805467310804282,8.430435164285328,67
SIM067,Simulated unit 67,1978,2.2037195480552327,5.805467310804282,67
SIM067,Simulated unit 67,1979,1.600944560746659,2.2037195480552327,67
SIM067,Simulated unit 67,1980,2.0370980590284944,1.600944560746659,67
SIM067,Simulated unit 67,1981,1.5687536933454487,2.0370980590284944,67
SIM067,Simulated unit 67,1982,1.6471881139777638,1.5687536933454487,67
SIM067,Simulated unit 67,1983,-2.5420275224238607,1.6471881139777638,67
SIM067,Simulated unit 67,1984,-3.6131079387121696,-2.5420275224238607,67
SIM067,Simulated unit 67,1985,-1.8158704744417942,-3.6131079387121696,67
SIM067,Simulated unit 67,1986,-0.7853261947323866,-1.8158704744417942,67
SIM067,Simulated unit 67,1987,-1.3697635414194336,-0.7853261947323866,67
SIM067,Simulated unit 67,1988,-0.5528988830809709,-1.3697635414194336,67
SIM067,Simulated unit 67,1989,0.6513052363940336,-0.5528988830809709,67
SIM067,Simulated unit 67,1990,3.859023511409996,0.6513052363940336,67
SIM067,Simulated unit 67,1991,2.8177789011678445,3.859023511409996,67
SIM067,Simulated unit 67,1992,3.6879769565954668,2.8177789011678445,67
SIM067,Simulated unit 67,1993,1.3879852696555168,3.6879769565954668,67
SIM067,Simulated unit 67,1994,3.3490783325887556,1.3879852696555168,67
SIM067,Simulated unit 67,1995,3.936637892390323,3.3490783325887556,67
SIM067,Simulated unit 67,1996,5.759433744973652,3.936637892390323,67
SIM067,Simulated unit 67,1997,6.396041634317655,5.759433744973652,67
SIM067,Simulated unit 67,1998,6.403831849234031,6.396041634317655,67
SIM067,Simulated unit 67,1999,4.347046883567077,6.403831849234031,67
SIM067,Simulated unit 67,2000,4.143045811273651,4.347046883567077,67
SIM067,Simulated unit 67,2001,6.476354272118769,4.143045811273651,67
SIM067,Simulated unit 67,2002,2.729588855062878,6.476354272118769,67
SIM067,Simulated unit 67,2003,0.5525299769471299,2.729588855062878,67
SIM067,Simulated unit 67,2004,1.675812180019364,0.5525299769471299,67
SIM067,Simulated unit 67,2005,3.0513263788079787,1.675812180019364,67
SIM067,Simulated unit 67,2006,0.1584763294927738,3.0513263788079787,67
SIM067,Simulated unit 67,2007,0.6707981074557392,0.1584763294927738,67
SIM067,Simulated unit 67,2008,0.9204825417870892,0.6707981074557392,67
SIM067,Simulated unit 67,2009,-5.293550821738158,0.9204825417870892,67
SIM067,Simulated unit 67,2010,-3.0349124608191733,-5.293550821738158,67
SIM067,Simulated unit 67,2011,-1.4929009750369027,-3.0349124608191733,67
SIM067,Simulated unit 67,2012,-0.576619413491199,-1.4929009750369027,67
SIM067,Simulated unit 67,2013,4.701771175637085,-0.576619413491199,67
SIM067,Simulated unit 67,2014,-0.02633219014437449,4.701771175637085,67
SIM067,Simulated unit 67,2015,-1.6896670277004628,-0.02633219014437449,67
SIM067,Simulated unit 67,2016,-8.05038761157828,-1.6896670277004628,67
SIM067,Simulated unit 67,2017,-5.47298256546939,-8.05038761157828,67
SIM067,Simulated unit 67,2018,-3.670720201659637,-5.47298256546939,67
SIM067,Simulated unit 67,2019,-2.9323636499985506,-3.670720201659637,67
SIM068,Simulated unit 68,1961,6.575671778081658,5.32303201845128,68
SIM068,Simulated unit 68,1962,4.978973239650907,6.575671778081658,68
SIM068,Simulated unit 68,1963,2.675544783170958,4.978973239650907,68
SIM068,Simulated unit 68,1964,5.483895874223166,2.675544783170958,68
SIM068,Simulated unit 68,1965,4.031063945026345,5.483895874223166,68
SIM068,Simulated unit 68,1966,0.763828250260433,4.031063945026345,68
SIM068,Simulated unit 68,1967,-3.890449082297395,0.763828250260433,68
SIM068,Simulated unit 68,1968,-2.858212931065485,-3.890449082297395,68
SIM068,Simulated unit 68,1969,1.3490030928785348,-2.858212931065485,68
SIM068,Simulated unit 68,1970,8.43901792435639,1.3490030928785348,68
SIM068,Simulated unit 68,1971,6.048241793182261,8.43901792435639,68
SIM068,Simulated unit 68,1972,2.1328785305484437,6.048241793182261,68
SIM068,Simulated unit 68,1973,-1.4751685065235756,2.1328785305484437,68
SIM068,Simulated unit 68,1974,1.5707635850026511,-1.4751685065235756,68
SIM068,Simulated unit 68,1975,-3.5513900061512143,1.5707635850026511,68
SIM068,Simulated unit 68,1976,0.3202013005239366,-3.5513900061512143,68
SIM068,Simulated unit 68,1977,3.4452555991030986,0.3202013005239366,68
SIM068,Simulated unit 68,1978,4.175991719160452,3.4452555991030986,68
SIM068,Simulated unit 68,1979,2.6466100156805985,4.175991719160452,68
SIM068,Simulated unit 68,1980,4.082787970048803,2.6466100156805985,68
SIM068,Simulated unit 68,1981,3.7624878954141816,4.082787970048803,68
SIM068,Simulated unit 68,1982,0.7231212116667338,3.7624878954141816,68
SIM068,Simulated unit 68,1983,6.785109694125118,0.7231212116667338,68
SIM068,Simulated unit 68,1984,3.8160276776435214,6.785109694125118,68
SIM068,Simulated unit 68,1985,5.416873507935841,3.8160276776435214,68
SIM068,Simulated unit 68,1986,-3.2057187433256393,5.416873507935841,68
SIM068,Simulated unit 68,1987,2.705981402347404,-3.2057187433256393,68
SIM068,Simulated unit 68,1988,6.829880075372188,2.705981402347404,68
SIM068,Simulated unit 68,1989,4.987429406603227,6.829880075372188,68
SIM068,Simulated unit 68,1990,5.468770748175212,4.987429406603227,68
SIM068,Simulated unit 68,1991,5.756807993727815,5.468770748175212,68
SIM068,Simulated unit 68,1992,2.3257340873145163,5.756807993727815,68
SIM068,Simulated unit 68,1993,3.8368073687067303,2.3257340873145163,68
SIM068,Simulated unit 68,1994,0.6761930116063724,3.8368073687067303,68
SIM068,Simulated unit 68,1995,-0.6205549639721548,0.6761930116063724,68
SIM068,Simulated unit 68,1996,3.8084964512536033,-0.6205549639721548,68
SIM068,Simulated unit 68,1997,6.00907094285277,3.8084964512536033,68
SIM068,Simulated unit 68,1998,2.2863160593642844,6.00907094285277,68
SIM068,Simulated unit 68,1999,-0.028939394884551106,2.2863160593642844,68
SIM068,Simulated unit 68,2000,-1.1541534443037471,-0.028939394884551106,68
SIM068,Simulated unit 68,2001,2.305426632814224,-1.1541534443037471,68
SIM068,Simulated unit 68,2002,-0.816698362742657,2.305426632814224,68
SIM068,Simulated unit 68,2003,1.3801188994622637,-0.816698362742657,68
SIM068,Simulated unit 68,2004,3.868611771580242,1.3801188994622637,68
SIM068,Simulated unit 68,2005,2.856430712068845,3.868611771580242,68
SIM068,Simulated unit 68,2006,5.54404951783609,2.856430712068845,68
SIM068,Simulated unit 68,2007,3.213499202232277,5.54404951783609,68
SIM068,Simulated unit 68,2008,2.0865327183576223,3.213499202232277,68
SIM068,Simulated unit 68,2009,-0.8798190623809963,2.0865327183576223,68
SIM068,Simulated unit 68,2010,3.323640605432018,-0.8798190623809963,68
SIM068,Simulated unit 68,2011,0.4946230223225996,3.323640605432018,68
SIM068,Simulated unit 68,2012,2.1460892665387377,0.4946230223225996,68
SIM068,Simulated unit 68,2013,1.8737053585454382,2.1460892665387377,68
SIM068,Simulated unit 68,2014,-1.234125974207725,1.8737053585454382,68
SIM068,Simulated unit 68,2015,-1.7677850159945971,-1.234125974207725,68
SIM068,Simulated unit 68,2016,3.8879457075254438,-1.7677850159945971,68
SIM068,Simulated unit 68,2017,3.737740052418707,3.8879457075254438,68
SIM068,Simulated unit 68,2018,0.015193007350698284,3.737740052418707,68
SIM068,Simulated unit 68,2019,1.7251006664564945,0.015193007350698284,68
SIM069,Simulated unit 69,1961,12.099133949862363,1.5616579052163646,69
SIM069,Simulated unit 69,1962,8.914851893944235,12.099133949862363,69
SIM069,Simulated unit 69,1963,5.007036595167447,8.914851893944235,69
SIM069,Simulated unit 69,1964,8.064305710461781,5.007036595167447,69
SIM069,Simulated unit 69,1965,0.1154749243985318,8.064305710461781,69
SIM069,Simulated unit 69,1966,1.1522454237824116,0.1154749243985318,69
SIM069,Simulated unit 69,1967,7.474632738312666,1.1522454237824116,69
SIM069,Simulated unit 69,1968,4.936181789908337,7.474632738312666,69
SIM069,Simulated unit 69,1969,-1.4381940599992333,4.936181789908337,69
SIM069,Simulated unit 69,1970,-1.2506703292313333,-1.4381940599992333,69
SIM069,Simulated unit 69,1971,4.41315192533831,-1.2506703292313333,69
SIM069,Simulated unit 69,1972,4.576099944165299,4.41315192533831,69
SIM069,Simulated unit 69,1973,1.029091637961626,4.576099944165299,69
SIM069,Simulated unit 69,1974,-0.6382734387600966,1.029091637961626,69
SIM069,Simulated unit 69,1975,-1.262064876705498,-0.6382734387600966,69
SIM069,Simulated unit 69,1976,1.1263547261386897,-1.262064876705498,69
SIM069,Simulated unit 69,1977,5.490401234499173,1.1263547261386897,69
SIM069,Simulated unit 69,1978,7.251509779097017,5.490401234499173,69
SIM069,Simulated unit 69,1979,6.518942413785595,7.251509779097017,69
SIM069,Simulated unit 69,1980,0.7164311680989073,6.518942413785595,69
SIM069,Simulated unit 69,1981,-2.7539388411209793,0.7164311680989073,69
SIM069,Simulated unit 69,1982,0.7473927589687026,-2.7539388411209793,69
SIM069,Simulated unit 69,1983,-2.7879776384174613,0.7473927589687026,69
SIM069,Simulated unit 69,1984,-1.5494876462562894,-2.7879776384174613,69
SIM069,Simulated unit 69,1985,0.7827587508047573,-1.5494876462562894,69
SIM069,Simulated unit 69,1986,-2.143126735605212,0.7827587508047573,69
SIM069,Simulated unit 69,1987,-3.558663044439718,-2.143126735605212,69
SIM069,Simulated unit 69,1988,-1.6175610203672863,-3.558663044439718,69
SIM069,Simulated unit 69,1989,1.3404142503517897,-1.6175610203672863,69
SIM069,Simulated unit 69,1990,4.788804861452344,1.3404142503517897,69
SIM069,Simulated unit 69,1991,5.4944432211830625,4.788804861452344,69
SIM069,Simulated unit 69,1992,4.317635717686421,5.4944432211830625,69
SIM069,Simulated unit 69,1993,1.151997169940704,4.317635717686421,69
SIM069,Simulated unit 69,1994,-1.7215226855691352,1.151997169940704,69
SIM069,Simulated unit 69,1995,-1.7655448763289239,-1.7215226855691352,69
SIM069,Simulated unit 69,1996,0.9704798291443473,-1.7655448763289239,69
SIM069,Simulated unit 69,1997,2.392159017368637,0.9704798291443473,69
SIM069,Simulated unit 69,1998,-4.064410546754186,2.392159017368637,69
SIM069,Simulated unit 69,1999,-3.99567741285502,-4.064410546754186,69
SIM069,Simulated unit 69,2000,2.0161162071054557,-3.99567741285502,69
SIM069,Simulated unit 69,2001,2.247314867675692,2.0161162071054557,69
SIM069,Simulated unit 69,2002,-2.1026378187035424,2.247314867675692,69
SIM069,Simulated unit 69,2003,6.605880853572328,-2.1026378187035424,69
SIM069,Simulated unit 69,2004,4.676703315199103,6.605880853572328,69
SIM069,Simulated unit 69,2005,4.759023867059685,4.676703315199103,69
SIM069,Simulated unit 69,2006,4.853988588371215,4.759023867059685,69
SIM069,Simulated unit 69,2007,2.6096067545421713,4.853988588371215,69
SIM069,Simulated unit 69,2008,0.18304300726112022,2.6096067545421713,69
SIM069,Simulated unit 69,2009,7.274850759554494,0.18304300726112022,69
SIM069,Simulated unit 69,2010,8.174528064585948,7.274850759554494,69
SIM069,Simulated unit 69,2011,8.170528442077597,8.174528064585948,69
SIM069,Simulated unit 69,2012,7.43118464040119,8.170528442077597,69
SIM069,Simulated unit 69,2013,2.24875861315566,7.43118464040119,69
SIM069,Simulated unit 69,2014,5.981845743114217,2.24875861315566,69
SIM069,Simulated unit 69,2015,1.8597094718332827,5.981845743114217,69
SIM069,Simulated unit 69,2016,2.7656860775519068,1.8597094718332827,69
SIM069,Simulated unit 69,2017,-2.458758069862563,2.7656860775519068,69
SIM069,Simulated unit 69,2018,-6.797831393860097,-2.458758069862563,69
SIM069,Simulated unit 69,2019,-2.3238252283567142,-6.797831393860097,69
SIM070,Simulated unit 70,1961,-5.423881394842654,-0.4272978015847242,70
SIM070,Simulated unit 70,1962,-0.8325003280643655,-5.423881394842654,70
SIM070,Simulated unit 70,1963,6.660742116313749,-0.8325003280643655,70
SIM070,Simulated unit 70,1964,8.965126045528434,6.660742116313749,70
SIM070,Simulated unit 70,1965,5.407121971520042,8.965126045528434,70
SIM070,Simulated unit 70,1966,4.070809103002863,5.407121971520042,70
SIM070,Simulated unit 70,1967,5.905604232153458,4.070809103002863,70
SIM070,Simulated unit 70,1968,7.709746598796795,5.905604232153458,70
SIM070,Simulated unit 70,1969,4.395240802800981,7.709746598796795,70
SIM070,Simulated unit 70,1970,3.5396776288543115,4.395240802800981,70
SIM070,Simulated unit 70,1971,3.8256509976061963,3.5396776288543115,70
SIM070,Simulated unit 70,1972,4.757019559400213,3.8256509976061963,70
SIM070,Simulated unit 70,1973,3.2549824096063267,4.757019559400213,70
SIM070,Simulated unit 70,1974,2.3927337105575632,3.2549824096063267,70
SIM070,Simulated unit 70,1975,6.375137215597703,2.3927337105575632,70
SIM070,Simulated unit 70,1976,8.25364443668728,6.375137215597703,70
SIM070,Simulated unit 70,1977,7.184418382320633,8.25364443668728,70
SIM070,Simulated unit 70,1978,10.267978239461165,7.184418382320633,70
SIM070,Simulated unit 70,1979,5.801449656997447,10.267978239461165,70
SIM070,Simulated unit 70,1980,9.14979014008661,5.801449656997447,70
SIM070,Simulated unit 70,1981,7.917420414658617,9.14979014008661,70
SIM070,Simulated unit 70,1982,15.363530615438938,7.917420414658617,70
SIM070,Simulated unit 70,1983,6.440672588915929,15.363530615438938,70
SIM070,Simulated unit 70,1984,2.5963677966975327,6.440672588915929,70
SIM070,Simulated unit 70,1985,3.6142141626201627,2.5963677966975327,70
SIM070,Simulated unit 70,1986,4.160230656509073,3.6142141626201627,70
SIM070,Simulated unit 70,1987,9.1465553464305,4.160230656509073,70
SIM070,Simulated unit 70,1988,4.282809157959697,9.1465553464305,70
SIM070,Simulated unit 70,1989,6.084441050857471,4.282809157959697,70
SIM070,Simulated unit 70,1990,7.938053644560469,6.084441050857471,70
SIM070,Simulated unit 70,1991,7.6767756833982235,7.938053644560469,70
SIM070,Simulated unit 70,1992,2.5230763842659734,7.6767756833982235,70
SIM070,Simulated unit 70,1993,6.537122246322179,2.5230763842659734,70
SIM070,Simulated unit 70,1994,8.41024814173955,6.537122246322179,70
SIM070,Simulated unit 70,1995,7.644902444414861,8.41024814173955,70
SIM070,Simulated unit 70,1996,5.999984528275778,7.644902444414861,70
SIM070,Simulated unit 70,1997,5.078314747098581,5.999984528275778,70
SIM070,Simulated unit 70,1998,3.6107814715410154,5.078314747098581,70
SIM070,Simulated unit 70,1999,4.888824285682534,3.6107814715410154,70
SIM070,Simulated unit 70,2000,3.826699130244453,4.888824285682534,70
SIM070,Simulated unit 70,2001,0.5504445520887478,3.826699130244453,70
SIM070,Simulated unit 70,2002,-2.015508203229527,0.5504445520887478,70
SIM070,Simulated unit 70,2003,-2.6654136828945925,-2.015508203229527,70
SIM070,Simulated unit 70,2004,-0.13285148208840014,-2.6654136828945925,70
SIM070,Simulated unit 70,2005,0.6394216014413381,-0.13285148208840014,70
SIM070,Simulated unit 70,2006,1.8296843407310504,0.6394216014413381,70
SIM070,Simulated unit 70,2007,3.4002500050769635,1.8296843407310504,70
SIM070,Simulated unit 70,2008,0.958187225295541,3.4002500050769635,70
SIM070,Simulated unit 70,2009,5.7718928402133685,0.958187225295541,70
SIM070,Simulated unit 70,2010,3.4600032229855975,5.7718928402133685,70
SIM070,Simulated unit 70,2011,1.5757209794468316,3.4600032229855975,70
SIM070,Simulated unit 70,2012,3.192591299665456,1.5757209794468316,70
SIM070,Simulated unit 70,2013,-2.7939758273259447,3.192591299665456,70
SIM070,Simulated unit 70,2014,-3.2479888455643247,-2.7939758273259447,70
SIM070,Simulated unit 70,2015,1.7944250887369042,-3.2479888455643247,70
SIM070,Simulated unit 70,2016,-3.33561073394419,1.7944250887369042,70
SIM070,Simulated unit 70,2017,2.151356150432954,-3.33561073394419,70
SIM070,Simulated unit 70,2018,6.6242233893371765,2.151356150432954,70
SIM070,Simulated unit 70,2019,3.666168020131061,6.6242233893371765,70
SIM071,Simulated unit 71,1961,5.882524235920438,2.8754383022789303,71
SIM071,Simulated unit 71,1962,2.929146977421704,5.882524235920438,71
SIM071,Simulated unit 71,1963,5.160814748031567,2.929146977421704,71
SIM071,Simulated unit 71,1964,1.8830424634269254,5.160814748031567,71
SIM071,Simulated unit 71,1965,0.4970185980566173,1.8830424634269254,71
SIM071,Simulated unit 71,1966,-1.2997982341409506,0.4970185980566173,71
SIM071,Simulated unit 71,1967,1.0480626570998397,-1.2997982341409506,71
SIM071,Simulated unit 71,1968,4.902744751956552,1.0480626570998397,71
SIM071,Simulated unit 71,1969,3.1893080548224386,4.902744751956552,71
SIM071,Simulated unit 71,1970,-1.1001626468437462,3.1893080548224386,71
SIM071,Simulated unit 71,1971,-3.108218054966695,-1.1001626468437462,71
SIM071,Simulated unit 71,1972,0.11886743113160425,-3.108218054966695,71
SIM071,Simulated unit 71,1973,6.40366969886177,0.11886743113160425,71
SIM071,Simulated unit 71,1974,5.823376817260255,6.40366969886177,71
SIM071,Simulated unit 71,1975,3.1333364384023943,5.823376817260255,71
SIM071,Simulated unit 71,1976,4.978553763592289,3.1333364384023943,71
SIM071,Simulated unit 71,1977,3.068636351395134,4.978553763592289,71
SIM071,Simulated unit 71,1978,1.5063261587444614,3.068636351395134,71
SIM071,Simulated unit 71,1979,-1.171581621839114,1.5063261587444614,71
SIM071,Simulated unit 71,1980,4.322397559635599,-1.171581621839114,71
SIM071,Simulated unit 71,1981,-4.2241852167056315,4.322397559635599,71
SIM071,Simulated unit 71,1982,0.6590664708144287,-4.2241852167056315,71
SIM071,Simulated unit 71,1983,-0.1957949309039535,0.6590664708144287,71
SIM071,Simulated unit 71,1984,-0.5484991528972101,-0.1957949309039535,71
SIM071,Simulated unit 71,1985,5.547845976615111,-0.5484991528972101,71
SIM071,Simulated unit 71,1986,1.9863143093689124,5.547845976615111,71
SIM071,Simulated unit 71,1987,-0.0484188764638831,1.9863143093689124,71
SIM071,Simulated unit 71,1988,0.37976595736307917,-0.0484188764638831,71
SIM071,Simulated unit 71,1989,2.269401731854562,0.37976595736307917,71
SIM071,Simulated unit 71,1990,0.8360736922341292,2.269401731854562,71
SIM071,Simulated unit 71,1991,-3.419932576267179,0.8360736922341292,71
SIM071,Simulated unit 71,1992,-3.8490540884056035,-3.419932576267179,71
SIM071,Simulated unit 71,1993,2.3345691163501963,-3.8490540884056035,71
SIM071,Simulated unit 71,1994,2.425071837216652,2.3345691163501963,71
SIM071,Simulated unit 71,1995,3.6083049534414577,2.425071837216652,71
SIM071,Simulated unit 71,1996,2.180719350545762,3.6083049534414577,71
SIM071,Simulated unit 71,1997,0.12993852180764875,2.180719350545762,71
SIM071,Simulated unit 71,1998,5.910671462710822,0.12993852180764875,71
SIM071,Simulated unit 71,1999,3.7818273064732515,5.910671462710822,71
SIM071,Simulated unit 71,2000,1.7389867453025698,3.7818273064732515,71
SIM071,Simulated unit 71,2001,5.131819146247561,1.7389867453025698,71
SIM071,Simulated unit 71,2002,1.7120104111463808,5.131819146247561,71
SIM071,Simulated unit 71,2003,0.043024215365838225,1.7120104111463808,71
SIM071,Simulated unit 71,2004,0.8565545812701969,0.043024215365838225,71
SIM071,Simulated unit 71,2005,1.3147430610266573,0.8565545812701969,71
SIM071,Simulated unit 71,2006,2.3676798803256376,1.3147430610266573,71
SIM071,Simulated unit 71,2007,8.495615196381847,2.3676798803256376,71
SIM071,Simulated unit 71,2008,6.906113856886219,8.495615196381847,71
SIM071,Simulated unit 71,2009,-2.19049357412067,6.906113856886219,71
SIM071,Simulated unit 71,2010,0.46460068582228087,-2.19049357412067,71
SIM071,Simulated unit 71,2011,1.192400394962165,0.46460068582228087,71
SIM071,Simulated unit 71,2012,1.645790310031672,1.192400394962165,71
SIM071,Simulated unit 71,2013,2.5253161142075156,1.645790310031672,71
SIM071,Simulated unit 71,2014,2.229154805500111,2.5253161142075156,71
SIM071,Simulated unit 71,2015,1.9796566041338999,2.229154805500111,71
SIM071,Simulated unit 71,2016,3.8269265917926987,1.9796566041338999,71
SIM071,Simulated unit 71,2017,1.469913563492116,3.8269265917926987,71
SIM071,Simulated unit 71,2018,-1.1611108688222571,1.469913563492116,71
SIM071,Simulated unit 71,2019,9.174677836573819,-1.1611108688222571,71
SIM072,Simulated unit 72,1961,1.0118853385740092,-0.1475723313437003,72
SIM072,Simulated unit 72,1962,-3.0798495494816964,1.0118853385740092,72
SIM072,Simulated unit 72,1963,-0.6985044845347519,-3.0798495494816964,72
SIM072,Simulated unit 72,1964,-2.418779342788856,-0.6985044845347519,72
SIM072,Simulated unit 72,1965,-1.9786864342233463,-2.418779342788856,72
SIM072,Simulated unit 72,1966,2.7479821367793638,-1.9786864342233463,72
SIM072,Simulated unit 72,1967,3.8648179872018393,2.7479821367793638,72
SIM072,Simulated unit 72,1968,4.824119366045561,3.8648179872018393,72
SIM072,Simulated unit 72,1969,-1.6191428955482525,4.824119366045561,72
SIM072,Simulated unit 72,1970,5.339199772158087,-1.6191428955482525,72
SIM072,Simulated unit 72,1971,0.42787593046922723,5.339199772158087,72
SIM072,Simulated unit 72,1972,5.6424080011631315,0.42787593046922723,72
SIM072,Simulated unit 72,1973,7.250076398642338,5.6424080011631315,72
SIM072,Simulated unit 72,1974,6.882044064539443,7.250076398642338,72
SIM072,Simulated unit 72,1975,2.364272095998521,6.882044064539443,72
SIM072,Simulated unit 72,1976,2.673332792057681,2.364272095998521,72
SIM072,Simulated unit 72,1977,0.991235443300029,2.673332792057681,72
SIM072,Simulated unit 72,1978,1.4818599804958927,0.991235443300029,72
SIM072,Simulated unit 72,1979,0.9394992110408559,1.4818599804958927,72
SIM072,Simulated unit 72,1980,-4.7521319930927115,0.9394992110408559,72
SIM072,Simulated unit 72,1981,1.314073257098137,-4.7521319930927115,72
SIM072,Simulated unit 72,1982,1.345122484610799,1.314073257098137,72
SIM072,Simulated unit 72,1983,0.1526722922597683,1.345122484610799,72
SIM072,Simulated unit 72,1984,-0.7893783231334421,0.1526722922597683,72
SIM072,Simulated unit 72,1985,1.4017517352202393,-0.7893783231334421,72
SIM072,Simulated unit 72,1986,-1.0402179737512731,1.4017517352202393,72
SIM072,Simulated unit 72,1987,-6.589657459672894,-1.0402179737512731,72
SIM072,Simulated unit 72,1988,-1.932405066178908,-6.589657459672894,72
SIM072,Simulated unit 72,1989,1.1978659541631203,-1.932405066178908,72
SIM072,Simulated unit 72,1990,0.9198240984649735,1.1978659541631203,72
SIM072,Simulated unit 72,1991,-2.0918141664910426,0.9198240984649735,72
SIM072,Simulated unit 72,1992,-0.18828187722676942,-2.0918141664910426,72
SIM072,Simulated unit 72,1993,-3.7065662312768275,-0.18828187722676942,72
SIM072,Simulated unit 72,1994,-4.505631528829074,-3.7065662312768275,72
SIM072,Simulated unit 72,1995,-4.155472726809928,-4.505631528829074,72
SIM072,Simulated unit 72,1996,0.8385335765887116,-4.155472726809928,72
SIM072,Simulated unit 72,1997,0.21528729464247576,0.8385335765887116,72
SIM072,Simulated unit 72,1998,-0.41442685854389627,0.21528729464247576,72
SIM072,Simulated unit 72,1999,6.415421431107402,-0.41442685854389627,72
SIM072,Simulated unit 72,2000,5.7066403502305825,6.415421431107402,72
SIM072,Simulated unit 72,2001,5.2409677415628275,5.7066403502305825,72
SIM072,Simulated unit 72,2002,2.8354784093113716,5.2409677415628275,72
SIM072,Simulated unit 72,2003,0.7121720426764897,2.8354784093113716,72
SIM072,Simulated unit 72,2004,-5.331916094445558,0.7121720426764897,72
SIM072,Simulated unit 72,2005,0.5070719391033407,-5.331916094445558,72
SIM072,Simulated unit 72,2006,2.449172280731142,0.5070719391033407,72
SIM072,Simulated unit 72,2007,1.732005388798445,2.449172280731142,72
SIM072,Simulated unit 72,2008,1.4275231277703,1.732005388798445,72
SIM072,Simulated unit 72,2009,3.8649466634453455,1.4275231277703,72
SIM072,Simulated unit 72,2010,-1.545162221172352,3.8649466634453455,72
SIM072,Simulated unit 72,2011,-1.8967413273648277,-1.545162221172352,72
SIM072,Simulated unit 72,2012,-3.746953385096488,-1.8967413273648277,72
SIM072,Simulated unit 72,2013,3.866355816402346,-3.746953385096488,72
SIM072,Simulated unit 72,2014,5.74678008540131,3.866355816402346,72
SIM072,Simulated unit 72,2015,-2.360009872165307,5.74678008540131,72
SIM072,Simulated unit 72,2016,-5.1572908032191105,-2.360009872165307,72
SIM072,Simulated unit 72,2017,-2.6914115020039246,-5.1572908032191105,72
SIM072,Simulated unit 72,2018,-2.232167537419629,-2.6914115020039246,72
SIM072,Simulated unit 72,2019,-4.512447146682442,-2.232167537419629,72
SIM073,Simulated unit 73,1961,6.438191769718618,7.834286712951468,73
SIM073,Simulated unit 73,1962,6.087364030420446,6.438191769718618,73
SIM073,Simulated unit 73,1963,2.376373570555626,6.087364030420446,73
SIM073,Simulated unit 73,1964,4.392646583867383,2.376373570555626,73
SIM073,Simulated unit 73,1965,2.294289667374394,4.392646583867383,73
SIM073,Simulated unit 73,1966,1.326544279302138,2.294289667374394,73
SIM073,Simulated unit 73,1967,3.428932447057062,1.326544279302138,73
SIM073,Simulated unit 73,1968,-2.029633226946662,3.428932447057062,73
SIM073,Simulated unit 73,1969,4.3733036433849515,-2.029633226946662,73
SIM073,Simulated unit 73,1970,3.971149830202598,4.3733036433849515,73
SIM073,Simulated unit 73,1971,7.025522524462831,3.971149830202598,73
SIM073,Simulated unit 73,1972,1.7890542448212434,7.025522524462831,73
SIM073,Simulated unit 73,1973,-0.8960628251918332,1.7890542448212434,73
SIM073,Simulated unit 73,1974,-3.2233383599145364,-0.8960628251918332,73
SIM073,Simulated unit 73,1975,-0.3831099979542052,-3.2233383599145364,73
SIM073,Simulated unit 73,1976,0.7680839069822152,-0.3831099979542052,73
SIM073,Simulated unit 73,1977,-0.13238511350421245,0.7680839069822152,73
SIM073,Simulated unit 73,1978,-2.3216386467583656,-0.13238511350421245,73
SIM073,Simulated unit 73,1979,-4.3927719972475465,-2.3216386467583656,73
SIM073,Simulated unit 73,1980,-1.9811148997604957,-4.3927719972475465,73
SIM073,Simulated unit 73,1981,-1.7854292786220975,-1.9811148997604957,73
SIM073,Simulated unit 73,1982,-2.3280785442480454,-1.7854292786220975,73
SIM073,Simulated unit 73,1983,4.044421331846002,-2.3280785442480454,73
SIM073,Simulated unit 73,1984,2.979675764529399,4.044421331846002,73
SIM073,Simulated unit 73,1985,6.397934260498415,2.979675764529399,73
SIM073,Simulated unit 73,1986,3.0390040082509593,6.397934260498415,73
SIM073,Simulated unit 73,1987,3.3577312563465465,3.0390040082509593,73
SIM073,Simulated unit 73,1988,2.648210705038923,3.3577312563465465,73
SIM073,Simulated unit 73,1989,-2.7039405055310146,2.648210705038923,73
SIM073,Simulated unit 73,1990,3.4626506154731294,-2.7039405055310146,73
SIM073,Simulated unit 73,1991,2.47212954818663,3.4626506154731294,73
SIM073,Simulated unit 73,1992,4.522532387810859,2.47212954818663,73
SIM073,Simulated unit 73,1993,1.2574332653018372,4.522532387810859,73
SIM073,Simulated unit 73,1994,1.0599268144418086,1.2574332653018372,73
SIM073,Simulated unit 73,1995,-1.164600991104979,1.0599268144418086,73
SIM073,Simulated unit 73,1996,3.809234853627193,-1.164600991104979,73
SIM073,Simulated unit 73,1997,4.019768954528343,3.809234853627193,73
SIM073,Simulated unit 73,1998,4.31302195275967,4.019768954528343,73
SIM073,Simulated unit 73,1999,7.462365612970739,4.31302195275967,73
SIM073,Simulated unit 73,2000,8.746443258479513,7.462365612970739,73
SIM073,Simulated unit 73,2001,8.343893563496565,8.746443258479513,73
SIM073,Simulated unit 73,2002,1.54115409698555,8.343893563496565,73
SIM073,Simulated unit 73,2003,-0.3623449003587207,1.54115409698555,73
SIM073,Simulated unit 73,2004,-2.4290713482492907,-0.3623449003587207,73
SIM073,Simulated unit 73,2005,1.5251582719278234,-2.4290713482492907,73
SIM073,Simulated unit 73,2006,2.2270507884068484,1.5251582719278234,73
SIM073,Simulated unit 73,2007,-2.035306827847675,2.2270507884068484,73
SIM073,Simulated unit 73,2008,-0.9874167357422875,-2.035306827847675,73
SIM073,Simulated unit 73,2009,-4.274787048601707,-0.9874167357422875,73
SIM073,Simulated unit 73,2010,-1.924341693370304,-4.274787048601707,73
SIM073,Simulated unit 73,2011,-5.320722527983737,-1.924341693370304,73
SIM073,Simulated unit 73,2012,-0.8059510366364036,-5.320722527983737,73
SIM073,Simulated unit 73,2013,1.4503172561203785,-0.8059510366364036,73
SIM073,Simulated unit 73,2014,7.394035833712872,1.4503172561203785,73
SIM073,Simulated unit 73,2015,7.78004136871975,7.394035833712872,73
SIM073,Simulated unit 73,2016,4.199282053764341,7.78004136871975,73
SIM073,Simulated unit 73,2017,5.773779512082063,4.199282053764341,73
SIM073,Simulated unit 73,2018,0.07127606441370293,5.773779512082063,73
SIM073,Simulated unit 73,2019,-2.0446521723950344,0.07127606441370293,73
SIM074,Simulated unit 74,1961,-3.875092430508584,2.9994275962253303,74
SIM074,Simulated unit 74,1962,-1.6365378131067991,-3.875092430508584,74
SIM074,Simulated unit 74,1963,-3.2427125642193415,-1.6365378131067991,74
SIM074,Simulated unit 74,1964,-0.8417063730718142,-3.2427125642193415,74
SIM074,Simulated unit 74,1965,-2.9382328979848786,-0.8417063730718142,74
SIM074,Simulated unit 74,1966,0.30980467357463914,-2.9382328979848786,74
SIM074,Simulated unit 74,1967,1.0438650751469525,0.30980467357463914,74
SIM074,Simulated unit 74,1968,5.627416795732163,1.0438650751469525,74
SIM074,Simulated unit 74,1969,4.196653679744164,5.627416795732163,74
SIM074,Simulated unit 74,1970,1.0120637929620995,4.196653679744164,74
SIM074,Simulated unit 74,1971,0.6665807082954109,1.0120637929620995,74
SIM074,Simulated unit 74,1972,-2.8327607660729486,0.6665807082954109,74
SIM074,Simulated unit 74,1973,0.31875530447255085,-2.8327607660729486,74
SIM074,Simulated unit 74,1974,2.760803921629347,0.31875530447255085,74
SIM074,Simulated unit 74,1975,9.864070463056063,2.760803921629347,74
SIM074,Simulated unit 74,1976,4.852934306020423,9.864070463056063,74
SIM074,Simulated unit 74,1977,2.9083768625867057,4.852934306020423,74
SIM074,Simulated unit 74,1978,0.8177505442373763,2.9083768625867057,74
SIM074,Simulated unit 74,1979,1.926991429936098,0.8177505442373763,74
SIM074,Simulated unit 74,1980,3.1012664614005,1.926991429936098,74
SIM074,Simulated unit 74,1981,2.5006353435547672,3.1012664614005,74
SIM074,Simulated unit 74,1982,5.559358956751957,2.5006353435547672,74
SIM074,Simulated unit 74,1983,2.284676862786842,5.559358956751957,74
SIM074,Simulated unit 74,1984,5.1293282613442415,2.284676862786842,74
SIM074,Simulated unit 74,1985,5.493090517729792,5.1293282613442415,74
SIM074,Simulated unit 74,1986,4.059764550941036,5.493090517729792,74
SIM074,Simulated unit 74,1987,2.2910488082931852,4.059764550941036,74
SIM074,Simulated unit 74,1988,9.454632561170019,2.2910488082931852,74
SIM074,Simulated unit 74,1989,4.021753584475773,9.454632561170019,74
SIM074,Simulated unit 74,1990,4.106851681590707,4.021753584475773,74
SIM074,Simulated unit 74,1991,1.013453798228027,4.106851681590707,74
SIM074,Simulated unit 74,1992,6.764934524800733,1.013453798228027,74
SIM074,Simulated unit 74,1993,7.51943970127805,6.764934524800733,74
SIM074,Simulated unit 74,1994,3.276614184243398,7.51943970127805,74
SIM074,Simulated unit 74,1995,4.303753490839723,3.276614184243398,74
SIM074,Simulated unit 74,1996,4.1553392583335,4.303753490839723,74
SIM074,Simulated unit 74,1997,1.743329269075884,4.1553392583335,74
SIM074,Simulated unit 74,1998,4.120490213130051,1.743329269075884,74
SIM074,Simulated unit 74,1999,4.440210301191261,4.120490213130051,74
SIM074,Simulated unit 74,2000,4.111222322372613,4.440210301191261,74
SIM074,Simulated unit 74,2001,3.1409742596965815,4.111222322372613,74
SIM074,Simulated unit 74,2002,3.9777480336169027,3.1409742596965815,74
SIM074,Simulated unit 74,2003,3.87481180464752,3.9777480336169027,74
SIM074,Simulated unit 74,2004,3.3021670818635642,3.87481180464752,74
SIM074,Simulated unit 74,2005,0.858252501155448,3.3021670818635642,74
SIM074,Simulated unit 74,2006,6.396250222980746,0.858252501155448,74
SIM074,Simulated unit 74,2007,1.4864903037428063,6.396250222980746,74
SIM074,Simulated unit 74,2008,2.974802838884919,1.4864903037428063,74
SIM074,Simulated unit 74,2009,1.6241594764266523,2.974802838884919,74
SIM074,Simulated unit 74,2010,7.053137494203891,1.6241594764266523,74
SIM074,Simulated unit 74,2011,2.321434884850812,7.053137494203891,74
SIM074,Simulated unit 74,2012,-0.012928854370508613,2.321434884850812,74
SIM074,Simulated unit 74,2013,-2.1172115024077813,-0.012928854370508613,74
SIM074,Simulated unit 74,2014,0.5000682514071622,-2.1172115024077813,74
SIM074,Simulated unit 74,2015,-3.019111027861628,0.5000682514071622,74
SIM074,Simulated unit 74,2016,-2.447052100990276,-3.019111027861628,74
SIM074,Simulated unit 74,2017,-7.12532872915702,-2.447052100990276,74
SIM074,Simulated unit 74,2018,-2.75393317510994,-7.12532872915702,74
SIM074,Simulated unit 74,2019,-2.3530044813347515,-2.75393317510994,74
SIM075,Simulated unit 75,1961,2.5783260698448407,-2.464170231795559,75
SIM075,Simulated unit 75,1962,-1.576005053247914,2.5783260698448407,75
SIM075,Simulated unit 75,1963,2.245228038135898,-1.576005053247914,75
SIM075,Simulated unit 75,1964,0.044014350918125444,2.245228038135898,75
SIM075,Simulated unit 75,1965,5.631122744237153,0.044014350918125444,75
SIM075,Simulated unit 75,1966,6.42732526332073,5.631122744237153,75
SIM075,Simulated unit 75,1967,1.6322515453703534,6.42732526332073,75
SIM075,Simulated unit 75,1968,-0.9718967294087066,1.6322515453703534,75
SIM075,Simulated unit 75,1969,2.033437578027706,-0.9718967294087066,75
SIM075,Simulated unit 75,1970,1.2329281546861228,2.033437578027706,75
SIM075,Simulated unit 75,1971,1.031729371747577,1.2329281546861228,75
SIM075,Simulated unit 75,1972,5.23575420836484,1.031729371747577,75
SIM075,Simulated unit 75,1973,1.6953859049090343,5.23575420836484,75
SIM075,Simulated unit 75,1974,2.0911128594717843,1.6953859049090343,75
SIM075,Simulated unit 75,1975,4.918551096639988,2.0911128594717843,75
SIM075,Simulated unit 75,1976,6.178483123140794,4.918551096639988,75
SIM075,Simulated unit 75,1977,4.028251871322459,6.178483123140794,75
SIM075,Simulated unit 75,1978,2.3502334802355,4.028251871322459,75
SIM075,Simulated unit 75,1979,-3.0063062994214946,2.3502334802355,75
SIM075,Simulated unit 75,1980,-4.172518757648484,-3.0063062994214946,75
SIM075,Simulated unit 75,1981,-0.7484335748648895,-4.172518757648484,75
SIM075,Simulated unit 75,1982,-0.06270671174564224,-0.7484335748648895,75
SIM075,Simulated unit 75,1983,0.9871572086512939,-0.06270671174564224,75
SIM075,Simulated unit 75,1984,4.510055154092958,0.9871572086512939,75
SIM075,Simulated unit 75,1985,-0.05593623473104836,4.510055154092958,75
SIM075,Simulated unit 75,1986,0.05789735246342109,-0.05593623473104836,75
SIM075,Simulated unit 75,1987,1.4008713017117058,0.05789735246342109,75
SIM075,Simulated unit 75,1988,-0.4719570316965245,1.4008713017117058,75
SIM075,Simulated unit 75,1989,4.811257122764336,-0.4719570316965245,75
SIM075,Simulated unit 75,1990,6.412514678498043,4.811257122764336,75
SIM075,Simulated unit 75,1991,5.517908788365093,6.412514678498043,75
SIM075,Simulated unit 75,1992,9.493440611004814,5.517908788365093,75
SIM075,Simulated unit 75,1993,1.9993785277724614,9.493440611004814,75
SIM075,Simulated unit 75,1994,1.9764482733464317,1.9993785277724614,75
SIM075,Simulated unit 75,1995,3.0848798708100422,1.9764482733464317,75
SIM075,Simulated unit 75,1996,-0.09273721789574063,3.0848798708100422,75
SIM075,Simulated unit 75,1997,1.6465012947157405,-0.09273721789574063,75
SIM075,Simulated unit 75,1998,-1.53184670453419,1.6465012947157405,75
SIM075,Simulated unit 75,1999,1.9525639321022454,-1.53184670453419,75
SIM075,Simulated unit 75,2000,5.145042663648067,1.9525639321022454,75
SIM075,Simulated unit 75,2001,4.704025801573826,5.145042663648067,75
SIM075,Simulated unit 75,2002,-1.935977964250542,4.704025801573826,75
SIM075,Simulated unit 75,2003,-3.2619673420484285,-1.935977964250542,75
SIM075,Simulated unit 75,2004,0.5369496044104254,-3.2619673420484285,75
SIM075,Simulated unit 75,2005,1.1857656931833527,0.5369496044104254,75
SIM075,Simulated unit 75,2006,-6.570548437167452,1.1857656931833527,75
SIM075,Simulated unit 75,2007,0.5861620893042505,-6.570548437167452,75
SIM075,Simulated unit 75,2008,1.5616667723440474,0.5861620893042505,75
SIM075,Simulated unit 75,2009,-0.7202239285937069,1.5616667723440474,75
SIM075,Simulated unit 75,2010,3.3527324355437687,-0.7202239285937069,75
SIM075,Simulated unit 75,2011,0.7790194226055647,3.3527324355437687,75
SIM075,Simulated unit 75,2012,-0.7979446992493051,0.7790194226055647,75
SIM075,Simulated unit 75,2013,1.3962911334925254,-0.7979446992493051,75
SIM075,Simulated unit 75,2014,6.9808900578224,1.3962911334925254,75
SIM075,Simulated unit 75,2015,9.859295568612097,6.9808900578224,75
SIM075,Simulated unit 75,2016,7.794711837879578,9.859295568612097,75
SIM075,Simulated unit 75,2017,6.863984079278706,7.794711837879578,75
SIM075,Simulated unit 75,2018,7.292887243821697,6.863984079278706,75
SIM075,Simulated unit 75,2019,1.4047813201849708,7.292887243821697,75
SIM076,Simulated unit 76,1961,0.957246602442984,3.9324450114559477,76
SIM076,Simulated unit 76,1962,2.3297821618555323,0.957246602442984,76
SIM076,Simulated unit 76,1963,1.5154664142913075,2.3297821618555323,76
SIM076,Simulated unit 76,1964,3.212904829917427,1.5154664142913075,76
SIM076,Simulated unit 76,1965,3.0820532929698365,3.212904829917427,76
SIM076,Simulated unit 76,1966,-6.569858836681998,3.0820532929698365,76
SIM076,Simulated unit 76,1967,-2.6052401668936573,-6.569858836681998,76
SIM076,Simulated unit 76,1968,1.1633147567615938,-2.6052401668936573,76
SIM076,Simulated unit 76,1969,2.835773899072317,1.1633147567615938,76
SIM076,Simulated unit 76,1970,2.193706500817651,2.835773899072317,76
SIM076,Simulated unit 76,1971,7.0427089762818085,2.193706500817651,76
SIM076,Simulated unit 76,1972,5.9597447731340685,7.0427089762818085,76
SIM076,Simulated unit 76,1973,5.68886676445976,5.9597447731340685,76
SIM076,Simulated unit 76,1974,7.346795740827563,5.68886676445976,76
SIM076,Simulated unit 76,1975,6.2958564435863344,7.346795740827563,76
SIM076,Simulated unit 76,1976,1.8834606059091898,6.2958564435863344,76
SIM076,Simulated unit 76,1977,-5.384935877793353,1.8834606059091898,76
SIM076,Simulated unit 76,1978,-3.8623242327302565,-5.384935877793353,76
SIM076,Simulated unit 76,1979,0.7654420380051958,-3.8623242327302565,76
SIM076,Simulated unit 76,1980,0.1999762285497002,0.7654420380051958,76
SIM076,Simulated unit 76,1981,3.3235208539750083,0.1999762285497002,76
SIM076,Simulated unit 76,1982,3.2402970401458235,3.3235208539750083,76
SIM076,Simulated unit 76,1983,6.608376434874048,3.2402970401458235,76
SIM076,Simulated unit 76,1984,3.8793757395624446,6.608376434874048,76
SIM076,Simulated unit 76,1985,4.53046992344053,3.8793757395624446,76
SIM076,Simulated unit 76,1986,5.035937147670396,4.53046992344053,76
SIM076,Simulated unit 76,1987,8.326367906495816,5.035937147670396,76
SIM076,Simulated unit 76,1988,0.6759088248946554,8.326367906495816,76
SIM076,Simulated unit 76,1989,-0.16967952872267955,0.6759088248946554,76
SIM076,Simulated unit 76,1990,3.243740598931904,-0.16967952872267955,76
SIM076,Simulated unit 76,1991,7.383933798695087,3.243740598931904,76
SIM076,Simulated unit 76,1992,5.950574817143292,7.383933798695087,76
SIM076,Simulated unit 76,1993,3.492232397021514,5.950574817143292,76
SIM076,Simulated unit 76,1994,5.166694544236242,3.492232397021514,76
SIM076,Simulated unit 76,1995,6.506124752236795,5.166694544236242,76
SIM076,Simulated unit 76,1996,3.6246898153401554,6.506124752236795,76
SIM076,Simulated unit 76,1997,3.9657358257367323,3.6246898153401554,76
SIM076,Simulated unit 76,1998,6.7210232826779475,3.9657358257367323,76
SIM076,Simulated unit 76,1999,10.503990949430124,6.7210232826779475,76
SIM076,Simulated unit 76,2000,9.330209447363949,10.503990949430124,76
SIM076,Simulated unit 76,2001,6.530542358415149,9.330209447363949,76
SIM076,Simulated unit 76,2002,4.556099886935365,6.530542358415149,76
SIM076,Simulated unit 76,2003,5.205849603742087,4.556099886935365,76
SIM076,Simulated unit 76,2004,3.5764912348069013,5.205849603742087,76
SIM076,Simulated unit 76,2005,3.5148162379513055,3.5764912348069013,76
SIM076,Simulated unit 76,2006,-0.26473905082184146,3.5148162379513055,76
SIM076,Simulated unit 76,2007,4.532328158980373,-0.26473905082184146,76
SIM076,Simulated unit 76,2008,0.09884271394218835,4.532328158980373,76
SIM076,Simulated unit 76,2009,-0.43702965299372476,0.09884271394218835,76
SIM076,Simulated unit 76,2010,0.8305619907592067,-0.43702965299372476,76
SIM076,Simulated unit 76,2011,7.27129783412144,0.8305619907592067,76
SIM076,Simulated unit 76,2012,3.894729745915882,7.27129783412144,76
SIM076,Simulated unit 76,2013,1.13879040566834,3.894729745915882,76
SIM076,Simulated unit 76,2014,-0.16917650860037736,1.13879040566834,76
SIM076,Simulated unit 76,2015,5.6751855976737104,-0.16917650860037736,76
SIM076,Simulated unit 76,2016,-4.231929621913837,5.6751855976737104,76
SIM076,Simulated unit 76,2017,-4.747371809594063,-4.231929621913837,76
SIM076,Simulated unit 76,2018,6.145443041722217,-4.747371809594063,76
SIM076,Simulated unit 76,2019,6.259912045508241,6.145443041722217,76
SIM077,Simulated unit 77,1961,-0.11652685533491047,-1.31795484801766,77
SIM077,Simulated unit 77,1962,0.9324475850026388,-0.11652685533491047,77
SIM077,Simulated unit 77,1963,3.897844288718401,0.9324475850026388,77
SIM077,Simulated unit 77,1964,8.657212581698731,3.897844288718401,77
SIM077,Simulated unit 77,1965,7.159982592856885,8.657212581698731,77
SIM077,Simulated unit 77,1966,3.4766246466752477,7.159982592856885,77
SIM077,Simulated unit 77,1967,5.2472281142997605,3.4766246466752477,77
SIM077,Simulated unit 77,1968,1.853578777991273,5.2472281142997605,77
SIM077,Simulated unit 77,1969,-1.1878652211723244,1.853578777991273,77
SIM077,Simulated unit 77,1970,-5.19244574857273,-1.1878652211723244,77
SIM077,Simulated unit 77,1971,-7.01085263264484,-5.19244574857273,77
SIM077,Simulated unit 77,1972,-6.09584704795972,-7.01085263264484,77
SIM077,Simulated unit 77,1973,-6.390877531878445,-6.09584704795972,77
SIM077,Simulated unit 77,1974,-2.094816937002915,-6.390877531878445,77
SIM077,Simulated unit 77,1975,-4.055095639673855,-2.094816937002915,77
SIM077,Simulated unit 77,1976,-11.064056289878545,-4.055095639673855,77
SIM077,Simulated unit 77,1977,-8.970169097695525,-11.064056289878545,77
SIM077,Simulated unit 77,1978,-5.997680401781572,-8.970169097695525,77
SIM077,Simulated unit 77,1979,-4.61495670468484,-5.997680401781572,77
SIM077,Simulated unit 77,1980,2.589600015116649,-4.61495670468484,77
SIM077,Simulated unit 77,1981,0.5131323312025391,2.589600015116649,77
SIM077,Simulated unit 77,1982,3.750649788319117,0.5131323312025391,77
SIM077,Simulated unit 77,1983,2.993442073948885,3.750649788319117,77
SIM077,Simulated unit 77,1984,2.469151067351535,2.993442073948885,77
SIM077,Simulated unit 77,1985,-0.22465022613318997,2.469151067351535,77
SIM077,Simulated unit 77,1986,0.48886190957778464,-0.22465022613318997,77
SIM077,Simulated unit 77,1987,-1.20197123494558,0.48886190957778464,77
SIM077,Simulated unit 77,1988,0.5888902017963635,-1.20197123494558,77
SIM077,Simulated unit 77,1989,0.44458522320675353,0.5888902017963635,77
SIM077,Simulated unit 77,1990,-1.7671326656507487,0.44458522320675353,77
SIM077,Simulated unit 77,1991,2.715403419711337,-1.7671326656507487,77
SIM077,Simulated unit 77,1992,3.7097634918910782,2.715403419711337,77
SIM077,Simulated unit 77,1993,1.6816698927079026,3.7097634918910782,77
SIM077,Simulated unit 77,1994,2.2454810767306714,1.6816698927079026,77
SIM077,Simulated unit 77,1995,1.895821081532512,2.2454810767306714,77
SIM077,Simulated unit 77,1996,-0.6652801628703142,1.895821081532512,77
SIM077,Simulated unit 77,1997,0.6123205893413031,-0.6652801628703142,77
SIM077,Simulated unit 77,1998,-0.6956429108173414,0.6123205893413031,77
SIM077,Simulated unit 77,1999,-2.4521872533507025,-0.6956429108173414,77
SIM077,Simulated unit 77,2000,-5.539614342809996,-2.4521872533507025,77
SIM077,Simulated unit 77,2001,-3.5995906663018893,-5.539614342809996,77
SIM077,Simulated unit 77,2002,0.34115757897003673,-3.5995906663018893,77
SIM077,Simulated unit 77,2003,-1.0792835127545568,0.34115757897003673,77
SIM077,Simulated unit 77,2004,7.714555968821175,-1.0792835127545568,77
SIM077,Simulated unit 77,2005,8.085790542250901,7.714555968821175,77
SIM077,Simulated unit 77,2006,9.564464723331975,8.085790542250901,77
SIM077,Simulated unit 77,2007,8.92440787022046,9.564464723331975,77
SIM077,Simulated unit 77,2008,11.713239646947994,8.92440787022046,77
SIM077,Simulated unit 77,2009,5.4669378377511695,11.713239646947994,77
SIM077,Simulated unit 77,2010,-3.6020494543251633,5.4669378377511695,77
SIM077,Simulated unit 77,2011,-2.699606497653747,-3.6020494543251633,77
SIM077,Simulated unit 77,2012,0.8548918280503648,-2.699606497653747,77
SIM077,Simulated unit 77,2013,1.7674860120741542,0.8548918280503648,77
SIM077,Simulated unit 77,2014,2.6869094401478435,1.7674860120741542,77
SIM077,Simulated unit 77,2015,6.374875672098323,2.6869094401478435,77
SIM077,Simulated unit 77,2016,5.771098126646493,6.374875672098323,77
SIM077,Simulated unit 77,2017,6.659397658760961,5.771098126646493,77
SIM077,Simulated unit 77,2018,1.976950369698299,6.659397658760961,77
SIM077,Simulated unit 77,2019,-1.3000108458291308,1.976950369698299,77
SIM078,Simulated unit 78,1961,5.208109666885281,6.842341769073463,78
SIM078,Simulated unit 78,1962,2.0551782497927635,5.208109666885281,78
SIM078,Simulated unit 78,1963,0.1689234692343038,2.0551782497927635,78
SIM078,Simulated unit 78,1964,-1.0460152833741905,0.1689234692343038,78
SIM078,Simulated unit 78,1965,-1.9544862331620396,-1.0460152833741905,78
SIM078,Simulated unit 78,1966,-4.222135147708203,-1.9544862331620396,78
SIM078,Simulated unit 78,1967,-6.234542295286447,-4.222135147708203,78
SIM078,Simulated unit 78,1968,-3.5257385101351257,-6.234542295286447,78
SIM078,Simulated unit 78,1969,-3.0942207170422735,-3.5257385101351257,78
SIM078,Simulated unit 78,1970,2.264945426104522,-3.0942207170422735,78
SIM078,Simulated unit 78,1971,3.0381972154634624,2.264945426104522,78
SIM078,Simulated unit 78,1972,3.4188713695120265,3.0381972154634624,78
SIM078,Simulated unit 78,1973,0.621961599043864,3.4188713695120265,78
SIM078,Simulated unit 78,1974,0.8100917120863913,0.621961599043864,78
SIM078,Simulated unit 78,1975,2.369058338146156,0.8100917120863913,78
SIM078,Simulated unit 78,1976,4.370022222025719,2.369058338146156,78
SIM078,Simulated unit 78,1977,3.1403378536603355,4.370022222025719,78
SIM078,Simulated unit 78,1978,5.921574050168829,3.1403378536603355,78
SIM078,Simulated unit 78,1979,4.376912356825126,5.921574050168829,78
SIM078,Simulated unit 78,1980,5.8046887696481155,4.376912356825126,78
SIM078,Simulated unit 78,1981,2.8132566360214186,5.8046887696481155,78
SIM078,Simulated unit 78,1982,-2.949811118093074,2.8132566360214186,78
SIM078,Simulated unit 78,1983,-0.1648097068002763,-2.949811118093074,78
SIM078,Simulated unit 78,1984,2.877086365359711,-0.1648097068002763,78
SIM078,Simulated unit 78,1985,4.252293814638535,2.877086365359711,78
SIM078,Simulated unit 78,1986,4.617936273095442,4.252293814638535,78
SIM078,Simulated unit 78,1987,2.5250008659923027,4.617936273095442,78
SIM078,Simulated unit 78,1988,-0.1052382347413956,2.5250008659923027,78
SIM078,Simulated unit 78,1989,2.392041866286504,-0.1052382347413956,78
SIM078,Simulated unit 78,1990,3.514567368366728,2.392041866286504,78
SIM078,Simulated unit 78,1991,1.2260431484885577,3.514567368366728,78
SIM078,Simulated unit 78,1992,4.863898456669306,1.2260431484885577,78
SIM078,Simulated unit 78,1993,1.0697425303587824,4.863898456669306,78
SIM078,Simulated unit 78,1994,-0.3087246181578518,1.0697425303587824,78
SIM078,Simulated unit 78,1995,5.524040866130283,-0.3087246181578518,78
SIM078,Simulated unit 78,1996,6.720170332879908,5.524040866130283,78
SIM078,Simulated unit 78,1997,3.7580742820548765,6.720170332879908,78
SIM078,Simulated unit 78,1998,3.9169866981635773,3.7580742820548765,78
SIM078,Simulated unit 78,1999,3.614568752469662,3.9169866981635773,78
SIM078,Simulated unit 78,2000,-5.268100343450337,3.614568752469662,78
SIM078,Simulated unit 78,2001,-5.080282054490347,-5.268100343450337,78
SIM078,Simulated unit 78,2002,-2.4007090840220524,-5.080282054490347,78
SIM078,Simulated unit 78,2003,-1.71025988009115,-2.4007090840220524,78
SIM078,Simulated unit 78,2004,0.5151517664365718,-1.71025988009115,78
SIM078,Simulated unit 78,2005,4.4975379987057025,0.5151517664365718,78
SIM078,Simulated unit 78,2006,2.5339154452616386,4.4975379987057025,78
SIM078,Simulated unit 78,2007,-0.8526151212116115,2.5339154452616386,78
SIM078,Simulated unit 78,2008,1.262985902806169,-0.8526151212116115,78
SIM078,Simulated unit 78,2009,0.5779215409802909,1.262985902806169,78
SIM078,Simulated unit 78,2010,0.6785624221224668,0.5779215409802909,78
SIM078,Simulated unit 78,2011,0.3318162958142441,0.6785624221224668,78
SIM078,Simulated unit 78,2012,7.724603177521503,0.3318162958142441,78
SIM078,Simulated unit 78,2013,-1.2873508764809332,7.724603177521503,78
SIM078,Simulated unit 78,2014,-1.1374122352864982,-1.2873508764809332,78
SIM078,Simulated unit 78,2015,0.10648558188292502,-1.1374122352864982,78
SIM078,Simulated unit 78,2016,-1.479536127718581,0.10648558188292502,78
SIM078,Simulated unit 78,2017,2.6117558197537005,-1.479536127718581,78
SIM078,Simulated unit 78,2018,4.806826528011139,2.6117558197537005,78
SIM078,Simulated unit 78,2019,3.540832061341061,4.806826528011139,78
SIM079,Simulated unit 79,1961,1.1769167376864096,1.1879787339689176,79
SIM079,Simulated unit 79,1962,1.1917900816684137,1.1769167376864096,79
SIM079,Simulated unit 79,1963,1.2799549646237605,1.1917900816684137,79
SIM079,Simulated unit 79,1964,1.003975674223858,1.2799549646237605,79
SIM079,Simulated unit 79,1965,2.159733348311493,1.003975674223858,79
SIM079,Simulated unit 79,1966,4.355476203470491,2.159733348311493,79
SIM079,Simulated unit 79,1967,-0.27749472071343595,4.355476203470491,79
SIM079,Simulated unit 79,1968,-2.5184885301275086,-0.27749472071343595,79
SIM079,Simulated unit 79,1969,-5.956647206527076,-2.5184885301275086,79
SIM079,Simulated unit 79,1970,-0.1747961228434467,-5.956647206527076,79
SIM079,Simulated unit 79,1971,1.4460922058653214,-0.1747961228434467,79
SIM079,Simulated unit 79,1972,3.183457871317505,1.4460922058653214,79
SIM079,Simulated unit 79,1973,-1.578419992299903,3.183457871317505,79
SIM079,Simulated unit 79,1974,5.207792373260474,-1.578419992299903,79
SIM079,Simulated unit 79,1975,2.0981226995202107,5.207792373260474,79
SIM079,Simulated unit 79,1976,2.5634910410458938,2.0981226995202107,79
SIM079,Simulated unit 79,1977,4.9012486066626515,2.5634910410458938,79
SIM079,Simulated unit 79,1978,0.7798098966093749,4.9012486066626515,79
SIM079,Simulated unit 79,1979,-0.37108713757237544,0.7798098966093749,79
SIM079,Simulated unit 79,1980,1.1148630412591976,-0.37108713757237544,79
SIM079,Simulated unit 79,1981,10.041337051149636,1.1148630412591976,79
SIM079,Simulated unit 79,1982,7.728176459245854,10.041337051149636,79
SIM079,Simulated unit 79,1983,10.255989327439668,7.728176459245854,79
SIM079,Simulated unit 79,1984,10.570613032039667,10.255989327439668,79
SIM079,Simulated unit 79,1985,8.246397928707356,10.570613032039667,79
SIM079,Simulated unit 79,1986,2.7802514423323776,8.246397928707356,79
SIM079,Simulated unit 79,1987,5.647411697854132,2.7802514423323776,79
SIM079,Simulated unit 79,1988,-0.3058840062316621,5.647411697854132,79
SIM079,Simulated unit 79,1989,5.419094967292279,-0.3058840062316621,79
SIM079,Simulated unit 79,1990,4.6514729050301336,5.419094967292279,79
SIM079,Simulated unit 79,1991,-4.3597868988764485,4.6514729050301336,79
SIM079,Simulated unit 79,1992,-2.837390424421386,-4.3597868988764485,79
SIM079,Simulated unit 79,1993,1.0594092081159898,-2.837390424421386,79
SIM079,Simulated unit 79,1994,0.7245739057502939,1.0594092081159898,79
SIM079,Simulated unit 79,1995,3.3797617764308963,0.7245739057502939,79
SIM079,Simulated unit 79,1996,0.27778456272165153,3.3797617764308963,79
SIM079,Simulated unit 79,1997,-2.9512763807298317,0.27778456272165153,79
SIM079,Simulated unit 79,1998,-1.185102037580715,-2.9512763807298317,79
SIM079,Simulated unit 79,1999,0.18363577932131533,-1.185102037580715,79
SIM079,Simulated unit 79,2000,-0.13497158559417488,0.18363577932131533,79
SIM079,Simulated unit 79,2001,4.400890488570073,-0.13497158559417488,79
SIM079,Simulated unit 79,2002,0.8899121677248707,4.400890488570073,79
SIM079,Simulated unit 79,2003,2.273444122631971,0.8899121677248707,79
SIM079,Simulated unit 79,2004,2.3679763870700583,2.273444122631971,79
SIM079,Simulated unit 79,2005,-2.449362024166215,2.3679763870700583,79
SIM079,Simulated unit 79,2006,-4.626707765505266,-2.449362024166215,79
SIM079,Simulated unit 79,2007,-1.9402916105572654,-4.626707765505266,79
SIM079,Simulated unit 79,2008,5.579425029726532,-1.9402916105572654,79
SIM079,Simulated unit 79,2009,5.885464453532352,5.579425029726532,79
SIM079,Simulated unit 79,2010,-0.845625803314487,5.885464453532352,79
SIM079,Simulated unit 79,2011,-9.038839677346704,-0.845625803314487,79
SIM079,Simulated unit 79,2012,-2.4241430273948836,-9.038839677346704,79
SIM079,Simulated unit 79,2013,-0.9431262652215271,-2.4241430273948836,79
SIM079,Simulated unit 79,2014,3.6579221493981926,-0.9431262652215271,79
SIM079,Simulated unit 79,2015,0.3525995275045912,3.6579221493981926,79
SIM079,Simulated unit 79,2016,2.0621972100783337,0.3525995275045912,79
SIM079,Simulated unit 79,2017,4.575838715130589,2.0621972100783337,79
SIM079,Simulated unit 79,2018,2.2031123144589073,4.575838715130589,79
SIM079,Simulated unit 79,2019,0.8436106779821482,2.2031123144589073,79
SIM080,Simulated unit 80,1961,3.6735021356580893,2.0757884932951716,80
SIM080,Simulated unit 80,1962,2.9610992678591206,3.6735021356580893,80
SIM080,Simulated unit 80,1963,5.498648573993932,2.9610992678591206,80
SIM080,Simulated unit 80,1964,2.7133835765952687,5.498648573993932,80
SIM080,Simulated unit 80,1965,-1.5571554704321677,2.7133835765952687,80
SIM080,Simulated unit 80,1966,5.796632822080238,-1.5571554704321677,80
SIM080,Simulated unit 80,1967,2.4640784836208036,5.796632822080238,80
SIM080,Simulated unit 80,1968,0.5731208390192404,2.4640784836208036,80
SIM080,Simulated unit 80,1969,0.9464625401949911,0.5731208390192404,80
SIM080,Simulated unit 80,1970,1.5694208530789382,0.9464625401949911,80
SIM080,Simulated unit 80,1971,0.5816015843825144,1.5694208530789382,80
SIM080,Simulated unit 80,1972,1.0966592597824816,0.5816015843825144,80
SIM080,Simulated unit 80,1973,1.3387088615849672,1.0966592597824816,80
SIM080,Simulated unit 80,1974,2.1276832980134013,1.3387088615849672,80
SIM080,Simulated unit 80,1975,-4.995852398153907,2.1276832980134013,80
SIM080,Simulated unit 80,1976,3.445117482131204,-4.995852398153907,80
SIM080,Simulated unit 80,1977,2.42520554867505,3.445117482131204,80
SIM080,Simulated unit 80,1978,3.996991187545986,2.42520554867505,80
SIM080,Simulated unit 80,1979,-0.936109312074481,3.996991187545986,80
SIM080,Simulated unit 80,1980,-1.1746663709924392,-0.936109312074481,80
SIM080,Simulated unit 80,1981,-1.9217474215567067,-1.1746663709924392,80
SIM080,Simulated unit 80,1982,4.056122840591612,-1.9217474215567067,80
SIM080,Simulated unit 80,1983,1.4762328838473184,4.056122840591612,80
SIM080,Simulated unit 80,1984,3.9599796911286647,1.4762328838473184,80
SIM080,Simulated unit 80,1985,1.2247264566576133,3.9599796911286647,80
SIM080,Simulated unit 80,1986,0.17697905503273592,1.2247264566576133,80
SIM080,Simulated unit 80,1987,0.1695369374175837,0.17697905503273592,80
SIM080,Simulated unit 80,1988,4.753257542938451,0.1695369374175837,80
SIM080,Simulated unit 80,1989,-2.017603451327285,4.753257542938451,80
SIM080,Simulated unit 80,1990,-4.357552736619669,-2.017603451327285,80
SIM080,Simulated unit 80,1991,-7.656447139041252,-4.357552736619669,80
SIM080,Simulated unit 80,1992,-7.056374642709102,-7.656447139041252,80
SIM080,Simulated unit 80,1993,-5.868624939201783,-7.056374642709102,80
SIM080,Simulated unit 80,1994,-7.564618725792236,-5.868624939201783,80
SIM080,Simulated unit 80,1995,-5.941214475319349,-7.564618725792236,80
SIM080,Simulated unit 80,1996,-8.808872127991854,-5.941214475319349,80
SIM080,Simulated unit 80,1997,-7.539289448098156,-8.808872127991854,80
SIM080,Simulated unit 80,1998,-0.12231246912829175,-7.539289448098156,80
SIM080,Simulated unit 80,1999,1.9373767293663335,-0.12231246912829175,80
SIM080,Simulated unit 80,2000,2.5248290541373835,1.9373767293663335,80
SIM080,Simulated unit 80,2001,-0.6934382363549134,2.5248290541373835,80
SIM080,Simulated unit 80,2002,-4.22431781894712,-0.6934382363549134,80
SIM080,Simulated unit 80,2003,-5.152058917971114,-4.22431781894712,80
SIM080,Simulated unit 80,2004,-2.420864831470713,-5.152058917971114,80
SIM080,Simulated unit 80,2005,1.9520114402975772,-2.420864831470713,80
SIM080,Simulated unit 80,2006,4.678309115584508,1.9520114402975772,80
SIM080,Simulated unit 80,2007,5.498822556800704,4.678309115584508,80
SIM080,Simulated unit 80,2008,1.8866229418765892,5.498822556800704,80
SIM080,Simulated unit 80,2009,2.0056232623379175,1.8866229418765892,80
SIM080,Simulated unit 80,2010,1.039346367291013,2.0056232623379175,80
SIM080,Simulated unit 80,2011,0.8200385298903571,1.039346367291013,80
SIM080,Simulated unit 80,2012,7.403406808813653,0.8200385298903571,80
SIM080,Simulated unit 80,2013,-0.043956625722645803,7.403406808813653,80
SIM080,Simulated unit 80,2014,0.06959557679963002,-0.043956625722645803,80
SIM080,Simulated unit 80,2015,4.477004067668249,0.06959557679963002,80
SIM080,Simulated unit 80,2016,-0.9114720444996651,4.477004067668249,80
SIM080,Simulated unit 80,2017,-1.67812550249855,-0.9114720444996651,80
SIM080,Simulated unit 80,2018,-1.7939907942020485,-1.67812550249855,80
SIM080,Simulated unit 80,2019,-0.9462636426831825,-1.7939907942020485,80
SIM081,Simulated unit 81,1961,0.9131352937229276,-2.7878714788186514,81
SIM081,Simulated unit 81,1962,3.3467430237731888,0.9131352937229276,81
SIM081,Simulated unit 81,1963,4.333171789317756,3.3467430237731888,81
SIM081,Simulated unit 81,1964,0.7887820507174097,4.333171789317756,81
SIM081,Simulated unit 81,1965,1.5328016027923312,0.7887820507174097,81
SIM081,Simulated unit 81,1966,-0.9786397570318637,1.5328016027923312,81
SIM081,Simulated unit 81,1967,-0.7849738365336562,-0.9786397570318637,81
SIM081,Simulated unit 81,1968,6.78941947959244,-0.7849738365336562,81
SIM081,Simulated unit 81,1969,5.160737820544232,6.78941947959244,81
SIM081,Simulated unit 81,1970,0.33386296436501883,5.160737820544232,81
SIM081,Simulated unit 81,1971,1.541323800610753,0.33386296436501883,81
SIM081,Simulated unit 81,1972,-2.330593497823477,1.541323800610753,81
SIM081,Simulated unit 81,1973,-4.195387276239121,-2.330593497823477,81
SIM081,Simulated unit 81,1974,-4.840601773589845,-4.195387276239121,81
SIM081,Simulated unit 81,1975,-3.4372894207409574,-4.840601773589845,81
SIM081,Simulated unit 81,1976,1.5485333343230303,-3.4372894207409574,81
SIM081,Simulated unit 81,1977,3.4643145946443354,1.5485333343230303,81
SIM081,Simulated unit 81,1978,4.447574741528586,3.4643145946443354,81
SIM081,Simulated unit 81,1979,0.17177114814552397,4.447574741528586,81
SIM081,Simulated unit 81,1980,-0.7208803774196314,0.17177114814552397,81
SIM081,Simulated unit 81,1981,1.1834750941977863,-0.7208803774196314,81
SIM081,Simulated unit 81,1982,-0.3748748996465672,1.1834750941977863,81
SIM081,Simulated unit 81,1983,-0.2600242606912355,-0.3748748996465672,81
SIM081,Simulated unit 81,1984,1.9680615211751074,-0.2600242606912355,81
SIM081,Simulated unit 81,1985,0.9345188691011583,1.9680615211751074,81
SIM081,Simulated unit 81,1986,2.038890088766771,0.9345188691011583,81
SIM081,Simulated unit 81,1987,6.801519421318769,2.038890088766771,81
SIM081,Simulated unit 81,1988,4.365335255830269,6.801519421318769,81
SIM081,Simulated unit 81,1989,6.95721458265578,4.365335255830269,81
SIM081,Simulated unit 81,1990,6.652438951515542,6.95721458265578,81
SIM081,Simulated unit 81,1991,0.38973739044902445,6.652438951515542,81
SIM081,Simulated unit 81,1992,-2.272568653521158,0.38973739044902445,81
SIM081,Simulated unit 81,1993,-3.0643288413223844,-2.272568653521158,81
SIM081,Simulated unit 81,1994,-3.6031020555917808,-3.0643288413223844,81
SIM081,Simulated unit 81,1995,-1.6327304716755107,-3.6031020555917808,81
SIM081,Simulated unit 81,1996,1.6642938612401605,-1.6327304716755107,81
SIM081,Simulated unit 81,1997,5.564051566858264,1.6642938612401605,81
SIM081,Simulated unit 81,1998,5.062956206290206,5.564051566858264,81
SIM081,Simulated unit 81,1999,2.500735055614494,5.062956206290206,81
SIM081,Simulated unit 81,2000,-3.9462826975209264,2.500735055614494,81
SIM081,Simulated unit 81,2001,-1.356000892260542,-3.9462826975209264,81
SIM081,Simulated unit 81,2002,0.06371004572864876,-1.356000892260542,81
SIM081,Simulated unit 81,2003,1.3870122880540623,0.06371004572864876,81
SIM081,Simulated unit 81,2004,7.950928265942435,1.3870122880540623,81
SIM081,Simulated unit 81,2005,9.292346598144677,7.950928265942435,81
SIM081,Simulated unit 81,2006,8.730590713636763,9.292346598144677,81
SIM081,Simulated unit 81,2007,3.1521230379672582,8.730590713636763,81
SIM081,Simulated unit 81,2008,1.1522895751901243,3.1521230379672582,81
SIM081,Simulated unit 81,2009,1.2068399243285683,1.1522895751901243,81
SIM081,Simulated unit 81,2010,-0.8021174174339198,1.2068399243285683,81
SIM081,Simulated unit 81,2011,1.8201231244950025,-0.8021174174339198,81
SIM081,Simulated unit 81,2012,2.962800422344115,1.8201231244950025,81
SIM081,Simulated unit 81,2013,-0.6872431257576084,2.962800422344115,81
SIM081,Simulated unit 81,2014,3.978104251833808,-0.6872431257576084,81
SIM081,Simulated unit 81,2015,3.493793552526866,3.978104251833808,81
SIM081,Simulated unit 81,2016,-2.2909373087106335,3.493793552526866,81
SIM081,Simulated unit 81,2017,-0.7285909602612883,-2.2909373087106335,81
SIM081,Simulated unit 81,2018,1.2064647916119415,-0.7285909602612883,81
SIM081,Simulated unit 81,2019,4.442255959274386,1.2064647916119415,81
SIM082,Simulated unit 82,1961,3.8763572767137124,0.987570790620151,82
SIM082,Simulated unit 82,1962,3.687240326338874,3.8763572767137124,82
SIM082,Simulated unit 82,1963,-0.9328196313094139,3.687240326338874,82
SIM082,Simulated unit 82,1964,-4.00519209923319,-0.9328196313094139,82
SIM082,Simulated unit 82,1965,1.7645643509081321,-4.00519209923319,82
SIM082,Simulated unit 82,1966,5.4466911456901865,1.7645643509081321,82
SIM082,Simulated unit 82,1967,5.036742378628281,5.4466911456901865,82
SIM082,Simulated unit 82,1968,8.309165590717054,5.036742378628281,82
SIM082,Simulated unit 82,1969,8.955328901555053,8.309165590717054,82
SIM082,Simulated unit 82,1970,8.224083529372194,8.955328901555053,82
SIM082,Simulated unit 82,1971,3.0005156514223006,8.224083529372194,82
SIM082,Simulated unit 82,1972,7.7945956439504105,3.0005156514223006,82
SIM082,Simulated unit 82,1973,7.085661682995065,7.7945956439504105,82
SIM082,Simulated unit 82,1974,3.8938806859621735,7.085661682995065,82
SIM082,Simulated unit 82,1975,1.1315183956614105,3.8938806859621735,82
SIM082,Simulated unit 82,1976,2.2492623819384168,1.1315183956614105,82
SIM082,Simulated unit 82,1977,-2.863619825352314,2.2492623819384168,82
SIM082,Simulated unit 82,1978,1.1808479308471997,-2.863619825352314,82
SIM082,Simulated unit 82,1979,-1.3522036855737605,1.1808479308471997,82
SIM082,Simulated unit 82,1980,1.100502115128604,-1.3522036855737605,82
SIM082,Simulated unit 82,1981,-0.10455974299731574,1.100502115128604,82
SIM082,Simulated unit 82,1982,-0.05599198397250027,-0.10455974299731574,82
SIM082,Simulated unit 82,1983,-1.5043248086786944,-0.05599198397250027,82
SIM082,Simulated unit 82,1984,-0.5862831787496212,-1.5043248086786944,82
SIM082,Simulated unit 82,1985,6.116368730802289,-0.5862831787496212,82
SIM082,Simulated unit 82,1986,8.625000119627295,6.116368730802289,82
SIM082,Simulated unit 82,1987,7.038436936762746,8.625000119627295,82
SIM082,Simulated unit 82,1988,4.947179365362791,7.038436936762746,82
SIM082,Simulated unit 82,1989,6.300911191296329,4.947179365362791,82
SIM082,Simulated unit 82,1990,7.9704578971004665,6.300911191296329,82
SIM082,Simulated unit 82,1991,3.0928195916376917,7.9704578971004665,82
SIM082,Simulated unit 82,1992,2.4233751520860087,3.0928195916376917,82
SIM082,Simulated unit 82,1993,-3.2118495974526353,2.4233751520860087,82
SIM082,Simulated unit 82,1994,2.2421965723111037,-3.2118495974526353,82
SIM082,Simulated unit 82,1995,8.340390716489228,2.2421965723111037,82
SIM082,Simulated unit 82,1996,6.044482303762793,8.340390716489228,82
SIM082,Simulated unit 82,1997,-1.9483409924513735,6.044482303762793,82
SIM082,Simulated unit 82,1998,1.4576669542602692,-1.9483409924513735,82
SIM082,Simulated unit 82,1999,-1.0376673258910794,1.4576669542602692,82
SIM082,Simulated unit 82,2000,-1.8126487205280277,-1.0376673258910794,82
SIM082,Simulated unit 82,2001,1.5921399370561948,-1.8126487205280277,82
SIM082,Simulated unit 82,2002,2.5189463387718902,1.5921399370561948,82
SIM082,Simulated unit 82,2003,0.8470414772473289,2.5189463387718902,82
SIM082,Simulated unit 82,2004,-0.6405920114565957,0.8470414772473289,82
SIM082,Simulated unit 82,2005,0.7931529587885409,-0.6405920114565957,82
SIM082,Simulated unit 82,2006,0.047495117736021886,0.7931529587885409,82
SIM082,Simulated unit 82,2007,-2.4992143301674092,0.047495117736021886,82
SIM082,Simulated unit 82,2008,-1.6972181425355257,-2.4992143301674092,82
SIM082,Simulated unit 82,2009,0.8004469842442372,-1.6972181425355257,82
SIM082,Simulated unit 82,2010,0.7459577900876422,0.8004469842442372,82
SIM082,Simulated unit 82,2011,-2.99295112069197,0.7459577900876422,82
SIM082,Simulated unit 82,2012,1.9714231917114364,-2.99295112069197,82
SIM082,Simulated unit 82,2013,-6.2335803958031395,1.9714231917114364,82
SIM082,Simulated unit 82,2014,-4.2792437025671894,-6.2335803958031395,82
SIM082,Simulated unit 82,2015,-3.6281415852020613,-4.2792437025671894,82
SIM082,Simulated unit 82,2016,-0.9323483175069921,-3.6281415852020613,82
SIM082,Simulated unit 82,2017,1.9255764329040113,-0.9323483175069921,82
SIM082,Simulated unit 82,2018,5.335640284525512,1.9255764329040113,82
SIM082,Simulated unit 82,2019,1.864169550658827,5.335640284525512,82
SIM083,Simulated unit 83,1961,3.64330337084465,3.759747012000445,83
SIM083,Simulated unit 83,1962,-2.1486361030428798,3.64330337084465,83
SIM083,Simulated unit 83,1963,5.212439104476601,-2.1486361030428798,83
SIM083,Simulated unit 83,1964,-0.3888619190346372,5.212439104476601,83
SIM083,Simulated unit 83,1965,1.8251746655083625,-0.3888619190346372,83
SIM083,Simulated unit 83,1966,3.0649846318982608,1.8251746655083625,83
SIM083,Simulated unit 83,1967,3.4659011261261883,3.0649846318982608,83
SIM083,Simulated unit 83,1968,1.3958100291908906,3.4659011261261883,83
SIM083,Simulated unit 83,1969,4.119243970936042,1.3958100291908906,83
SIM083,Simulated unit 83,1970,-1.4095560392676614,4.119243970936042,83
SIM083,Simulated unit 83,1971,-0.2432199895823655,-1.4095560392676614,83
SIM083,Simulated unit 83,1972,-1.0375560234067946,-0.2432199895823655,83
SIM083,Simulated unit 83,1973,-1.8544274402451713,-1.0375560234067946,83
SIM083,Simulated unit 83,1974,0.9735868982135347,-1.8544274402451713,83
SIM083,Simulated unit 83,1975,4.61658776708717,0.9735868982135347,83
SIM083,Simulated unit 83,1976,2.5401853747417036,4.61658776708717,83
SIM083,Simulated unit 83,1977,4.666154494622354,2.5401853747417036,83
SIM083,Simulated unit 83,1978,3.7489146931072077,4.666154494622354,83
SIM083,Simulated unit 83,1979,0.37115218815029927,3.7489146931072077,83
SIM083,Simulated unit 83,1980,0.24883503316698807,0.37115218815029927,83
SIM083,Simulated unit 83,1981,0.05084334752534814,0.24883503316698807,83
SIM083,Simulated unit 83,1982,-1.2594737290011306,0.05084334752534814,83
SIM083,Simulated unit 83,1983,1.329764548566823,-1.2594737290011306,83
SIM083,Simulated unit 83,1984,2.3017972922543715,1.329764548566823,83
SIM083,Simulated unit 83,1985,-2.590870719455631,2.3017972922543715,83
SIM083,Simulated unit 83,1986,-5.7091004173914515,-2.590870719455631,83
SIM083,Simulated unit 83,1987,-1.3514068908176073,-5.7091004173914515,83
SIM083,Simulated unit 83,1988,-2.4567034208741685,-1.3514068908176073,83
SIM083,Simulated unit 83,1989,0.2321014127764709,-2.4567034208741685,83
SIM083,Simulated unit 83,1990,3.282055581993448,0.2321014127764709,83
SIM083,Simulated unit 83,1991,-1.043625163020609,3.282055581993448,83
SIM083,Simulated unit 83,1992,-4.060786861540921,-1.043625163020609,83
SIM083,Simulated unit 83,1993,3.3868229302613333,-4.060786861540921,83
SIM083,Simulated unit 83,1994,3.886806107044177,3.3868229302613333,83
SIM083,Simulated unit 83,1995,1.8743616942066936,3.886806107044177,83
SIM083,Simulated unit 83,1996,-0.8772043414147748,1.8743616942066936,83
SIM083,Simulated unit 83,1997,-1.2576451515707037,-0.8772043414147748,83
SIM083,Simulated unit 83,1998,-3.526304099282353,-1.2576451515707037,83
SIM083,Simulated unit 83,1999,1.3344540627023591,-3.526304099282353,83
SIM083,Simulated unit 83,2000,-0.729581023197547,1.3344540627023591,83
SIM083,Simulated unit 83,2001,3.642855150730273,-0.729581023197547,83
SIM083,Simulated unit 83,2002,1.7838263311281304,3.642855150730273,83
SIM083,Simulated unit 83,2003,-1.259754752175066,1.7838263311281304,83
SIM083,Simulated unit 83,2004,-1.2347576153464437,-1.259754752175066,83
SIM083,Simulated unit 83,2005,-7.813354901712117,-1.2347576153464437,83
SIM083,Simulated unit 83,2006,-4.250318671049291,-7.813354901712117,83
SIM083,Simulated unit 83,2007,-2.26054877602005,-4.250318671049291,83
SIM083,Simulated unit 83,2008,1.917898974031873,-2.26054877602005,83
SIM083,Simulated unit 83,2009,-3.7081753995310143,1.917898974031873,83
SIM083,Simulated unit 83,2010,2.060693842872035,-3.7081753995310143,83
SIM083,Simulated unit 83,2011,4.4982141907161886,2.060693842872035,83
SIM083,Simulated unit 83,2012,7.2550592055257015,4.4982141907161886,83
SIM083,Simulated unit 83,2013,4.994871395303008,7.2550592055257015,83
SIM083,Simulated unit 83,2014,6.838613339490071,4.994871395303008,83
SIM083,Simulated unit 83,2015,0.4894358989733272,6.838613339490071,83
SIM083,Simulated unit 83,2016,3.2328042349975954,0.4894358989733272,83
SIM083,Simulated unit 83,2017,0.4261942546987214,3.2328042349975954,83
SIM083,Simulated unit 83,2018,-3.8984889444495763,0.4261942546987214,83
SIM083,Simulated unit 83,2019,-4.911514921162827,-3.8984889444495763,83
SIM084,Simulated unit 84,1961,-0.4629415751201229,2.0165934158878116,84
SIM084,Simulated unit 84,1962,1.650455650015326,-0.4629415751201229,84
SIM084,Simulated unit 84,1963,-3.6344392750028565,1.650455650015326,84
SIM084,Simulated unit 84,1964,-7.761956195849299,-3.6344392750028565,84
SIM084,Simulated unit 84,1965,0.25998858492114874,-7.761956195849299,84
SIM084,Simulated unit 84,1966,3.6673935391569925,0.25998858492114874,84
SIM084,Simulated unit 84,1967,-0.14745438424722668,3.6673935391569925,84
SIM084,Simulated unit 84,1968,0.7025284390400455,-0.14745438424722668,84
SIM084,Simulated unit 84,1969,4.280038244027999,0.7025284390400455,84
SIM084,Simulated unit 84,1970,4.625624771288615,4.280038244027999,84
SIM084,Simulated unit 84,1971,4.020044151323605,4.625624771288615,84
SIM084,Simulated unit 84,1972,6.497488734731954,4.020044151323605,84
SIM084,Simulated unit 84,1973,2.506355815235511,6.497488734731954,84
SIM084,Simulated unit 84,1974,2.397348835135193,2.506355815235511,84
SIM084,Simulated unit 84,1975,2.184863386203941,2.397348835135193,84
SIM084,Simulated unit 84,1976,1.292631888709237,2.184863386203941,84
SIM084,Simulated unit 84,1977,0.406162598963286,1.292631888709237,84
SIM084,Simulated unit 84,1978,1.2623022728634439,0.406162598963286,84
SIM084,Simulated unit 84,1979,1.6606038516746489,1.2623022728634439,84
SIM084,Simulated unit 84,1980,-1.3489206165987881,1.6606038516746489,84
SIM084,Simulated unit 84,1981,2.3960353597420694,-1.3489206165987881,84
SIM084,Simulated unit 84,1982,-0.6915344074535335,2.3960353597420694,84
SIM084,Simulated unit 84,1983,-0.2696209781136417,-0.6915344074535335,84
SIM084,Simulated unit 84,1984,-0.2476140050283393,-0.2696209781136417,84
SIM084,Simulated unit 84,1985,1.725742434960644,-0.2476140050283393,84
SIM084,Simulated unit 84,1986,-4.521866359675613,1.725742434960644,84
SIM084,Simulated unit 84,1987,0.759609628983007,-4.521866359675613,84
SIM084,Simulated unit 84,1988,-0.7752052654466883,0.759609628983007,84
SIM084,Simulated unit 84,1989,3.99476672506315,-0.7752052654466883,84
SIM084,Simulated unit 84,1990,1.7623652614894267,3.99476672506315,84
SIM084,Simulated unit 84,1991,1.7108883996916244,1.7623652614894267,84
SIM084,Simulated unit 84,1992,7.567891160020246,1.7108883996916244,84
SIM084,Simulated unit 84,1993,4.508720069631142,7.567891160020246,84
SIM084,Simulated unit 84,1994,7.221781695799061,4.508720069631142,84
SIM084,Simulated unit 84,1995,5.250204274173116,7.221781695799061,84
SIM084,Simulated unit 84,1996,5.196379055384338,5.250204274173116,84
SIM084,Simulated unit 84,1997,4.127703201464727,5.196379055384338,84
SIM084,Simulated unit 84,1998,5.820176799779208,4.127703201464727,84
SIM084,Simulated unit 84,1999,2.2355112413083704,5.820176799779208,84
SIM084,Simulated unit 84,2000,-0.8108388242725342,2.2355112413083704,84
SIM084,Simulated unit 84,2001,-1.6022318656945855,-0.8108388242725342,84
SIM084,Simulated unit 84,2002,0.13779200955552184,-1.6022318656945855,84
SIM084,Simulated unit 84,2003,0.2202188490823248,0.13779200955552184,84
SIM084,Simulated unit 84,2004,3.0629559388629244,0.2202188490823248,84
SIM084,Simulated unit 84,2005,6.551968662782314,3.0629559388629244,84
SIM084,Simulated unit 84,2006,1.803666185964362,6.551968662782314,84
SIM084,Simulated unit 84,2007,-0.3196466632631807,1.803666185964362,84
SIM084,Simulated unit 84,2008,-3.70050625289647,-0.3196466632631807,84
SIM084,Simulated unit 84,2009,4.67081522053943,-3.70050625289647,84
SIM084,Simulated unit 84,2010,4.516497629689138,4.67081522053943,84
SIM084,Simulated unit 84,2011,4.9493055379682165,4.516497629689138,84
SIM084,Simulated unit 84,2012,-0.25104183231221455,4.9493055379682165,84
SIM084,Simulated unit 84,2013,0.6458649335920474,-0.25104183231221455,84
SIM084,Simulated unit 84,2014,2.7152629133944846,0.6458649335920474,84
SIM084,Simulated unit 84,2015,1.670884676433416,2.7152629133944846,84
SIM084,Simulated unit 84,2016,5.029647680339234,1.670884676433416,84
SIM084,Simulated unit 84,2017,10.75328198513203,5.029647680339234,84
SIM084,Simulated unit 84,2018,4.410780709797363,10.75328198513203,84
SIM084,Simulated unit 84,2019,0.3802066879483279,4.410780709797363,84
SIM085,Simulated unit 85,1961,5.2386365620980335,-0.6332681965857301,85
SIM085,Simulated unit 85,1962,7.070247888347874,5.2386365620980335,85
SIM085,Simulated unit 85,1963,4.635565279627778,7.070247888347874,85
SIM085,Simulated unit 85,1964,3.69101816097929,4.635565279627778,85
SIM085,Simulated unit 85,1965,0.56498001799741,3.69101816097929,85
SIM085,Simulated unit 85,1966,3.809069484027998,0.56498001799741,85
SIM085,Simulated unit 85,1967,1.9457362180911375,3.809069484027998,85
SIM085,Simulated unit 85,1968,1.1872121124896846,1.9457362180911375,85
SIM085,Simulated unit 85,1969,3.3386965820815813,1.1872121124896846,85
SIM085,Simulated unit 85,1970,2.239233134999285,3.3386965820815813,85
SIM085,Simulated unit 85,1971,1.438641900506032,2.239233134999285,85
SIM085,Simulated unit 85,1972,1.6949107568908446,1.438641900506032,85
SIM085,Simulated unit 85,1973,4.203012695513737,1.6949107568908446,85
SIM085,Simulated unit 85,1974,8.261286843759741,4.203012695513737,85
SIM085,Simulated unit 85,1975,7.513230802994091,8.261286843759741,85
SIM085,Simulated unit 85,1976,7.717881152669255,7.513230802994091,85
SIM085,Simulated unit 85,1977,4.83116650529818,7.717881152669255,85
SIM085,Simulated unit 85,1978,1.5753063136727574,4.83116650529818,85
SIM085,Simulated unit 85,1979,3.707142484909,1.5753063136727574,85
SIM085,Simulated unit 85,1980,3.5380079647471137,3.707142484909,85
SIM085,Simulated unit 85,1981,-1.3450811674009797,3.5380079647471137,85
SIM085,Simulated unit 85,1982,-0.991257570717382,-1.3450811674009797,85
SIM085,Simulated unit 85,1983,-0.043445612875089856,-0.991257570717382,85
SIM085,Simulated unit 85,1984,-0.7574409688104901,-0.043445612875089856,85
SIM085,Simulated unit 85,1985,4.7907422023400885,-0.7574409688104901,85
SIM085,Simulated unit 85,1986,5.113962432110704,4.7907422023400885,85
SIM085,Simulated unit 85,1987,7.987902212932366,5.113962432110704,85
SIM085,Simulated unit 85,1988,6.383017112715898,7.987902212932366,85
SIM085,Simulated unit 85,1989,4.873973776904771,6.383017112715898,85
SIM085,Simulated unit 85,1990,0.9145908133121154,4.873973776904771,85
SIM085,Simulated unit 85,1991,1.3845430875769695,0.9145908133121154,85
SIM085,Simulated unit 85,1992,1.6698876295725023,1.3845430875769695,85
SIM085,Simulated unit 85,1993,-2.299409074359198,1.6698876295725023,85
SIM085,Simulated unit 85,1994,-2.1982278539267037,-2.299409074359198,85
SIM085,Simulated unit 85,1995,-1.4887845079051094,-2.1982278539267037,85
SIM085,Simulated unit 85,1996,1.147167927424099,-1.4887845079051094,85
SIM085,Simulated unit 85,1997,2.8723510924115776,1.147167927424099,85
SIM085,Simulated unit 85,1998,0.7794552095513321,2.8723510924115776,85
SIM085,Simulated unit 85,1999,2.674281933356454,0.7794552095513321,85
SIM085,Simulated unit 85,2000,1.8583323719683214,2.674281933356454,85
SIM085,Simulated unit 85,2001,-6.693860651383877,1.8583323719683214,85
SIM085,Simulated unit 85,2002,-4.670422486684953,-6.693860651383877,85
SIM085,Simulated unit 85,2003,1.2347124284161635,-4.670422486684953,85
SIM085,Simulated unit 85,2004,-3.504589812833341,1.2347124284161635,85
SIM085,Simulated unit 85,2005,-0.9646802864533838,-3.504589812833341,85
SIM085,Simulated unit 85,2006,4.976975470683831,-0.9646802864533838,85
SIM085,Simulated unit 85,2007,1.5043464233788564,4.976975470683831,85
SIM085,Simulated unit 85,2008,1.7090550953103714,1.5043464233788564,85
SIM085,Simulated unit 85,2009,-2.086615714497541,1.7090550953103714,85
SIM085,Simulated unit 85,2010,4.429723996292193,-2.086615714497541,85
SIM085,Simulated unit 85,2011,3.207836516785473,4.429723996292193,85
SIM085,Simulated unit 85,2012,2.864582438453338,3.207836516785473,85
SIM085,Simulated unit 85,2013,6.58165085958887,2.864582438453338,85
SIM085,Simulated unit 85,2014,6.733425699689765,6.58165085958887,85
SIM085,Simulated unit 85,2015,2.213169222323639,6.733425699689765,85
SIM085,Simulated unit 85,2016,0.1860677611322359,2.213169222323639,85
SIM085,Simulated unit 85,2017,2.3964345702492373,0.1860677611322359,85
SIM085,Simulated unit 85,2018,0.36549757696072227,2.3964345702492373,85
SIM085,Simulated unit 85,2019,-5.332431390185148,0.36549757696072227,85
SIM086,Simulated unit 86,1961,-2.5364714209247676,1.8402776040827666,86
SIM086,Simulated unit 86,1962,4.126962408136317,-2.5364714209247676,86
SIM086,Simulated unit 86,1963,3.8065403581712487,4.126962408136317,86
SIM086,Simulated unit 86,1964,0.3683990446720231,3.8065403581712487,86
SIM086,Simulated unit 86,1965,-1.0748578171841474,0.3683990446720231,86
SIM086,Simulated unit 86,1966,-5.513107453932249,-1.0748578171841474,86
SIM086,Simulated unit 86,1967,-5.80625013270086,-5.513107453932249,86
SIM086,Simulated unit 86,1968,0.3652195280015813,-5.80625013270086,86
SIM086,Simulated unit 86,1969,7.714490153278124,0.3652195280015813,86
SIM086,Simulated unit 86,1970,7.60788363156375,7.714490153278124,86
SIM086,Simulated unit 86,1971,5.088602563075162,7.60788363156375,86
SIM086,Simulated unit 86,1972,2.5572834108833478,5.088602563075162,86
SIM086,Simulated unit 86,1973,-0.5351173941990783,2.5572834108833478,86
SIM086,Simulated unit 86,1974,6.658227261499774,-0.5351173941990783,86
SIM086,Simulated unit 86,1975,4.228690251306739,6.658227261499774,86
SIM086,Simulated unit 86,1976,9.684103640971557,4.228690251306739,86
SIM086,Simulated unit 86,1977,10.791020713413117,9.684103640971557,86
SIM086,Simulated unit 86,1978,2.052223134009049,10.791020713413117,86
SIM086,Simulated unit 86,1979,0.0334766931275543,2.052223134009049,86
SIM086,Simulated unit 86,1980,-1.1870493566449343,0.0334766931275543,86
SIM086,Simulated unit 86,1981,-0.15176870630417882,-1.1870493566449343,86
SIM086,Simulated unit 86,1982,0.5279960168762323,-0.15176870630417882,86
SIM086,Simulated unit 86,1983,10.10551489632017,0.5279960168762323,86
SIM086,Simulated unit 86,1984,3.6316253143678257,10.10551489632017,86
SIM086,Simulated unit 86,1985,3.6658849956138653,3.6316253143678257,86
SIM086,Simulated unit 86,1986,4.849054224771729,3.6658849956138653,86
SIM086,Simulated unit 86,1987,3.7047165214554485,4.849054224771729,86
SIM086,Simulated unit 86,1988,3.3533716462173433,3.7047165214554485,86
SIM086,Simulated unit 86,1989,-0.32240369518935585,3.3533716462173433,86
SIM086,Simulated unit 86,1990,0.9260163666944319,-0.32240369518935585,86
SIM086,Simulated unit 86,1991,2.889806808539775,0.9260163666944319,86
SIM086,Simulated unit 86,1992,3.5166858379372505,2.889806808539775,86
SIM086,Simulated unit 86,1993,4.620614214498624,3.5166858379372505,86
SIM086,Simulated unit 86,1994,7.81019223060787,4.620614214498624,86
SIM086,Simulated unit 86,1995,8.297014964107747,7.81019223060787,86
SIM086,Simulated unit 86,1996,5.992092818956959,8.297014964107747,86
SIM086,Simulated unit 86,1997,0.8799806357243414,5.992092818956959,86
SIM086,Simulated unit 86,1998,-0.4720274426987534,0.8799806357243414,86
SIM086,Simulated unit 86,1999,-0.14210992137149792,-0.4720274426987534,86
SIM086,Simulated unit 86,2000,1.4717715412014434,-0.14210992137149792,86
SIM086,Simulated unit 86,2001,0.24806464022268093,1.4717715412014434,86
SIM086,Simulated unit 86,2002,-1.8583608134194463,0.24806464022268093,86
SIM086,Simulated unit 86,2003,-3.8796125554126792,-1.8583608134194463,86
SIM086,Simulated unit 86,2004,-6.481300810414201,-3.8796125554126792,86
SIM086,Simulated unit 86,2005,-3.793632597572227,-6.481300810414201,86
SIM086,Simulated unit 86,2006,-5.8851758847542515,-3.793632597572227,86
SIM086,Simulated unit 86,2007,-5.732682583324728,-5.8851758847542515,86
SIM086,Simulated unit 86,2008,-3.821315168527744,-5.732682583324728,86
SIM086,Simulated unit 86,2009,-5.500541029290948,-3.821315168527744,86
SIM086,Simulated unit 86,2010,-1.3610680520784775,-5.500541029290948,86
SIM086,Simulated unit 86,2011,2.2040283595699752,-1.3610680520784775,86
SIM086,Simulated unit 86,2012,0.47413595641578943,2.2040283595699752,86
SIM086,Simulated unit 86,2013,-0.2266003489805315,0.47413595641578943,86
SIM086,Simulated unit 86,2014,2.2763291010289137,-0.2266003489805315,86
SIM086,Simulated unit 86,2015,0.023812168913311282,2.2763291010289137,86
SIM086,Simulated unit 86,2016,-1.5339144334438988,0.023812168913311282,86
SIM086,Simulated unit 86,2017,3.4691467744925317,-1.5339144334438988,86
SIM086,Simulated unit 86,2018,5.53405128083388,3.4691467744925317,86
SIM086,Simulated unit 86,2019,5.925080775532087,5.53405128083388,86
SIM087,Simulated unit 87,1961,-2.265675857592721,4.776933864182279,87
SIM087,Simulated unit 87,1962,3.50210112582369,-2.265675857592721,87
SIM087,Simulated unit 87,1963,4.077447025245441,3.50210112582369,87
SIM087,Simulated unit 87,1964,6.27881236716447,4.077447025245441,87
SIM087,Simulated unit 87,1965,5.72877275764777,6.27881236716447,87
SIM087,Simulated unit 87,1966,4.384038128629131,5.72877275764777,87
SIM087,Simulated unit 87,1967,2.604495240091315,4.384038128629131,87
SIM087,Simulated unit 87,1968,3.464130274713405,2.604495240091315,87
SIM087,Simulated unit 87,1969,1.9432344381143867,3.464130274713405,87
SIM087,Simulated unit 87,1970,4.569568963063969,1.9432344381143867,87
SIM087,Simulated unit 87,1971,-1.2176285558182194,4.569568963063969,87
SIM087,Simulated unit 87,1972,-1.555304718873765,-1.2176285558182194,87
SIM087,Simulated unit 87,1973,6.00128691410568,-1.555304718873765,87
SIM087,Simulated unit 87,1974,2.5225307577462304,6.00128691410568,87
SIM087,Simulated unit 87,1975,1.5974672854573042,2.5225307577462304,87
SIM087,Simulated unit 87,1976,-0.8892624287758464,1.5974672854573042,87
SIM087,Simulated unit 87,1977,1.2739795613919638,-0.8892624287758464,87
SIM087,Simulated unit 87,1978,-0.6444069335914064,1.2739795613919638,87
SIM087,Simulated unit 87,1979,-0.14347696457599418,-0.6444069335914064,87
SIM087,Simulated unit 87,1980,3.260513429359615,-0.14347696457599418,87
SIM087,Simulated unit 87,1981,0.6600178011713211,3.260513429359615,87
SIM087,Simulated unit 87,1982,3.5618440384984553,0.6600178011713211,87
SIM087,Simulated unit 87,1983,5.403794369780142,3.5618440384984553,87
SIM087,Simulated unit 87,1984,7.207144906025967,5.403794369780142,87
SIM087,Simulated unit 87,1985,5.545909928369701,7.207144906025967,87
SIM087,Simulated unit 87,1986,13.851323187952179,5.545909928369701,87
SIM087,Simulated unit 87,1987,12.274395002397554,13.851323187952179,87
SIM087,Simulated unit 87,1988,9.13926987465901,12.274395002397554,87
SIM087,Simulated unit 87,1989,3.6557886825502006,9.13926987465901,87
SIM087,Simulated unit 87,1990,2.7022958319076973,3.6557886825502006,87
SIM087,Simulated unit 87,1991,6.70035842984472,2.7022958319076973,87
SIM087,Simulated unit 87,1992,9.948818904785638,6.70035842984472,87
SIM087,Simulated unit 87,1993,11.204278644192069,9.948818904785638,87
SIM087,Simulated unit 87,1994,9.878144106704099,11.204278644192069,87
SIM087,Simulated unit 87,1995,2.959905845135743,9.878144106704099,87
SIM087,Simulated unit 87,1996,4.037428960558456,2.959905845135743,87
SIM087,Simulated unit 87,1997,-0.5017497578239194,4.037428960558456,87
SIM087,Simulated unit 87,1998,-3.963463434836627,-0.5017497578239194,87
SIM087,Simulated unit 87,1999,-0.8606020071702605,-3.963463434836627,87
SIM087,Simulated unit 87,2000,1.853237137507095,-0.8606020071702605,87
SIM087,Simulated unit 87,2001,4.622073577946671,1.853237137507095,87
SIM087,Simulated unit 87,2002,5.064652867926284,4.622073577946671,87
SIM087,Simulated unit 87,2003,5.433549677984015,5.064652867926284,87
SIM087,Simulated unit 87,2004,1.1061720518132794,5.433549677984015,87
SIM087,Simulated unit 87,2005,1.1487731770339686,1.1061720518132794,87
SIM087,Simulated unit 87,2006,-3.032086450683082,1.1487731770339686,87
SIM087,Simulated unit 87,2007,-7.029359258610436,-3.032086450683082,87
SIM087,Simulated unit 87,2008,-1.195687425637039,-7.029359258610436,87
SIM087,Simulated unit 87,2009,-2.1767856367550995,-1.195687425637039,87
SIM087,Simulated unit 87,2010,2.111424124376101,-2.1767856367550995,87
SIM087,Simulated unit 87,2011,5.391897208265776,2.111424124376101,87
SIM087,Simulated unit 87,2012,2.1771863510898726,5.391897208265776,87
SIM087,Simulated unit 87,2013,3.8772450943198207,2.1771863510898726,87
SIM087,Simulated unit 87,2014,1.142876870750967,3.8772450943198207,87
SIM087,Simulated unit 87,2015,-4.051910501429891,1.142876870750967,87
SIM087,Simulated unit 87,2016,-1.2612180875305594,-4.051910501429891,87
SIM087,Simulated unit 87,2017,-1.3693524916656177,-1.2612180875305594,87
SIM087,Simulated unit 87,2018,-1.3418785267607656,-1.3693524916656177,87
SIM087,Simulated unit 87,2019,5.920902237480116,-1.3418785267607656,87
SIM088,Simulated unit 88,1961,0.40207083719560366,-2.577570948198016,88
SIM088,Simulated unit 88,1962,-1.9431792091168922,0.40207083719560366,88
SIM088,Simulated unit 88,1963,2.3588767023318375,-1.9431792091168922,88
SIM088,Simulated unit 88,1964,3.1106197299243,2.3588767023318375,88
SIM088,Simulated unit 88,1965,3.804404885496421,3.1106197299243,88
SIM088,Simulated unit 88,1966,0.24797407849107334,3.804404885496421,88
SIM088,Simulated unit 88,1967,-1.3479792927703265,0.24797407849107334,88
SIM088,Simulated unit 88,1968,2.7729639463754623,-1.3479792927703265,88
SIM088,Simulated unit 88,1969,7.7761715330079655,2.7729639463754623,88
SIM088,Simulated unit 88,1970,6.906626371477341,7.7761715330079655,88
SIM088,Simulated unit 88,1971,2.251713660572106,6.906626371477341,88
SIM088,Simulated unit 88,1972,3.1678437637294685,2.251713660572106,88
SIM088,Simulated unit 88,1973,9.983122391250511,3.1678437637294685,88
SIM088,Simulated unit 88,1974,7.097141866907041,9.983122391250511,88
SIM088,Simulated unit 88,1975,9.443807698325022,7.097141866907041,88
SIM088,Simulated unit 88,1976,4.245296521478878,9.443807698325022,88
SIM088,Simulated unit 88,1977,3.2209197579781668,4.245296521478878,88
SIM088,Simulated unit 88,1978,4.591247473163527,3.2209197579781668,88
SIM088,Simulated unit 88,1979,4.746733408686708,4.591247473163527,88
SIM088,Simulated unit 88,1980,1.3488740048785428,4.746733408686708,88
SIM088,Simulated unit 88,1981,-0.819227968464673,1.3488740048785428,88
SIM088,Simulated unit 88,1982,3.2733164282291716,-0.819227968464673,88
SIM088,Simulated unit 88,1983,6.338642294887938,3.2733164282291716,88
SIM088,Simulated unit 88,1984,9.139616051298523,6.338642294887938,88
SIM088,Simulated unit 88,1985,11.695561080537717,9.139616051298523,88
SIM088,Simulated unit 88,1986,8.221194957290418,11.695561080537717,88
SIM088,Simulated unit 88,1987,4.79911924167947,8.221194957290418,88
SIM088,Simulated unit 88,1988,7.732444361343089,4.79911924167947,88
SIM088,Simulated unit 88,1989,7.578674462360613,7.732444361343089,88
SIM088,Simulated unit 88,1990,2.3998389014135935,7.578674462360613,88
SIM088,Simulated unit 88,1991,-0.8610036557085783,2.3998389014135935,88
SIM088,Simulated unit 88,1992,1.7591884106437803,-0.8610036557085783,88
SIM088,Simulated unit 88,1993,1.3236890619342692,1.7591884106437803,88
SIM088,Simulated unit 88,1994,1.5149235729384687,1.3236890619342692,88
SIM088,Simulated unit 88,1995,4.926554237893665,1.5149235729384687,88
SIM088,Simulated unit 88,1996,6.033043977691306,4.926554237893665,88
SIM088,Simulated unit 88,1997,8.409446131870078,6.033043977691306,88
SIM088,Simulated unit 88,1998,0.051059360001946885,8.409446131870078,88
SIM088,Simulated unit 88,1999,1.5908293676647705,0.051059360001946885,88
SIM088,Simulated unit 88,2000,3.838563187790483,1.5908293676647705,88
SIM088,Simulated unit 88,2001,-1.4766196573887624,3.838563187790483,88
SIM088,Simulated unit 88,2002,-2.0506587183631737,-1.4766196573887624,88
SIM088,Simulated unit 88,2003,-2.9518507180046614,-2.0506587183631737,88
SIM088,Simulated unit 88,2004,-0.9060159176230481,-2.9518507180046614,88
SIM088,Simulated unit 88,2005,5.139952355508363,-0.9060159176230481,88
SIM088,Simulated unit 88,2006,9.95173962729972,5.139952355508363,88
SIM088,Simulated unit 88,2007,4.328181117159985,9.95173962729972,88
SIM088,Simulated unit 88,2008,4.976580421776713,4.328181117159985,88
SIM088,Simulated unit 88,2009,5.462341809492973,4.976580421776713,88
SIM088,Simulated unit 88,2010,5.2402824002400274,5.462341809492973,88
SIM088,Simulated unit 88,2011,5.141108344361719,5.2402824002400274,88
SIM088,Simulated unit 88,2012,4.795892513971015,5.141108344361719,88
SIM088,Simulated unit 88,2013,8.740245870801868,4.795892513971015,88
SIM088,Simulated unit 88,2014,9.351547065585294,8.740245870801868,88
SIM088,Simulated unit 88,2015,3.230466546556374,9.351547065585294,88
SIM088,Simulated unit 88,2016,5.125443170575473,3.230466546556374,88
SIM088,Simulated unit 88,2017,6.55238602587964,5.125443170575473,88
SIM088,Simulated unit 88,2018,5.67633347698315,6.55238602587964,88
SIM088,Simulated unit 88,2019,7.600073197698078,5.67633347698315,88
SIM089,Simulated unit 89,1961,2.939936424967019,2.5642221028971113,89
SIM089,Simulated unit 89,1962,2.927683489011341,2.939936424967019,89
SIM089,Simulated unit 89,1963,-3.498122163992202,2.927683489011341,89
SIM089,Simulated unit 89,1964,-1.540068480112943,-3.498122163992202,89
SIM089,Simulated unit 89,1965,-2.128792811431478,-1.540068480112943,89
SIM089,Simulated unit 89,1966,-4.036619621436558,-2.128792811431478,89
SIM089,Simulated unit 89,1967,2.680083081356633,-4.036619621436558,89
SIM089,Simulated unit 89,1968,3.9206724044173535,2.680083081356633,89
SIM089,Simulated unit 89,1969,3.0629101998167685,3.9206724044173535,89
SIM089,Simulated unit 89,1970,0.9433360665827824,3.0629101998167685,89
SIM089,Simulated unit 89,1971,2.25451039383589,0.9433360665827824,89
SIM089,Simulated unit 89,1972,5.127014516254073,2.25451039383589,89
SIM089,Simulated unit 89,1973,1.395311179111621,5.127014516254073,89
SIM089,Simulated unit 89,1974,1.6227015906371427,1.395311179111621,89
SIM089,Simulated unit 89,1975,4.377820450935803,1.6227015906371427,89
SIM089,Simulated unit 89,1976,-2.381311116690908,4.377820450935803,89
SIM089,Simulated unit 89,1977,-0.8014959572307567,-2.381311116690908,89
SIM089,Simulated unit 89,1978,-0.9687716859810698,-0.8014959572307567,89
SIM089,Simulated unit 89,1979,-0.18275258485374368,-0.9687716859810698,89
SIM089,Simulated unit 89,1980,-0.814537220027955,-0.18275258485374368,89
SIM089,Simulated unit 89,1981,0.7241514836051139,-0.814537220027955,89
SIM089,Simulated unit 89,1982,7.005372551431223,0.7241514836051139,89
SIM089,Simulated unit 89,1983,4.03145610907308,7.005372551431223,89
SIM089,Simulated unit 89,1984,4.094006692726168,4.03145610907308,89
SIM089,Simulated unit 89,1985,9.240643270863039,4.094006692726168,89
SIM089,Simulated unit 89,1986,4.694339227400157,9.240643270863039,89
SIM089,Simulated unit 89,1987,9.060629583227001,4.694339227400157,89
SIM089,Simulated unit 89,1988,6.252346769817522,9.060629583227001,89
SIM089,Simulated unit 89,1989,9.897096739485292,6.252346769817522,89
SIM089,Simulated unit 89,1990,8.988861418530131,9.897096739485292,89
SIM089,Simulated unit 89,1991,7.1146419388653435,8.988861418530131,89
SIM089,Simulated unit 89,1992,4.871893117659446,7.1146419388653435,89
SIM089,Simulated unit 89,1993,1.8510115509580358,4.871893117659446,89
SIM089,Simulated unit 89,1994,2.13798158046788,1.8510115509580358,89
SIM089,Simulated unit 89,1995,4.774873325340801,2.13798158046788,89
SIM089,Simulated unit 89,1996,3.625589702214469,4.774873325340801,89
SIM089,Simulated unit 89,1997,2.0254854061431087,3.625589702214469,89
SIM089,Simulated unit 89,1998,1.2629436411525465,2.0254854061431087,89
SIM089,Simulated unit 89,1999,4.535196025440688,1.2629436411525465,89
SIM089,Simulated unit 89,2000,7.1966019805639805,4.535196025440688,89
SIM089,Simulated unit 89,2001,3.1165096470332765,7.1966019805639805,89
SIM089,Simulated unit 89,2002,0.6641422158774963,3.1165096470332765,89
SIM089,Simulated unit 89,2003,2.3365620885278346,0.6641422158774963,89
SIM089,Simulated unit 89,2004,6.7845334473884655,2.3365620885278346,89
SIM089,Simulated unit 89,2005,8.30869099337076,6.7845334473884655,89
SIM089,Simulated unit 89,2006,2.029657959482721,8.30869099337076,89
SIM089,Simulated unit 89,2007,1.2255668657140464,2.029657959482721,89
SIM089,Simulated unit 89,2008,-1.2564705446401092,1.2255668657140464,89
SIM089,Simulated unit 89,2009,-0.7564198925298402,-1.2564705446401092,89
SIM089,Simulated unit 89,2010,5.159378052588159,-0.7564198925298402,89
SIM089,Simulated unit 89,2011,-0.37217511479615606,5.159378052588159,89
SIM089,Simulated unit 89,2012,-4.279900948718264,-0.37217511479615606,89
SIM089,Simulated unit 89,2013,-4.2536030295317655,-4.279900948718264,89
SIM089,Simulated unit 89,2014,-0.8902300099910807,-4.2536030295317655,89
SIM089,Simulated unit 89,2015,2.128126455927622,-0.8902300099910807,89
SIM089,Simulated unit 89,2016,3.3892211781411725,2.128126455927622,89
SIM089,Simulated unit 89,2017,6.360588916577753,3.3892211781411725,89
SIM089,Simulated unit 89,2018,-0.6729034327551364,6.360588916577753,89
SIM089,Simulated unit 89,2019,3.9612675554237295,-0.6729034327551364,89
SIM090,Simulated unit 90,1961,3.6327113533312785,1.0637140398611256,90
SIM090,Simulated unit 90,1962,-0.9906494682908455,3.6327113533312785,90
SIM090,Simulated unit 90,1963,0.2204804100527033,-0.9906494682908455,90
SIM090,Simulated unit 90,1964,1.6411005577986626,0.2204804100527033,90
SIM090,Simulated unit 90,1965,5.251913447174452,1.6411005577986626,90
SIM090,Simulated unit 90,1966,-0.8046157995186247,5.251913447174452,90
SIM090,Simulated unit 90,1967,0.40948816589353776,-0.8046157995186247,90
SIM090,Simulated unit 90,1968,-2.210012973890306,0.40948816589353776,90
SIM090,Simulated unit 90,1969,0.9904803482906417,-2.210012973890306,90
SIM090,Simulated unit 90,1970,3.7259378183427634,0.9904803482906417,90
SIM090,Simulated unit 90,1971,6.897073418529921,3.7259378183427634,90
SIM090,Simulated unit 90,1972,3.3331556881928286,6.897073418529921,90
SIM090,Simulated unit 90,1973,5.581572869982068,3.3331556881928286,90
SIM090,Simulated unit 90,1974,8.2316484844204,5.581572869982068,90
SIM090,Simulated unit 90,1975,0.809248181085839,8.2316484844204,90
SIM090,Simulated unit 90,1976,3.122583668946855,0.809248181085839,90
SIM090,Simulated unit 90,1977,5.549083962708432,3.122583668946855,90
SIM090,Simulated unit 90,1978,3.3532712184627465,5.549083962708432,90
SIM090,Simulated unit 90,1979,-0.8203580014976781,3.3532712184627465,90
SIM090,Simulated unit 90,1980,3.1366524674303826,-0.8203580014976781,90
SIM090,Simulated unit 90,1981,-0.9165350022150407,3.1366524674303826,90
SIM090,Simulated unit 90,1982,-0.2849753048617315,-0.9165350022150407,90
SIM090,Simulated unit 90,1983,0.5086426436729741,-0.2849753048617315,90
SIM090,Simulated unit 90,1984,3.251799741315783,0.5086426436729741,90
SIM090,Simulated unit 90,1985,0.8711851662518719,3.251799741315783,90
SIM090,Simulated unit 90,1986,-0.7310399667324416,0.8711851662518719,90
SIM090,Simulated unit 90,1987,0.6581224562498678,-0.7310399667324416,90
SIM090,Simulated unit 90,1988,4.2140449066091685,0.6581224562498678,90
SIM090,Simulated unit 90,1989,10.190776945924942,4.2140449066091685,90
SIM090,Simulated unit 90,1990,2.392022568218641,10.190776945924942,90
SIM090,Simulated unit 90,1991,3.181239594290919,2.392022568218641,90
SIM090,Simulated unit 90,1992,-0.5508613221283243,3.181239594290919,90
SIM090,Simulated unit 90,1993,3.5259169363432337,-0.5508613221283243,90
SIM090,Simulated unit 90,1994,0.0999165198782408,3.5259169363432337,90
SIM090,Simulated unit 90,1995,-1.163994742620027,0.0999165198782408,90
SIM090,Simulated unit 90,1996,-1.6662094227640047,-1.163994742620027,90
SIM090,Simulated unit 90,1997,-0.42832246981781447,-1.6662094227640047,90
SIM090,Simulated unit 90,1998,1.5125993086854337,-0.42832246981781447,90
SIM090,Simulated unit 90,1999,3.158663766036801,1.5125993086854337,90
SIM090,Simulated unit 90,2000,2.677895621073731,3.158663766036801,90
SIM090,Simulated unit 90,2001,-1.5829356946775053,2.677895621073731,90
SIM090,Simulated unit 90,2002,2.033597034124065,-1.5829356946775053,90
SIM090,Simulated unit 90,2003,1.8612822294853553,2.033597034124065,90
SIM090,Simulated unit 90,2004,5.401973707735309,1.8612822294853553,90
SIM090,Simulated unit 90,2005,1.9179678862013758,5.401973707735309,90
SIM090,Simulated unit 90,2006,-2.856043450332158,1.9179678862013758,90
SIM090,Simulated unit 90,2007,-1.0157040782485205,-2.856043450332158,90
SIM090,Simulated unit 90,2008,4.078435617903683,-1.0157040782485205,90
SIM090,Simulated unit 90,2009,3.7298877805903623,4.078435617903683,90
SIM090,Simulated unit 90,2010,2.438923270835647,3.7298877805903623,90
SIM090,Simulated unit 90,2011,-0.3476870904709113,2.438923270835647,90
SIM090,Simulated unit 90,2012,5.864687145759921,-0.3476870904709113,90
SIM090,Simulated unit 90,2013,1.2300045028016147,5.864687145759921,90
SIM090,Simulated unit 90,2014,-0.6381800712037506,1.2300045028016147,90
SIM090,Simulated unit 90,2015,2.127194545529818,-0.6381800712037506,90
SIM090,Simulated unit 90,2016,-3.4917453423424787,2.127194545529818,90
SIM090,Simulated unit 90,2017,2.528724790738532,-3.4917453423424787,90
SIM090,Simulated unit 90,2018,4.189814217095186,2.528724790738532,90
SIM090,Simulated unit 90,2019,6.011581745690441,4.189814217095186,90
SIM091,Simulated unit 91,1961,2.5212400691402674,3.6743510358489626,91
SIM091,Simulated unit 91,1962,-0.8767020889821082,2.5212400691402674,91
SIM091,Simulated unit 91,1963,-0.1462475770641467,-0.8767020889821082,91
SIM091,Simulated unit 91,1964,-2.213457481496392,-0.1462475770641467,91
SIM091,Simulated unit 91,1965,0.9303914413313152,-2.213457481496392,91
SIM091,Simulated unit 91,1966,3.7785743564430945,0.9303914413313152,91
SIM091,Simulated unit 91,1967,7.4975705074604795,3.7785743564430945,91
SIM091,Simulated unit 91,1968,6.413845226134876,7.4975705074604795,91
SIM091,Simulated unit 91,1969,7.422033205466485,6.413845226134876,91
SIM091,Simulated unit 91,1970,4.361785711589464,7.422033205466485,91
SIM091,Simulated unit 91,1971,1.9822400129290942,4.361785711589464,91
SIM091,Simulated unit 91,1972,3.410359680207861,1.9822400129290942,91
SIM091,Simulated unit 91,1973,1.6867971899739902,3.410359680207861,91
SIM091,Simulated unit 91,1974,2.6196356804673675,1.6867971899739902,91
SIM091,Simulated unit 91,1975,-0.8117951597258424,2.6196356804673675,91
SIM091,Simulated unit 91,1976,-2.3319601432644084,-0.8117951597258424,91
SIM091,Simulated unit 91,1977,1.3070518170962255,-2.3319601432644084,91
SIM091,Simulated unit 91,1978,4.244301316476024,1.3070518170962255,91
SIM091,Simulated unit 91,1979,0.3896122829855724,4.244301316476024,91
SIM091,Simulated unit 91,1980,3.0456103013106057,0.3896122829855724,91
SIM091,Simulated unit 91,1981,1.0291591616805391,3.0456103013106057,91
SIM091,Simulated unit 91,1982,1.4670110256092532,1.0291591616805391,91
SIM091,Simulated unit 91,1983,5.931039862737492,1.4670110256092532,91
SIM091,Simulated unit 91,1984,6.781085619711341,5.931039862737492,91
SIM091,Simulated unit 91,1985,7.256267335893382,6.781085619711341,91
SIM091,Simulated unit 91,1986,10.880131476906929,7.256267335893382,91
SIM091,Simulated unit 91,1987,5.216440862994764,10.880131476906929,91
SIM091,Simulated unit 91,1988,0.9722395928192209,5.216440862994764,91
SIM091,Simulated unit 91,1989,-0.7830230549942394,0.9722395928192209,91
SIM091,Simulated unit 91,1990,-0.4333169932163888,-0.7830230549942394,91
SIM091,Simulated unit 91,1991,-6.523642038805514,-0.4333169932163888,91
SIM091,Simulated unit 91,1992,-3.7364699333737397,-6.523642038805514,91
SIM091,Simulated unit 91,1993,-3.0755941557089796,-3.7364699333737397,91
SIM091,Simulated unit 91,1994,1.3059228087680093,-3.0755941557089796,91
SIM091,Simulated unit 91,1995,2.640811822290926,1.3059228087680093,91
SIM091,Simulated unit 91,1996,0.5823972100665444,2.640811822290926,91
SIM091,Simulated unit 91,1997,2.9193208621286386,0.5823972100665444,91
SIM091,Simulated unit 91,1998,4.721381696748492,2.9193208621286386,91
SIM091,Simulated unit 91,1999,1.3271916486748623,4.721381696748492,91
SIM091,Simulated unit 91,2000,0.11724222305766219,1.3271916486748623,91
SIM091,Simulated unit 91,2001,-5.80574422745935,0.11724222305766219,91
SIM091,Simulated unit 91,2002,-5.955426459583464,-5.80574422745935,91
SIM091,Simulated unit 91,2003,-5.000664557020814,-5.955426459583464,91
SIM091,Simulated unit 91,2004,-1.9779002043944227,-5.000664557020814,91
SIM091,Simulated unit 91,2005,-3.2228881607160993,-1.9779002043944227,91
SIM091,Simulated unit 91,2006,-2.6740888575769866,-3.2228881607160993,91
SIM091,Simulated unit 91,2007,-4.48044535929399,-2.6740888575769866,91
SIM091,Simulated unit 91,2008,-1.3749255199825818,-4.48044535929399,91
SIM091,Simulated unit 91,2009,1.252188471765174,-1.3749255199825818,91
SIM091,Simulated unit 91,2010,2.758409128318571,1.252188471765174,91
SIM091,Simulated unit 91,2011,2.4921288727069206,2.758409128318571,91
SIM091,Simulated unit 91,2012,-2.3279416658800307,2.4921288727069206,91
SIM091,Simulated unit 91,2013,-2.456625991206571,-2.3279416658800307,91
SIM091,Simulated unit 91,2014,-1.895895611679396,-2.456625991206571,91
SIM091,Simulated unit 91,2015,-1.5474233057695133,-1.895895611679396,91
SIM091,Simulated unit 91,2016,0.09648967050780122,-1.5474233057695133,91
SIM091,Simulated unit 91,2017,5.134517919417738,0.09648967050780122,91
SIM091,Simulated unit 91,2018,6.316999389704442,5.134517919417738,91
SIM091,Simulated unit 91,2019,1.6276462942765808,6.316999389704442,91
SIM092,Simulated unit 92,1961,5.142032278531149,4.035208625889901,92
SIM092,Simulated unit 92,1962,1.4670169482639945,5.142032278531149,92
SIM092,Simulated unit 92,1963,4.226807936864714,1.4670169482639945,92
SIM092,Simulated unit 92,1964,2.854954854283038,4.226807936864714,92
SIM092,Simulated unit 92,1965,-1.7168875574735116,2.854954854283038,92
SIM092,Simulated unit 92,1966,1.1354756394273187,-1.7168875574735116,92
SIM092,Simulated unit 92,1967,2.132170854499964,1.1354756394273187,92
SIM092,Simulated unit 92,1968,1.3962696251424955,2.132170854499964,92
SIM092,Simulated unit 92,1969,1.5254025201355987,1.3962696251424955,92
SIM092,Simulated unit 92,1970,-0.4420149245840266,1.5254025201355987,92
SIM092,Simulated unit 92,1971,2.3651825566409124,-0.4420149245840266,92
SIM092,Simulated unit 92,1972,2.0887576304577697,2.3651825566409124,92
SIM092,Simulated unit 92,1973,2.5526011101193458,2.0887576304577697,92
SIM092,Simulated unit 92,1974,3.4029864393582248,2.5526011101193458,92
SIM092,Simulated unit 92,1975,-0.6219649796640399,3.4029864393582248,92
SIM092,Simulated unit 92,1976,-2.25602805344458,-0.6219649796640399,92
SIM092,Simulated unit 92,1977,-7.1834502109153755,-2.25602805344458,92
SIM092,Simulated unit 92,1978,-1.815843351078004,-7.1834502109153755,92
SIM092,Simulated unit 92,1979,-3.9261360818871016,-1.815843351078004,92
SIM092,Simulated unit 92,1980,-1.157972519445304,-3.9261360818871016,92
SIM092,Simulated unit 92,1981,1.2181811631514758,-1.157972519445304,92
SIM092,Simulated unit 92,1982,3.3379672145684465,1.2181811631514758,92
SIM092,Simulated unit 92,1983,-0.80927041276711,3.3379672145684465,92
SIM092,Simulated unit 92,1984,0.11895289791766095,-0.80927041276711,92
SIM092,Simulated unit 92,1985,5.882213001113843,0.11895289791766095,92
SIM092,Simulated unit 92,1986,9.472271840621255,5.882213001113843,92
SIM092,Simulated unit 92,1987,9.445332386453606,9.472271840621255,92
SIM092,Simulated unit 92,1988,7.479678848328682,9.445332386453606,92
SIM092,Simulated unit 92,1989,2.2724881424610768,7.479678848328682,92
SIM092,Simulated unit 92,1990,4.319357761649805,2.2724881424610768,92
SIM092,Simulated unit 92,1991,2.91755097074936,4.319357761649805,92
SIM092,Simulated unit 92,1992,4.232115408268149,2.91755097074936,92
SIM092,Simulated unit 92,1993,1.4407388804045396,4.232115408268149,92
SIM092,Simulated unit 92,1994,1.1456439897229371,1.4407388804045396,92
SIM092,Simulated unit 92,1995,1.9798284740630367,1.1456439897229371,92
SIM092,Simulated unit 92,1996,2.7267313589193973,1.9798284740630367,92
SIM092,Simulated unit 92,1997,3.917206958732383,2.7267313589193973,92
SIM092,Simulated unit 92,1998,1.4127392216647314,3.917206958732383,92
SIM092,Simulated unit 92,1999,-2.38220982333177,1.4127392216647314,92
SIM092,Simulated unit 92,2000,4.245029225700322,-2.38220982333177,92
SIM092,Simulated unit 92,2001,10.814780042490266,4.245029225700322,92
SIM092,Simulated unit 92,2002,8.631130159101296,10.814780042490266,92
SIM092,Simulated unit 92,2003,2.006701811270446,8.631130159101296,92
SIM092,Simulated unit 92,2004,-0.3155642637663627,2.006701811270446,92
SIM092,Simulated unit 92,2005,2.1380141488930895,-0.3155642637663627,92
SIM092,Simulated unit 92,2006,6.106155324379712,2.1380141488930895,92
SIM092,Simulated unit 92,2007,0.8250212910022583,6.106155324379712,92
SIM092,Simulated unit 92,2008,0.9220143120546512,0.8250212910022583,92
SIM092,Simulated unit 92,2009,1.941004780564698,0.9220143120546512,92
SIM092,Simulated unit 92,2010,4.558338222196443,1.941004780564698,92
SIM092,Simulated unit 92,2011,2.5041996501167274,4.558338222196443,92
SIM092,Simulated unit 92,2012,-2.3889242838957374,2.5041996501167274,92
SIM092,Simulated unit 92,2013,1.2302381080212648,-2.3889242838957374,92
SIM092,Simulated unit 92,2014,4.912530760326473,1.2302381080212648,92
SIM092,Simulated unit 92,2015,3.499744070960402,4.912530760326473,92
SIM092,Simulated unit 92,2016,4.115566716495535,3.499744070960402,92
SIM092,Simulated unit 92,2017,1.8458663416161087,4.115566716495535,92
SIM092,Simulated unit 92,2018,-0.6297985792080176,1.8458663416161087,92
SIM092,Simulated unit 92,2019,3.5013978941168458,-0.6297985792080176,92
SIM093,Simulated unit 93,1961,4.168598324271677,3.162487543443383,93
SIM093,Simulated unit 93,1962,7.807504438546846,4.168598324271677,93
SIM093,Simulated unit 93,1963,2.3199756601723878,7.807504438546846,93
SIM093,Simulated unit 93,1964,0.5359065916251662,2.3199756601723878,93
SIM093,Simulated unit 93,1965,1.5953440014791864,0.5359065916251662,93
SIM093,Simulated unit 93,1966,0.06426668760378629,1.5953440014791864,93
SIM093,Simulated unit 93,1967,3.187969618379622,0.06426668760378629,93
SIM093,Simulated unit 93,1968,2.1505841083158206,3.187969618379622,93
SIM093,Simulated unit 93,1969,-0.8872479575020766,2.1505841083158206,93
SIM093,Simulated unit 93,1970,0.46496625106173883,-0.8872479575020766,93
SIM093,Simulated unit 93,1971,1.589996063057407,0.46496625106173883,93
SIM093,Simulated unit 93,1972,4.558043826523435,1.589996063057407,93
SIM093,Simulated unit 93,1973,4.714249005356335,4.558043826523435,93
SIM093,Simulated unit 93,1974,5.011988577293307,4.714249005356335,93
SIM093,Simulated unit 93,1975,4.768068198397659,5.011988577293307,93
SIM093,Simulated unit 93,1976,3.0961733551628035,4.768068198397659,93
SIM093,Simulated unit 93,1977,0.5090466677638879,3.0961733551628035,93
SIM093,Simulated unit 93,1978,1.9719430556364608,0.5090466677638879,93
SIM093,Simulated unit 93,1979,0.9837915357309546,1.9719430556364608,93
SIM093,Simulated unit 93,1980,6.459742782761619,0.9837915357309546,93
SIM093,Simulated unit 93,1981,8.702392553976628,6.459742782761619,93
SIM093,Simulated unit 93,1982,7.919952929440801,8.702392553976628,93
SIM093,Simulated unit 93,1983,6.687372575543437,7.919952929440801,93
SIM093,Simulated unit 93,1984,4.54854639238253,6.687372575543437,93
SIM093,Simulated unit 93,1985,-0.2542433586118866,4.54854639238253,93
SIM093,Simulated unit 93,1986,-0.0010626851330286513,-0.2542433586118866,93
SIM093,Simulated unit 93,1987,1.1035624891359528,-0.0010626851330286513,93
SIM093,Simulated unit 93,1988,2.1505069168155586,1.1035624891359528,93
SIM093,Simulated unit 93,1989,3.4989132511368135,2.1505069168155586,93
SIM093,Simulated unit 93,1990,5.663338544315144,3.4989132511368135,93
SIM093,Simulated unit 93,1991,2.1215409115104844,5.663338544315144,93
SIM093,Simulated unit 93,1992,0.02369772527925651,2.1215409115104844,93
SIM093,Simulated unit 93,1993,5.166788674397031,0.02369772527925651,93
SIM093,Simulated unit 93,1994,6.213017972217664,5.166788674397031,93
SIM093,Simulated unit 93,1995,3.355497956930635,6.213017972217664,93
SIM093,Simulated unit 93,1996,2.4916652673016704,3.355497956930635,93
SIM093,Simulated unit 93,1997,1.986857320356307,2.4916652673016704,93
SIM093,Simulated unit 93,1998,2.086836759057933,1.986857320356307,93
SIM093,Simulated unit 93,1999,3.470151332150599,2.086836759057933,93
SIM093,Simulated unit 93,2000,10.487069037589851,3.470151332150599,93
SIM093,Simulated unit 93,2001,7.661511106041868,10.487069037589851,93
SIM093,Simulated unit 93,2002,7.3847011149008726,7.661511106041868,93
SIM093,Simulated unit 93,2003,0.17139055037009499,7.3847011149008726,93
SIM093,Simulated unit 93,2004,-0.5518656481144478,0.17139055037009499,93
SIM093,Simulated unit 93,2005,4.155325619281147,-0.5518656481144478,93
SIM093,Simulated unit 93,2006,4.500141545638535,4.155325619281147,93
SIM093,Simulated unit 93,2007,-9.667258827211388,4.500141545638535,93
SIM093,Simulated unit 93,2008,-2.978285689378242,-9.667258827211388,93
SIM093,Simulated unit 93,2009,4.767521770259362,-2.978285689378242,93
SIM093,Simulated unit 93,2010,-2.327209696203762,4.767521770259362,93
SIM093,Simulated unit 93,2011,3.9618372092142797,-2.327209696203762,93
SIM093,Simulated unit 93,2012,-5.138764566349216,3.9618372092142797,93
SIM093,Simulated unit 93,2013,0.5307380953507108,-5.138764566349216,93
SIM093,Simulated unit 93,2014,1.092496979173706,0.5307380953507108,93
SIM093,Simulated unit 93,2015,-5.594415458229625,1.092496979173706,93
SIM093,Simulated unit 93,2016,-1.2182357932184154,-5.594415458229625,93
SIM093,Simulated unit 93,2017,3.5215777715251266,-1.2182357932184154,93
SIM093,Simulated unit 93,2018,4.004607674379795,3.5215777715251266,93
SIM093,Simulated unit 93,2019,4.957247515806716,4.004607674379795,93
SIM094,Simulated unit 94,1961,-4.325186267873377,0.7649716629828149,94
SIM094,Simulated unit 94,1962,0.28048030628716636,-4.325186267873377,94
SIM094,Simulated unit 94,1963,6.217549942111187,0.28048030628716636,94
SIM094,Simulated unit 94,1964,7.919272527949089,6.217549942111187,94
SIM094,Simulated unit 94,1965,-0.4120639720345851,7.919272527949089,94
SIM094,Simulated unit 94,1966,-3.991921604853553,-0.4120639720345851,94
SIM094,Simulated unit 94,1967,-4.1330561883041534,-3.991921604853553,94
SIM094,Simulated unit 94,1968,-6.458760066822922,-4.1330561883041534,94
SIM094,Simulated unit 94,1969,-2.9426862814256354,-6.458760066822922,94
SIM094,Simulated unit 94,1970,0.2146356466861874,-2.9426862814256354,94
SIM094,Simulated unit 94,1971,-3.36197846171539,0.2146356466861874,94
SIM094,Simulated unit 94,1972,1.1141983007973508,-3.36197846171539,94
SIM094,Simulated unit 94,1973,3.2718308125384525,1.1141983007973508,94
SIM094,Simulated unit 94,1974,1.118621112991962,3.2718308125384525,94
SIM094,Simulated unit 94,1975,0.9536067098432249,1.118621112991962,94
SIM094,Simulated unit 94,1976,-4.47723950105316,0.9536067098432249,94
SIM094,Simulated unit 94,1977,-2.883130169493118,-4.47723950105316,94
SIM094,Simulated unit 94,1978,-0.9077231793048935,-2.883130169493118,94
SIM094,Simulated unit 94,1979,0.7616088781016327,-0.9077231793048935,94
SIM094,Simulated unit 94,1980,2.3935960629215014,0.7616088781016327,94
SIM094,Simulated unit 94,1981,2.9688828674446173,2.3935960629215014,94
SIM094,Simulated unit 94,1982,1.7882986286697589,2.9688828674446173,94
SIM094,Simulated unit 94,1983,2.7315640048648056,1.7882986286697589,94
SIM094,Simulated unit 94,1984,5.445034382849627,2.7315640048648056,94
SIM094,Simulated unit 94,1985,3.780526409780843,5.445034382849627,94
SIM094,Simulated unit 94,1986,4.021100518363536,3.780526409780843,94
SIM094,Simulated unit 94,1987,2.6541471230257656,4.021100518363536,94
SIM094,Simulated unit 94,1988,0.4522115243767455,2.6541471230257656,94
SIM094,Simulated unit 94,1989,2.63996591537886,0.4522115243767455,94
SIM094,Simulated unit 94,1990,0.7183017167167005,2.63996591537886,94
SIM094,Simulated unit 94,1991,2.389421733006592,0.7183017167167005,94
SIM094,Simulated unit 94,1992,2.3184191543340917,2.389421733006592,94
SIM094,Simulated unit 94,1993,1.2792474630400252,2.3184191543340917,94
SIM094,Simulated unit 94,1994,0.5831199813840331,1.2792474630400252,94
SIM094,Simulated unit 94,1995,-0.37449098841664075,0.5831199813840331,94
SIM094,Simulated unit 94,1996,-4.362098109317026,-0.37449098841664075,94
SIM094,Simulated unit 94,1997,-0.6685735801051393,-4.362098109317026,94
SIM094,Simulated unit 94,1998,1.0934963277718779,-0.6685735801051393,94
SIM094,Simulated unit 94,1999,4.005108554008608,1.0934963277718779,94
SIM094,Simulated unit 94,2000,1.6086944254847801,4.005108554008608,94
SIM094,Simulated unit 94,2001,7.45136753172087,1.6086944254847801,94
SIM094,Simulated unit 94,2002,4.131612675483622,7.45136753172087,94
SIM094,Simulated unit 94,2003,0.6536386787060855,4.131612675483622,94
SIM094,Simulated unit 94,2004,-1.7888715523043432,0.6536386787060855,94
SIM094,Simulated unit 94,2005,-5.475090141071592,-1.7888715523043432,94
SIM094,Simulated unit 94,2006,2.1128295925364275,-5.475090141071592,94
SIM094,Simulated unit 94,2007,6.180899927827842,2.1128295925364275,94
SIM094,Simulated unit 94,2008,6.310775445350979,6.180899927827842,94
SIM094,Simulated unit 94,2009,1.898198843883248,6.310775445350979,94
SIM094,Simulated unit 94,2010,7.372722351007308,1.898198843883248,94
SIM094,Simulated unit 94,2011,4.168475926039417,7.372722351007308,94
SIM094,Simulated unit 94,2012,2.494008061943693,4.168475926039417,94
SIM094,Simulated unit 94,2013,6.608182078474444,2.494008061943693,94
SIM094,Simulated unit 94,2014,6.741641000527283,6.608182078474444,94
SIM094,Simulated unit 94,2015,11.44829401658015,6.741641000527283,94
SIM094,Simulated unit 94,2016,8.415143190905148,11.44829401658015,94
SIM094,Simulated unit 94,2017,4.657993515806915,8.415143190905148,94
SIM094,Simulated unit 94,2018,1.7593814591047612,4.657993515806915,94
SIM094,Simulated unit 94,2019,-3.6853596561090236,1.7593814591047612,94
SIM095,Simulated unit 95,1961,4.9323076254309735,1.1642126815813867,95
SIM095,Simulated unit 95,1962,5.555887093226792,4.9323076254309735,95
SIM095,Simulated unit 95,1963,4.194456275617292,5.555887093226792,95
SIM095,Simulated unit 95,1964,0.33187043392138804,4.194456275617292,95
SIM095,Simulated unit 95,1965,1.6797413143910447,0.33187043392138804,95
SIM095,Simulated unit 95,1966,4.846285904220746,1.6797413143910447,95
SIM095,Simulated unit 95,1967,4.999929311942401,4.846285904220746,95
SIM095,Simulated unit 95,1968,4.300163096065518,4.999929311942401,95
SIM095,Simulated unit 95,1969,0.9892248977956926,4.300163096065518,95
SIM095,Simulated unit 95,1970,3.9950803810134534,0.9892248977956926,95
SIM095,Simulated unit 95,1971,-6.1986662276244715,3.9950803810134534,95
SIM095,Simulated unit 95,1972,-1.7706626099792477,-6.1986662276244715,95
SIM095,Simulated unit 95,1973,7.448568376846248,-1.7706626099792477,95
SIM095,Simulated unit 95,1974,0.7440208641122075,7.448568376846248,95
SIM095,Simulated unit 95,1975,0.5223041543632265,0.7440208641122075,95
SIM095,Simulated unit 95,1976,1.0896495222437566,0.5223041543632265,95
SIM095,Simulated unit 95,1977,0.06604127117652281,1.0896495222437566,95
SIM095,Simulated unit 95,1978,3.948747490382852,0.06604127117652281,95
SIM095,Simulated unit 95,1979,4.586601537295614,3.948747490382852,95
SIM095,Simulated unit 95,1980,4.008862040019326,4.586601537295614,95
SIM095,Simulated unit 95,1981,5.597134907519436,4.008862040019326,95
SIM095,Simulated unit 95,1982,4.208533071726888,5.597134907519436,95
SIM095,Simulated unit 95,1983,12.864713309506675,4.208533071726888,95
SIM095,Simulated unit 95,1984,8.972868786674228,12.864713309506675,95
SIM095,Simulated unit 95,1985,6.76956756747365,8.972868786674228,95
SIM095,Simulated unit 95,1986,-0.2696636082356365,6.76956756747365,95
SIM095,Simulated unit 95,1987,-0.9921491468516531,-0.2696636082356365,95
SIM095,Simulated unit 95,1988,3.6468435572884372,-0.9921491468516531,95
SIM095,Simulated unit 95,1989,-1.0182644167065558,3.6468435572884372,95
SIM095,Simulated unit 95,1990,-6.283630172929798,-1.0182644167065558,95
SIM095,Simulated unit 95,1991,-2.873231690195154,-6.283630172929798,95
SIM095,Simulated unit 95,1992,3.188294508307842,-2.873231690195154,95
SIM095,Simulated unit 95,1993,2.840120391073082,3.188294508307842,95
SIM095,Simulated unit 95,1994,1.4956984267648183,2.840120391073082,95
SIM095,Simulated unit 95,1995,-3.878044757164049,1.4956984267648183,95
SIM095,Simulated unit 95,1996,-0.17006448619184922,-3.878044757164049,95
SIM095,Simulated unit 95,1997,2.681786634934025,-0.17006448619184922,95
SIM095,Simulated unit 95,1998,-2.9361255163428863,2.681786634934025,95
SIM095,Simulated unit 95,1999,2.4419220362859244,-2.9361255163428863,95
SIM095,Simulated unit 95,2000,4.562239799447882,2.4419220362859244,95
SIM095,Simulated unit 95,2001,6.9342917073107655,4.562239799447882,95
SIM095,Simulated unit 95,2002,6.7111502998864845,6.9342917073107655,95
SIM095,Simulated unit 95,2003,6.787738306365846,6.7111502998864845,95
SIM095,Simulated unit 95,2004,6.4348056799247235,6.787738306365846,95
SIM095,Simulated unit 95,2005,7.266300372458421,6.4348056799247235,95
SIM095,Simulated unit 95,2006,-0.2964930838967037,7.266300372458421,95
SIM095,Simulated unit 95,2007,-3.8810741512025664,-0.2964930838967037,95
SIM095,Simulated unit 95,2008,-3.736668191290855,-3.8810741512025664,95
SIM095,Simulated unit 95,2009,-1.8314614297921727,-3.736668191290855,95
SIM095,Simulated unit 95,2010,0.8655339120492345,-1.8314614297921727,95
SIM095,Simulated unit 95,2011,2.293365306916091,0.8655339120492345,95
SIM095,Simulated unit 95,2012,5.527336618517749,2.293365306916091,95
SIM095,Simulated unit 95,2013,7.561887866851702,5.527336618517749,95
SIM095,Simulated unit 95,2014,2.7199773952296424,7.561887866851702,95
SIM095,Simulated unit 95,2015,3.1477147672891994,2.7199773952296424,95
SIM095,Simulated unit 95,2016,0.145134217208005,3.1477147672891994,95
SIM095,Simulated unit 95,2017,0.32233941526410304,0.145134217208005,95
SIM095,Simulated unit 95,2018,1.9587777563039461,0.32233941526410304,95
SIM095,Simulated unit 95,2019,-8.250869575632704,1.9587777563039461,95
SIM096,Simulated unit 96,1961,8.039465303543858,9.233732118919054,96
SIM096,Simulated unit 96,1962,3.8365693558860974,8.039465303543858,96
SIM096,Simulated unit 96,1963,8.884050879222343,3.8365693558860974,96
SIM096,Simulated unit 96,1964,5.088137016074823,8.884050879222343,96
SIM096,Simulated unit 96,1965,4.250440367129067,5.088137016074823,96
SIM096,Simulated unit 96,1966,1.8889167890845582,4.250440367129067,96
SIM096,Simulated unit 96,1967,6.889325585780753,1.8889167890845582,96
SIM096,Simulated unit 96,1968,4.61864123255081,6.889325585780753,96
SIM096,Simulated unit 96,1969,4.019637041749014,4.61864123255081,96
SIM096,Simulated unit 96,1970,6.823128684125748,4.019637041749014,96
SIM096,Simulated unit 96,1971,6.649295582858678,6.823128684125748,96
SIM096,Simulated unit 96,1972,4.626533154312991,6.649295582858678,96
SIM096,Simulated unit 96,1973,6.907092809660184,4.626533154312991,96
SIM096,Simulated unit 96,1974,12.559705374079966,6.907092809660184,96
SIM096,Simulated unit 96,1975,9.288054570846244,12.559705374079966,96
SIM096,Simulated unit 96,1976,6.723113006125445,9.288054570846244,96
SIM096,Simulated unit 96,1977,5.3457490545325115,6.723113006125445,96
SIM096,Simulated unit 96,1978,7.93873793521406,5.3457490545325115,96
SIM096,Simulated unit 96,1979,3.7656495560296683,7.93873793521406,96
SIM096,Simulated unit 96,1980,2.2244370544828174,3.7656495560296683,96
SIM096,Simulated unit 96,1981,-2.477666614690234,2.2244370544828174,96
SIM096,Simulated unit 96,1982,-4.238203556734061,-2.477666614690234,96
SIM096,Simulated unit 96,1983,-3.296322142134348,-4.238203556734061,96
SIM096,Simulated unit 96,1984,-1.3456042674618767,-3.296322142134348,96
SIM096,Simulated unit 96,1985,5.299887416833233,-1.3456042674618767,96
SIM096,Simulated unit 96,1986,5.587910864875612,5.299887416833233,96
SIM096,Simulated unit 96,1987,1.4165109883559857,5.587910864875612,96
SIM096,Simulated unit 96,1988,-0.5340348630787546,1.4165109883559857,96
SIM096,Simulated unit 96,1989,4.60382513184471,-0.5340348630787546,96
SIM096,Simulated unit 96,1990,6.942126124994402,4.60382513184471,96
SIM096,Simulated unit 96,1991,5.04972540566925,6.942126124994402,96
SIM096,Simulated unit 96,1992,2.502255846785053,5.04972540566925,96
SIM096,Simulated unit 96,1993,5.676152015184961,2.502255846785053,96
SIM096,Simulated unit 96,1994,1.225709828936917,5.676152015184961,96
SIM096,Simulated unit 96,1995,2.7115170915347195,1.225709828936917,96
SIM096,Simulated unit 96,1996,9.244887227600824,2.7115170915347195,96
SIM096,Simulated unit 96,1997,6.962999383314866,9.244887227600824,96
SIM096,Simulated unit 96,1998,2.650971192204106,6.962999383314866,96
SIM096,Simulated unit 96,1999,3.621688823337077,2.650971192204106,96
SIM096,Simulated unit 96,2000,1.5629871369562038,3.621688823337077,96
SIM096,Simulated unit 96,2001,-2.4445552490865206,1.5629871369562038,96
SIM096,Simulated unit 96,2002,1.4363749311644083,-2.4445552490865206,96
SIM096,Simulated unit 96,2003,5.015328160347812,1.4363749311644083,96
SIM096,Simulated unit 96,2004,2.876476879990969,5.015328160347812,96
SIM096,Simulated unit 96,2005,1.3941791057057609,2.876476879990969,96
SIM096,Simulated unit 96,2006,-1.2481887099420326,1.3941791057057609,96
SIM096,Simulated unit 96,2007,-0.3987200273679192,-1.2481887099420326,96
SIM096,Simulated unit 96,2008,-1.1263371651903242,-0.3987200273679192,96
SIM096,Simulated unit 96,2009,-2.9089003592239613,-1.1263371651903242,96
SIM096,Simulated unit 96,2010,4.7311662756644415,-2.9089003592239613,96
SIM096,Simulated unit 96,2011,5.0381782156471875,4.7311662756644415,96
SIM096,Simulated unit 96,2012,5.54009225347637,5.0381782156471875,96
SIM096,Simulated unit 96,2013,6.774254058883104,5.54009225347637,96
SIM096,Simulated unit 96,2014,7.177661085609278,6.774254058883104,96
SIM096,Simulated unit 96,2015,3.867266792975422,7.177661085609278,96
SIM096,Simulated unit 96,2016,3.938017944699655,3.867266792975422,96
SIM096,Simulated unit 96,2017,2.3557193140378123,3.938017944699655,96
SIM096,Simulated unit 96,2018,3.528822462752667,2.3557193140378123,96
SIM096,Simulated unit 96,2019,3.9423661355260924,3.528822462752667,96
SIM097,Simulated unit 97,1961,-2.676684638320961,0.8520192174073942,97
SIM097,Simulated unit 97,1962,-0.36729961209605344,-2.676684638320961,97
SIM097,Simulated unit 97,1963,-0.03318823067952881,-0.36729961209605344,97
SIM097,Simulated unit 97,1964,-4.8910296815339915,-0.03318823067952881,97
SIM097,Simulated unit 97,1965,-0.6116325022542426,-4.8910296815339915,97
SIM097,Simulated unit 97,1966,3.3290468353757805,-0.6116325022542426,97
SIM097,Simulated unit 97,1967,10.382497526852319,3.3290468353757805,97
SIM097,Simulated unit 97,1968,5.855906006149408,10.382497526852319,97
SIM097,Simulated unit 97,1969,2.697407914042442,5.855906006149408,97
SIM097,Simulated unit 97,1970,-0.9098183428922586,2.697407914042442,97
SIM097,Simulated unit 97,1971,0.8800347137256662,-0.9098183428922586,97
SIM097,Simulated unit 97,1972,1.934975369910465,0.8800347137256662,97
SIM097,Simulated unit 97,1973,-0.47290378241396835,1.934975369910465,97
SIM097,Simulated unit 97,1974,-0.008531915459901285,-0.47290378241396835,97
SIM097,Simulated unit 97,1975,-5.141116149944011,-0.008531915459901285,97
SIM097,Simulated unit 97,1976,0.49446055353333307,-5.141116149944011,97
SIM097,Simulated unit 97,1977,-1.2153614468965004,0.49446055353333307,97
SIM097,Simulated unit 97,1978,-0.03318592237683804,-1.2153614468965004,97
SIM097,Simulated unit 97,1979,-3.49999181731944,-0.03318592237683804,97
SIM097,Simulated unit 97,1980,-3.0470558887763843,-3.49999181731944,97
SIM097,Simulated unit 97,1981,-1.8670069938184122,-3.0470558887763843,97
SIM097,Simulated unit 97,1982,-0.35407673717353755,-1.8670069938184122,97
SIM097,Simulated unit 97,1983,2.0267515042634128,-0.35407673717353755,97
SIM097,Simulated unit 97,1984,6.333276153016708,2.0267515042634128,97
SIM097,Simulated unit 97,1985,6.798098520118093,6.333276153016708,97
SIM097,Simulated unit 97,1986,7.76535274150959,6.798098520118093,97
SIM097,Simulated unit 97,1987,9.797523974735167,7.76535274150959,97
SIM097,Simulated unit 97,1988,8.387638029409192,9.797523974735167,97
SIM097,Simulated unit 97,1989,5.72246123078853,8.387638029409192,97
SIM097,Simulated unit 97,1990,7.260812457238284,5.72246123078853,97
SIM097,Simulated unit 97,1991,8.375515332227941,7.260812457238284,97
SIM097,Simulated unit 97,1992,7.77100671323487,8.375515332227941,97
SIM097,Simulated unit 97,1993,1.0987212368326125,7.77100671323487,97
SIM097,Simulated unit 97,1994,-1.0651477171843746,1.0987212368326125,97
SIM097,Simulated unit 97,1995,-0.6636509424020768,-1.0651477171843746,97
SIM097,Simulated unit 97,1996,2.7406724967664515,-0.6636509424020768,97
SIM097,Simulated unit 97,1997,2.3803642408481918,2.7406724967664515,97
SIM097,Simulated unit 97,1998,5.638824444860605,2.3803642408481918,97
SIM097,Simulated unit 97,1999,8.129004553149207,5.638824444860605,97
SIM097,Simulated unit 97,2000,9.274914137921144,8.129004553149207,97
SIM097,Simulated unit 97,2001,9.981570176193546,9.274914137921144,97
SIM097,Simulated unit 97,2002,3.6779603917399735,9.981570176193546,97
SIM097,Simulated unit 97,2003,4.454682733411311,3.6779603917399735,97
SIM097,Simulated unit 97,2004,1.6502225171805383,4.454682733411311,97
SIM097,Simulated unit 97,2005,-3.157065483769273,1.6502225171805383,97
SIM097,Simulated unit 97,2006,-1.9566526864290723,-3.157065483769273,97
SIM097,Simulated unit 97,2007,3.600219285024311,-1.9566526864290723,97
SIM097,Simulated unit 97,2008,4.342357601369977,3.600219285024311,97
SIM097,Simulated unit 97,2009,9.458842675639662,4.342357601369977,97
SIM097,Simulated unit 97,2010,7.006996041188131,9.458842675639662,97
SIM097,Simulated unit 97,2011,12.3476058854916,7.006996041188131,97
SIM097,Simulated unit 97,2012,8.741127207846114,12.3476058854916,97
SIM097,Simulated unit 97,2013,6.112117213168877,8.741127207846114,97
SIM097,Simulated unit 97,2014,0.6291000641368365,6.112117213168877,97
SIM097,Simulated unit 97,2015,4.509148259360405,0.6291000641368365,97
SIM097,Simulated unit 97,2016,1.999113568794806,4.509148259360405,97
SIM097,Simulated unit 97,2017,0.058325223050702535,1.999113568794806,97
SIM097,Simulated unit 97,2018,4.678686825118138,0.058325223050702535,97
SIM097,Simulated unit 97,2019,7.081880101458754,4.678686825118138,97
SIM098,Simulated unit 98,1961,2.951119058814279,5.396154101632037,98
SIM098,Simulated unit 98,1962,2.4177438393728123,2.951119058814279,98
SIM098,Simulated unit 98,1963,2.0710831105361334,2.4177438393728123,98
SIM098,Simulated unit 98,1964,4.3902044083388745,2.0710831105361334,98
SIM098,Simulated unit 98,1965,8.094816650486013,4.3902044083388745,98
SIM098,Simulated unit 98,1966,6.761329655886828,8.094816650486013,98
SIM098,Simulated unit 98,1967,10.781471049604171,6.761329655886828,98
SIM098,Simulated unit 98,1968,9.960465883861687,10.781471049604171,98
SIM098,Simulated unit 98,1969,6.071881347973758,9.960465883861687,98
SIM098,Simulated unit 98,1970,6.929263027171179,6.071881347973758,98
SIM098,Simulated unit 98,1971,10.075378652429027,6.929263027171179,98
SIM098,Simulated unit 98,1972,12.84009414148142,10.075378652429027,98
SIM098,Simulated unit 98,1973,12.064730518686094,12.84009414148142,98
SIM098,Simulated unit 98,1974,8.115861672185654,12.064730518686094,98
SIM098,Simulated unit 98,1975,5.01943724114363,8.115861672185654,98
SIM098,Simulated unit 98,1976,5.539870855370351,5.01943724114363,98
SIM098,Simulated unit 98,1977,9.145845999035348,5.539870855370351,98
SIM098,Simulated unit 98,1978,7.588814966064563,9.145845999035348,98
SIM098,Simulated unit 98,1979,6.71688459524517,7.588814966064563,98
SIM098,Simulated unit 98,1980,4.984324320098379,6.71688459524517,98
SIM098,Simulated unit 98,1981,2.80692140416539,4.984324320098379,98
SIM098,Simulated unit 98,1982,1.9977493225674805,2.80692140416539,98
SIM098,Simulated unit 98,1983,2.4049275492770783,1.9977493225674805,98
SIM098,Simulated unit 98,1984,7.397256518285714,2.4049275492770783,98
SIM098,Simulated unit 98,1985,4.519212575379023,7.397256518285714,98
SIM098,Simulated unit 98,1986,3.6693637729615554,4.519212575379023,98
SIM098,Simulated unit 98,1987,0.40548528255740734,3.6693637729615554,98
SIM098,Simulated unit 98,1988,3.1931843689539097,0.40548528255740734,98
SIM098,Simulated unit 98,1989,6.815948157527194,3.1931843689539097,98
SIM098,Simulated unit 98,1990,9.763062432386583,6.815948157527194,98
SIM098,Simulated unit 98,1991,7.267931033519081,9.763062432386583,98
SIM098,Simulated unit 98,1992,6.8838214699491544,7.267931033519081,98
SIM098,Simulated unit 98,1993,4.469641915459379,6.8838214699491544,98
SIM098,Simulated unit 98,1994,5.065841188359195,4.469641915459379,98
SIM098,Simulated unit 98,1995,4.78140017051316,5.065841188359195,98
SIM098,Simulated unit 98,1996,3.843633264062358,4.78140017051316,98
SIM098,Simulated unit 98,1997,3.519441035268803,3.843633264062358,98
SIM098,Simulated unit 98,1998,4.267431471342228,3.519441035268803,98
SIM098,Simulated unit 98,1999,2.478001578268644,4.267431471342228,98
SIM098,Simulated unit 98,2000,1.5593105707270865,2.478001578268644,98
SIM098,Simulated unit 98,2001,6.857672383450913,1.5593105707270865,98
SIM098,Simulated unit 98,2002,13.046243736609696,6.857672383450913,98
SIM098,Simulated unit 98,2003,5.014645396363687,13.046243736609696,98
SIM098,Simulated unit 98,2004,0.030373624690035683,5.014645396363687,98
SIM098,Simulated unit 98,2005,-2.053234308610428,0.030373624690035683,98
SIM098,Simulated unit 98,2006,-0.7418058302819219,-2.053234308610428,98
SIM098,Simulated unit 98,2007,3.0422580349426176,-0.7418058302819219,98
SIM098,Simulated unit 98,2008,4.399113647110386,3.0422580349426176,98
SIM098,Simulated unit 98,2009,3.9555615986076367,4.399113647110386,98
SIM098,Simulated unit 98,2010,4.760143600038279,3.9555615986076367,98
SIM098,Simulated unit 98,2011,1.5798276901378592,4.760143600038279,98
SIM098,Simulated unit 98,2012,1.0155282988248588,1.5798276901378592,98
SIM098,Simulated unit 98,2013,1.349033334167525,1.0155282988248588,98
SIM098,Simulated unit 98,2014,-3.143229016115043,1.349033334167525,98
SIM098,Simulated unit 98,2015,-4.569868023836814,-3.143229016115043,98
SIM098,Simulated unit 98,2016,-5.3066189981350655,-4.569868023836814,98
SIM098,Simulated unit 98,2017,-0.09164672782971639,-5.3066189981350655,98
SIM098,Simulated unit 98,2018,1.4810768090194193,-0.09164672782971639,98
SIM098,Simulated unit 98,2019,3.521829685633481,1.4810768090194193,98
SIM099,Simulated unit 99,1961,-5.762079039799246,-3.518964969407393,99
SIM099,Simulated unit 99,1962,-0.6676011031100613,-5.762079039799246,99
SIM099,Simulated unit 99,1963,-7.936569586864189,-0.6676011031100613,99
SIM099,Simulated unit 99,1964,-0.28805367931909975,-7.936569586864189,99
SIM099,Simulated unit 99,1965,-4.84278363815983,-0.28805367931909975,99
SIM099,Simulated unit 99,1966,0.42436449287903777,-4.84278363815983,99
SIM099,Simulated unit 99,1967,-1.6111351785434656,0.42436449287903777,99
SIM099,Simulated unit 99,1968,2.9800300383886684,-1.6111351785434656,99
SIM099,Simulated unit 99,1969,12.212500764782686,2.9800300383886684,99
SIM099,Simulated unit 99,1970,1.3079675685062355,12.212500764782686,99
SIM099,Simulated unit 99,1971,3.6709119846856866,1.3079675685062355,99
SIM099,Simulated unit 99,1972,-2.421940949969807,3.6709119846856866,99
SIM099,Simulated unit 99,1973,0.6271421966706281,-2.421940949969807,99
SIM099,Simulated unit 99,1974,0.5559688273466952,0.6271421966706281,99
SIM099,Simulated unit 99,1975,1.522928263793547,0.5559688273466952,99
SIM099,Simulated unit 99,1976,-1.0213018707085824,1.522928263793547,99
SIM099,Simulated unit 99,1977,2.528842206064352,-1.0213018707085824,99
SIM099,Simulated unit 99,1978,-2.027768190272532,2.528842206064352,99
SIM099,Simulated unit 99,1979,3.3082508745327015,-2.027768190272532,99
SIM099,Simulated unit 99,1980,1.557199604889073,3.3082508745327015,99
SIM099,Simulated unit 99,1981,-2.473752269275825,1.557199604889073,99
SIM099,Simulated unit 99,1982,4.1005591084566,-2.473752269275825,99
SIM099,Simulated unit 99,1983,3.058307506646501,4.1005591084566,99
SIM099,Simulated unit 99,1984,8.35789241531398,3.058307506646501,99
SIM099,Simulated unit 99,1985,9.478803837128414,8.35789241531398,99
SIM099,Simulated unit 99,1986,4.092845187917743,9.478803837128414,99
SIM099,Simulated unit 99,1987,3.0007377099404,4.092845187917743,99
SIM099,Simulated unit 99,1988,2.9635564449549627,3.0007377099404,99
SIM099,Simulated unit 99,1989,7.157043466932295,2.9635564449549627,99
SIM099,Simulated unit 99,1990,6.406779220260722,7.157043466932295,99
SIM099,Simulated unit 99,1991,5.172945395445812,6.406779220260722,99
SIM099,Simulated unit 99,1992,3.3041284759725635,5.172945395445812,99
SIM099,Simulated unit 99,1993,2.630805978019621,3.3041284759725635,99
SIM099,Simulated unit 99,1994,6.292259843846746,2.630805978019621,99
SIM099,Simulated unit 99,1995,4.5864719587004705,6.292259843846746,99
SIM099,Simulated unit 99,1996,2.3668913613257576,4.5864719587004705,99
SIM099,Simulated unit 99,1997,0.5266133199543941,2.3668913613257576,99
SIM099,Simulated unit 99,1998,-0.5453274695358497,0.5266133199543941,99
SIM099,Simulated unit 99,1999,-3.733484469849805,-0.5453274695358497,99
SIM099,Simulated unit 99,2000,-3.69121660688932,-3.733484469849805,99
SIM099,Simulated unit 99,2001,3.080530862817377,-3.69121660688932,99
SIM099,Simulated unit 99,2002,2.0285207359879367,3.080530862817377,99
SIM099,Simulated unit 99,2003,4.130347447261057,2.0285207359879367,99
SIM099,Simulated unit 99,2004,-4.158061085345869,4.130347447261057,99
SIM099,Simulated unit 99,2005,0.01009727569011587,-4.158061085345869,99
SIM099,Simulated unit 99,2006,0.32200025230672846,0.01009727569011587,99
SIM099,Simulated unit 99,2007,-0.4511199172874891,0.32200025230672846,99
SIM099,Simulated unit 99,2008,1.0722079218909017,-0.4511199172874891,99
SIM099,Simulated unit 99,2009,-0.044151008301542394,1.0722079218909017,99
SIM099,Simulated unit 99,2010,-5.598115364645993,-0.044151008301542394,99
SIM099,Simulated unit 99,2011,0.20787460472821628,-5.598115364645993,99
SIM099,Simulated unit 99,2012,1.653777446881509,0.20787460472821628,99
SIM099,Simulated unit 99,2013,0.8504391038853498,1.653777446881509,99
SIM099,Simulated unit 99,2014,-1.5882926538861024,0.8504391038853498,99
SIM099,Simulated unit 99,2015,-4.562548140653067,-1.5882926538861024,99
SIM099,Simulated unit 99,2016,-1.2658507631876672,-4.562548140653067,99
SIM099,Simulated unit 99,2017,4.880812422763476,-1.2658507631876672,99
SIM099,Simulated unit 99,2018,4.3379868838812,4.880812422763476,99
SIM099,Simulated unit 99,2019,-0.7454926879497581,4.3379868838812,99
